customer_id,msisdn,name,dob,email,address,circle,account_type,activation_date,kyc_status,status
1001,9175500265,Robert Williams,1995-04-20,robert.williams778@example.com,"349 Park Ave, UP West",UP West,Postpaid,2020-01-15,Complete,Active
1002,9320419026,Ramesh Miller,1961-03-29,,"82 MG Road, Punjab",Punjab,Prepaid,2023-02-03,Complete,Active
1003,9676065242,Robert Jones,1984-02-04,robert.jones235@example.com,"411 Park Ave, Haryana",Haryana,Postpaid,2022-07-12,Complete,Active
1004,9861175745,Ishaan Johnson,1959-03-24,ishaan.johnson643@mail.com,"611 Main St, UP West",UP West,Prepaid,2021-10-26,Expired,Active
1005,9076526144,Susan Desai,1971-01-11,susan.desai892@example.com,"624 MG Road, Odisha",Odisha,Postpaid,2024-12-12,Pending,Active
1006,9413982250,Jennifer Singh,2002-10-16,jennifer.singh676@mail.com,"170 Park Ave, Assam",Assam,Prepaid,2025-01-17,Complete,Active
1007,9736384200,Swati Kapoor,,swati.kapoor235@example.com,,Delhi,Prepaid,2026-07-03,Complete,Active
1008,9785244063,Barbara Kumar,1963-10-30,,"255 MG Road, Tamil Nadu",Tamil Nadu,Prepaid,2022-02-14,Complete,Suspended
1009,9088065007,Sanjay Smith,1990-12-24,sanjay.smith389@mail.com,,UP East,Postpaid,2023-09-29,Complete,Active
1010,9764120703,Pooja Johnson,2002-08-25,pooja.johnson872@example.com,"70 MG Road, Chennai",Chennai,Postpaid,2025-06-29,Complete,Active
1011,9455927236,Rahul Singh,,rahul.singh76@example.com,"272 MG Road, Odisha",Odisha,Postpaid,2023-02-22,Complete,Active
1012,9539856591,Meera Nair,2004-08-19,meera.nair620@telecomuser.in,"209 Park Ave, Haryana",Haryana,Prepaid,2019-07-28,Complete,Active
1013,9207627540,Susan Rao,1988-02-15,susan.rao441@mail.com,,Punjab,Postpaid,2019-06-13,Pending,Active
1014,9217846198,Patricia Joshi,1957-03-23,patricia.joshi802@telecomuser.in,"274 MG Road, Gujarat",Gujarat,Prepaid,2024-04-11,Complete,Active
1015,9437201389,Michael Johnson,2003-02-08,michael.johnson119@example.com,"183 Station Rd, Rajasthan",Rajasthan,Prepaid,2023-11-15,Complete,Active
1016,9491810458,Joseph Chopra,1961-04-11,joseph.chopra639@telecomuser.in,"738 Park Ave, Tamil Nadu",Tamil Nadu,Prepaid,2026-10-26,Complete,Active
1017,9496963502,Swati Garcia,1996-09-18,swati.garcia524@mail.com,"675 Main St, Kerala",Kerala,Prepaid,2020-01-18,Complete,Active
1018,9621024804,Priya Mukherjee,1976-11-20,priya.mukherjee915@example.com,"798 Church St, Tamil Nadu",Tamil Nadu,Postpaid,2024-03-17,Complete,Active
1019,9848695986,Kiran Sen,2004-02-25,kiran.sen762@mail.com,"266 MG Road, Bihar",Bihar,Prepaid,2024-06-07,Complete,Active
1020,9022351267,Sanjay Menon,1992-04-20,,"927 Station Rd, UP East",UP East,Prepaid,2025-06-16,Complete,Active
1021,9378947562,Deepak Smith,,deepak.smith742@webmail.com,"942 MG Road, Bihar",Bihar,Prepaid,2025-08-21,Complete,Active
1022,9614032373,Linda Ghosh,1962-05-07,linda.ghosh975@example.com,"800 Main St, Karnataka",Karnataka,Postpaid,2019-03-25,Complete,Active
1023,9419423697,Ananya Bansal,1957-04-21,ananya.bansal407@webmail.com,"78 Station Rd, Maharashtra",Maharashtra,Prepaid,2022-05-20,Complete,Active
1024,9197343538,Reyansh Sen,1996-03-30,reyansh.sen181@webmail.com,"631 Station Rd, Rajasthan",Rajasthan,Prepaid,2025-08-23,Complete,Active
1025,9808246308,Aditi Chatterjee,1985-07-14,aditi.chatterjee570@telecomuser.in,,Maharashtra,Postpaid,2021-09-11,Complete,Active
1026,9470263545,Joseph Jones,1995-09-16,joseph.jones237@telecomuser.in,,Maharashtra,Postpaid,2026-09-27,Complete,Active
1027,9479521121,,1979-08-11,,,Punjab,Prepaid,2024-07-03,Complete,Active
1028,9243928104,James Kumar,2005-06-30,james.kumar255@example.com,,UP West,Postpaid,2024-11-10,Complete,Suspended
1029,9254509076,Sai Mehta,2004-07-09,,,Bihar,Prepaid,,Complete,Active
1030,9802275811,Rohan Shah,1961-05-28,,"767 Station Rd, Chennai",Chennai,Prepaid,2022-05-30,Complete,Suspended
1031,9540043209,Nisha Davis,1979-03-07,nisha.davis482@mail.com,"939 Park Ave, Bihar",Bihar,Prepaid,2024-07-07,Expired,Active
1032,9431144647,Sai Pillai,1965-05-26,sai.pillai886@webmail.com,"674 Station Rd, Mumbai",Mumbai,Prepaid,2025-12-25,Complete,Active
1033,9725946196,Ananya Bansal,2004-07-18,ananya.bansal862@mail.com,"970 Main St, Bihar",Bihar,Prepaid,2022-04-10,Complete,Active
1034,9892539588,Mary Ghosh,2000-07-20,mary.ghosh290@example.com,"594 Church St, Kolkata",Kolkata,Prepaid,2022-09-23,Complete,Active
1035,9431652707,Patricia Mukherjee,1968-08-24,patricia.mukherjee130@example.com,"340 Main St, Kolkata",Kolkata,Prepaid,2024-02-15,Complete,Active
1036,9890726303,Shreya Mukherjee,1998-10-11,shreya.mukherjee633@example.com,,Punjab,Postpaid,2020-02-08,Complete,Active
1037,9112030342,James Joshi,1962-01-31,james.joshi635@webmail.com,"935 Station Rd, MP",MP,Prepaid,2021-11-11,Complete,Suspended
1038,9425099296,Saanvi Chopra,1998-05-08,saanvi.chopra586@webmail.com,"717 Park Ave, Punjab",,Postpaid,2019-02-03,Complete,Active
1039,9706492763,Sunita Desai,1967-04-09,sunita.desai317@example.com,"594 Park Ave, Delhi",Delhi,Prepaid,2023-08-29,Complete,Active
1040,9595982848,Amit Nair,1961-10-03,amit.nair881@mail.com,"991 Station Rd, UP East",UP East,Postpaid,,Complete,Active
1041,9665891208,Sarah Wilson,1960-09-02,sarah.wilson932@webmail.com,"120 MG Road, UP West",,Prepaid,2020-04-20,Complete,Suspended
1042,9146794714,Sneha Wilson,1980-02-05,,"456 MG Road, Bihar",Bihar,Prepaid,2025-02-08,Pending,Active
1043,9029980269,Amit Bhatt,2005-08-26,amit.bhatt601@mail.com,"337 MG Road, Gujarat",Gujarat,Prepaid,2020-08-15,Expired,Active
1044,9718137502,Sanjay Brown,1960-09-13,sanjay.brown526@telecomuser.in,"516 MG Road, Bihar",Bihar,Prepaid,2026-05-22,Complete,Active
1045,9904464900,Arjun Iyer,2004-03-12,arjun.iyer612@webmail.com,"518 Station Rd, Bihar",Bihar,Postpaid,2026-05-05,Complete,Active
1046,9724234404,Ramesh Rao,1997-07-19,,"443 Main St, Karnataka",Karnataka,Prepaid,2019-09-03,Complete,Active
1047,9313678796,Nisha Johnson,1998-04-05,nisha.johnson359@example.com,"118 Park Ave, West Bengal",West Bengal,Postpaid,2025-12-21,Complete,Active
1048,9098217330,Nisha Das,,nisha.das94@example.com,"386 Church St, Maharashtra",Maharashtra,Prepaid,2022-08-21,Complete,Active
1049,9001662644,Thomas Johnson,1993-07-27,thomas.johnson540@webmail.com,"226 Church St, Delhi",Delhi,Prepaid,2021-05-15,Complete,Active
1050,9214415256,Anil Gupta,1996-03-31,anil.gupta590@telecomuser.in,"727 Church St, UP East",UP East,Prepaid,2020-12-04,Complete,Active
1051,9890825533,Amit Mehta,,amit.mehta928@mail.com,"745 MG Road, West Bengal",West Bengal,Prepaid,2025-10-03,Complete,Active
1052,9096455686,Rahul Pillai,1961-02-15,rahul.pillai816@telecomuser.in,"361 Station Rd, Delhi",Delhi,Prepaid,,Complete,Active
1053,9690535970,Nisha Chopra,1997-09-02,nisha.chopra462@example.com,,Haryana,Prepaid,2019-06-10,Complete,Active
1054,9451324357,Arjun Menon,1989-09-05,arjun.menon342@mail.com,,Andhra Pradesh,Prepaid,2026-06-05,Complete,Active
1055,9933786876,Michael Sen,1956-08-20,michael.sen974@mail.com,"197 MG Road, MP",MP,Prepaid,2020-02-19,Complete,Active
1056,9756865116,Jessica Mehta,1958-12-02,jessica.mehta993@mail.com,"771 Church St, Punjab",Punjab,Prepaid,2024-04-05,Pending,Active
1057,9654775411,Barbara Desai,,barbara.desai568@telecomuser.in,"872 Main St, Odisha",Odisha,Postpaid,2024-10-03,Complete,Active
1058,9924300529,Vivaan Pillai,1985-01-29,vivaan.pillai40@mail.com,"713 MG Road, MP",MP,Prepaid,2019-11-21,Complete,Active
1059,9196472126,Arjun Nair,1999-11-04,arjun.nair648@example.com,"736 MG Road, Gujarat",Gujarat,Prepaid,2025-05-26,Complete,Active
1060,9090559534,Ramesh Desai,1987-01-14,ramesh.desai247@telecomuser.in,"791 Station Rd, Tamil Nadu",Tamil Nadu,Prepaid,,Complete,Active
1061,9174668074,Aditya Chopra,1983-04-25,aditya.chopra835@webmail.com,"38 MG Road, Rajasthan",Rajasthan,Postpaid,,Complete,Active
1062,9744493163,Neha Patel,1962-01-30,neha.patel559@mail.com,"82 Park Ave, Tamil Nadu",Tamil Nadu,Prepaid,2023-10-12,Complete,Active
1063,9479646706,Kiran Mehta,1967-10-23,kiran.mehta36@webmail.com,,Gujarat,Prepaid,2025-05-12,Complete,Active
1064,9434013329,,2001-06-13,,"794 Park Ave, Rajasthan",Rajasthan,Prepaid,2026-10-13,Pending,Active
1065,9184840683,Arjun Jones,1981-11-28,arjun.jones813@mail.com,"125 MG Road, Gujarat",Gujarat,Prepaid,2023-01-18,Complete,Active
1066,9856039757,Arjun Iyer,1961-08-27,arjun.iyer132@telecomuser.in,"656 Station Rd, Assam",Assam,Postpaid,2019-08-15,Complete,Active
1067,9319295201,Neha Iyer,2002-11-11,,"965 Station Rd, Kolkata",Kolkata,Prepaid,2025-10-14,Complete,Suspended
1068,9080972256,Susan Williams,1982-02-07,susan.williams305@webmail.com,"162 Church St, Delhi",Delhi,Prepaid,2020-08-11,Complete,Active
1069,9789135342,Reyansh Kumar,1989-06-18,reyansh.kumar255@webmail.com,"834 Park Ave, Kerala",Kerala,Postpaid,2020-10-14,Complete,Active
1070,9430959230,Susan Doe,1955-09-25,susan.doe138@webmail.com,"783 Church St, West Bengal",West Bengal,Prepaid,2021-03-08,Complete,Active
1071,9345866103,Anjali Banerjee,1972-11-09,anjali.banerjee513@webmail.com,,Delhi,Prepaid,2024-02-15,Complete,Suspended
1072,9193368555,Nisha Bansal,1956-06-29,nisha.bansal427@example.com,"612 Church St, Mumbai",Mumbai,Prepaid,2025-06-27,Complete,Active
1073,9516681609,Vivaan Roy,1968-08-02,vivaan.roy421@mail.com,"943 Church St, Chennai",Chennai,Postpaid,2020-07-19,Complete,Active
1074,9943945568,Patricia Desai,1972-04-01,patricia.desai572@telecomuser.in,"790 Park Ave, Punjab",Punjab,Postpaid,2024-05-19,Complete,Suspended
1075,9721639898,Riya Patel,1994-09-08,riya.patel220@webmail.com,"278 Station Rd, Assam",Assam,Prepaid,2025-07-31,Complete,Active
1076,9922134619,Ananya Ghosh,1997-09-04,ananya.ghosh775@mail.com,"293 Main St, Haryana",Haryana,Prepaid,2024-12-31,Complete,Active
1077,9094890871,Barbara Agarwal,1955-10-31,barbara.agarwal951@example.com,"466 Station Rd, Punjab",Punjab,Postpaid,2024-08-27,Complete,Active
1078,9114217757,Elizabeth Das,2001-03-24,elizabeth.das686@webmail.com,,Andhra Pradesh,Postpaid,,Complete,Active
1079,9235523264,James Johnson,1982-11-25,james.johnson377@telecomuser.in,"981 MG Road, Gujarat",Gujarat,Prepaid,2023-03-11,Complete,Active
1080,9456227804,Arjun Miller,2004-02-18,arjun.miller587@mail.com,"336 Station Rd, Kerala",Kerala,Postpaid,2024-06-25,Complete,Active
1081,9845404873,Joseph Malhotra,1959-01-24,joseph.malhotra555@example.com,"957 Church St, Karnataka",,Prepaid,2026-03-12,Expired,Active
1082,9493893665,Suresh Nair,2003-03-14,suresh.nair746@mail.com,"775 Main St, Mumbai",Mumbai,Prepaid,2023-10-04,Complete,Active
1083,9232971847,Vivaan Bhatt,1964-01-20,vivaan.bhatt613@webmail.com,"251 Main St, Delhi",Delhi,Prepaid,2019-08-20,Complete,Suspended
1084,9295578289,Sanjay Bansal,2004-12-11,sanjay.bansal642@mail.com,"508 Main St, Assam",Assam,Postpaid,2024-11-18,Complete,Active
1085,9137483789,Sanjay Jones,1989-11-05,sanjay.jones339@mail.com,"868 Park Ave, Bihar",Bihar,Postpaid,2022-01-04,Complete,Active
1086,9008562293,Aditi Chopra,1965-07-11,aditi.chopra937@webmail.com,"721 MG Road, Chennai",Chennai,Prepaid,2022-03-05,Complete,Active
1087,9325409489,Sanjay Gupta,1974-11-07,sanjay.gupta268@example.com,"594 Church St, Kolkata",Kolkata,Prepaid,2025-05-22,Complete,Active
1088,9662896417,Richard Williams,2003-08-21,richard.williams537@example.com,,Karnataka,Prepaid,2023-08-17,Complete,Active
1089,9012406996,,1991-11-26,,"549 Park Ave, Rajasthan",,Postpaid,2021-01-04,Complete,Active
1090,9115823345,Isha Bansal,1962-03-26,isha.bansal96@example.com,"566 Church St, UP East",UP East,Prepaid,2024-08-09,Complete,Active
1091,9399892965,Karen Singh,1980-02-26,karen.singh184@example.com,"17 MG Road, Haryana",Haryana,Postpaid,2023-06-20,Pending,Active
1092,9558653776,Joseph Chatterjee,,joseph.chatterjee349@example.com,"978 Station Rd, Chennai",Chennai,Postpaid,,Complete,Suspended
1093,9439466067,Sai Shah,1968-11-03,sai.shah370@telecomuser.in,,Mumbai,Prepaid,2020-02-23,Complete,Active
1094,9454030533,Vijay Patel,2005-03-13,vijay.patel586@mail.com,"174 MG Road, UP East",UP East,Prepaid,2020-11-15,Complete,Active
1095,9402265113,Amit Wilson,1984-07-25,amit.wilson836@webmail.com,"140 Park Ave, Chennai",Chennai,Postpaid,2022-07-10,Complete,Active
1096,9376973273,Priya Davis,1971-02-21,priya.davis976@example.com,"449 Park Ave, Maharashtra",Maharashtra,Prepaid,2023-08-03,Complete,Active
1097,9321434555,Barbara Ghosh,1987-04-04,barbara.ghosh112@example.com,"171 Station Rd, West Bengal",,Postpaid,2023-06-25,Expired,Active
1098,9710275623,James Davis,1968-07-10,james.davis495@example.com,,UP West,Prepaid,2020-08-03,Complete,Active
1099,9753074007,,1964-10-23,,"529 MG Road, Gujarat",Gujarat,Prepaid,2024-03-07,Complete,Active
1100,9164061537,Thomas Singh,2003-03-02,thomas.singh202@telecomuser.in,"687 Church St, Rajasthan",Rajasthan,Prepaid,2025-11-08,Complete,Active
1101,9341689563,Krishna Joshi,1967-09-07,krishna.joshi611@webmail.com,,UP East,Prepaid,2026-03-27,Pending,Active
1102,9121868941,Anjali Johnson,1991-09-15,anjali.johnson728@webmail.com,"172 Main St, MP",MP,Postpaid,2019-05-14,Complete,Active
1103,9147751178,Jennifer Gupta,1994-08-06,jennifer.gupta105@webmail.com,"305 Main St, Gujarat",Gujarat,Prepaid,2023-12-04,Pending,Active
1104,9827686467,Patricia Kumar,2002-10-02,patricia.kumar332@mail.com,"297 Station Rd, Punjab",Punjab,Postpaid,2026-08-14,Complete,Active
1105,9740267113,Linda Das,2006-10-21,linda.das385@webmail.com,"413 Station Rd, Karnataka",Karnataka,Postpaid,2024-02-06,Expired,Active
1106,9077746305,Deepak Malhotra,1983-12-19,deepak.malhotra561@telecomuser.in,"873 Church St, Kolkata",Kolkata,Postpaid,2019-07-08,Complete,Active
1107,9418409261,Ananya Shah,1987-05-03,ananya.shah681@telecomuser.in,"54 Church St, Kerala",Kerala,Postpaid,2023-10-25,Complete,Active
1108,9041260689,Ishaan Doe,,ishaan.doe106@example.com,"141 Church St, Punjab",Punjab,Postpaid,2026-08-05,Complete,Active
1109,9064761468,Reyansh Iyer,1989-06-14,reyansh.iyer323@webmail.com,"284 Main St, Gujarat",Gujarat,Prepaid,2022-03-13,Complete,Active
1110,9863557208,Sneha Mukherjee,1999-10-27,sneha.mukherjee541@example.com,"370 Park Ave, Mumbai",Mumbai,Postpaid,2023-02-05,Complete,Active
1111,9490502993,William Johnson,1992-12-31,william.johnson656@example.com,"157 Park Ave, Chennai",Chennai,Prepaid,2020-09-28,Complete,Active
1112,9686067800,Ravi Wilson,1982-09-30,ravi.wilson123@mail.com,,Andhra Pradesh,Prepaid,2024-11-12,Complete,Active
1113,9237871834,Meera Miller,1999-07-06,meera.miller57@telecomuser.in,"171 Park Ave, Kolkata",Kolkata,Postpaid,2026-07-24,Complete,Active
1114,9508243198,Sarah Ghosh,1977-04-10,sarah.ghosh278@telecomuser.in,"382 Main St, Kolkata",Kolkata,Postpaid,2024-10-13,Expired,Suspended
1115,9042835025,Sunita Bhatt,1999-04-06,sunita.bhatt751@mail.com,"155 Main St, Gujarat",Gujarat,Prepaid,2026-02-17,Complete,Suspended
1116,9906871524,Rohan Shah,1975-10-07,rohan.shah718@webmail.com,"998 Main St, Bihar",Bihar,Prepaid,2023-06-04,Complete,Active
1117,9492238773,Arjun Chopra,1964-10-10,arjun.chopra461@mail.com,"124 Station Rd, UP West",UP West,Postpaid,2024-03-12,Complete,Active
1118,9168608302,Kiran Kumar,1978-05-05,kiran.kumar32@mail.com,"570 Station Rd, Bihar",Bihar,Prepaid,2020-07-26,Complete,Active
1119,9721469059,Arjun Chopra,1994-10-13,arjun.chopra927@example.com,"126 Main St, Haryana",Haryana,Prepaid,2023-11-10,Complete,Active
1120,9061212806,Riya Smith,2004-05-27,riya.smith287@example.com,"205 Station Rd, UP West",UP West,Postpaid,2019-03-21,Expired,Active
1121,9354953132,Charles Shah,,charles.shah786@telecomuser.in,"998 MG Road, Gujarat",Gujarat,Prepaid,2019-08-18,Complete,Suspended
1122,9593991237,Swati Verma,1986-07-20,swati.verma577@mail.com,"556 Park Ave, MP",MP,Prepaid,2025-09-30,Complete,Active
1123,9092179830,Sarah Rao,2002-03-20,sarah.rao383@example.com,"601 Main St, UP East",UP East,Prepaid,2023-11-25,Complete,Suspended
1124,9619697251,Robert Agarwal,1955-02-28,robert.agarwal872@webmail.com,"34 MG Road, Kolkata",Kolkata,Postpaid,2021-06-23,Complete,Active
1125,9430336986,Amit Roy,,amit.roy359@example.com,"738 Main St, Tamil Nadu",,Prepaid,2020-11-12,Pending,Active
1126,9351486610,Riya Verma,1964-05-24,,"165 Main St, UP East",UP East,Postpaid,2025-08-30,Expired,Suspended
1127,9746640394,Karen Williams,1980-04-03,karen.williams51@example.com,"861 Church St, Assam",Assam,Prepaid,2022-04-21,Complete,Active
1128,9402694174,Meera Patel,1989-10-07,meera.patel379@webmail.com,"270 Church St, Delhi",Delhi,Prepaid,2019-09-10,Complete,Active
1129,9068472035,James Doe,1976-02-21,james.doe405@example.com,"515 Station Rd, Delhi",Delhi,Postpaid,2025-12-15,Complete,Suspended
1130,9491210062,Rohan Garcia,1961-01-04,,"334 Park Ave, Assam",Assam,Postpaid,,Complete,Active
1131,9711559117,Barbara Williams,1991-11-12,barbara.williams586@webmail.com,"177 Park Ave, Delhi",Delhi,Prepaid,2023-07-04,Complete,Suspended
1132,9327980832,Robert Reddy,1975-06-14,robert.reddy793@webmail.com,"747 Church St, Rajasthan",Rajasthan,Prepaid,2023-07-26,Complete,Active
1133,9885135188,,1973-01-03,,"52 Park Ave, Bihar",Bihar,Prepaid,2024-08-30,Complete,Suspended
1134,9624494538,Linda Patel,1989-09-05,,"878 MG Road, Maharashtra",Maharashtra,Postpaid,2023-08-05,Complete,Suspended
1135,9964118269,William Shah,1988-10-10,william.shah259@webmail.com,"694 Station Rd, Punjab",Punjab,Prepaid,2024-09-26,Expired,Suspended
1136,9855264323,Michael Bansal,2001-05-29,michael.bansal825@example.com,"414 Park Ave, Chennai",Chennai,Postpaid,2022-04-25,Complete,Active
1137,9307517257,David Chatterjee,1970-04-02,david.chatterjee301@mail.com,,Andhra Pradesh,Postpaid,2021-01-19,Expired,Suspended
1138,9622848354,Vihaan Davis,1961-05-22,vihaan.davis513@mail.com,,UP East,Prepaid,2020-09-09,Complete,Active
1139,9459437746,John Kumar,,john.kumar591@mail.com,"805 Main St, MP",MP,Prepaid,2023-10-24,Expired,Active
1140,9013038166,Robert Chatterjee,1964-03-19,robert.chatterjee172@telecomuser.in,,Delhi,Prepaid,2025-09-08,Complete,Active
1141,9619471980,Ishaan Malhotra,2000-04-09,ishaan.malhotra729@telecomuser.in,"385 Park Ave, Delhi",Delhi,Prepaid,2019-07-16,Complete,Active
1142,9064354166,David Reddy,1979-03-22,david.reddy429@mail.com,"524 Station Rd, Tamil Nadu",Tamil Nadu,Prepaid,2021-03-24,Complete,Active
1143,9893415964,Aarav Patel,2006-07-05,aarav.patel973@mail.com,,Odisha,Postpaid,2026-03-24,Complete,Suspended
1144,9240102837,Thomas Gupta,,thomas.gupta337@mail.com,"979 Station Rd, Bihar",Bihar,Postpaid,2022-11-04,Complete,Active
1145,9923876716,Elizabeth Mehta,1998-04-21,elizabeth.mehta186@webmail.com,"627 Main St, West Bengal",West Bengal,Postpaid,2020-06-19,Complete,Active
1146,9840608577,David Menon,1963-07-18,david.menon494@mail.com,"153 Station Rd, UP East",UP East,Prepaid,,Pending,Active
1147,9441733255,Jennifer Bhatt,,jennifer.bhatt91@webmail.com,"324 Main St, Bihar",Bihar,Postpaid,,Complete,Active
1148,9587968564,Jennifer Kumar,1995-10-09,jennifer.kumar734@webmail.com,"117 Main St, Bihar",Bihar,Prepaid,2026-02-08,Expired,Active
1149,9570117716,Karen Das,1972-02-05,karen.das776@example.com,"127 Church St, Kolkata",Kolkata,Prepaid,2024-08-05,Complete,Active
1150,9545979618,David Garcia,1983-11-16,david.garcia429@webmail.com,"281 Church St, Gujarat",Gujarat,Postpaid,2020-06-30,Complete,Active
1151,9858537522,James Chatterjee,1966-11-26,james.chatterjee516@mail.com,"728 Main St, Haryana",Haryana,Prepaid,2026-06-25,Complete,Active
1152,9858401300,Mary Mehta,1977-06-24,mary.mehta708@example.com,"772 Station Rd, Maharashtra",,Postpaid,2026-07-29,Complete,Suspended
1153,9752772693,James Pillai,1959-10-29,,"890 Church St, Chennai",Chennai,Postpaid,2026-04-06,Complete,Active
1154,9717149097,Aditya Sen,1978-09-15,aditya.sen6@telecomuser.in,"41 MG Road, Andhra Pradesh",Andhra Pradesh,Prepaid,2026-01-05,Complete,Active
1155,9453732105,Shreya Das,1974-11-05,shreya.das340@telecomuser.in,"974 Station Rd, Maharashtra",Maharashtra,Postpaid,2026-04-13,Complete,Active
1156,9496696399,Shreya Agarwal,,shreya.agarwal527@telecomuser.in,"499 Main St, Bihar",Bihar,Prepaid,2019-12-04,Expired,Active
1157,9950067841,Robert Sen,1961-06-21,robert.sen25@mail.com,"39 Main St, Haryana",Haryana,Prepaid,2019-10-16,Complete,Active
1158,9236406566,Swati Gupta,1961-07-06,swati.gupta297@example.com,"622 Main St, Punjab",Punjab,Postpaid,2026-05-30,Complete,Active
1159,9277826289,Michael Banerjee,1956-01-01,michael.banerjee127@mail.com,,Kolkata,Prepaid,2022-06-02,Complete,Active
1160,9729811621,Nisha Kumar,2004-03-28,nisha.kumar298@example.com,"101 MG Road, Rajasthan",Rajasthan,Prepaid,2020-06-09,Complete,Active
1161,9201436615,Deepak Mehta,,deepak.mehta730@mail.com,"284 Park Ave, UP West",UP West,Postpaid,2024-03-10,Complete,Active
1162,9416028817,Richard Singh,2000-07-02,richard.singh788@webmail.com,"565 Park Ave, Delhi",Delhi,Postpaid,2020-08-31,Complete,Active
1163,9772453568,Sunita Mehta,1967-08-05,sunita.mehta580@mail.com,"754 Church St, Andhra Pradesh",Andhra Pradesh,Prepaid,2021-08-07,Complete,Active
1164,9029344093,Divya Shah,1978-08-16,divya.shah386@mail.com,"602 Main St, West Bengal",West Bengal,Prepaid,2024-10-16,Complete,Active
1165,9378084252,Ananya Banerjee,1965-08-13,ananya.banerjee831@webmail.com,"494 Church St, Tamil Nadu",Tamil Nadu,Prepaid,2023-08-11,Complete,Active
1166,9516050219,Nisha Verma,1980-06-06,nisha.verma460@mail.com,"889 Church St, MP",MP,Postpaid,2025-07-14,Complete,Active
1167,9627345231,Barbara Johnson,1968-06-01,barbara.johnson488@mail.com,"40 Station Rd, Chennai",Chennai,Prepaid,2020-06-17,Pending,Active
1168,9096448649,Charles Mukherjee,2006-09-08,,,MP,Postpaid,2025-09-16,Pending,Active
1169,9177510663,Rohan Sen,1977-10-03,rohan.sen579@webmail.com,"697 Church St, Rajasthan",Rajasthan,Prepaid,2024-05-30,Complete,Active
1170,9495731812,Ananya Reddy,1990-12-08,ananya.reddy165@example.com,"824 Main St, Mumbai",Mumbai,Prepaid,2019-12-28,Complete,Active
1171,9003965759,John Smith,1973-02-04,john.smith200@telecomuser.in,,Chennai,Postpaid,2026-07-23,Complete,Active
1172,9019733557,Sai Jones,2005-02-28,sai.jones356@telecomuser.in,"232 Station Rd, Rajasthan",Rajasthan,Prepaid,2019-01-20,Complete,Active
1173,9102989885,Vijay Miller,1976-10-28,vijay.miller698@webmail.com,"883 Main St, Kolkata",Kolkata,Prepaid,2021-06-21,Complete,Active
1174,9395082068,Karen Joshi,1986-09-19,karen.joshi188@telecomuser.in,"511 MG Road, Maharashtra",Maharashtra,Prepaid,2021-07-27,Complete,Active
1175,9611966675,Pooja Banerjee,1999-03-04,pooja.banerjee503@telecomuser.in,"287 Church St, Odisha",Odisha,Prepaid,2023-09-30,Complete,Active
1176,9536196460,Swati Reddy,1978-04-19,swati.reddy243@telecomuser.in,"352 Park Ave, Chennai",Chennai,Prepaid,2023-03-05,Complete,Active
1177,9459687858,Patricia Rao,1955-11-16,patricia.rao138@webmail.com,"547 Park Ave, Odisha",Odisha,Prepaid,2025-05-14,Complete,Active
1178,9122807235,Suresh Verma,1986-07-01,suresh.verma591@mail.com,"179 Park Ave, Assam",Assam,Postpaid,2024-01-05,Pending,Active
1179,9261183658,Ananya Menon,1983-06-06,ananya.menon620@telecomuser.in,"909 Church St, Rajasthan",Rajasthan,Postpaid,2024-11-03,Expired,Active
1180,9107697011,Susan Doe,1957-05-13,susan.doe107@example.com,"87 Church St, Andhra Pradesh",Andhra Pradesh,Prepaid,2026-01-10,Complete,Active
1181,9103984895,Robert Williams,1995-12-17,robert.williams537@webmail.com,"318 Park Ave, Assam",Assam,Prepaid,2022-06-15,Complete,Active
1182,9308834099,Aarav Sen,1975-09-29,aarav.sen194@telecomuser.in,"448 Church St, Assam",Assam,Postpaid,2023-03-30,Complete,Active
1183,9657662652,Arjun Joshi,1964-11-25,arjun.joshi279@webmail.com,"193 Park Ave, MP",,Prepaid,2021-01-31,Expired,Active
1184,9140002474,Robert Gupta,1968-02-09,,"557 Church St, Karnataka",Karnataka,Postpaid,2023-04-12,Complete,Active
1185,9727470475,Pooja Mukherjee,1983-01-01,pooja.mukherjee645@mail.com,"534 Main St, Assam",Assam,Prepaid,2019-08-02,Pending,Active
1186,9163121700,Pooja Garcia,1963-01-11,pooja.garcia94@webmail.com,"954 Main St, Haryana",Haryana,Prepaid,2020-03-15,Complete,Active
1187,9977841631,Sneha Roy,2003-09-10,sneha.roy581@mail.com,"332 Church St, West Bengal",West Bengal,Postpaid,2025-03-21,Complete,Active
1188,9485475786,Sunita Bhatt,1960-09-06,sunita.bhatt195@webmail.com,"785 Station Rd, MP",MP,Prepaid,2022-08-12,Complete,Active
1189,9081824058,Divya Wilson,1977-12-17,,"14 MG Road, Karnataka",Karnataka,Postpaid,2024-04-01,Complete,Active
1190,9594378200,Aditi Brown,1975-09-22,aditi.brown198@mail.com,"584 MG Road, Gujarat",Gujarat,Prepaid,2026-02-28,Complete,Active
1191,9741755655,Jessica Pillai,1984-02-16,jessica.pillai783@webmail.com,"624 MG Road, Haryana",Haryana,Prepaid,2021-11-06,Complete,Active
1192,9900201809,Rahul Verma,1979-10-04,rahul.verma97@mail.com,,West Bengal,Prepaid,2021-10-20,Complete,Active
1193,9039777186,Sarah Reddy,1981-12-13,,"81 Main St, UP East",UP East,Prepaid,2023-11-14,Complete,Suspended
1194,9826607330,Rohan Pillai,1974-10-23,rohan.pillai995@webmail.com,"590 Station Rd, Chennai",Chennai,Prepaid,2020-08-29,Complete,Active
1195,9503057115,Michael Miller,2002-01-12,michael.miller273@example.com,"702 Station Rd, Haryana",Haryana,Prepaid,2022-11-27,Complete,Active
1196,9671388649,James Banerjee,1962-09-12,james.banerjee249@example.com,"890 Park Ave, Andhra Pradesh",,Postpaid,2024-01-18,Complete,Active
1197,9725756966,Jessica Brown,,jessica.brown206@telecomuser.in,"278 Main St, Chennai",Chennai,Postpaid,2026-05-28,Complete,Active
1198,9680862390,Barbara Garcia,1971-09-22,barbara.garcia575@webmail.com,"41 MG Road, Mumbai",Mumbai,Prepaid,2020-10-05,Complete,Active
1199,9339920239,Anjali Shah,1985-08-30,anjali.shah90@mail.com,"984 Station Rd, Odisha",Odisha,Postpaid,2025-06-04,Complete,Suspended
1200,9935215883,Divya Iyer,1968-01-09,divya.iyer326@mail.com,,Assam,Prepaid,2020-08-19,Complete,Active
1201,9844498927,Diya Verma,1978-12-10,diya.verma611@mail.com,"368 Main St, Mumbai",Mumbai,Prepaid,2025-10-12,Complete,Active
1202,9134124999,David Chopra,1960-12-07,david.chopra888@webmail.com,"888 Church St, Haryana",Haryana,Prepaid,2025-10-26,Complete,Active
1203,9367558754,Aditya Bhatt,1990-06-29,aditya.bhatt572@example.com,"195 Park Ave, Delhi",Delhi,Postpaid,2022-03-17,Complete,Active
1204,9605184717,Robert Williams,1992-02-07,robert.williams184@example.com,"904 Church St, Maharashtra",Maharashtra,Prepaid,2026-12-24,Complete,Active
1205,9114353759,Vijay Gupta,1985-01-26,vijay.gupta167@mail.com,"788 Main St, Kerala",Kerala,Prepaid,2024-01-02,Complete,Active
1206,9890704486,Aditi Davis,1995-09-16,aditi.davis616@example.com,"904 Station Rd, Gujarat",Gujarat,Prepaid,2021-04-30,Complete,Active
1207,9608682904,James Agarwal,2006-05-05,james.agarwal990@mail.com,"369 Main St, Kolkata",Kolkata,Prepaid,2023-04-02,Complete,Active
1208,9804183422,Nisha Brown,1998-05-23,nisha.brown438@telecomuser.in,"266 Station Rd, Haryana",Haryana,Prepaid,2025-11-21,Complete,Active
1209,9641679006,Elizabeth Malhotra,1992-03-13,elizabeth.malhotra359@telecomuser.in,"12 MG Road, Maharashtra",Maharashtra,Prepaid,2022-05-14,Complete,Active
1210,9063760133,Sarah Doe,1967-03-07,sarah.doe914@webmail.com,"474 Church St, Haryana",Haryana,Prepaid,2025-05-03,Complete,Active
1211,9526783920,John Williams,2006-03-23,john.williams610@mail.com,,Punjab,Prepaid,,Complete,Active
1212,9249231779,Vivaan Doe,1968-10-27,vivaan.doe751@webmail.com,"795 Park Ave, Punjab",Punjab,Postpaid,2024-10-15,Complete,Active
1213,9747509650,Aditya Reddy,1983-01-13,,"329 MG Road, Maharashtra",Maharashtra,Prepaid,2023-12-12,Complete,Active
1214,9119515529,Nisha Bhatt,1982-12-08,nisha.bhatt554@telecomuser.in,"30 Church St, Andhra Pradesh",Andhra Pradesh,Prepaid,2019-12-19,Complete,Active
1215,9558663876,Karen Dutta,1963-05-03,karen.dutta100@webmail.com,"482 MG Road, Bihar",Bihar,Prepaid,2021-11-22,Pending,Active
1216,9667840434,Charles Chatterjee,1966-06-06,charles.chatterjee838@webmail.com,"334 Station Rd, Tamil Nadu",Tamil Nadu,Postpaid,2023-06-30,Complete,Active
1217,9214026495,Robert Bhatt,1961-12-27,robert.bhatt118@webmail.com,"334 Station Rd, Bihar",Bihar,Prepaid,2023-07-21,Complete,Active
1218,9873460889,Aarav Rao,1995-08-22,aarav.rao631@webmail.com,"211 Park Ave, Maharashtra",Maharashtra,Postpaid,2023-11-16,Complete,Suspended
1219,9956588099,,1987-03-25,,"241 Church St, Mumbai",Mumbai,Prepaid,2023-04-17,Complete,Active
1220,9211583428,Aarav Singh,1967-12-02,aarav.singh674@webmail.com,"87 MG Road, Andhra Pradesh",Andhra Pradesh,Prepaid,2026-10-19,Complete,Active
1221,9155431658,Kiran Shah,2003-12-31,kiran.shah39@example.com,"116 Station Rd, West Bengal",West Bengal,Postpaid,2024-11-26,Expired,Suspended
1222,9740804790,Patricia Davis,1959-09-26,patricia.davis481@example.com,"588 Park Ave, MP",MP,Postpaid,2022-03-30,Complete,Active
1223,9537265562,Vivaan Agarwal,1966-05-18,vivaan.agarwal259@telecomuser.in,,Rajasthan,Prepaid,2025-10-09,Complete,Active
1224,9148274783,Rohan Garcia,1968-10-30,rohan.garcia789@webmail.com,"744 MG Road, Bihar",Bihar,Postpaid,2026-03-15,Complete,Active
1225,9044499263,Divya Sen,,divya.sen392@webmail.com,"700 Main St, Odisha",Odisha,Prepaid,2023-11-04,Complete,Active
1226,9228254626,Divya Menon,1971-02-21,divya.menon689@example.com,,,Prepaid,2024-01-01,Complete,Active
1227,9206058251,Sai Garcia,2005-10-13,sai.garcia918@mail.com,,Kerala,Prepaid,2026-03-01,Complete,Suspended
1228,9766727203,Meera Desai,1961-03-24,meera.desai625@mail.com,"112 MG Road, MP",MP,Prepaid,2020-03-11,Pending,Active
1229,9105248169,Neha Rao,1990-02-09,neha.rao490@webmail.com,"554 MG Road, Karnataka",,Postpaid,2024-05-28,Complete,Active
1230,9933096383,Thomas Agarwal,1970-11-05,thomas.agarwal677@webmail.com,"918 Main St, UP East",UP East,Prepaid,2026-02-04,Complete,Active
1231,9009237649,Vivaan Gupta,1985-04-19,vivaan.gupta416@example.com,,Odisha,Postpaid,2020-09-02,Complete,Active
1232,9074096260,Jessica Bansal,1963-09-24,jessica.bansal856@mail.com,"117 Church St, Tamil Nadu",Tamil Nadu,Prepaid,2021-04-10,Complete,Active
1233,9963951877,Amit Singh,1967-09-03,amit.singh714@mail.com,"450 MG Road, Kerala",Kerala,Prepaid,2026-02-02,Complete,Active
1234,9040106848,Robert Iyer,1979-04-23,robert.iyer245@webmail.com,"709 Main St, Chennai",Chennai,Postpaid,2019-12-27,Complete,Active
1235,9302150375,Charles Malhotra,1972-05-18,charles.malhotra702@mail.com,"510 MG Road, MP",MP,Postpaid,2023-01-31,Complete,Active
1236,9387079174,Jessica Bhatt,1984-03-30,jessica.bhatt236@telecomuser.in,"234 Main St, Haryana",Haryana,Prepaid,2021-06-22,Complete,Active
1237,9042613413,Amit Iyer,,amit.iyer140@telecomuser.in,,Bihar,Prepaid,2022-04-23,Complete,Active
1238,9661980849,Linda Dutta,1993-05-29,linda.dutta254@mail.com,"228 Station Rd, Kolkata",Kolkata,Postpaid,2023-09-08,Expired,Active
1239,9470547842,Aarav Ghosh,1966-11-27,aarav.ghosh664@mail.com,"492 Park Ave, Mumbai",Mumbai,Prepaid,2025-07-18,Complete,Active
1240,9784734680,Amit Brown,,amit.brown715@telecomuser.in,"590 MG Road, Assam",Assam,Prepaid,2019-08-13,Complete,Suspended
1241,9303403675,Ishaan Menon,1965-03-10,ishaan.menon772@mail.com,"329 Park Ave, Gujarat",Gujarat,Prepaid,2019-08-12,Complete,Active
1242,9451765267,Patricia Singh,1996-01-29,,"296 Main St, Kerala",Kerala,Prepaid,2024-07-25,Complete,Active
1243,9904694470,Vivaan Kapoor,2001-08-13,vivaan.kapoor593@webmail.com,"498 Station Rd, Haryana",Haryana,Prepaid,2024-02-19,Complete,Active
1244,9712497034,Karen Mehta,1980-08-03,karen.mehta860@mail.com,"166 MG Road, Andhra Pradesh",Andhra Pradesh,Postpaid,2023-12-11,Complete,Active
1245,9503335139,Sneha Rao,1983-09-23,sneha.rao663@telecomuser.in,"918 Park Ave, MP",MP,Postpaid,2026-06-24,Complete,Active
1246,9946791534,Manoj Chatterjee,1959-12-09,manoj.chatterjee598@mail.com,"201 Main St, Rajasthan",Rajasthan,Postpaid,2019-12-24,Expired,Active
1247,9465063743,,1982-08-22,,"221 Church St, Karnataka",Karnataka,Prepaid,2020-11-01,Complete,Suspended
1248,9481502489,Swati Mukherjee,1991-09-26,swati.mukherjee425@telecomuser.in,"728 Station Rd, Bihar",Bihar,Prepaid,2023-04-13,Complete,Active
1249,9835472713,John Doe,1980-10-22,john.doe929@webmail.com,"30 Main St, Gujarat",Gujarat,Prepaid,2025-09-19,Complete,Active
1250,9586461558,Vihaan Rao,1967-02-26,vihaan.rao280@example.com,"50 Park Ave, West Bengal",West Bengal,Prepaid,2021-03-04,Complete,Active
1251,9075886366,Swati Chatterjee,1956-02-27,swati.chatterjee382@telecomuser.in,"349 MG Road, UP West",UP West,Prepaid,2021-02-10,Complete,Active
1252,9698778491,Vivaan Doe,1987-07-12,vivaan.doe912@webmail.com,"782 Park Ave, Odisha",Odisha,Prepaid,2020-04-30,Complete,Active
1253,9121106707,Aditya Chopra,2001-01-24,aditya.chopra122@webmail.com,"68 Park Ave, Delhi",Delhi,Postpaid,2025-09-30,Complete,Suspended
1254,9130899315,Kavya Johnson,1963-11-22,kavya.johnson542@example.com,"988 Park Ave, Maharashtra",Maharashtra,Postpaid,,Complete,Suspended
1255,9984616189,Kiran Kapoor,1983-03-13,kiran.kapoor533@example.com,,West Bengal,Prepaid,,Complete,Active
1256,9263945281,Linda Doe,1987-12-19,linda.doe689@webmail.com,,Bihar,Postpaid,2023-06-06,Complete,Active
1257,9199093591,Richard Smith,1979-06-28,richard.smith365@webmail.com,"973 Church St, Chennai",Chennai,Prepaid,2024-02-06,Complete,Active
1258,9461000693,Rohan Bansal,1963-08-23,rohan.bansal812@webmail.com,"678 Church St, Punjab",Punjab,Prepaid,2025-01-23,Complete,Suspended
1259,9049333405,Saanvi Mehta,1967-01-24,saanvi.mehta500@webmail.com,"692 Church St, Kolkata",Kolkata,Postpaid,2024-05-03,Complete,Active
1260,9025367205,Ramesh Chatterjee,1957-05-31,ramesh.chatterjee390@telecomuser.in,,West Bengal,Prepaid,2021-09-27,Complete,Active
1261,9590330348,Jessica Ghosh,1997-02-20,jessica.ghosh387@telecomuser.in,"587 Main St, Haryana",Haryana,Prepaid,2022-10-08,Complete,Active
1262,9612926908,Meera Kumar,2006-06-15,meera.kumar640@mail.com,"735 Station Rd, Karnataka",Karnataka,Prepaid,2024-12-15,Complete,Active
1263,9763845246,Thomas Jones,1956-09-01,thomas.jones591@mail.com,"275 Station Rd, Bihar",Bihar,Postpaid,2025-05-07,Complete,Active
1264,9242778489,Elizabeth Ghosh,1980-10-01,elizabeth.ghosh704@telecomuser.in,"245 Main St, UP East",UP East,Prepaid,2022-06-25,Complete,Active
1265,9460112861,Richard Smith,1959-12-18,richard.smith322@example.com,"923 Church St, Karnataka",Karnataka,Prepaid,2023-06-14,Expired,Active
1266,9117958992,Kavya Garcia,1983-02-12,kavya.garcia826@webmail.com,"958 Church St, Gujarat",Gujarat,Prepaid,2022-01-29,Complete,Active
1267,9543934698,Ramesh Doe,1982-08-25,,"36 Main St, Chennai",Chennai,Postpaid,2025-03-13,Complete,Active
1268,9796524099,Saanvi Patel,1976-02-15,saanvi.patel938@mail.com,"901 Church St, Haryana",Haryana,Prepaid,2024-07-06,Complete,Active
1269,9878886536,Joseph Pillai,1957-06-15,joseph.pillai646@mail.com,"4 Church St, Andhra Pradesh",Andhra Pradesh,Prepaid,2020-03-29,Complete,Active
1270,9987867347,James Davis,1980-04-12,james.davis377@webmail.com,"968 Station Rd, UP East",UP East,Postpaid,2026-04-04,Complete,Active
1271,9042806619,Nisha Nair,,nisha.nair848@webmail.com,"230 MG Road, Tamil Nadu",Tamil Nadu,Postpaid,2022-03-25,Complete,Active
1272,9422871170,Kavya Wilson,1977-04-11,kavya.wilson88@webmail.com,,Andhra Pradesh,Postpaid,2021-05-19,Complete,Active
1273,9720032999,Rekha Gupta,,rekha.gupta310@webmail.com,"136 Station Rd, West Bengal",,Prepaid,2024-07-11,Pending,Suspended
1274,9135110188,Karen Sen,1978-08-13,karen.sen530@telecomuser.in,"324 Church St, Kerala",Kerala,Prepaid,2026-05-16,Complete,Active
1275,9101414184,William Jones,1999-03-25,william.jones127@mail.com,"890 Park Ave, Maharashtra",Maharashtra,Prepaid,2022-01-22,Complete,Active
1276,9290719240,Riya Nair,1964-07-07,riya.nair30@mail.com,,MP,Postpaid,2019-01-24,Complete,Active
1277,9649997188,Patricia Kumar,2004-02-02,patricia.kumar95@webmail.com,"246 Church St, Kerala",Kerala,Postpaid,2023-07-07,Complete,Active
1278,9614483616,Kiran Chopra,1989-10-25,kiran.chopra93@webmail.com,"629 MG Road, West Bengal",West Bengal,Prepaid,,Complete,Active
1279,9261465249,Rohan Iyer,1981-12-13,rohan.iyer303@webmail.com,"79 Main St, Assam",Assam,Prepaid,2024-03-18,Complete,Active
1280,9220516113,Susan Bansal,1995-10-27,susan.bansal639@webmail.com,"990 MG Road, Haryana",Haryana,Prepaid,2021-11-28,Pending,Active
1281,9501146896,Sunita Wilson,1990-06-09,sunita.wilson129@example.com,,Maharashtra,Prepaid,2019-04-20,Complete,Active
1282,9646713440,Rohan Roy,1997-04-19,,"207 Park Ave, Gujarat",Gujarat,Postpaid,2019-02-02,Complete,Active
1283,9444579035,Karen Smith,1960-06-12,karen.smith591@webmail.com,"275 Church St, Karnataka",Karnataka,Prepaid,2026-03-31,Complete,Active
1284,9021322936,David Dutta,1981-04-27,david.dutta983@webmail.com,"816 Church St, West Bengal",West Bengal,Postpaid,2022-03-02,Complete,Active
1285,9411479425,Suresh Desai,1969-03-25,suresh.desai827@example.com,,UP West,Prepaid,2024-06-15,Complete,Active
1286,9308216567,Manoj Dutta,1964-12-13,manoj.dutta844@example.com,"108 MG Road, Odisha",Odisha,Postpaid,2020-10-05,Complete,Active
1287,9748138129,Aarav Bhatt,1997-06-30,aarav.bhatt88@mail.com,"370 MG Road, UP West",UP West,Postpaid,2021-07-23,Complete,Active
1288,9989569477,Arjun Patel,1991-01-13,arjun.patel445@mail.com,,Delhi,Prepaid,2019-08-25,Expired,Suspended
1289,9789487873,Jennifer Shah,1968-03-05,jennifer.shah660@webmail.com,"640 Station Rd, Assam",Assam,Postpaid,2026-04-11,Complete,Active
1290,9303771920,Divya Menon,1969-05-10,,"607 Park Ave, Assam",Assam,Postpaid,2024-08-31,Complete,Active
1291,9363061274,Patricia Davis,2002-11-04,patricia.davis359@mail.com,"689 MG Road, Kolkata",Kolkata,Prepaid,2022-09-04,Complete,Active
1292,9741440412,James Brown,2005-02-23,james.brown893@webmail.com,"652 Church St, MP",MP,Postpaid,2023-09-04,Complete,Active
1293,9171781247,Ramesh Nair,1991-08-29,ramesh.nair586@telecomuser.in,"157 Main St, Odisha",Odisha,Postpaid,2024-06-13,Complete,Active
1294,9749321705,Aditya Ghosh,1982-10-14,aditya.ghosh801@telecomuser.in,"136 MG Road, Chennai",Chennai,Prepaid,2024-01-14,Complete,Active
1295,9066393064,Sai Mehta,2006-04-26,sai.mehta575@telecomuser.in,"88 MG Road, Assam",Assam,Prepaid,2025-05-24,Complete,Active
1296,9506592288,Sai Williams,1991-01-18,sai.williams883@webmail.com,"448 MG Road, Haryana",Haryana,Postpaid,2021-11-19,Complete,Suspended
1297,9521719609,William Kumar,1963-11-10,william.kumar915@webmail.com,"965 Main St, UP East",UP East,Prepaid,2021-08-26,Complete,Active
1298,9310444428,Swati Reddy,2004-10-06,swati.reddy312@mail.com,"86 Station Rd, Bihar",Bihar,Postpaid,2020-11-19,Complete,Active
1299,9494048290,Pooja Shah,1989-02-07,pooja.shah600@mail.com,"47 MG Road, Punjab",Punjab,Prepaid,2023-06-08,Complete,Active
1300,9798258896,William Roy,1983-11-09,william.roy983@webmail.com,"936 MG Road, Mumbai",Mumbai,Prepaid,2019-02-09,Complete,Active
1301,9877576008,James Nair,1988-10-07,james.nair397@telecomuser.in,"128 Church St, Mumbai",Mumbai,Prepaid,,Complete,Active
1302,9671868299,Sneha Garcia,1972-08-04,sneha.garcia114@webmail.com,"513 Church St, Kolkata",Kolkata,Prepaid,2026-07-16,Complete,Active
1303,9010252571,Robert Williams,2005-04-01,robert.williams961@example.com,"875 Park Ave, Delhi",Delhi,Postpaid,2026-08-17,Complete,Active
1304,9507095333,Patricia Verma,1975-03-30,patricia.verma981@webmail.com,,Gujarat,Prepaid,2026-01-05,Complete,Active
1305,9856321230,Mary Bhatt,1994-05-05,mary.bhatt593@webmail.com,,Delhi,Prepaid,2026-10-11,Complete,Active
1306,9943606523,Thomas Ghosh,1955-12-14,thomas.ghosh815@webmail.com,"635 Main St, Chennai",Chennai,Postpaid,2024-02-03,Complete,Active
1307,9107589153,Sunita Roy,1967-05-09,sunita.roy131@example.com,"526 Park Ave, UP West",UP West,Postpaid,2020-08-26,Complete,Active
1308,9295612850,Priya Chopra,1985-08-22,priya.chopra712@webmail.com,"615 Park Ave, Bihar",Bihar,Prepaid,2022-05-12,Complete,Active
1309,9470202262,Jennifer Menon,1988-09-21,jennifer.menon846@mail.com,"11 Main St, West Bengal",West Bengal,Prepaid,2023-12-09,Complete,Active
1310,9700118735,Vivaan Joshi,1964-01-29,,"671 Main St, UP East",UP East,Prepaid,2023-02-23,Complete,Active
1311,9999880197,Vijay Banerjee,1993-07-15,vijay.banerjee944@mail.com,,Chennai,Postpaid,2020-08-31,Complete,Active
1312,9788982046,Kiran Mukherjee,2000-09-05,kiran.mukherjee184@webmail.com,"539 Church St, West Bengal",West Bengal,Prepaid,2023-07-01,Complete,Active
1313,9628422431,Meera Jones,1962-07-16,meera.jones236@telecomuser.in,"525 Station Rd, Bihar",Bihar,Prepaid,2023-02-14,Complete,Active
1314,9312630856,Karen Kapoor,1961-05-26,karen.kapoor342@mail.com,"257 Park Ave, Haryana",Haryana,Postpaid,2021-02-19,Complete,Suspended
1315,9977902874,Swati Sharma,2000-12-28,swati.sharma887@mail.com,"741 MG Road, Gujarat",Gujarat,Prepaid,2024-04-03,Complete,Active
1316,9731762453,Ishaan Bansal,1955-11-14,ishaan.bansal348@telecomuser.in,"703 Church St, UP West",UP West,Postpaid,2025-08-01,Complete,Active
1317,9919366689,Anil Singh,1971-11-24,anil.singh584@telecomuser.in,"96 MG Road, Punjab",Punjab,Prepaid,,Complete,Active
1318,9109226005,Barbara Ghosh,1964-12-07,barbara.ghosh490@webmail.com,"979 MG Road, UP East",UP East,Prepaid,2026-12-16,Complete,Active
1319,9532742948,Kavya Brown,2006-01-25,kavya.brown474@webmail.com,"295 Church St, Karnataka",Karnataka,Postpaid,2023-05-21,Complete,Active
1320,9128749153,Kavya Mehta,2003-03-30,kavya.mehta715@example.com,"931 Church St, Maharashtra",Maharashtra,Postpaid,2023-02-19,Complete,Active
1321,9734254067,Joseph Das,1990-08-03,,"335 Church St, Andhra Pradesh",Andhra Pradesh,Prepaid,2021-09-19,Complete,Active
1322,9421861171,Aarav Shah,1987-02-15,aarav.shah915@example.com,"453 Main St, Maharashtra",Maharashtra,Postpaid,2026-05-27,Pending,Active
1323,9300779320,Aarav Menon,1960-09-01,aarav.menon817@example.com,"742 MG Road, Kerala",,Prepaid,2022-08-14,Complete,Active
1324,9259123143,Ravi Kapoor,,ravi.kapoor45@telecomuser.in,,Maharashtra,Postpaid,2020-02-22,Complete,Active
1325,9952036397,Diya Pillai,1998-04-03,,,Kolkata,Prepaid,2024-08-24,Complete,Suspended
1326,9268377603,Rohan Mukherjee,1958-05-27,rohan.mukherjee757@webmail.com,"285 Park Ave, Andhra Pradesh",Andhra Pradesh,Postpaid,2023-08-27,Complete,Active
1327,9083259626,Rekha Mukherjee,1971-06-20,rekha.mukherjee67@example.com,"977 MG Road, Karnataka",Karnataka,Postpaid,2020-05-29,Complete,Active
1328,9892073721,Riya Miller,1973-01-25,riya.miller82@webmail.com,"408 Church St, West Bengal",West Bengal,Prepaid,2023-11-11,Complete,Active
1329,9703879517,Ravi Bansal,1988-08-27,ravi.bansal74@webmail.com,"201 MG Road, MP",MP,Prepaid,2023-03-13,Complete,Suspended
1330,9993465409,Nisha Mehta,1994-02-21,nisha.mehta522@telecomuser.in,"714 Main St, West Bengal",West Bengal,Postpaid,2021-09-19,Complete,Suspended
1331,9370616912,David Mehta,,david.mehta408@webmail.com,"531 MG Road, Karnataka",Karnataka,Prepaid,2026-10-04,Complete,Suspended
1332,9633487067,Rohan Shah,1990-09-14,rohan.shah173@example.com,"100 Main St, Mumbai",Mumbai,Prepaid,2022-03-27,Complete,Active
1333,9371194810,Thomas Chopra,1991-09-04,thomas.chopra890@example.com,"301 Main St, Karnataka",Karnataka,Prepaid,2025-07-26,Complete,Active
1334,9702967027,Divya Shah,1997-06-15,divya.shah345@webmail.com,"323 MG Road, Haryana",Haryana,Prepaid,2019-08-23,Expired,Suspended
1335,9808489015,Thomas Bhatt,1997-08-19,thomas.bhatt4@mail.com,"18 Park Ave, Haryana",Haryana,Postpaid,2026-08-08,Complete,Active
1336,9460499989,Riya Garcia,1967-11-05,riya.garcia131@example.com,"309 Station Rd, Karnataka",Karnataka,Prepaid,2020-04-18,Complete,Active
1337,9219619093,Neha Kapoor,1997-09-24,neha.kapoor682@example.com,,Assam,Prepaid,2022-09-25,Pending,Suspended
1338,9766377365,Patricia Kapoor,1965-05-18,patricia.kapoor92@example.com,"960 MG Road, Kolkata",Kolkata,Prepaid,2022-07-07,Expired,Active
1339,9005893367,Rekha Davis,1990-06-19,,"149 Park Ave, Haryana",Haryana,Prepaid,2025-09-29,Complete,Active
1340,9880356285,Aditi Smith,1988-10-17,,"848 MG Road, Andhra Pradesh",Andhra Pradesh,Postpaid,2019-08-04,Pending,Active
1341,9872891034,Suresh Das,2002-05-10,suresh.das714@telecomuser.in,"404 Main St, Assam",Assam,Postpaid,2019-08-10,Complete,Active
1342,9411621277,,2006-08-24,,"386 Church St, Andhra Pradesh",Andhra Pradesh,Prepaid,2022-12-27,Expired,Active
1343,9096596402,Robert Garcia,1988-09-04,robert.garcia797@example.com,"282 Church St, UP East",UP East,Prepaid,2024-06-26,Complete,Suspended
1344,9259460539,Saanvi Miller,1984-03-06,,"190 Church St, Assam",Assam,Prepaid,2025-01-06,Complete,Active
1345,9085867261,Robert Joshi,,robert.joshi126@telecomuser.in,,Kolkata,Prepaid,2019-05-24,Complete,Active
1346,9291962099,Shreya Roy,1998-12-31,shreya.roy621@telecomuser.in,"705 Main St, Maharashtra",Maharashtra,Prepaid,,Complete,Active
1347,9215527452,Ananya Das,1977-10-20,ananya.das549@mail.com,"649 MG Road, Rajasthan",Rajasthan,Prepaid,2024-09-25,Complete,Active
1348,9194060115,John Patel,1984-12-02,john.patel890@mail.com,"11 Main St, Rajasthan",Rajasthan,Postpaid,2020-03-06,Complete,Active
1349,9585803522,Vihaan Mehta,1989-12-13,vihaan.mehta489@webmail.com,"10 Station Rd, Rajasthan",Rajasthan,Prepaid,2025-05-13,Complete,Active
1350,9797267197,Neha Sen,1975-07-11,neha.sen971@example.com,"866 Main St, Haryana",Haryana,Prepaid,2020-01-19,Complete,Active
1351,9754894574,James Williams,1991-05-18,,"732 Church St, Mumbai",Mumbai,Postpaid,2026-06-01,Expired,Active
1352,9856696852,Linda Iyer,1959-07-27,linda.iyer175@webmail.com,"347 MG Road, Tamil Nadu",Tamil Nadu,Postpaid,2022-04-03,Complete,Active
1353,9275239680,Sunita Smith,,,"363 Main St, Punjab",,Postpaid,2022-12-23,Complete,Active
1354,9158490724,Ramesh Sen,2003-02-15,ramesh.sen450@example.com,"166 MG Road, Bihar",Bihar,Prepaid,2026-12-14,Complete,Active
1355,9037911462,Anjali Smith,1966-06-07,anjali.smith514@webmail.com,"135 Main St, UP East",UP East,Postpaid,2022-11-10,Complete,Active
1356,9263974247,Rohan Johnson,1980-03-22,rohan.johnson718@telecomuser.in,"204 Church St, UP West",UP West,Postpaid,2024-08-19,Complete,Active
1357,9861142110,Barbara Kumar,2002-02-05,barbara.kumar228@mail.com,"63 Station Rd, MP",MP,Prepaid,2023-01-29,Complete,Active
1358,9430007249,Diya Desai,1987-08-14,diya.desai100@example.com,"789 MG Road, Assam",Assam,Postpaid,2025-08-09,Complete,Active
1359,9623817159,Priya Chopra,1963-11-07,,"309 Church St, Haryana",Haryana,Prepaid,2019-06-29,Complete,Active
1360,9787853361,Pooja Ghosh,2000-03-15,pooja.ghosh614@mail.com,"297 Main St, Andhra Pradesh",Andhra Pradesh,Prepaid,2021-02-18,Complete,Active
1361,9689173742,Ananya Miller,1955-10-18,ananya.miller516@webmail.com,"266 Park Ave, Odisha",Odisha,Prepaid,2020-05-02,Complete,Active
1362,9201892762,Shreya Nair,,shreya.nair333@telecomuser.in,,Assam,Prepaid,2022-04-22,Complete,Active
1363,9882919597,Reyansh Mukherjee,1978-02-01,reyansh.mukherjee837@mail.com,"276 MG Road, Haryana",Haryana,Postpaid,2020-09-29,Complete,Active
1364,9414448159,Riya Verma,1970-12-11,riya.verma72@mail.com,,UP West,Postpaid,2020-02-15,Complete,Active
1365,9700310891,Neha Rao,1956-03-18,neha.rao981@example.com,"754 Park Ave, Assam",Assam,Prepaid,2025-04-24,Pending,Active
1366,9342525005,Susan Ghosh,1975-02-15,,"362 Park Ave, Andhra Pradesh",Andhra Pradesh,Postpaid,2020-04-05,Complete,Suspended
1367,9292033900,Deepak Brown,1971-04-09,deepak.brown915@mail.com,"640 Park Ave, Punjab",Punjab,Prepaid,2026-06-03,Complete,Active
1368,9977897114,Pooja Singh,1993-05-07,pooja.singh149@telecomuser.in,,Andhra Pradesh,Prepaid,2023-10-03,Complete,Suspended
1369,9661993554,Isha Mukherjee,1992-11-04,isha.mukherjee720@mail.com,,,Postpaid,,Complete,Suspended
1370,9903888218,Sarah Ghosh,1975-02-24,,,Andhra Pradesh,Prepaid,2023-03-03,Complete,Active
1371,9545111208,Thomas Joshi,1967-07-28,thomas.joshi482@telecomuser.in,"455 Main St, Haryana",Haryana,Prepaid,2019-05-12,Complete,Active
1372,9134947253,Karen Mehta,1963-04-01,karen.mehta761@mail.com,"58 MG Road, Chennai",Chennai,Postpaid,2025-10-14,Complete,Active
1373,9436818611,Rekha Menon,,rekha.menon67@example.com,"775 Park Ave, Mumbai",Mumbai,Prepaid,2021-09-11,Complete,Suspended
1374,9557039032,Priya Pillai,1986-12-04,priya.pillai340@example.com,"104 Station Rd, Odisha",Odisha,Prepaid,2023-04-15,Complete,Suspended
1375,9016069226,William Mehta,2000-01-02,william.mehta459@telecomuser.in,"298 Park Ave, Haryana",Haryana,Postpaid,,Complete,Active
1376,9296959007,Barbara Patel,1995-10-21,barbara.patel166@telecomuser.in,,Kolkata,Prepaid,2024-03-02,Complete,Active
1377,9286115084,Sarah Iyer,2000-12-22,sarah.iyer383@telecomuser.in,,UP West,Prepaid,2026-08-27,Complete,Suspended
1378,9076511358,Barbara Dutta,1986-04-21,barbara.dutta112@webmail.com,,Tamil Nadu,Postpaid,2021-03-28,Complete,Active
1379,9362714591,Nisha Gupta,1989-02-12,,"485 MG Road, UP West",UP West,Postpaid,2026-09-01,Complete,Active
1380,9112084428,Vihaan Patel,1993-06-12,vihaan.patel169@telecomuser.in,"494 Church St, UP West",UP West,Postpaid,2023-11-25,Complete,Active
1381,9307506639,Joseph Pillai,,joseph.pillai512@mail.com,"812 Church St, Tamil Nadu",Tamil Nadu,Postpaid,2020-05-29,Complete,Active
1382,9507167622,James Miller,1988-03-20,james.miller310@example.com,"839 Main St, Odisha",Odisha,Prepaid,2023-08-08,Complete,Active
1383,9493943514,David Sen,1963-11-26,david.sen92@example.com,"955 Church St, Chennai",Chennai,Postpaid,2025-02-09,Complete,Active
1384,9502424314,Mary Dutta,1990-07-05,,"520 Park Ave, Gujarat",Gujarat,Prepaid,2023-08-26,Complete,Active
1385,9900785731,Deepak Bhatt,1990-02-10,deepak.bhatt849@webmail.com,,Kolkata,Postpaid,2020-12-12,Complete,Active
1386,9127115379,Ananya Pillai,1963-05-15,,,Kolkata,Prepaid,2019-11-19,Complete,Active
1387,9796716218,Patricia Mukherjee,1959-08-23,patricia.mukherjee643@mail.com,,Kolkata,Prepaid,2020-05-17,Complete,Active
1388,9804383400,Arjun Malhotra,1988-08-31,arjun.malhotra828@webmail.com,"11 MG Road, Punjab",Punjab,Prepaid,2020-04-25,Expired,Suspended
1389,9465179100,Rohan Malhotra,1965-04-19,rohan.malhotra336@example.com,,Karnataka,Postpaid,2024-05-26,Complete,Active
1390,9764849921,William Shah,1964-03-25,william.shah170@telecomuser.in,"444 Church St, MP",MP,Postpaid,2025-12-26,Complete,Active
1391,9138848924,Susan Brown,1957-09-08,susan.brown440@telecomuser.in,"252 Main St, West Bengal",West Bengal,Prepaid,2022-07-11,Complete,Active
1392,9034785365,Neha Garcia,1961-09-17,neha.garcia699@webmail.com,"833 Park Ave, Haryana",Haryana,Prepaid,2019-07-11,Expired,Active
1393,9113352689,Riya Iyer,1991-02-20,,"41 Park Ave, Odisha",Odisha,Prepaid,2023-08-28,Complete,Active
1394,9745363648,Krishna Banerjee,1964-03-20,,,Mumbai,Postpaid,2023-11-20,Complete,Active
1395,9788506080,Saanvi Singh,1989-01-19,saanvi.singh948@mail.com,,Bihar,Prepaid,2025-07-20,Pending,Suspended
1396,9441556937,Meera Agarwal,1986-09-02,meera.agarwal676@mail.com,"712 Main St, Maharashtra",Maharashtra,Prepaid,2026-07-09,Complete,Active
1397,9112558734,Kiran Reddy,1974-08-18,kiran.reddy999@webmail.com,"526 MG Road, Chennai",Chennai,Prepaid,2020-11-03,Complete,Suspended
1398,9514110424,Suresh Desai,2004-05-15,,"407 Station Rd, Andhra Pradesh",Andhra Pradesh,Prepaid,2023-02-23,Complete,Active
1399,9742455446,Krishna Kapoor,1958-03-15,krishna.kapoor68@mail.com,"232 Station Rd, Rajasthan",Rajasthan,Prepaid,2021-06-19,Complete,Suspended
1400,9227325705,Pooja Bansal,1976-05-29,pooja.bansal171@example.com,"146 Main St, Bihar",Bihar,Prepaid,,Expired,Suspended
1401,9170340840,,1981-01-28,,"774 MG Road, Kerala",Kerala,Prepaid,2022-10-06,Complete,Active
1402,9924303787,Jessica Garcia,1979-03-21,jessica.garcia152@example.com,"676 MG Road, Gujarat",Gujarat,Prepaid,2026-10-21,Expired,Active
1403,9719698684,Divya Joshi,1986-04-18,divya.joshi604@webmail.com,"317 MG Road, Rajasthan",,Prepaid,2025-11-13,Complete,Active
1404,9573109165,Anjali Mehta,1980-11-10,,"42 MG Road, Bihar",Bihar,Prepaid,2022-06-06,Complete,Active
1405,9801875959,Rohan Chopra,1962-03-29,rohan.chopra485@example.com,"832 Church St, Gujarat",Gujarat,Postpaid,2021-12-06,Pending,Active
1406,9148817241,Saanvi Miller,1996-05-16,saanvi.miller802@webmail.com,"99 MG Road, UP West",UP West,Postpaid,2026-09-07,Complete,Active
1407,9444059476,Kavya Davis,1966-06-02,kavya.davis55@telecomuser.in,"129 Church St, UP East",UP East,Prepaid,2024-10-22,Complete,Active
1408,9086302430,James Johnson,1959-10-04,james.johnson576@mail.com,"140 MG Road, MP",MP,Prepaid,2026-01-17,Complete,Suspended
1409,9046106102,Linda Johnson,1959-12-29,linda.johnson415@telecomuser.in,"840 MG Road, Kerala",Kerala,Prepaid,2026-08-22,Complete,Active
1410,9110172562,Riya Reddy,1999-03-24,riya.reddy401@telecomuser.in,"476 Church St, Tamil Nadu",Tamil Nadu,Prepaid,2020-05-07,Complete,Active
1411,9368609947,Ananya Chatterjee,2000-02-23,ananya.chatterjee526@webmail.com,,Andhra Pradesh,Postpaid,2020-07-27,Complete,Active
1412,9339634659,Divya Desai,1984-01-28,divya.desai599@telecomuser.in,"70 Main St, UP East",,Postpaid,2026-06-17,Complete,Suspended
1413,9479872818,Sanjay Singh,,sanjay.singh868@example.com,"782 Park Ave, Bihar",Bihar,Postpaid,2022-08-08,Complete,Active
1414,9165146274,Mary Chopra,1957-03-05,mary.chopra209@example.com,,Andhra Pradesh,Prepaid,2025-02-16,Pending,Active
1415,9697512853,Elizabeth Iyer,1994-05-17,elizabeth.iyer895@webmail.com,,Karnataka,Prepaid,2024-08-04,Complete,Active
1416,9329927089,Nisha Bhatt,1999-11-11,nisha.bhatt560@example.com,"597 Church St, Tamil Nadu",Tamil Nadu,Postpaid,2019-05-13,Complete,Active
1417,9371579682,Nisha Wilson,1958-03-04,nisha.wilson973@example.com,"952 Main St, Chennai",Chennai,Prepaid,2019-06-20,Complete,Active
1418,9234782907,Rekha Mukherjee,1956-08-15,rekha.mukherjee397@example.com,"441 Church St, Andhra Pradesh",Andhra Pradesh,Prepaid,2025-11-26,Expired,Active
1419,9140252787,Patricia Sharma,1977-06-03,patricia.sharma59@example.com,,Kerala,Prepaid,2021-09-27,Expired,Active
1420,9366092788,Manoj Bansal,2004-06-20,manoj.bansal540@mail.com,"715 Station Rd, Haryana",Haryana,Prepaid,2026-11-29,Expired,Active
1421,9098535177,Kavya Roy,1995-09-16,kavya.roy511@example.com,"285 Station Rd, Rajasthan",Rajasthan,Postpaid,2022-02-17,Complete,Active
1422,9034236560,Karen Verma,1985-03-01,karen.verma830@telecomuser.in,"776 Main St, Maharashtra",Maharashtra,Postpaid,2023-10-18,Complete,Suspended
1423,9785992954,Charles Brown,1989-03-17,charles.brown136@mail.com,"819 Park Ave, Rajasthan",Rajasthan,Prepaid,2022-10-14,Complete,Active
1424,9222670368,Manoj Dutta,,,,West Bengal,Postpaid,2019-08-28,Complete,Active
1425,9859427242,Barbara Wilson,1975-11-16,barbara.wilson189@example.com,"594 Park Ave, Bihar",,Postpaid,2021-11-27,Expired,Active
1426,9885021510,Nisha Banerjee,1992-04-26,,"147 Main St, Punjab",Punjab,Postpaid,2023-07-30,Pending,Active
1427,9920321512,William Johnson,1985-11-12,william.johnson851@webmail.com,"391 Main St, Andhra Pradesh",Andhra Pradesh,Postpaid,2025-05-04,Complete,Active
1428,9547850454,Linda Miller,1976-11-22,linda.miller237@telecomuser.in,"710 MG Road, Tamil Nadu",Tamil Nadu,Postpaid,2019-11-23,Complete,Active
1429,9966445815,Sanjay Davis,1978-05-08,sanjay.davis322@telecomuser.in,,UP West,Postpaid,2026-02-04,Pending,Active
1430,9141477418,Vivaan Mehta,1966-11-16,vivaan.mehta926@webmail.com,"412 Station Rd, Andhra Pradesh",Andhra Pradesh,Prepaid,2022-10-10,Complete,Active
1431,9907344482,Ishaan Joshi,2000-09-12,,"608 Park Ave, Kolkata",Kolkata,Prepaid,2020-12-24,Complete,Active
1432,9902358584,Rahul Joshi,1958-10-06,rahul.joshi441@mail.com,"901 Station Rd, Kolkata",Kolkata,Prepaid,2022-03-25,Complete,Active
1433,9829979612,Thomas Mehta,,thomas.mehta7@mail.com,"379 MG Road, Mumbai",Mumbai,Postpaid,2023-12-28,Complete,Active
1434,9217844289,Krishna Chatterjee,1974-12-15,krishna.chatterjee161@telecomuser.in,"465 Station Rd, Rajasthan",Rajasthan,Prepaid,2019-06-07,Complete,Suspended
1435,9738680601,Isha Chopra,1968-08-02,isha.chopra752@mail.com,"204 Main St, Andhra Pradesh",Andhra Pradesh,Postpaid,2019-01-14,Complete,Active
1436,9670666235,Susan Bansal,1981-03-17,susan.bansal816@webmail.com,"366 Station Rd, Chennai",Chennai,Prepaid,2022-03-22,Complete,Active
1437,9241963318,Barbara Smith,1976-01-26,,"912 Church St, Maharashtra",Maharashtra,Postpaid,2022-07-24,Complete,Active
1438,9420426042,Shreya Malhotra,1964-11-23,shreya.malhotra133@telecomuser.in,"974 Main St, Mumbai",Mumbai,Prepaid,2022-12-15,Complete,Active
1439,9653115828,Amit Ghosh,1977-04-24,amit.ghosh866@example.com,,Odisha,Prepaid,2020-10-04,Complete,Active
1440,9660783488,Arjun Singh,1992-04-07,,"620 MG Road, Assam",Assam,Prepaid,2025-10-16,Complete,Active
1441,9473409534,Sanjay Jones,1980-07-07,sanjay.jones392@mail.com,,MP,Postpaid,2020-03-19,Complete,Active
1442,9074413160,Aditi Smith,1962-07-11,aditi.smith536@webmail.com,"779 MG Road, Kolkata",Kolkata,Prepaid,2022-10-15,Complete,Active
1443,9658225449,Ravi Doe,1962-04-22,ravi.doe717@webmail.com,,Andhra Pradesh,Prepaid,2020-11-11,Complete,Suspended
1444,9184651840,Riya Shah,1988-05-04,riya.shah145@mail.com,"823 Station Rd, Maharashtra",Maharashtra,Prepaid,2024-04-17,Complete,Suspended
1445,9978158041,Aarav Bansal,1972-11-16,aarav.bansal339@webmail.com,,Chennai,Prepaid,2025-04-09,Pending,Active
1446,9012947379,Michael Chopra,,michael.chopra287@mail.com,"105 MG Road, Kolkata",Kolkata,Prepaid,2022-09-14,Complete,Active
1447,9697692022,Sunita Rao,1997-08-28,sunita.rao80@telecomuser.in,"141 Station Rd, Delhi",Delhi,Prepaid,2022-05-24,Complete,Active
1448,9533435588,John Shah,1994-03-24,john.shah712@webmail.com,"572 Church St, Tamil Nadu",Tamil Nadu,Prepaid,2024-03-24,Complete,Active
1449,9468913991,Priya Sharma,1984-06-19,,"515 Main St, Rajasthan",Rajasthan,Prepaid,2024-05-14,Complete,Suspended
1450,9720507464,Joseph Williams,1958-06-05,joseph.williams723@mail.com,"85 Church St, Andhra Pradesh",Andhra Pradesh,Prepaid,2026-12-20,Complete,Active
1451,9591608837,Swati Banerjee,1991-03-04,swati.banerjee67@example.com,"152 Park Ave, Odisha",Odisha,Prepaid,2021-03-24,Complete,Active
1452,9689351480,Sai Nair,1971-05-17,sai.nair326@mail.com,"786 MG Road, Mumbai",Mumbai,Prepaid,2019-11-29,Pending,Suspended
1453,9369877332,Nisha Pillai,1971-11-21,nisha.pillai182@mail.com,"715 Church St, Rajasthan",Rajasthan,Prepaid,2022-11-29,Complete,Active
1454,9861951594,James Agarwal,2000-03-12,james.agarwal93@telecomuser.in,"265 MG Road, Maharashtra",Maharashtra,Prepaid,2026-05-20,Complete,Active
1455,9435693139,Pooja Menon,1963-12-28,pooja.menon314@telecomuser.in,"191 Main St, Assam",Assam,Prepaid,2026-10-15,Complete,Active
1456,9823363987,Kiran Reddy,1979-03-02,kiran.reddy608@webmail.com,,Odisha,Prepaid,2026-10-28,Expired,Active
1457,9971399378,Ananya Dutta,,ananya.dutta309@mail.com,"242 MG Road, Kerala",Kerala,Postpaid,2025-03-24,Complete,Active
1458,9434669687,Reyansh Mukherjee,1966-12-24,reyansh.mukherjee920@telecomuser.in,"612 Church St, UP West",UP West,Prepaid,2025-07-30,Complete,Suspended
1459,9123505302,Aditya Malhotra,1963-05-01,aditya.malhotra436@mail.com,"397 Church St, Punjab",,Postpaid,2020-10-31,Complete,Active
1460,9183764811,James Dutta,,james.dutta433@webmail.com,"436 Park Ave, Punjab",Punjab,Prepaid,2024-01-19,Complete,Active
1461,9789114780,,1978-02-17,,"446 Main St, Bihar",Bihar,Prepaid,2024-02-29,Complete,Suspended
1462,9623285130,John Gupta,1987-01-19,john.gupta255@webmail.com,"97 MG Road, Assam",Assam,Prepaid,2022-01-30,Complete,Active
1463,9699985030,Richard Reddy,1962-01-24,richard.reddy433@telecomuser.in,"974 Park Ave, Kerala",Kerala,Postpaid,2023-11-11,Expired,Active
1464,9596576052,Neha Joshi,1959-02-07,neha.joshi695@mail.com,"417 MG Road, Mumbai",,Prepaid,2021-12-29,Complete,Active
1465,9602726764,Rekha Menon,1997-09-01,rekha.menon352@example.com,"843 Church St, West Bengal",West Bengal,Postpaid,2024-12-20,Complete,Active
1466,9208965329,Riya Pillai,1996-12-06,,"640 Park Ave, Kerala",Kerala,Prepaid,2022-03-08,Complete,Active
1467,9291680295,Ananya Das,1986-08-01,ananya.das923@webmail.com,"789 Park Ave, Haryana",Haryana,Prepaid,2026-02-06,Complete,Active
1468,9538448491,Shreya Menon,1970-06-15,shreya.menon393@example.com,"998 Church St, UP West",UP West,Prepaid,2020-07-21,Complete,Active
1469,9054061669,,1989-12-05,,"469 Park Ave, Kerala",Kerala,Prepaid,2026-12-29,Pending,Active
1470,9282426979,Krishna Garcia,1969-04-15,krishna.garcia8@example.com,"888 Station Rd, UP West",UP West,Postpaid,2023-09-05,Expired,Suspended
1471,9576974808,Richard Gupta,2000-11-22,richard.gupta439@webmail.com,"150 Park Ave, Tamil Nadu",Tamil Nadu,Prepaid,2020-11-23,Complete,Active
1472,9124236477,Amit Agarwal,1984-08-31,amit.agarwal582@telecomuser.in,"780 MG Road, Delhi",Delhi,Prepaid,2023-02-28,Complete,Active
1473,9375376181,Elizabeth Mukherjee,1975-06-13,,"152 Station Rd, Punjab",,Prepaid,2024-10-17,Complete,Active
1474,9131833841,Diya Doe,1956-04-11,diya.doe351@example.com,"230 MG Road, Maharashtra",Maharashtra,Postpaid,2026-04-16,Complete,Active
1475,9560787873,John Reddy,2000-07-10,,"867 Station Rd, Assam",Assam,Postpaid,2025-05-10,Complete,Active
1476,9719827192,Joseph Chopra,1960-09-17,joseph.chopra536@mail.com,"234 MG Road, Maharashtra",Maharashtra,Prepaid,2025-01-08,Pending,Active
1477,9704440552,,1965-01-02,,"604 Station Rd, Maharashtra",Maharashtra,Postpaid,2023-07-26,Complete,Active
1478,9155928225,Manoj Nair,1971-05-06,manoj.nair915@telecomuser.in,"508 MG Road, MP",MP,Postpaid,2020-01-23,Pending,Active
1479,9651772535,Saanvi Wilson,1968-11-13,saanvi.wilson785@mail.com,"873 MG Road, Kerala",Kerala,Prepaid,2024-04-24,Complete,Active
1480,9729483133,Manoj Bansal,1990-04-22,manoj.bansal781@example.com,"992 Church St, Delhi",Delhi,Postpaid,2022-01-28,Complete,Active
1481,9272337351,Kiran Roy,1964-08-01,,"965 Station Rd, MP",MP,Postpaid,,Complete,Active
1482,9942631623,Krishna Doe,1961-08-21,krishna.doe845@webmail.com,"604 Park Ave, Andhra Pradesh",Andhra Pradesh,Prepaid,2022-09-04,Complete,Active
1483,9252070773,Jessica Roy,1974-04-09,jessica.roy234@webmail.com,"204 Park Ave, Haryana",Haryana,Postpaid,,Complete,Active
1484,9340595040,Patricia Pillai,1999-02-21,patricia.pillai650@telecomuser.in,,Karnataka,Postpaid,2024-12-18,Complete,Active
1485,9854610684,Joseph Rao,1961-07-20,joseph.rao465@telecomuser.in,"911 Main St, UP West",UP West,Prepaid,2023-05-17,Complete,Active
1486,9422634675,Susan Miller,1968-04-20,susan.miller104@mail.com,,Chennai,Prepaid,2022-11-28,Expired,Active
1487,9322342923,Jessica Roy,1988-08-26,,"390 Main St, Maharashtra",Maharashtra,Prepaid,2023-04-08,Complete,Active
1488,9955512973,Sanjay Chopra,1963-02-23,sanjay.chopra490@telecomuser.in,"968 Church St, Tamil Nadu",,Prepaid,2020-02-14,Complete,Suspended
1489,9848390634,Neha Pillai,,neha.pillai579@mail.com,,Odisha,Postpaid,2019-09-08,Complete,Active
1490,9726841518,Ramesh Nair,1957-09-09,ramesh.nair414@telecomuser.in,"637 Park Ave, Rajasthan",,Prepaid,,Complete,Active
1491,9145771132,Arjun Nair,1996-08-31,arjun.nair138@webmail.com,"319 Church St, Mumbai",Mumbai,Postpaid,2026-05-12,Complete,Suspended
1492,9604851581,Joseph Reddy,1980-04-29,joseph.reddy256@example.com,"748 Park Ave, Kerala",Kerala,Postpaid,2024-10-30,Complete,Suspended
1493,9283317877,Mary Chopra,1956-04-14,mary.chopra856@example.com,"407 Park Ave, Kerala",,Prepaid,2021-02-08,Complete,Active
1494,9542651279,Jessica Joshi,1998-09-21,jessica.joshi680@webmail.com,,Haryana,Prepaid,2023-10-14,Complete,Suspended
1495,9124152834,Sai Johnson,2000-11-01,sai.johnson795@mail.com,,West Bengal,Postpaid,2024-12-13,Complete,Active
1496,9329531166,Thomas Rao,1993-01-15,thomas.rao51@telecomuser.in,"304 Church St, UP East",UP East,Postpaid,2024-03-31,Complete,Active
1497,9207627507,Pooja Mehta,1976-10-02,pooja.mehta662@mail.com,"199 MG Road, Kolkata",Kolkata,Prepaid,2022-02-05,Complete,Active
1498,9756212365,Charles Garcia,1994-04-27,charles.garcia555@example.com,"158 Main St, Bihar",Bihar,Postpaid,2022-01-19,Expired,Active
1499,9826417842,Sai Garcia,1987-07-12,sai.garcia857@webmail.com,"432 Main St, UP West",UP West,Postpaid,2022-02-03,Pending,Active
1500,9362307452,Neha Reddy,1998-10-08,neha.reddy622@webmail.com,"44 Station Rd, UP East",UP East,Postpaid,2020-02-08,Complete,Active
1501,9736943737,Nisha Brown,,nisha.brown686@webmail.com,"581 MG Road, Maharashtra",,Postpaid,2023-08-16,Complete,Active
1502,9828392404,Meera Mehta,2004-02-06,meera.mehta772@webmail.com,"865 Church St, Kerala",Kerala,Prepaid,2021-07-21,Complete,Active
1503,9904667284,Manoj Banerjee,1970-02-13,manoj.banerjee195@example.com,"718 Station Rd, Odisha",Odisha,Prepaid,2025-12-08,Complete,Active
1504,9058427539,Joseph Agarwal,1962-05-17,joseph.agarwal454@mail.com,"562 MG Road, Gujarat",Gujarat,Prepaid,2026-10-18,Expired,Active
1505,9262020684,Nisha Chopra,2001-07-10,nisha.chopra765@webmail.com,"823 Park Ave, West Bengal",West Bengal,Prepaid,2021-08-19,Complete,Active
1506,9918925197,Pooja Williams,1975-06-10,pooja.williams477@mail.com,"472 Station Rd, Delhi",Delhi,Prepaid,2020-12-02,Complete,Active
1507,9684703922,Vivaan Garcia,1966-12-18,vivaan.garcia678@mail.com,"714 Park Ave, Assam",Assam,Prepaid,2023-07-26,Complete,Active
1508,9630673196,Richard Mehta,1977-04-27,richard.mehta856@mail.com,"747 Main St, MP",MP,Prepaid,2026-11-11,Expired,Active
1509,9461303784,Anil Chopra,1962-04-26,anil.chopra537@example.com,"63 Station Rd, Chennai",Chennai,Prepaid,2024-12-07,Complete,Active
1510,9385301645,Reyansh Rao,2006-06-30,reyansh.rao724@webmail.com,"520 MG Road, Kerala",Kerala,Prepaid,2025-01-10,Pending,Active
1511,9199165101,Sunita Menon,2004-02-29,sunita.menon967@webmail.com,,Assam,Prepaid,2024-07-03,Complete,Active
1512,9399897805,Rahul Brown,2002-09-21,rahul.brown290@mail.com,"782 MG Road, Bihar",Bihar,Prepaid,2023-03-25,Complete,Active
1513,9156397765,Sai Bansal,2006-04-02,sai.bansal757@telecomuser.in,,,Prepaid,2025-01-11,Complete,Active
1514,9875136909,William Pillai,,william.pillai585@mail.com,"47 Church St, Mumbai",Mumbai,Postpaid,2019-01-20,Pending,Active
1515,9931329415,Meera Sen,1982-10-15,meera.sen420@telecomuser.in,"844 Church St, UP West",UP West,Postpaid,2024-06-22,Complete,Active
1516,9607160117,Shreya Pillai,1978-01-04,shreya.pillai292@webmail.com,"877 Station Rd, Punjab",Punjab,Postpaid,2021-04-07,Expired,Active
1517,9419412817,Kavya Sen,1994-04-21,kavya.sen612@webmail.com,"786 MG Road, Odisha",Odisha,Postpaid,,Complete,Active
1518,9821490395,John Chopra,1994-05-16,,"617 Station Rd, Gujarat",Gujarat,Prepaid,2022-07-24,Complete,Active
1519,9456193112,Nisha Kumar,2005-11-11,nisha.kumar781@mail.com,"559 Main St, Kolkata",,Postpaid,2025-05-29,Complete,Active
1520,9647663949,Shreya Banerjee,1980-09-25,shreya.banerjee987@mail.com,"904 MG Road, Rajasthan",Rajasthan,Prepaid,2020-08-12,Complete,Active
1521,9889162484,Vijay Dutta,1984-03-31,vijay.dutta741@mail.com,"223 MG Road, Gujarat",Gujarat,Postpaid,2025-12-09,Complete,Active
1522,9873334549,Barbara Wilson,1972-11-21,barbara.wilson676@mail.com,"443 MG Road, Odisha",Odisha,Prepaid,2025-05-13,Complete,Active
1523,9751471448,Karen Smith,2002-08-08,karen.smith693@example.com,,Karnataka,Prepaid,2019-08-05,Complete,Active
1524,9937930639,Amit Joshi,1964-02-08,amit.joshi923@mail.com,"426 Main St, Kerala",Kerala,Prepaid,2025-03-12,Complete,Active
1525,9282199008,Pooja Mehta,1987-07-06,pooja.mehta459@mail.com,"970 Station Rd, MP",MP,Prepaid,2023-02-24,Complete,Active
1526,9331976937,Sai Chatterjee,1999-05-21,,"174 Park Ave, UP West",UP West,Prepaid,2024-11-01,Pending,Active
1527,9316729329,David Patel,1957-10-25,david.patel753@example.com,"390 MG Road, Punjab",Punjab,Prepaid,,Complete,Active
1528,9388743975,Neha Patel,1962-08-10,neha.patel883@telecomuser.in,"24 MG Road, Tamil Nadu",Tamil Nadu,Prepaid,2023-03-10,Complete,Active
1529,9200773905,Ravi Menon,1964-06-29,ravi.menon722@example.com,,Karnataka,Postpaid,2023-11-09,Complete,Active
1530,9003541961,James Davis,1960-06-30,james.davis82@example.com,"270 MG Road, Maharashtra",Maharashtra,Prepaid,2020-05-22,Complete,Active
1531,9139165652,Jennifer Chatterjee,2002-08-07,,"289 MG Road, Rajasthan",Rajasthan,Prepaid,2019-09-05,Complete,Active
1532,9077070593,James Singh,1983-08-17,james.singh380@webmail.com,"321 Station Rd, MP",MP,Prepaid,2019-06-24,Complete,Active
1533,9837948417,Vivaan Iyer,1989-03-22,vivaan.iyer410@mail.com,"811 MG Road, UP West",UP West,Postpaid,2019-03-09,Complete,Active
1534,9303395247,Elizabeth Mehta,1960-05-12,elizabeth.mehta69@example.com,"623 Park Ave, MP",MP,Prepaid,2021-06-05,Complete,Active
1535,9316641127,Barbara Iyer,1997-06-25,,"253 MG Road, UP West",UP West,Postpaid,2022-07-04,Complete,Suspended
1536,9423769975,William Davis,1977-05-07,william.davis912@webmail.com,,Odisha,Prepaid,2022-08-10,Complete,Active
1537,9689247721,Vihaan Doe,1955-04-11,vihaan.doe576@webmail.com,,Rajasthan,Prepaid,2025-01-05,Complete,Active
1538,9196208552,Robert Sharma,1973-04-28,robert.sharma30@example.com,"81 Park Ave, UP West",UP West,Postpaid,2026-01-07,Complete,Active
1539,9439416253,,,,"323 Church St, Andhra Pradesh",Andhra Pradesh,Prepaid,2023-06-09,Complete,Active
1540,9763705774,Ishaan Rao,1969-08-28,ishaan.rao95@mail.com,"347 Main St, West Bengal",West Bengal,Postpaid,2025-02-10,Complete,Active
1541,9765021782,James Jones,,james.jones491@mail.com,,Gujarat,Postpaid,2020-07-17,Complete,Active
1542,9760746650,Aditi Kapoor,1955-08-23,aditi.kapoor596@example.com,"921 MG Road, Odisha",Odisha,Prepaid,,Complete,Active
1543,9233872183,Manoj Verma,2000-11-30,manoj.verma190@mail.com,,UP East,Postpaid,2021-03-30,Complete,Active
1544,9262534628,Aditi Johnson,,,"212 Church St, Haryana",Haryana,Prepaid,2023-05-20,Complete,Active
1545,9452982688,Elizabeth Sharma,1955-01-01,elizabeth.sharma747@webmail.com,"100 Main St, Kerala",Kerala,Prepaid,2023-03-08,Complete,Active
1546,9078329882,Joseph Verma,1997-10-01,joseph.verma89@example.com,"891 Station Rd, Bihar",Bihar,Prepaid,,Complete,Active
1547,9623304410,David Singh,1980-03-12,david.singh208@webmail.com,"688 Park Ave, Mumbai",Mumbai,Prepaid,2019-01-08,Expired,Active
1548,9585777720,Jennifer Doe,1988-06-27,jennifer.doe744@telecomuser.in,"329 Park Ave, Andhra Pradesh",Andhra Pradesh,Prepaid,2022-11-24,Complete,Active
1549,9686490219,Manoj Williams,1969-09-27,manoj.williams519@telecomuser.in,"614 Park Ave, Andhra Pradesh",Andhra Pradesh,Postpaid,2025-06-07,Complete,Active
1550,9260415010,David Mehta,1985-01-16,david.mehta750@telecomuser.in,"562 Church St, West Bengal",West Bengal,Postpaid,2022-12-09,Complete,Active
1551,9926167789,Sneha Rao,1982-07-03,sneha.rao311@webmail.com,"654 Main St, Assam",Assam,Prepaid,,Complete,Active
1552,9860419605,Ramesh Malhotra,1997-12-03,ramesh.malhotra696@example.com,"512 Park Ave, Delhi",Delhi,Prepaid,2023-04-21,Complete,Active
1553,9458969397,Meera Williams,1977-01-05,meera.williams466@example.com,"248 Station Rd, Haryana",Haryana,Prepaid,2026-11-23,Complete,Active
1554,9401879454,Vijay Williams,1959-05-16,vijay.williams715@example.com,"924 Church St, Kerala",Kerala,Prepaid,2022-09-19,Complete,Active
1555,9904237613,Isha Menon,1999-04-06,isha.menon828@webmail.com,"104 MG Road, Tamil Nadu",Tamil Nadu,Postpaid,2025-04-24,Complete,Active
1556,9747835404,Arjun Singh,1987-02-01,arjun.singh929@mail.com,"124 Main St, Andhra Pradesh",Andhra Pradesh,Prepaid,2024-01-02,Complete,Active
1557,9549651023,Anil Sharma,2000-10-09,anil.sharma538@example.com,"544 Main St, Kolkata",Kolkata,Postpaid,2021-09-25,Complete,Active
1558,9144036581,Kiran Rao,1961-02-06,kiran.rao580@example.com,"860 Park Ave, UP West",UP West,Postpaid,2023-11-04,Complete,Active
1559,9317348294,Kiran Ghosh,1969-02-09,kiran.ghosh510@telecomuser.in,"615 Main St, UP West",UP West,Prepaid,2020-08-19,Complete,Active
1560,9226938698,Sneha Mukherjee,2005-04-04,sneha.mukherjee481@mail.com,"999 Park Ave, MP",MP,Prepaid,2026-01-20,Complete,Active
1561,9253995338,Sanjay Shah,1993-01-09,sanjay.shah787@mail.com,"822 Park Ave, Andhra Pradesh",Andhra Pradesh,Postpaid,2025-03-14,Complete,Active
1562,9517862781,Sneha Banerjee,1998-06-14,sneha.banerjee551@webmail.com,"621 Main St, Rajasthan",Rajasthan,Postpaid,2023-05-30,Complete,Active
1563,9994952510,Sneha Garcia,1994-03-22,sneha.garcia144@example.com,"779 Main St, West Bengal",,Prepaid,2025-01-01,Complete,Active
1564,9962850362,Isha Kapoor,2006-03-11,isha.kapoor861@telecomuser.in,"567 Station Rd, Mumbai",Mumbai,Prepaid,2023-04-19,Complete,Active
1565,9907924082,Ananya Joshi,1980-01-27,ananya.joshi688@mail.com,"882 Station Rd, Kolkata",Kolkata,Prepaid,2019-12-02,Complete,Active
1566,9188707264,Amit Pillai,,amit.pillai859@webmail.com,"382 MG Road, Maharashtra",Maharashtra,Prepaid,2023-03-27,Complete,Active
1567,9232783896,Michael Singh,1956-12-17,michael.singh369@telecomuser.in,"447 Church St, MP",MP,Prepaid,2021-07-25,Complete,Suspended
1568,9212555103,Isha Patel,1969-03-30,,"257 Main St, Delhi",Delhi,Prepaid,2020-08-03,Complete,Active
1569,9923520067,Joseph Joshi,1997-03-10,joseph.joshi242@mail.com,,Maharashtra,Prepaid,2022-01-07,Complete,Active
1570,9147719208,Kiran Verma,1960-02-06,kiran.verma50@mail.com,"248 Station Rd, Andhra Pradesh",Andhra Pradesh,Prepaid,2021-10-03,Complete,Active
1571,9716091254,Anjali Williams,2002-02-07,anjali.williams806@telecomuser.in,"770 Park Ave, UP East",UP East,Prepaid,2024-08-08,Complete,Active
1572,9098193204,Aditi Sen,1968-03-15,aditi.sen665@mail.com,"251 MG Road, UP East",,Prepaid,2024-06-16,Complete,Active
1573,9321921613,Sarah Mukherjee,1993-11-18,,"565 Church St, Odisha",,Postpaid,2019-10-05,Complete,Active
1574,9919172025,,1996-04-17,,"53 Station Rd, West Bengal",West Bengal,Postpaid,2023-11-11,Complete,Active
1575,9775099364,Neha Rao,1972-08-12,,"226 Main St, UP East",,Prepaid,2023-09-10,Complete,Active
1576,9815290082,Arjun Kapoor,1969-11-09,arjun.kapoor117@webmail.com,,Bihar,Prepaid,2023-03-05,Complete,Suspended
1577,9258836568,James Shah,1977-01-02,james.shah445@example.com,"963 Station Rd, Haryana",Haryana,Postpaid,2019-07-30,Expired,Active
1578,9811278299,Kiran Banerjee,1990-11-15,kiran.banerjee307@telecomuser.in,,Kerala,Postpaid,2022-07-09,Pending,Active
1579,9444933349,Anil Davis,1993-08-02,anil.davis250@telecomuser.in,"345 MG Road, Kerala",Kerala,Prepaid,2020-02-17,Complete,Active
1580,9054098690,Ishaan Agarwal,1987-11-27,ishaan.agarwal683@telecomuser.in,"170 Park Ave, Delhi",Delhi,Prepaid,2019-06-11,Complete,Active
1581,9113915658,Arjun Dutta,1978-04-29,arjun.dutta509@example.com,"33 Church St, Punjab",Punjab,Prepaid,2024-01-28,Complete,Active
1582,9274829332,Rohan Gupta,,rohan.gupta152@example.com,,Bihar,Postpaid,2022-09-24,Complete,Active
1583,9741695592,Aditya Banerjee,1972-03-06,aditya.banerjee33@example.com,"399 MG Road, Rajasthan",Rajasthan,Prepaid,2026-12-14,Pending,Active
1584,9877697818,Meera Ghosh,1985-01-05,meera.ghosh246@mail.com,"981 Park Ave, MP",MP,Postpaid,2019-02-07,Complete,Active
1585,9830485236,Kiran Shah,2002-06-08,kiran.shah446@mail.com,"466 Station Rd, Delhi",Delhi,Prepaid,2019-07-02,Complete,Active
1586,9590844859,Isha Roy,1958-06-22,isha.roy405@telecomuser.in,"235 Main St, Odisha",Odisha,Postpaid,2019-01-10,Complete,Suspended
1587,9828545976,Rekha Kumar,1974-02-23,rekha.kumar799@telecomuser.in,,Gujarat,Prepaid,2020-12-26,Complete,Active
1588,9606901726,Sanjay Mehta,1973-04-23,sanjay.mehta100@telecomuser.in,"317 Station Rd, Punjab",Punjab,Prepaid,2020-09-29,Pending,Active
1589,9027799141,Charles Williams,1965-12-14,charles.williams805@telecomuser.in,,Karnataka,Prepaid,2021-10-22,Complete,Suspended
1590,9697913561,Thomas Chatterjee,,thomas.chatterjee107@webmail.com,"218 MG Road, UP East",UP East,Prepaid,2026-10-27,Complete,Suspended
1591,9269473610,Aarav Miller,1988-06-03,aarav.miller768@webmail.com,"883 Church St, Haryana",Haryana,Postpaid,2025-04-18,Complete,Active
1592,9455718762,Deepak Agarwal,,deepak.agarwal681@telecomuser.in,"713 Park Ave, Andhra Pradesh",Andhra Pradesh,Postpaid,2023-08-15,Expired,Suspended
1593,9347402101,Rekha Reddy,1963-07-16,rekha.reddy326@telecomuser.in,"591 MG Road, Kerala",Kerala,Prepaid,,Complete,Active
1594,9790798596,Anil Gupta,1992-09-11,,"141 Main St, Delhi",Delhi,Postpaid,,Pending,Active
1595,9841198231,Robert Reddy,1956-07-05,robert.reddy174@mail.com,"245 Church St, Odisha",,Prepaid,2021-02-07,Complete,Active
1596,9463821945,Sunita Nair,1977-11-16,sunita.nair2@webmail.com,"605 MG Road, UP East",UP East,Postpaid,2026-03-09,Complete,Suspended
1597,9272200392,Aarav Malhotra,1956-03-26,aarav.malhotra212@telecomuser.in,"742 Main St, Andhra Pradesh",Andhra Pradesh,Prepaid,2026-05-25,Complete,Active
1598,9681316924,Vihaan Desai,,vihaan.desai801@example.com,"767 Church St, Delhi",Delhi,Prepaid,2022-03-22,Complete,Active
1599,9407553646,Pooja Mukherjee,1998-02-04,pooja.mukherjee18@mail.com,"394 MG Road, MP",MP,Prepaid,2020-08-15,Complete,Active
1600,9562677058,Riya Desai,2004-11-16,riya.desai643@mail.com,"4 MG Road, Odisha",Odisha,Prepaid,2025-03-18,Complete,Active
1601,9417746214,Rekha Miller,1963-08-15,rekha.miller912@mail.com,"879 Park Ave, Delhi",Delhi,Postpaid,2024-07-12,Complete,Suspended
1602,9005140457,Anjali Roy,1974-10-20,anjali.roy380@mail.com,,,Prepaid,2022-02-22,Complete,Suspended
1603,9809602579,Pooja Shah,1955-07-28,pooja.shah837@webmail.com,"909 Park Ave, UP West",UP West,Prepaid,2025-06-15,Complete,Active
1604,9334600602,Ananya Kapoor,1971-02-04,ananya.kapoor203@mail.com,,Bihar,Prepaid,2019-05-09,Complete,Suspended
1605,9268261094,,2002-10-27,,"112 Main St, UP West",UP West,Prepaid,2020-03-20,Complete,Active
1606,9177859595,Manoj Mehta,2002-10-21,manoj.mehta977@mail.com,"626 Church St, Kerala",Kerala,Prepaid,2019-03-24,Complete,Active
1607,9740571075,Anjali Doe,1967-02-17,,"819 MG Road, Gujarat",Gujarat,Prepaid,2025-02-04,Pending,Active
1608,9535231148,Patricia Kapoor,1963-01-07,patricia.kapoor74@webmail.com,"83 Park Ave, Assam",Assam,Postpaid,2022-10-15,Complete,Active
1609,9776870176,Robert Chopra,1963-10-25,robert.chopra59@telecomuser.in,"27 MG Road, Chennai",Chennai,Prepaid,2024-08-26,Complete,Active
1610,9208654490,Thomas Agarwal,1958-10-23,thomas.agarwal42@webmail.com,"27 Main St, Bihar",Bihar,Prepaid,2021-10-03,Complete,Active
1611,9072131475,Ramesh Kumar,1970-04-10,ramesh.kumar748@webmail.com,,Delhi,Prepaid,2023-08-08,Complete,Active
1612,9439779851,Patricia Kumar,1990-02-20,patricia.kumar912@example.com,"757 Main St, Odisha",Odisha,Postpaid,2026-03-21,Complete,Suspended
1613,9495375021,Robert Das,1981-06-24,robert.das418@telecomuser.in,"249 Church St, Mumbai",Mumbai,Prepaid,2024-12-04,Complete,Active
1614,9924039619,Riya Gupta,1975-07-21,riya.gupta349@telecomuser.in,"301 MG Road, Kerala",Kerala,Postpaid,,Complete,Active
1615,9422585977,Anjali Johnson,1979-09-17,anjali.johnson477@mail.com,"690 Park Ave, Delhi",,Postpaid,2022-04-08,Complete,Suspended
1616,9273823732,Reyansh Patel,1995-10-19,reyansh.patel558@example.com,,Maharashtra,Prepaid,2024-07-10,Complete,Active
1617,9328879965,Rahul Mukherjee,1999-12-02,rahul.mukherjee11@example.com,"841 Main St, Maharashtra",Maharashtra,Prepaid,2023-08-27,Complete,Active
1618,9592347229,Richard Ghosh,1974-03-04,richard.ghosh138@telecomuser.in,"319 Station Rd, Karnataka",Karnataka,Prepaid,2025-06-13,Complete,Active
1619,9234857417,Rekha Garcia,1961-08-05,rekha.garcia344@telecomuser.in,"95 Park Ave, Karnataka",Karnataka,Postpaid,2022-04-19,Complete,Active
1620,9903072949,Divya Reddy,1966-07-22,divya.reddy962@example.com,,Maharashtra,Prepaid,2023-01-19,Complete,Suspended
1621,9080143701,Jessica Menon,1993-07-23,jessica.menon447@mail.com,"642 Church St, MP",MP,Prepaid,2025-12-19,Complete,Active
1622,9270280541,Pooja Jones,2002-06-04,pooja.jones218@example.com,"630 Main St, West Bengal",West Bengal,Prepaid,2026-10-13,Complete,Active
1623,9595025974,Patricia Mehta,2006-05-22,patricia.mehta786@webmail.com,"891 Park Ave, UP East",UP East,Prepaid,2026-07-31,Complete,Suspended
1624,9482533923,Vivaan Johnson,2006-02-02,vivaan.johnson977@mail.com,"111 MG Road, Maharashtra",Maharashtra,Postpaid,2020-08-01,Complete,Active
1625,9590605164,Jessica Verma,1970-08-08,jessica.verma576@telecomuser.in,"533 Station Rd, Gujarat",Gujarat,Prepaid,2023-01-21,Complete,Suspended
1626,9565082034,Rohan Miller,1985-08-16,,"416 Station Rd, Andhra Pradesh",Andhra Pradesh,Prepaid,2026-05-31,Complete,Active
1627,9334080446,Rohan Chopra,1983-02-22,rohan.chopra258@example.com,"409 Station Rd, Rajasthan",Rajasthan,Prepaid,2024-09-15,Complete,Suspended
1628,9881706569,Vihaan Nair,1989-09-26,vihaan.nair84@example.com,"343 Main St, Chennai",,Prepaid,2025-11-12,Complete,Active
1629,9607041615,Sanjay Rao,,sanjay.rao277@telecomuser.in,,MP,Prepaid,2019-08-27,Complete,Active
1630,9148653508,Jennifer Doe,1959-04-12,jennifer.doe788@example.com,"407 Station Rd, Mumbai",Mumbai,Prepaid,2021-03-23,Complete,Active
1631,9993713915,Aarav Malhotra,1969-09-26,aarav.malhotra618@example.com,"116 MG Road, UP East",UP East,Prepaid,2026-07-05,Complete,Active
1632,9593148535,Ananya Davis,1967-08-21,ananya.davis523@telecomuser.in,,Tamil Nadu,Prepaid,2024-01-25,Complete,Active
1633,9141147611,,1963-04-12,,"550 MG Road, Kolkata",Kolkata,Prepaid,2023-09-16,Complete,Active
1634,9747624885,Elizabeth Johnson,1983-07-27,elizabeth.johnson235@telecomuser.in,"983 Main St, Bihar",Bihar,Postpaid,2026-02-20,Complete,Active
1635,9947492471,Ramesh Sharma,1967-11-20,,"230 Park Ave, Kerala",Kerala,Prepaid,2026-08-12,Pending,Active
1636,9754125757,Nisha Iyer,1990-09-13,nisha.iyer571@example.com,"241 Church St, Rajasthan",Rajasthan,Prepaid,2019-03-08,Expired,Active
1637,9987962847,Meera Johnson,1966-08-30,meera.johnson867@telecomuser.in,"567 Main St, Odisha",Odisha,Prepaid,2025-02-13,Complete,Suspended
1638,9706092544,David Joshi,,david.joshi390@telecomuser.in,"66 Church St, Chennai",Chennai,Prepaid,2020-09-06,Complete,Active
1639,9448815190,Rahul Brown,,rahul.brown378@mail.com,,Rajasthan,Prepaid,2023-05-18,Complete,Active
1640,9650125733,Karen Brown,1990-05-09,karen.brown847@telecomuser.in,"191 MG Road, Punjab",Punjab,Prepaid,2025-06-17,Complete,Active
1641,9829595142,Sarah Pillai,1985-04-24,sarah.pillai183@webmail.com,"399 MG Road, Haryana",Haryana,Prepaid,2021-06-26,Pending,Active
1642,9573295533,Sneha Brown,1989-08-27,sneha.brown17@telecomuser.in,"792 Park Ave, MP",MP,Prepaid,2026-01-16,Complete,Suspended
1643,9880895118,Kavya Shah,1962-09-19,kavya.shah404@mail.com,"301 Church St, Haryana",Haryana,Postpaid,2021-06-06,Complete,Active
1644,9884852480,Neha Rao,1964-10-15,neha.rao37@example.com,"468 Church St, Kerala",Kerala,Postpaid,2025-08-20,Complete,Active
1645,9687032557,Susan Iyer,2005-01-03,susan.iyer427@webmail.com,,Haryana,Prepaid,2024-01-17,Complete,Active
1646,9817598267,Ramesh Pillai,1980-11-03,ramesh.pillai312@mail.com,"991 Main St, Tamil Nadu",Tamil Nadu,Prepaid,2020-07-11,Pending,Active
1647,9013658026,Jennifer Nair,1983-06-22,,,Haryana,Prepaid,2023-10-10,Complete,Active
1648,9138535944,Karen Kapoor,1994-07-27,karen.kapoor659@telecomuser.in,"133 Park Ave, Mumbai",Mumbai,Postpaid,2023-02-19,Complete,Suspended
1649,9028781181,Susan Sharma,1963-04-23,,"533 MG Road, Karnataka",Karnataka,Prepaid,2025-03-14,Complete,Active
1650,9145047843,Ramesh Jones,1998-05-29,ramesh.jones884@mail.com,"334 MG Road, Delhi",Delhi,Prepaid,2026-07-06,Complete,Active
1651,9621087961,Aditi Chopra,1974-06-29,aditi.chopra980@mail.com,"334 MG Road, Mumbai",Mumbai,Prepaid,2025-11-23,Complete,Active
1652,9114380351,Rahul Banerjee,1976-12-08,rahul.banerjee328@mail.com,"274 Church St, Punjab",Punjab,Postpaid,2024-07-12,Complete,Active
1653,9295228767,Manoj Garcia,1994-05-14,,"72 MG Road, Bihar",Bihar,Prepaid,2024-04-03,Complete,Suspended
1654,9727819951,,1963-11-04,,"562 MG Road, Delhi",Delhi,Postpaid,2025-03-20,Complete,Active
1655,9645846678,Suresh Joshi,2002-12-30,suresh.joshi818@example.com,"207 Main St, Delhi",Delhi,Prepaid,2026-03-28,Complete,Active
1656,9734389859,Charles Rao,1970-01-09,charles.rao680@telecomuser.in,,Punjab,Prepaid,2024-09-25,Complete,Active
1657,9104425091,Rohan Rao,1969-02-13,rohan.rao420@webmail.com,"55 Main St, Andhra Pradesh",Andhra Pradesh,Postpaid,2020-04-06,Complete,Active
1658,9906013754,Karen Wilson,1974-03-17,,"390 Park Ave, UP West",UP West,Prepaid,2026-04-18,Pending,Active
1659,9717212766,Amit Sharma,1984-04-21,amit.sharma611@mail.com,"18 Station Rd, Andhra Pradesh",Andhra Pradesh,Postpaid,2022-12-04,Complete,Active
1660,9076826516,Vivaan Reddy,1995-09-15,vivaan.reddy196@telecomuser.in,"563 Park Ave, West Bengal",West Bengal,Prepaid,2020-06-17,Complete,Active
1661,9987099431,Sneha Shah,,sneha.shah454@example.com,"442 Church St, Karnataka",Karnataka,Prepaid,2020-06-02,Complete,Active
1662,9913918607,Aditya Bhatt,,,"980 Church St, UP East",UP East,Postpaid,2023-09-30,Pending,Active
1663,9046934124,Linda Desai,1955-03-31,linda.desai788@example.com,,Odisha,Prepaid,2023-08-17,Complete,Active
1664,9370155586,Rohan Davis,,rohan.davis722@telecomuser.in,,Karnataka,Prepaid,2021-10-06,Complete,Active
1665,9398299414,Priya Verma,,priya.verma545@telecomuser.in,"458 Church St, West Bengal",West Bengal,Prepaid,2021-04-17,Complete,Active
1666,9168248942,Anil Sen,1962-01-30,anil.sen538@example.com,"717 Church St, Andhra Pradesh",,Prepaid,2023-08-27,Complete,Active
1667,9357705612,,1976-03-02,,"841 Station Rd, Karnataka",Karnataka,Postpaid,2022-01-09,Complete,Active
1668,9673126056,Sneha Das,2002-06-23,sneha.das664@mail.com,,Bihar,Postpaid,2023-04-15,Complete,Active
1669,9199149452,Thomas Pillai,1973-12-03,thomas.pillai597@telecomuser.in,"626 Church St, Tamil Nadu",Tamil Nadu,Prepaid,2021-12-17,Complete,Active
1670,9960458510,Ananya Verma,1978-04-13,,"967 Main St, Assam",Assam,Postpaid,2025-05-30,Complete,Active
1671,9959804085,Riya Johnson,,riya.johnson994@example.com,"916 Park Ave, UP East",UP East,Prepaid,2024-01-23,Expired,Suspended
1672,9572993950,,1992-07-27,,"849 MG Road, Karnataka",Karnataka,Prepaid,2025-09-05,Complete,Active
1673,9695482165,Ravi Das,1997-10-21,ravi.das274@example.com,,West Bengal,Prepaid,2019-12-29,Complete,Active
1674,9308612865,Vijay Chatterjee,1996-04-16,vijay.chatterjee187@webmail.com,"907 Station Rd, Delhi",Delhi,Postpaid,2025-11-02,Complete,Active
1675,9794251413,Ananya Chatterjee,1976-10-24,ananya.chatterjee282@webmail.com,"1 Station Rd, Andhra Pradesh",Andhra Pradesh,Postpaid,2021-12-25,Complete,Active
1676,9568124974,Deepak Verma,1960-09-08,,,Tamil Nadu,Postpaid,2023-01-05,Complete,Suspended
1677,9618242440,Kavya Gupta,1983-10-26,kavya.gupta411@example.com,"932 MG Road, Mumbai",Mumbai,Postpaid,2024-07-22,Complete,Active
1678,9030120540,Pooja Singh,1966-05-17,pooja.singh560@example.com,"888 Church St, Mumbai",Mumbai,Prepaid,2019-11-23,Complete,Active
1679,9812313324,Sunita Bhatt,1990-07-06,sunita.bhatt320@webmail.com,"581 Park Ave, UP East",UP East,Postpaid,2025-08-06,Complete,Active
1680,9616760643,Vijay Gupta,1961-04-25,vijay.gupta700@webmail.com,"853 Station Rd, Gujarat",Gujarat,Postpaid,2021-04-28,Complete,Active
1681,9961535300,Nisha Bansal,1981-10-19,nisha.bansal184@telecomuser.in,,UP East,Postpaid,2025-03-30,Complete,Active
1682,9434189384,Shreya Verma,1982-09-05,shreya.verma197@mail.com,"30 Church St, Chennai",Chennai,Postpaid,2023-07-15,Pending,Active
1683,9814703362,Robert Sen,1971-10-03,robert.sen302@mail.com,"439 Church St, Bihar",Bihar,Prepaid,2022-07-18,Complete,Active
1684,9117039595,Vijay Kumar,,vijay.kumar111@example.com,"406 Church St, Odisha",Odisha,Postpaid,2019-11-21,Complete,Active
1685,9947084942,Patricia Sen,,patricia.sen55@mail.com,"235 Church St, Rajasthan",Rajasthan,Prepaid,2023-04-30,Pending,Active
1686,9438199116,Isha Johnson,1977-09-19,isha.johnson49@telecomuser.in,,UP West,Prepaid,2024-03-28,Complete,Active
1687,9181917476,Sneha Wilson,1962-08-12,sneha.wilson783@webmail.com,"661 MG Road, Punjab",Punjab,Prepaid,2025-03-23,Complete,Active
1688,9883058079,Meera Menon,1972-06-08,,"333 Station Rd, Gujarat",Gujarat,Prepaid,2021-07-28,Complete,Active
1689,9309761084,Kiran Singh,1985-12-25,kiran.singh261@telecomuser.in,"268 Park Ave, West Bengal",West Bengal,Postpaid,2024-12-31,Pending,Active
1690,9464716697,Michael Garcia,2003-02-22,michael.garcia896@telecomuser.in,"824 Station Rd, UP East",UP East,Prepaid,2024-10-08,Complete,Suspended
1691,9753947818,Meera Mukherjee,1963-01-13,meera.mukherjee728@webmail.com,"136 MG Road, Rajasthan",Rajasthan,Prepaid,2020-10-28,Complete,Active
1692,9711650918,Diya Brown,1959-06-06,diya.brown172@mail.com,,Delhi,Prepaid,2019-01-09,Complete,Active
1693,9341956658,Vijay Nair,,,"393 Main St, West Bengal",West Bengal,Postpaid,2025-03-15,Complete,Active
1694,9295772775,Rahul Bansal,1983-05-21,rahul.bansal36@example.com,,Mumbai,Postpaid,2019-01-15,Complete,Active
1695,9995400649,Deepak Shah,1956-03-03,deepak.shah939@webmail.com,"726 Main St, Karnataka",Karnataka,Postpaid,2022-03-01,Complete,Active
1696,9338926063,Priya Sen,1973-02-24,priya.sen387@mail.com,"579 Station Rd, Kolkata",Kolkata,Prepaid,2019-03-05,Complete,Active
1697,9556156670,Patricia Davis,1987-07-27,patricia.davis584@example.com,"24 Station Rd, UP East",UP East,Prepaid,2023-11-03,Pending,Active
1698,9386581095,,2006-04-14,,,Karnataka,Prepaid,2020-04-27,Complete,Active
1699,9761267068,Neha Patel,1991-02-20,neha.patel273@webmail.com,"618 Church St, Andhra Pradesh",Andhra Pradesh,Prepaid,2026-12-06,Pending,Suspended
1700,9272183248,Charles Johnson,2006-11-08,charles.johnson509@telecomuser.in,"19 Main St, Kolkata",Kolkata,Prepaid,2022-11-02,Complete,Suspended
1701,9421841153,Mary Shah,,,"188 MG Road, Odisha",Odisha,Postpaid,2020-07-12,Expired,Active
1702,9959700796,Vihaan Patel,1988-05-10,vihaan.patel865@mail.com,"836 Main St, Tamil Nadu",Tamil Nadu,Prepaid,2019-06-28,Complete,Active
1703,9870510043,,1978-01-02,,"899 Station Rd, Karnataka",Karnataka,Prepaid,2026-11-03,Complete,Active
1704,9154558412,Charles Nair,1962-11-26,charles.nair486@mail.com,"831 Station Rd, Punjab",Punjab,Postpaid,2019-10-17,Complete,Active
1705,9176460828,Ramesh Roy,1976-09-15,ramesh.roy431@mail.com,"883 Park Ave, UP East",UP East,Prepaid,2024-01-09,Complete,Active
1706,9998955932,Patricia Bansal,1967-05-16,patricia.bansal343@telecomuser.in,,Bihar,Postpaid,2024-01-14,Complete,Active
1707,9332185537,Sneha Bansal,1964-02-16,sneha.bansal974@example.com,,Tamil Nadu,Prepaid,2025-09-27,Expired,Active
1708,9329607107,Isha Pillai,1979-01-18,isha.pillai699@example.com,"915 Main St, Mumbai",Mumbai,Prepaid,2025-05-06,Complete,Suspended
1709,9087603389,Suresh Davis,1985-06-26,,"103 Church St, MP",MP,Postpaid,2025-03-05,Complete,Active
1710,9766968092,Aditi Bansal,1956-02-04,aditi.bansal4@example.com,"961 Main St, Andhra Pradesh",Andhra Pradesh,Prepaid,2026-11-01,Expired,Active
1711,9026026861,Suresh Bhatt,2005-11-16,suresh.bhatt371@example.com,"61 Church St, Delhi",Delhi,Prepaid,2026-03-23,Complete,Active
1712,9995034278,Kiran Shah,1966-03-30,kiran.shah679@mail.com,"315 Station Rd, Punjab",Punjab,Postpaid,2019-03-26,Complete,Active
1713,9381326802,Meera Iyer,1971-06-23,meera.iyer551@webmail.com,"63 MG Road, Kolkata",Kolkata,Prepaid,2021-06-15,Complete,Active
1714,9807008463,,2003-07-15,,"249 Main St, Rajasthan",Rajasthan,Postpaid,2023-05-28,Complete,Active
1715,9608399385,Shreya Roy,2005-09-28,shreya.roy176@example.com,"790 Church St, Kolkata",Kolkata,Prepaid,2021-09-11,Complete,Active
1716,9106431298,Ishaan Sharma,1965-04-11,,"232 Station Rd, Kerala",,Prepaid,2020-11-20,Complete,Active
1717,9713975976,Deepak Reddy,2000-02-20,deepak.reddy341@telecomuser.in,"748 Station Rd, Karnataka",Karnataka,Prepaid,2024-04-10,Complete,Active
1718,9357779476,Arjun Jones,1968-11-13,arjun.jones921@webmail.com,"283 Park Ave, Odisha",Odisha,Prepaid,2020-01-29,Expired,Active
1719,9740122199,Rohan Kumar,1979-11-21,rohan.kumar671@telecomuser.in,"947 Station Rd, Andhra Pradesh",Andhra Pradesh,Prepaid,2023-01-14,Complete,Active
1720,9767716927,Elizabeth Iyer,1994-05-18,elizabeth.iyer713@mail.com,"382 MG Road, Gujarat",,Postpaid,2020-01-19,Complete,Suspended
1721,9430907594,Anil Davis,2003-03-15,anil.davis701@example.com,,Kerala,Prepaid,2026-09-09,Expired,Active
1722,9280959290,Joseph Williams,1960-12-31,joseph.williams167@webmail.com,"821 MG Road, Karnataka",Karnataka,Prepaid,,Complete,Active
1723,9894939802,Rohan Patel,1990-04-28,rohan.patel311@example.com,"308 Main St, Rajasthan",Rajasthan,Prepaid,2026-09-06,Complete,Active
1724,9753361183,Linda Nair,1968-03-05,linda.nair682@webmail.com,,Haryana,Prepaid,2026-07-21,Complete,Active
1725,9869549967,Rohan Bhatt,1962-08-05,rohan.bhatt270@webmail.com,"347 MG Road, Assam",Assam,Postpaid,2022-02-27,Expired,Suspended
1726,9130522288,Sai Banerjee,2002-06-17,sai.banerjee383@example.com,"379 Church St, Rajasthan",Rajasthan,Prepaid,2026-07-28,Complete,Active
1727,9458727969,Kavya Sen,1997-05-12,kavya.sen403@telecomuser.in,"796 Station Rd, Chennai",Chennai,Postpaid,2022-02-22,Complete,Active
1728,9206038695,Diya Das,1983-12-27,diya.das590@telecomuser.in,"865 Church St, Punjab",Punjab,Postpaid,2024-01-31,Pending,Active
1729,9275111806,Shreya Davis,1969-02-14,shreya.davis309@example.com,"219 Main St, Punjab",Punjab,Prepaid,2024-02-19,Complete,Suspended
1730,9605619891,Ramesh Jones,2004-12-20,ramesh.jones215@mail.com,"757 MG Road, Rajasthan",Rajasthan,Postpaid,2021-11-29,Complete,Active
1731,9841198966,Amit Rao,1994-11-24,amit.rao592@mail.com,"417 MG Road, Haryana",Haryana,Prepaid,2019-09-11,Complete,Active
1732,9778890936,Aditya Gupta,,aditya.gupta747@mail.com,,Punjab,Prepaid,2021-03-09,Complete,Active
1733,9396197560,Sarah Gupta,1972-10-09,sarah.gupta360@telecomuser.in,"795 Church St, Odisha",Odisha,Postpaid,2021-02-02,Complete,Active
1734,9421368869,Rohan Roy,1972-01-21,rohan.roy2@mail.com,"708 MG Road, MP",MP,Prepaid,2023-10-15,Complete,Active
1735,9039545349,Patricia Mehta,1972-12-07,patricia.mehta15@example.com,"406 Main St, Andhra Pradesh",Andhra Pradesh,Postpaid,2025-03-17,Complete,Suspended
1736,9661086847,Barbara Desai,1997-12-04,barbara.desai772@webmail.com,"215 MG Road, Andhra Pradesh",Andhra Pradesh,Postpaid,2020-10-23,Pending,Active
1737,9672939857,James Joshi,1986-09-26,james.joshi188@webmail.com,"346 MG Road, Chennai",Chennai,Prepaid,2026-02-15,Complete,Active
1738,9706526412,Rahul Kapoor,1982-05-09,rahul.kapoor153@telecomuser.in,,Karnataka,Prepaid,2019-08-23,Complete,Active
1739,9357633243,Arjun Joshi,1961-01-14,arjun.joshi738@webmail.com,"580 Park Ave, Karnataka",Karnataka,Prepaid,2026-07-09,Complete,Active
1740,9523531401,Deepak Mehta,1961-05-19,deepak.mehta99@webmail.com,,Karnataka,Prepaid,2021-09-24,Complete,Active
1741,9945645521,Pooja Kapoor,,pooja.kapoor136@mail.com,"692 Main St, UP East",UP East,Prepaid,2024-12-12,Complete,Active
1742,9538996963,Sai Mukherjee,1971-11-25,,"653 Park Ave, Kolkata",Kolkata,Prepaid,,Complete,Active
1743,9874395494,Aarav Iyer,2005-05-09,aarav.iyer317@telecomuser.in,"509 Church St, UP West",UP West,Prepaid,2022-06-21,Pending,Active
1744,9833608043,Pooja Chopra,,pooja.chopra579@telecomuser.in,"986 Church St, Kerala",Kerala,Prepaid,2026-04-16,Complete,Active
1745,9330340315,James Malhotra,1976-01-23,james.malhotra629@telecomuser.in,"636 Station Rd, Odisha",Odisha,Postpaid,2022-11-29,Pending,Active
1746,9423299732,Jessica Bansal,1990-06-26,jessica.bansal772@mail.com,"283 Station Rd, Rajasthan",Rajasthan,Prepaid,2023-08-07,Complete,Active
1747,9665103464,Nisha Williams,2001-11-12,nisha.williams103@telecomuser.in,"991 Main St, Tamil Nadu",Tamil Nadu,Postpaid,2019-09-08,Complete,Active
1748,9403851673,Swati Iyer,1966-04-10,,,Punjab,Prepaid,2019-09-20,Complete,Active
1749,9581731174,Barbara Chatterjee,1990-02-18,barbara.chatterjee644@telecomuser.in,"987 Main St, MP",MP,Prepaid,2025-06-07,Complete,Suspended
1750,9232233025,Susan Malhotra,1971-06-21,susan.malhotra162@webmail.com,"35 MG Road, Andhra Pradesh",Andhra Pradesh,Prepaid,2023-07-24,Complete,Active
1751,9367476675,,1983-02-25,,"882 Park Ave, Kolkata",Kolkata,Prepaid,2026-05-02,Complete,Active
1752,9480293802,Linda Banerjee,1969-08-28,linda.banerjee433@telecomuser.in,"460 Park Ave, Kerala",Kerala,Postpaid,2021-03-25,Complete,Active
1753,9170035120,,1991-08-18,,,Tamil Nadu,Prepaid,2019-02-13,Complete,Active
1754,9763827162,Jessica Joshi,2004-11-22,jessica.joshi175@webmail.com,"278 MG Road, Maharashtra",,Prepaid,2025-07-09,Complete,Active
1755,9904117280,Richard Ghosh,1978-03-26,richard.ghosh748@webmail.com,"852 Church St, Tamil Nadu",Tamil Nadu,Postpaid,2021-12-02,Complete,Active
1756,9891236284,Pooja Rao,1960-10-01,pooja.rao614@telecomuser.in,,Kolkata,Prepaid,2024-12-26,Complete,Active
1757,9579464701,Sai Kumar,1996-01-30,sai.kumar242@example.com,"426 Station Rd, Assam",,Postpaid,2019-10-30,Complete,Active
1758,9820621196,Diya Garcia,1964-10-24,diya.garcia180@mail.com,,MP,Postpaid,2025-04-02,Complete,Active
1759,9321333856,Priya Chopra,1955-02-19,priya.chopra208@mail.com,"310 Church St, Punjab",Punjab,Postpaid,2024-10-25,Complete,Active
1760,9904803676,Charles Pillai,1995-03-18,charles.pillai407@mail.com,"164 Station Rd, Maharashtra",Maharashtra,Prepaid,2024-01-27,Pending,Active
1761,9713148308,Michael Banerjee,1969-02-22,michael.banerjee120@telecomuser.in,,UP West,Prepaid,2026-06-16,Complete,Active
1762,9447148769,Vijay Singh,1978-04-03,vijay.singh662@example.com,"100 MG Road, Haryana",Haryana,Prepaid,2019-06-15,Complete,Active
1763,9828061191,Joseph Agarwal,1965-02-08,joseph.agarwal891@mail.com,"549 Church St, UP West",UP West,Prepaid,,Complete,Active
1764,9350331807,Karen Johnson,1999-08-30,karen.johnson251@webmail.com,"336 Church St, Odisha",Odisha,Prepaid,2022-06-27,Complete,Active
1765,9412167410,Saanvi Singh,,saanvi.singh545@telecomuser.in,"289 Church St, Tamil Nadu",Tamil Nadu,Postpaid,2026-11-07,Pending,Active
1766,9848469260,Robert Chopra,2004-04-20,,"433 Church St, UP West",,Postpaid,2019-01-09,Complete,Active
1767,9113510308,Susan Brown,2004-04-29,susan.brown567@telecomuser.in,"863 Station Rd, UP West",UP West,Postpaid,2019-09-13,Complete,Active
1768,9614422892,Sunita Mukherjee,1973-04-15,sunita.mukherjee418@webmail.com,"518 Park Ave, Karnataka",Karnataka,Postpaid,2023-07-07,Complete,Active
1769,9259191672,Rekha Rao,2003-07-01,rekha.rao358@mail.com,"755 Station Rd, Bihar",Bihar,Prepaid,2026-12-10,Expired,Active
1770,9748400778,John Williams,1978-11-25,john.williams637@example.com,,Chennai,Prepaid,2024-08-22,Complete,Active
1771,9555263470,Richard Rao,1988-10-23,richard.rao547@webmail.com,"627 Park Ave, Kerala",Kerala,Prepaid,2021-04-16,Complete,Active
1772,9593224677,Swati Garcia,,swati.garcia147@webmail.com,"434 Station Rd, UP West",UP West,Prepaid,2025-06-09,Complete,Active
1773,9555362365,Arjun Johnson,2000-03-22,arjun.johnson421@example.com,"860 Church St, Punjab",Punjab,Prepaid,2025-07-09,Complete,Active
1774,9925020665,Aarav Pillai,1965-08-11,aarav.pillai168@example.com,"41 Church St, Bihar",Bihar,Prepaid,2019-03-16,Complete,Active
1775,9525708516,Pooja Bansal,2003-07-10,pooja.bansal269@webmail.com,"567 Park Ave, Tamil Nadu",Tamil Nadu,Postpaid,,Pending,Active
1776,9300033618,Suresh Malhotra,,suresh.malhotra397@telecomuser.in,"268 Station Rd, Assam",Assam,Prepaid,2022-04-20,Complete,Active
1777,9547014460,Thomas Malhotra,1966-01-09,,"311 Park Ave, Punjab",Punjab,Prepaid,,Complete,Active
1778,9959833017,Sarah Chatterjee,1994-02-18,sarah.chatterjee323@mail.com,"189 MG Road, Kerala",Kerala,Prepaid,2026-02-14,Complete,Active
1779,9723932732,Ananya Reddy,1975-10-17,ananya.reddy7@telecomuser.in,"993 MG Road, Karnataka",Karnataka,Postpaid,2020-11-11,Complete,Active
1780,9502110897,Charles Rao,1996-07-25,charles.rao791@webmail.com,"750 MG Road, Assam",Assam,Prepaid,2022-08-08,Complete,Active
1781,9536373493,Sai Roy,,sai.roy542@example.com,"372 Park Ave, Delhi",Delhi,Prepaid,2022-01-07,Complete,Active
1782,9631457717,Suresh Davis,2006-03-27,suresh.davis297@telecomuser.in,"209 Main St, Chennai",Chennai,Prepaid,2021-06-29,Complete,Active
1783,9480285619,Kiran Williams,2004-12-14,,"557 Church St, MP",MP,Prepaid,2021-01-23,Complete,Active
1784,9143369748,Reyansh Johnson,1964-08-19,reyansh.johnson193@webmail.com,"509 Main St, UP East",UP East,Prepaid,2020-10-27,Complete,Active
1785,9992816237,Jessica Menon,,jessica.menon707@example.com,,Delhi,Prepaid,2025-06-23,Complete,Suspended
1786,9863005622,Vijay Shah,2001-03-02,vijay.shah635@telecomuser.in,"742 Church St, Chennai",Chennai,Prepaid,2023-02-28,Complete,Suspended
1787,9373597801,Swati Dutta,1961-08-21,swati.dutta542@telecomuser.in,"930 Church St, Chennai",Chennai,Prepaid,2025-07-06,Complete,Suspended
1788,9230294719,Reyansh Patel,1974-07-11,reyansh.patel541@mail.com,"870 Station Rd, UP West",UP West,Prepaid,2024-07-06,Complete,Active
1789,9930876997,Ananya Reddy,2006-10-10,,"883 Church St, Assam",Assam,Prepaid,2023-03-11,Complete,Active
1790,9357747761,Vivaan Nair,1976-08-19,vivaan.nair11@example.com,"129 Station Rd, Assam",Assam,Prepaid,2022-07-14,Complete,Active
1791,9456351512,Ishaan Bansal,1996-05-12,ishaan.bansal928@example.com,"509 MG Road, Odisha",Odisha,Prepaid,2019-11-20,Complete,Active
1792,9742370033,Thomas Sen,1981-03-09,thomas.sen89@mail.com,"841 Church St, UP East",UP East,Prepaid,2022-11-21,Complete,Active
1793,9329668941,,1992-11-04,,"5 Park Ave, UP West",UP West,Prepaid,2023-03-28,Complete,Active
1794,9860866938,Barbara Bansal,1978-10-30,,"39 MG Road, Tamil Nadu",Tamil Nadu,Prepaid,2021-05-26,Complete,Active
1795,9449516645,Swati Pillai,1956-12-09,swati.pillai429@example.com,"712 Station Rd, Rajasthan",Rajasthan,Postpaid,,Complete,Active
1796,9726423917,Charles Menon,1995-09-14,charles.menon127@webmail.com,"22 Church St, Maharashtra",Maharashtra,Postpaid,2020-03-08,Complete,Active
1797,9877032550,Anjali Doe,1987-03-22,anjali.doe750@mail.com,"291 Church St, UP East",UP East,Postpaid,2019-02-04,Complete,Active
1798,9191889111,Ananya Gupta,1961-01-31,ananya.gupta884@mail.com,"626 Main St, Karnataka",Karnataka,Prepaid,2019-01-30,Complete,Active
1799,9074570229,Anjali Singh,,anjali.singh102@telecomuser.in,"148 Park Ave, Andhra Pradesh",Andhra Pradesh,Prepaid,2025-04-04,Complete,Active
1800,9985210421,Meera Malhotra,1963-12-11,meera.malhotra37@example.com,"539 Church St, UP East",UP East,Prepaid,2019-02-19,Complete,Active
1801,9619105728,Ishaan Singh,1972-08-20,ishaan.singh11@example.com,"620 Park Ave, MP",,Prepaid,2022-09-28,Expired,Active
1802,9072417610,Jennifer Mukherjee,2000-09-10,jennifer.mukherjee671@example.com,"191 Main St, Andhra Pradesh",,Postpaid,2026-12-17,Complete,Active
1803,9791189402,Vihaan Rao,1982-01-19,vihaan.rao189@mail.com,"664 Church St, Karnataka",,Prepaid,2025-08-04,Complete,Active
1804,9996027488,Vivaan Malhotra,1992-09-27,vivaan.malhotra324@telecomuser.in,,Andhra Pradesh,Prepaid,2022-05-14,Complete,Active
1805,9919835101,Krishna Pillai,2003-03-07,krishna.pillai175@example.com,"902 Church St, Assam",Assam,Postpaid,2025-01-03,Pending,Active
1806,9579542300,Saanvi Dutta,2000-11-10,saanvi.dutta841@webmail.com,"579 Main St, Karnataka",Karnataka,Prepaid,2025-05-12,Complete,Active
1807,9047797926,Ishaan Chopra,1975-09-04,ishaan.chopra523@telecomuser.in,"968 Main St, Bihar",Bihar,Prepaid,2024-12-01,Complete,Active
1808,9170017491,,1955-02-18,,"63 Main St, Mumbai",,Prepaid,2022-04-09,Complete,Suspended
1809,9456057502,Aarav Verma,1963-04-14,aarav.verma841@mail.com,"207 Church St, MP",MP,Prepaid,2025-06-22,Complete,Active
1810,9635739998,Pooja Desai,1958-08-24,,"528 Park Ave, Kolkata",Kolkata,Prepaid,2020-02-01,Complete,Active
1811,9495006663,Nisha Bansal,1956-08-18,nisha.bansal825@telecomuser.in,"71 Park Ave, Mumbai",Mumbai,Postpaid,2023-08-11,Complete,Active
1812,9962578410,Ishaan Shah,1956-06-09,ishaan.shah706@example.com,"669 MG Road, Andhra Pradesh",Andhra Pradesh,Prepaid,2019-01-05,Complete,Suspended
1813,9155023129,Priya Ghosh,1974-12-10,priya.ghosh18@webmail.com,,Karnataka,Prepaid,2020-07-25,Complete,Active
1814,9569679306,Krishna Gupta,,krishna.gupta57@mail.com,"25 Main St, UP West",UP West,Prepaid,2024-02-21,Complete,Active
1815,9892959600,,2002-10-05,,,UP West,Prepaid,2021-11-25,Complete,Active
1816,9931149828,,1984-11-12,,"988 Park Ave, Maharashtra",Maharashtra,Prepaid,2025-04-05,Expired,Active
1817,9951316861,Aarav Johnson,1992-07-12,aarav.johnson958@webmail.com,"976 MG Road, UP East",UP East,Prepaid,2025-12-20,Pending,Suspended
1818,9455872401,Aditi Banerjee,,aditi.banerjee826@example.com,"580 Church St, Odisha",Odisha,Postpaid,2022-07-06,Pending,Active
1819,9334731107,Meera Garcia,1986-12-18,meera.garcia589@telecomuser.in,"994 Church St, Mumbai",Mumbai,Prepaid,2019-12-27,Complete,Active
1820,9741554062,James Davis,1999-11-24,james.davis742@mail.com,,Odisha,Postpaid,2023-07-18,Complete,Suspended
1821,9088911836,Patricia Joshi,1957-08-18,patricia.joshi53@webmail.com,"435 Main St, Odisha",Odisha,Prepaid,2026-03-14,Pending,Active
1822,9920614869,Sai Shah,,,"833 Main St, MP",MP,Postpaid,2020-02-10,Complete,Active
1823,9647163979,Sunita Kumar,1978-03-07,,"842 Station Rd, Bihar",Bihar,Prepaid,,Complete,Active
1824,9425709568,Aarav Doe,1996-12-25,aarav.doe733@example.com,"969 Church St, Tamil Nadu",Tamil Nadu,Prepaid,2020-03-30,Complete,Active
1825,9812576347,Sneha Menon,1958-08-14,sneha.menon574@webmail.com,"187 Park Ave, Mumbai",Mumbai,Postpaid,2023-02-09,Complete,Active
1826,9901281723,Jennifer Nair,1958-05-31,jennifer.nair617@webmail.com,"565 Park Ave, UP East",UP East,Prepaid,2019-03-23,Complete,Active
1827,9606159969,Sai Pillai,,sai.pillai917@webmail.com,"398 Main St, Andhra Pradesh",,Postpaid,2023-01-30,Complete,Suspended
1828,9852722715,Ishaan Agarwal,1981-04-09,ishaan.agarwal25@mail.com,,Tamil Nadu,Prepaid,2019-03-05,Complete,Active
1829,9130438532,Kavya Kapoor,1984-08-09,kavya.kapoor96@example.com,,Mumbai,Postpaid,2024-08-04,Complete,Active
1830,9158781453,Barbara Nair,1961-11-07,barbara.nair338@webmail.com,"240 Station Rd, Andhra Pradesh",Andhra Pradesh,Prepaid,2022-10-30,Complete,Active
1831,9867842317,Joseph Banerjee,1992-12-07,joseph.banerjee145@webmail.com,,Karnataka,Prepaid,2024-08-10,Complete,Active
1832,9874974724,Isha Brown,,isha.brown304@webmail.com,"516 Park Ave, Punjab",Punjab,Prepaid,2020-10-25,Complete,Active
1833,9735981530,Meera Iyer,,meera.iyer700@webmail.com,"969 Main St, MP",MP,Postpaid,2021-05-02,Complete,Suspended
1834,9441625786,David Verma,2001-05-20,david.verma606@webmail.com,"59 Park Ave, Kerala",Kerala,Postpaid,2022-11-21,Complete,Active
1835,9961240954,Charles Sharma,1983-11-10,charles.sharma755@example.com,"903 Church St, Chennai",Chennai,Prepaid,2023-11-23,Complete,Active
1836,9827284871,Diya Kumar,1970-09-27,diya.kumar494@mail.com,,Karnataka,Postpaid,2024-06-30,Complete,Active
1837,9440265125,Isha Gupta,1964-04-16,isha.gupta213@example.com,"192 Main St, Kerala",Kerala,Postpaid,2025-05-18,Complete,Active
1838,9981340400,Susan Verma,1962-03-19,susan.verma457@mail.com,"910 Park Ave, Delhi",Delhi,Postpaid,2021-03-23,Complete,Active
1839,9422588457,Kavya Jones,,kavya.jones760@example.com,"267 Main St, Haryana",Haryana,Prepaid,2025-03-02,Complete,Active
1840,9261794508,Vijay Kapoor,1959-04-14,vijay.kapoor61@webmail.com,,UP West,Prepaid,2020-12-04,Complete,Active
1841,9632466340,Deepak Bansal,1992-07-24,deepak.bansal772@telecomuser.in,"174 Main St, Mumbai",Mumbai,Prepaid,2025-05-03,Expired,Active
1842,9517979820,Nisha Gupta,1970-07-21,nisha.gupta981@telecomuser.in,"178 Main St, Maharashtra",Maharashtra,Prepaid,2020-09-22,Complete,Suspended
1843,9839182337,Isha Das,2004-09-26,isha.das712@telecomuser.in,"199 MG Road, Chennai",Chennai,Prepaid,2023-06-03,Pending,Active
1844,9180579219,Neha Patel,1960-02-29,neha.patel770@telecomuser.in,"930 Station Rd, Haryana",Haryana,Prepaid,2020-08-07,Complete,Active
1845,9143319358,Nisha Malhotra,1985-09-03,nisha.malhotra601@example.com,,UP East,Postpaid,2023-03-06,Complete,Active
1846,9982365921,Robert Verma,1993-03-12,robert.verma28@mail.com,,Kolkata,Postpaid,2022-01-05,Complete,Active
1847,9011323002,Reyansh Davis,1981-11-14,reyansh.davis530@example.com,"940 Station Rd, MP",MP,Prepaid,2020-06-03,Complete,Active
1848,9810572739,Swati Joshi,1955-09-01,swati.joshi505@webmail.com,,MP,Postpaid,2021-05-05,Pending,Active
1849,9594089145,Deepak Shah,,deepak.shah753@telecomuser.in,"850 Station Rd, Maharashtra",Maharashtra,Postpaid,2026-12-20,Complete,Active
1850,9705315132,Barbara Pillai,1962-03-11,barbara.pillai173@webmail.com,"188 Park Ave, Kerala",,Prepaid,2026-06-11,Pending,Active
1851,9794517860,Mary Mehta,1979-07-16,,"609 Main St, Kerala",Kerala,Prepaid,2023-06-04,Complete,Active
1852,9040988054,Pooja Agarwal,1956-09-06,pooja.agarwal52@example.com,"589 MG Road, Karnataka",Karnataka,Postpaid,2020-12-28,Complete,Active
1853,9405300991,Aditya Pillai,1990-11-27,aditya.pillai851@webmail.com,"447 MG Road, MP",MP,Prepaid,2022-12-20,Complete,Active
1854,9212086862,Priya Ghosh,1978-03-27,priya.ghosh989@example.com,"962 MG Road, Andhra Pradesh",Andhra Pradesh,Prepaid,2022-03-24,Complete,Active
1855,9446339874,Mary Desai,1971-02-26,mary.desai839@example.com,"829 Main St, UP West",UP West,Postpaid,2025-03-04,Complete,Suspended
1856,9846121822,Charles Shah,,charles.shah276@mail.com,"816 MG Road, Haryana",Haryana,Prepaid,2025-05-24,Complete,Active
1857,9325737452,Priya Brown,1978-11-19,,,Mumbai,Prepaid,2026-01-07,Pending,Active
1858,9913235075,Shreya Singh,1993-05-04,,"755 Main St, UP West",UP West,Prepaid,2024-11-10,Complete,Active
1859,9070789348,Ishaan Mukherjee,1991-04-04,ishaan.mukherjee377@example.com,"532 Park Ave, Karnataka",Karnataka,Postpaid,2019-09-02,Complete,Active
1860,9651730485,,1987-08-06,,"346 Main St, Delhi",Delhi,Prepaid,2023-10-07,Complete,Active
1861,9044284795,Joseph Joshi,1997-08-25,joseph.joshi795@telecomuser.in,,Mumbai,Prepaid,2023-10-31,Complete,Active
1862,9358375261,Sunita Johnson,1990-11-13,,"869 Main St, Haryana",Haryana,Prepaid,2020-07-23,Complete,Active
1863,9065775470,Diya Kumar,1991-01-31,diya.kumar486@example.com,"596 MG Road, Kolkata",Kolkata,Prepaid,2026-07-19,Expired,Active
1864,9945438284,Sarah Sharma,1982-08-18,sarah.sharma415@mail.com,"31 MG Road, Kerala",Kerala,Prepaid,2026-06-16,Complete,Suspended
1865,9623666135,Manoj Verma,1971-02-12,,"450 MG Road, Assam",,Prepaid,2020-10-27,Expired,Active
1866,9557620186,Ravi Williams,1997-04-19,ravi.williams396@example.com,"680 MG Road, Rajasthan",Rajasthan,Prepaid,2025-07-03,Pending,Active
1867,9916279696,Aarav Chopra,1959-02-28,aarav.chopra960@example.com,"423 Park Ave, Andhra Pradesh",,Postpaid,2024-10-02,Complete,Active
1868,9688445641,Riya Bansal,1984-04-08,riya.bansal677@example.com,"151 Station Rd, Bihar",Bihar,Prepaid,2025-05-03,Complete,Active
1869,9604096783,Patricia Doe,1966-11-18,,,Andhra Pradesh,Prepaid,2019-08-21,Complete,Active
1870,9946822836,Amit Brown,1998-06-21,amit.brown183@example.com,,Punjab,Postpaid,2020-10-26,Complete,Active
1871,9400994219,Anil Kumar,1988-10-18,anil.kumar1@webmail.com,,Punjab,Prepaid,2026-09-26,Complete,Active
1872,9272768772,,1990-11-23,,"560 MG Road, Odisha",Odisha,Postpaid,2024-08-03,Complete,Active
1873,9941114386,Divya Ghosh,1961-08-11,divya.ghosh581@telecomuser.in,"139 Main St, Kerala",Kerala,Prepaid,2021-01-25,Complete,Active
1874,9604049518,Swati Garcia,1968-11-04,swati.garcia221@mail.com,"753 Church St, Assam",Assam,Prepaid,2026-12-18,Complete,Active
1875,9370121582,Kavya Reddy,2002-05-11,kavya.reddy159@example.com,"11 Main St, UP East",,Prepaid,2026-04-26,Expired,Active
1876,9916707768,Richard Miller,,richard.miller210@example.com,"508 Park Ave, Kolkata",Kolkata,Prepaid,2020-06-26,Complete,Active
1877,9436276620,William Rao,,william.rao852@telecomuser.in,"955 Church St, Kolkata",Kolkata,Prepaid,2020-02-24,Complete,Active
1878,9949597990,Ramesh Das,1955-05-22,,"644 Main St, Gujarat",Gujarat,Prepaid,2024-11-25,Complete,Active
1879,9476792837,Meera Nair,1983-07-12,meera.nair673@example.com,"324 Church St, Chennai",Chennai,Prepaid,2021-03-15,Complete,Active
1880,9932056913,Linda Davis,1961-05-14,linda.davis199@webmail.com,"195 Park Ave, Delhi",Delhi,Postpaid,2022-06-25,Complete,Active
1881,9502449412,Karen Sharma,1997-03-16,karen.sharma797@example.com,"806 Church St, Karnataka",Karnataka,Postpaid,2023-01-03,Complete,Active
1882,9915323908,Suresh Johnson,,suresh.johnson747@example.com,"329 Church St, Tamil Nadu",Tamil Nadu,Postpaid,2026-07-03,Complete,Active
1883,9136802588,Rahul Bansal,1979-10-15,rahul.bansal619@mail.com,"154 MG Road, Assam",Assam,Prepaid,2025-08-07,Complete,Active
1884,9770595396,Vivaan Roy,1956-02-12,vivaan.roy162@telecomuser.in,"93 Church St, Haryana",Haryana,Prepaid,2021-04-14,Complete,Active
1885,9429642099,Linda Sen,2000-05-11,linda.sen993@webmail.com,,,Postpaid,2026-11-04,Complete,Active
1886,9768220698,Reyansh Menon,2004-08-29,reyansh.menon352@example.com,"247 MG Road, UP East",UP East,Prepaid,2019-05-13,Complete,Active
1887,9691364042,Riya Doe,1960-02-02,riya.doe941@mail.com,"82 Church St, Maharashtra",Maharashtra,Prepaid,2025-12-04,Complete,Active
1888,9547891427,Karen Sharma,1956-03-21,karen.sharma76@webmail.com,"17 MG Road, Punjab",Punjab,Postpaid,2019-01-25,Complete,Active
1889,9438303400,Susan Patel,1993-06-25,susan.patel639@example.com,"12 MG Road, Tamil Nadu",Tamil Nadu,Prepaid,2019-08-29,Complete,Active
1890,9030212975,Ramesh Kapoor,2006-07-16,ramesh.kapoor993@mail.com,"639 Station Rd, Delhi",Delhi,Prepaid,2022-11-29,Pending,Suspended
1891,9962269025,Robert Agarwal,1975-03-14,robert.agarwal571@example.com,,Assam,Prepaid,2026-01-21,Complete,Active
1892,9887348561,Sneha Kumar,1991-07-20,sneha.kumar993@mail.com,"831 Church St, Tamil Nadu",Tamil Nadu,Prepaid,2024-01-08,Complete,Active
1893,9679413933,Priya Sharma,,priya.sharma434@example.com,"324 Church St, Tamil Nadu",Tamil Nadu,Prepaid,2023-03-10,Complete,Active
1894,9023427973,Patricia Pillai,1996-12-11,patricia.pillai741@telecomuser.in,"956 Main St, Kolkata",Kolkata,Postpaid,2024-12-17,Complete,Suspended
1895,9984238513,Meera Jones,2004-01-26,meera.jones704@telecomuser.in,"994 MG Road, Kerala",Kerala,Postpaid,2019-12-30,Complete,Active
1896,9065164218,Rekha Doe,1966-12-15,rekha.doe297@webmail.com,"890 Station Rd, Kerala",Kerala,Prepaid,2023-06-06,Pending,Suspended
1897,9465114291,Barbara Menon,1959-03-12,barbara.menon23@mail.com,"706 Main St, Rajasthan",Rajasthan,Prepaid,2020-12-18,Complete,Active
1898,9226658063,Sai Menon,1985-09-09,sai.menon59@webmail.com,"332 Church St, Bihar",Bihar,Prepaid,2025-03-07,Expired,Active
1899,9087921746,Sarah Iyer,1996-12-08,sarah.iyer962@mail.com,,Odisha,Prepaid,2022-05-08,Complete,Active
1900,9805030615,John Agarwal,1958-05-16,john.agarwal746@telecomuser.in,,MP,Postpaid,2024-04-22,Complete,Active
1901,9141509800,Priya Johnson,1987-01-05,priya.johnson905@webmail.com,"969 Church St, Rajasthan",Rajasthan,Prepaid,2022-07-14,Complete,Active
1902,9252576787,Rekha Singh,2000-05-27,rekha.singh834@telecomuser.in,"612 MG Road, Punjab",Punjab,Prepaid,2022-04-29,Complete,Active
1903,9258117595,David Reddy,1980-11-12,david.reddy234@telecomuser.in,"717 Main St, Mumbai",Mumbai,Prepaid,2020-10-31,Complete,Active
1904,9559938913,Kiran Smith,,kiran.smith931@mail.com,"462 Station Rd, Maharashtra",Maharashtra,Prepaid,2026-05-16,Complete,Active
1905,9053076264,Nisha Garcia,1979-04-25,nisha.garcia528@telecomuser.in,"639 Park Ave, Bihar",Bihar,Postpaid,2026-08-10,Complete,Suspended
1906,9884280551,Anil Iyer,,anil.iyer923@telecomuser.in,"701 Station Rd, Bihar",Bihar,Prepaid,2024-11-11,Expired,Active
1907,9734092400,Amit Brown,1992-03-23,amit.brown299@mail.com,"74 Church St, West Bengal",West Bengal,Prepaid,2020-12-18,Pending,Active
1908,9275421825,Deepak Verma,1975-12-09,deepak.verma889@webmail.com,,Karnataka,Postpaid,2019-07-06,Pending,Active
1909,9912600675,Isha Verma,1979-12-09,isha.verma276@mail.com,"598 Church St, Mumbai",Mumbai,Postpaid,2024-06-08,Pending,Suspended
1910,9881295136,Saanvi Pillai,1996-08-18,saanvi.pillai770@webmail.com,"522 Main St, Punjab",Punjab,Prepaid,2021-07-01,Complete,Active
1911,9856519072,Barbara Gupta,1963-01-28,barbara.gupta341@mail.com,"862 Main St, Chennai",Chennai,Postpaid,2021-07-20,Complete,Active
1912,9645469135,Neha Brown,1973-01-27,,"860 Station Rd, Andhra Pradesh",Andhra Pradesh,Prepaid,2026-10-23,Complete,Suspended
1913,9142718067,Sunita Shah,1992-09-05,sunita.shah951@telecomuser.in,"870 Church St, Tamil Nadu",Tamil Nadu,Prepaid,2025-08-15,Complete,Suspended
1914,9900897051,Susan Mukherjee,1985-06-29,susan.mukherjee638@webmail.com,"956 Church St, Mumbai",Mumbai,Prepaid,2020-08-14,Complete,Active
1915,9455982650,Thomas Sen,1979-06-20,thomas.sen57@webmail.com,"288 Church St, Assam",Assam,Prepaid,2019-10-17,Complete,Active
1916,9435088568,Ravi Johnson,,ravi.johnson506@telecomuser.in,"595 Park Ave, Assam",Assam,Postpaid,2026-01-12,Complete,Active
1917,9555420104,Kavya Davis,1964-10-04,kavya.davis648@example.com,"561 Station Rd, Karnataka",Karnataka,Postpaid,2025-01-20,Complete,Active
1918,9675186493,Rekha Gupta,1959-03-23,rekha.gupta225@mail.com,"604 Station Rd, Andhra Pradesh",Andhra Pradesh,Prepaid,2021-07-06,Complete,Active
1919,9686640704,Sunita Ghosh,1975-03-19,sunita.ghosh347@mail.com,"14 Church St, Bihar",Bihar,Postpaid,2026-05-19,Pending,Active
1920,9330836010,Rekha Kapoor,1980-02-19,rekha.kapoor377@telecomuser.in,"215 Main St, Assam",Assam,Prepaid,2024-06-02,Expired,Active
1921,9779978154,Thomas Das,2002-11-22,thomas.das597@example.com,"633 Church St, Bihar",Bihar,Postpaid,2026-03-01,Expired,Active
1922,9635295299,Deepak Sen,1956-12-10,,"628 Park Ave, Andhra Pradesh",Andhra Pradesh,Postpaid,2021-05-03,Pending,Active
1923,9937196625,Charles Malhotra,1967-04-07,charles.malhotra340@example.com,"658 MG Road, Punjab",Punjab,Prepaid,2020-01-06,Complete,Suspended
1924,9356224399,Mary Mukherjee,1977-11-03,mary.mukherjee354@example.com,"366 Station Rd, Kolkata",Kolkata,Prepaid,2022-01-01,Complete,Suspended
1925,9644398064,Michael Agarwal,1963-11-15,michael.agarwal858@telecomuser.in,"396 Main St, MP",MP,Prepaid,2026-10-13,Complete,Active
1926,9095714699,Vivaan Rao,1986-03-18,vivaan.rao589@example.com,"394 MG Road, Kolkata",Kolkata,Postpaid,2024-01-28,Complete,Active
1927,9344013321,Aditya Iyer,1966-06-26,aditya.iyer276@mail.com,"41 Main St, Assam",Assam,Prepaid,2023-10-01,Complete,Suspended
1928,9460440138,Riya Verma,1973-12-15,riya.verma65@telecomuser.in,"930 Park Ave, UP East",UP East,Prepaid,2023-03-24,Complete,Active
1929,9341257393,Amit Chatterjee,1969-03-03,amit.chatterjee702@webmail.com,"832 Main St, Rajasthan",Rajasthan,Prepaid,2025-02-20,Complete,Suspended
1930,9730729979,Anjali Das,1971-03-14,anjali.das587@mail.com,,MP,Postpaid,2023-01-19,Complete,Active
1931,9634513165,Ravi Davis,1974-03-03,,"297 Main St, Mumbai",Mumbai,Prepaid,2026-04-18,Complete,Active
1932,9168507590,Sai Pillai,1960-10-28,sai.pillai493@webmail.com,"647 Main St, Kerala",Kerala,Prepaid,2019-11-14,Complete,Active
1933,9645417845,Rohan Sen,1972-10-03,rohan.sen382@example.com,"724 MG Road, Kerala",,Prepaid,2019-08-11,Complete,Active
1934,9896366912,Riya Rao,,riya.rao106@example.com,"328 Station Rd, Rajasthan",Rajasthan,Prepaid,2023-07-04,Complete,Active
1935,9851820385,Diya Kumar,1967-07-19,diya.kumar984@example.com,"776 Main St, Chennai",Chennai,Prepaid,2024-12-28,Complete,Active
1936,9121139717,Linda Ghosh,1984-11-24,linda.ghosh191@telecomuser.in,"792 Park Ave, Punjab",Punjab,Prepaid,,Complete,Active
1937,9427753446,Barbara Bhatt,2006-05-24,barbara.bhatt182@telecomuser.in,"365 Church St, Gujarat",Gujarat,Prepaid,2023-04-21,Expired,Active
1938,9850489326,Sarah Ghosh,1964-06-10,sarah.ghosh225@telecomuser.in,"715 Park Ave, Kolkata",Kolkata,Postpaid,2022-01-14,Pending,Active
1939,9763566478,Susan Menon,1968-10-28,susan.menon506@webmail.com,"305 Main St, Andhra Pradesh",Andhra Pradesh,Prepaid,2026-03-26,Complete,Active
1940,9169326437,Nisha Verma,1964-02-01,nisha.verma304@mail.com,"655 MG Road, Kolkata",Kolkata,Postpaid,2026-05-16,Complete,Active
1941,9865185140,,1997-07-10,,,Kerala,Postpaid,2022-01-26,Complete,Active
1942,9457517519,Anil Chopra,1981-09-20,anil.chopra407@webmail.com,"859 MG Road, Rajasthan",Rajasthan,Postpaid,2023-05-11,Complete,Active
1943,9728547586,Aditi Das,1978-07-12,aditi.das684@example.com,,UP West,Prepaid,2024-02-28,Complete,Active
1944,9906522113,Mary Miller,,mary.miller582@mail.com,"35 Main St, Kolkata",Kolkata,Prepaid,2021-06-01,Complete,Active
1945,9862651057,Richard Kumar,1993-12-13,richard.kumar39@mail.com,,Rajasthan,Prepaid,2022-03-04,Complete,Active
1946,9600869805,Sanjay Ghosh,1991-04-06,sanjay.ghosh766@example.com,"617 Main St, Chennai",Chennai,Prepaid,2021-04-01,Complete,Suspended
1947,9932103004,Reyansh Smith,1963-12-11,reyansh.smith61@webmail.com,,MP,Postpaid,2024-07-22,Complete,Suspended
1948,9706989348,Karen Brown,1962-12-02,karen.brown136@example.com,"872 Park Ave, Bihar",Bihar,Postpaid,2019-11-04,Complete,Active
1949,9945424627,Sarah Smith,1964-12-22,sarah.smith126@webmail.com,"174 MG Road, Punjab",Punjab,Prepaid,2019-07-16,Complete,Active
1950,9920546342,Ananya Pillai,1999-07-29,ananya.pillai3@example.com,,West Bengal,Postpaid,2026-12-08,Complete,Active
1951,9725946595,Vivaan Banerjee,1985-07-27,vivaan.banerjee962@telecomuser.in,"214 Park Ave, UP East",UP East,Prepaid,2021-01-24,Complete,Active
1952,9431640300,Riya Shah,1974-12-17,,"664 Church St, Odisha",Odisha,Prepaid,2024-09-27,Complete,Active
1953,9806845698,Ishaan Williams,1997-04-27,ishaan.williams514@mail.com,"360 MG Road, Tamil Nadu",Tamil Nadu,Prepaid,2020-12-17,Complete,Active
1954,9548536502,Thomas Jones,1965-05-23,thomas.jones722@example.com,,Gujarat,Prepaid,2022-07-11,Complete,Suspended
1955,9991659092,Karen Banerjee,2004-12-05,karen.banerjee537@webmail.com,"949 Station Rd, Andhra Pradesh",,Prepaid,2020-02-24,Complete,Suspended
1956,9733681770,Riya Doe,1995-09-29,riya.doe564@mail.com,,Karnataka,Postpaid,2021-07-03,Complete,Active
1957,9395709451,Isha Wilson,1994-11-21,isha.wilson842@mail.com,"590 Main St, Chennai",Chennai,Prepaid,2022-11-11,Pending,Active
1958,9537525786,John Kumar,1987-03-27,john.kumar16@webmail.com,"398 Park Ave, Delhi",Delhi,Prepaid,2022-01-24,Complete,Suspended
1959,9034026055,Isha Verma,1972-06-11,isha.verma631@webmail.com,"870 Church St, Chennai",Chennai,Prepaid,2024-08-05,Complete,Active
1960,9885621225,Neha Patel,1966-04-22,neha.patel351@telecomuser.in,"615 Main St, UP East",UP East,Prepaid,2025-07-23,Pending,Active
1961,9853114272,Mary Menon,1981-02-12,mary.menon869@mail.com,,Assam,Prepaid,2019-07-08,Complete,Suspended
1962,9141860149,Linda Iyer,,,"927 Main St, Kerala",Kerala,Prepaid,2023-07-22,Complete,Active
1963,9883987912,Aditya Bansal,1987-02-22,,"98 Station Rd, UP West",,Prepaid,2021-05-16,Complete,Active
1964,9600007643,Amit Mukherjee,1980-03-10,amit.mukherjee527@example.com,"994 Station Rd, West Bengal",West Bengal,Postpaid,2025-12-21,Complete,Active
1965,9073827036,Mary Williams,1980-07-22,mary.williams452@telecomuser.in,"455 Main St, Gujarat",Gujarat,Prepaid,2022-12-15,Complete,Active
1966,9996944401,Jessica Ghosh,,,"89 Park Ave, Assam",Assam,Prepaid,2026-01-03,Complete,Active
1967,9014590644,Ishaan Rao,1998-08-17,ishaan.rao600@telecomuser.in,"388 Station Rd, Andhra Pradesh",Andhra Pradesh,Prepaid,2021-06-22,Pending,Active
1968,9213007439,Shreya Miller,1968-04-28,shreya.miller213@example.com,,UP West,Prepaid,2023-04-06,Complete,Active
1969,9975245843,Amit Malhotra,1967-07-06,,,Rajasthan,Prepaid,2022-12-17,Complete,Active
1970,9248883849,Suresh Kapoor,1977-05-01,suresh.kapoor689@telecomuser.in,"629 Church St, UP East",UP East,Prepaid,2022-04-17,Complete,Active
1971,9282313639,Nisha Ghosh,2002-11-22,nisha.ghosh147@example.com,"888 Church St, Delhi",Delhi,Postpaid,2026-12-22,Complete,Active
1972,9230472880,Saanvi Sen,1988-04-22,saanvi.sen151@mail.com,"915 Church St, Punjab",Punjab,Postpaid,2026-11-04,Complete,Active
1973,9234581156,Vivaan Malhotra,2002-07-10,vivaan.malhotra464@telecomuser.in,"793 MG Road, Andhra Pradesh",Andhra Pradesh,Prepaid,2026-10-11,Complete,Active
1974,9737347016,Elizabeth Brown,1955-05-23,elizabeth.brown905@mail.com,"28 Main St, Andhra Pradesh",Andhra Pradesh,Postpaid,2024-08-23,Pending,Active
1975,9878292863,Kiran Mehta,2003-06-21,kiran.mehta742@webmail.com,"715 MG Road, Karnataka",Karnataka,Postpaid,2021-11-03,Complete,Active
1976,9491534581,Meera Wilson,1963-05-25,meera.wilson384@mail.com,,Mumbai,Postpaid,2020-03-25,Complete,Active
1977,9567082556,Aditya Agarwal,1961-02-10,,,Gujarat,Prepaid,2022-10-24,Complete,Active
1978,9356264430,John Sharma,1991-03-08,john.sharma391@telecomuser.in,"499 Church St, Tamil Nadu",Tamil Nadu,Prepaid,2025-10-27,Complete,Suspended
1979,9764666274,Divya Mukherjee,2001-05-31,divya.mukherjee88@example.com,"847 Church St, MP",MP,Prepaid,2021-04-07,Complete,Active
1980,9087839213,Swati Chatterjee,1994-06-14,swati.chatterjee253@telecomuser.in,"254 Station Rd, Gujarat",Gujarat,Postpaid,2022-03-02,Complete,Active
1981,9147450389,Sneha Garcia,1955-05-21,sneha.garcia7@mail.com,"350 MG Road, Odisha",Odisha,Postpaid,2023-04-23,Complete,Active
1982,9620370383,Reyansh Bhatt,,reyansh.bhatt964@mail.com,"939 Station Rd, Assam",Assam,Prepaid,2019-02-02,Complete,Active
1983,9288974991,Kiran Agarwal,1966-07-05,kiran.agarwal669@webmail.com,"204 Main St, UP East",UP East,Prepaid,2019-12-06,Complete,Active
1984,9181222607,Jennifer Roy,1963-06-06,jennifer.roy958@webmail.com,,Kolkata,Prepaid,2026-12-17,Complete,Active
1985,9374066522,Vivaan Wilson,1968-08-31,vivaan.wilson968@telecomuser.in,,UP East,Prepaid,2025-12-31,Complete,Active
1986,9100297432,Sanjay Kumar,1985-01-06,sanjay.kumar85@example.com,"39 Main St, Haryana",,Prepaid,2020-09-12,Complete,Active
1987,9045768958,Aditi Kapoor,2000-07-16,aditi.kapoor367@mail.com,"615 MG Road, Karnataka",Karnataka,Prepaid,2020-01-09,Complete,Active
1988,9979932880,Sneha Iyer,1991-07-29,sneha.iyer798@mail.com,"403 Station Rd, Punjab",Punjab,Postpaid,2020-11-12,Expired,Active
1989,9108676030,Joseph Mukherjee,1983-09-04,,,Haryana,Postpaid,2020-04-14,Complete,Active
1990,9786128893,Linda Chopra,1963-01-08,linda.chopra740@example.com,,Delhi,Prepaid,2025-03-15,Complete,Active
1991,9098505926,Amit Williams,1971-02-14,amit.williams637@example.com,"946 Park Ave, Delhi",Delhi,Prepaid,2019-12-29,Complete,Active
1992,9190709640,Barbara Miller,1996-03-02,barbara.miller788@telecomuser.in,"893 Park Ave, Mumbai",Mumbai,Prepaid,2019-12-28,Complete,Active
1993,9527284966,Ishaan Reddy,1966-03-13,ishaan.reddy684@mail.com,"486 Church St, Gujarat",Gujarat,Prepaid,,Complete,Active
1994,9448548158,Karen Bhatt,2002-03-09,karen.bhatt26@telecomuser.in,,UP East,Postpaid,2023-07-03,Complete,Active
1995,9445606160,Jennifer Pillai,2004-05-15,jennifer.pillai475@example.com,"248 Park Ave, Kolkata",Kolkata,Prepaid,2025-12-24,Complete,Active
1996,9498308937,,,,"128 Church St, Punjab",Punjab,Postpaid,2024-05-31,Complete,Active
1997,9085933854,Linda Bansal,1958-07-14,,"5 Station Rd, Delhi",Delhi,Prepaid,2021-01-11,Complete,Active
1998,9846966750,Susan Rao,1956-03-08,,"506 Park Ave, Delhi",Delhi,Postpaid,,Complete,Active
1999,9112168601,Mary Smith,1956-10-11,mary.smith805@telecomuser.in,"667 Church St, UP East",UP East,Postpaid,2023-01-28,Complete,Suspended
2000,9720847062,David Garcia,1991-08-09,david.garcia262@webmail.com,,UP East,Prepaid,2026-03-30,Complete,Suspended
2001,9230345583,Priya Shah,1981-08-13,priya.shah678@mail.com,"671 Station Rd, West Bengal",West Bengal,Prepaid,2024-07-18,Complete,Suspended
2002,9852064349,Riya Bhatt,1991-08-26,riya.bhatt673@mail.com,"308 MG Road, Rajasthan",Rajasthan,Postpaid,2026-09-29,Complete,Active
2003,9377309012,Richard Sharma,,richard.sharma940@mail.com,"777 MG Road, Chennai",Chennai,Postpaid,2024-06-30,Pending,Active
2004,9527366290,Anjali Chatterjee,1958-06-13,anjali.chatterjee308@example.com,"674 MG Road, Mumbai",Mumbai,Prepaid,2021-07-18,Pending,Active
2005,9426622487,Patricia Reddy,1976-06-10,patricia.reddy282@example.com,"411 Park Ave, Kerala",Kerala,Prepaid,2025-03-08,Complete,Active
2006,9983654556,Amit Patel,1993-09-13,amit.patel599@example.com,"81 Church St, Tamil Nadu",Tamil Nadu,Postpaid,2023-01-04,Complete,Active
2007,9669445142,Reyansh Iyer,1983-06-25,reyansh.iyer987@telecomuser.in,"780 Church St, Kerala",Kerala,Prepaid,2019-04-28,Complete,Active
2008,9574159426,Vivaan Bhatt,1985-02-22,vivaan.bhatt763@webmail.com,"319 Park Ave, Delhi",,Prepaid,2025-08-14,Complete,Suspended
2009,9167460172,Charles Brown,2002-08-08,charles.brown515@telecomuser.in,"674 Park Ave, Karnataka",Karnataka,Prepaid,2021-09-19,Complete,Active
2010,9811712474,Rekha Wilson,,rekha.wilson605@telecomuser.in,,Punjab,Prepaid,2026-12-06,Complete,Active
2011,9462786865,James Reddy,1991-08-09,james.reddy972@example.com,"620 MG Road, Bihar",Bihar,Postpaid,2019-09-21,Pending,Active
2012,9114600526,Swati Jones,2005-11-20,swati.jones454@telecomuser.in,"446 Church St, Bihar",Bihar,Prepaid,2024-10-05,Complete,Active
2013,9428780802,Patricia Joshi,,patricia.joshi761@webmail.com,"574 Church St, Gujarat",Gujarat,Prepaid,2022-06-22,Complete,Suspended
2014,9133706007,Neha Ghosh,1996-03-14,neha.ghosh641@telecomuser.in,,Andhra Pradesh,Prepaid,2019-07-02,Complete,Active
2015,9511071231,Rohan Sharma,2003-01-13,rohan.sharma371@mail.com,"33 Station Rd, Kerala",Kerala,Postpaid,2026-07-15,Complete,Active
2016,9744056667,Joseph Mukherjee,1996-10-17,joseph.mukherjee664@telecomuser.in,"189 Main St, MP",,Prepaid,2026-11-02,Complete,Active
2017,9994423776,Rahul Reddy,1996-02-28,,"904 Station Rd, Tamil Nadu",Tamil Nadu,Prepaid,2022-05-29,Complete,Suspended
2018,9446331140,Richard Nair,1999-12-13,richard.nair867@mail.com,"363 Church St, Kolkata",Kolkata,Postpaid,2023-04-13,Pending,Active
2019,9203205842,Ananya Iyer,1980-11-24,ananya.iyer310@example.com,"908 Church St, UP East",UP East,Prepaid,2019-01-04,Complete,Active
2020,9047616322,Shreya Ghosh,1992-04-16,shreya.ghosh862@example.com,"387 Station Rd, Haryana",Haryana,Prepaid,2024-06-01,Pending,Active
2021,9572054664,Linda Patel,2006-09-25,linda.patel799@mail.com,"117 MG Road, Chennai",Chennai,Prepaid,2021-07-02,Complete,Active
2022,9239105152,Priya Verma,1965-03-31,priya.verma668@webmail.com,,MP,Prepaid,2024-11-02,Complete,Active
2023,9426601811,Elizabeth Ghosh,1992-06-15,elizabeth.ghosh567@example.com,"964 Main St, Tamil Nadu",Tamil Nadu,Prepaid,2026-09-05,Complete,Suspended
2024,9380481498,Diya Ghosh,1982-05-16,diya.ghosh500@mail.com,"73 Main St, Odisha",Odisha,Postpaid,2026-09-26,Complete,Active
2025,9805961284,Sneha Chatterjee,1970-05-29,sneha.chatterjee822@mail.com,"432 Main St, Maharashtra",Maharashtra,Prepaid,2024-11-28,Complete,Active
2026,9706826673,Kiran Kapoor,1992-10-11,kiran.kapoor697@mail.com,"562 Main St, Kolkata",Kolkata,Postpaid,2021-06-11,Complete,Active
2027,9978180673,Arjun Desai,1992-10-07,arjun.desai839@example.com,"724 MG Road, Kerala",Kerala,Prepaid,2023-06-07,Complete,Active
2028,9302722320,Jessica Doe,2001-10-08,jessica.doe794@telecomuser.in,"667 Station Rd, Delhi",Delhi,Prepaid,2025-06-30,Complete,Active
2029,9275761147,Michael Patel,2000-08-05,,"987 Station Rd, Maharashtra",Maharashtra,Postpaid,2024-05-12,Complete,Active
2030,9679711118,Robert Wilson,1975-08-05,robert.wilson422@example.com,"190 MG Road, Gujarat",Gujarat,Prepaid,,Pending,Active
2031,9721758190,Kavya Banerjee,,kavya.banerjee422@webmail.com,"121 Station Rd, Karnataka",Karnataka,Prepaid,2022-01-27,Complete,Active
2032,9233660103,Saanvi Pillai,1960-01-03,saanvi.pillai395@mail.com,"28 MG Road, Karnataka",Karnataka,Prepaid,2025-06-25,Complete,Active
2033,9614746957,Isha Kapoor,1963-05-15,isha.kapoor855@example.com,,Assam,Prepaid,2025-12-19,Complete,Active
2034,9326104172,Patricia Bansal,2003-05-04,patricia.bansal264@mail.com,"105 Station Rd, West Bengal",West Bengal,Postpaid,2019-06-02,Complete,Active
2035,9322719953,Aditi Menon,1956-12-12,aditi.menon168@telecomuser.in,"649 Station Rd, Assam",Assam,Postpaid,2024-05-18,Complete,Suspended
2036,9249843308,Aditya Desai,2004-04-17,aditya.desai39@example.com,"349 Park Ave, Kolkata",Kolkata,Prepaid,2022-01-30,Expired,Active
2037,9643945620,Ravi Verma,1993-11-13,ravi.verma867@example.com,"930 Main St, Bihar",Bihar,Postpaid,2024-11-14,Complete,Suspended
2038,9791384703,Kiran Sen,1963-08-10,kiran.sen268@telecomuser.in,"210 Park Ave, Kerala",Kerala,Postpaid,2026-03-05,Expired,Active
2039,9389270348,Isha Smith,1959-02-01,isha.smith923@telecomuser.in,"446 Main St, Assam",Assam,Postpaid,2022-09-18,Complete,Active
2040,9983962374,Thomas Mukherjee,1981-12-28,thomas.mukherjee645@example.com,"530 Park Ave, Gujarat",Gujarat,Postpaid,2025-04-09,Pending,Active
2041,9152707815,Amit Patel,1973-09-11,,"881 Park Ave, Odisha",Odisha,Postpaid,2024-02-26,Complete,Active
2042,9483401426,Rekha Desai,1988-11-13,rekha.desai239@mail.com,,Karnataka,Prepaid,2023-12-07,Complete,Active
2043,9770888384,Diya Ghosh,1989-10-27,diya.ghosh456@webmail.com,"522 Station Rd, Delhi",Delhi,Prepaid,2024-06-23,Complete,Active
2044,9473222253,Elizabeth Chopra,1996-03-29,elizabeth.chopra986@example.com,"488 Church St, Gujarat",Gujarat,Prepaid,2021-12-22,Pending,Active
2045,9843341034,Charles Malhotra,,charles.malhotra659@example.com,"872 Park Ave, Kolkata",Kolkata,Postpaid,2023-01-02,Complete,Active
2046,9773593633,Priya Iyer,1993-07-24,priya.iyer883@example.com,"478 Main St, Rajasthan",Rajasthan,Prepaid,2019-09-03,Complete,Active
2047,9573406557,Sai Patel,1983-07-22,sai.patel807@webmail.com,"437 Main St, UP East",UP East,Prepaid,2020-01-16,Complete,Active
2048,9440774688,Rohan Wilson,,rohan.wilson378@mail.com,"601 Park Ave, Chennai",,Prepaid,2020-11-03,Complete,Active
2049,9017498386,Deepak Joshi,1961-01-07,deepak.joshi69@telecomuser.in,"545 Church St, Karnataka",Karnataka,Prepaid,2021-09-24,Complete,Active
2050,9047322311,Riya Reddy,,riya.reddy939@mail.com,"493 MG Road, Odisha",Odisha,Postpaid,2026-08-25,Complete,Active
2051,9498400235,Rohan Chatterjee,1972-07-19,rohan.chatterjee791@webmail.com,"358 MG Road, Karnataka",Karnataka,Postpaid,2023-02-02,Complete,Active
2052,9463668576,Sarah Mehta,2004-09-13,sarah.mehta370@telecomuser.in,"386 Church St, Tamil Nadu",Tamil Nadu,Prepaid,2021-04-21,Expired,Active
2053,9259087799,Meera Mukherjee,1966-05-28,meera.mukherjee320@mail.com,"706 Station Rd, Tamil Nadu",Tamil Nadu,Prepaid,2021-09-18,Expired,Active
2054,9871034100,Sai Chopra,1984-10-25,sai.chopra372@telecomuser.in,"976 Main St, Delhi",Delhi,Prepaid,2022-06-12,Complete,Active
2055,9560097356,Ravi Ghosh,1993-10-08,ravi.ghosh334@telecomuser.in,"123 Station Rd, Punjab",Punjab,Prepaid,2020-08-02,Complete,Active
2056,9921469980,Sarah Mukherjee,1989-02-20,sarah.mukherjee18@example.com,,Odisha,Prepaid,2020-05-20,Complete,Active
2057,9891083617,Nisha Mukherjee,1957-09-25,nisha.mukherjee509@telecomuser.in,"764 Main St, Karnataka",,Prepaid,2026-02-10,Complete,Suspended
2058,9647547109,Sarah Shah,1999-04-05,sarah.shah825@telecomuser.in,"962 Main St, Bihar",Bihar,Prepaid,2021-02-01,Pending,Active
2059,9398809993,Aditya Agarwal,1970-07-26,aditya.agarwal269@mail.com,,West Bengal,Postpaid,2023-06-23,Complete,Active
2060,9370869533,Aditi Gupta,1989-11-22,aditi.gupta442@telecomuser.in,"528 Station Rd, Gujarat",Gujarat,Prepaid,2023-04-10,Complete,Active
2061,9968039419,Vivaan Patel,1972-05-12,vivaan.patel945@example.com,"284 Church St, Kolkata",Kolkata,Prepaid,2019-03-05,Complete,Active
2062,9377857775,Nisha Agarwal,1965-12-12,nisha.agarwal981@example.com,"452 MG Road, Punjab",Punjab,Prepaid,2023-08-02,Complete,Active
2063,9832630587,John Brown,1992-02-17,john.brown390@telecomuser.in,"608 MG Road, Andhra Pradesh",Andhra Pradesh,Prepaid,2026-06-10,Complete,Suspended
2064,9515075130,Kiran Menon,1981-09-26,kiran.menon497@webmail.com,"515 Main St, MP",MP,Prepaid,2025-03-09,Complete,Suspended
2065,9758412604,James Menon,1969-03-26,james.menon282@webmail.com,"989 Park Ave, Bihar",Bihar,Postpaid,2022-04-07,Expired,Active
2066,9894317164,Isha Shah,1986-11-26,isha.shah786@example.com,"319 Main St, UP West",UP West,Prepaid,2021-08-31,Pending,Active
2067,9852780178,Joseph Pillai,1968-12-04,joseph.pillai149@telecomuser.in,,Rajasthan,Postpaid,2026-06-07,Complete,Active
2068,9406746988,Neha Sharma,1972-08-19,neha.sharma74@example.com,"892 MG Road, Haryana",Haryana,Prepaid,2024-11-28,Complete,Suspended
2069,9493283580,Sneha Shah,1991-02-23,sneha.shah508@mail.com,,Haryana,Prepaid,2022-05-09,Complete,Active
2070,9515947915,Ananya Patel,1987-01-24,ananya.patel571@mail.com,"690 Church St, Mumbai",Mumbai,Postpaid,2020-01-01,Pending,Active
2071,9426362705,Vivaan Doe,1962-05-17,vivaan.doe622@example.com,"495 Park Ave, Bihar",Bihar,Prepaid,2022-02-09,Complete,Active
2072,9612196177,Michael Menon,1997-09-10,michael.menon445@webmail.com,"597 Main St, Haryana",Haryana,Prepaid,2025-11-14,Complete,Active
2073,9282756188,Rohan Sharma,1978-10-31,rohan.sharma499@example.com,"306 Main St, Gujarat",Gujarat,Prepaid,2020-05-26,Expired,Active
2074,9196487626,David Desai,1998-05-26,david.desai966@telecomuser.in,"345 Church St, Odisha",Odisha,Prepaid,2026-02-09,Complete,Active
2075,9583261859,Vivaan Davis,1985-11-11,vivaan.davis853@telecomuser.in,"101 Church St, Odisha",Odisha,Prepaid,2024-12-14,Complete,Active
2076,9674276930,,1990-12-04,,"649 Main St, Bihar",Bihar,Postpaid,2024-06-26,Complete,Active
2077,9691333074,William Das,,william.das624@mail.com,"20 Main St, Tamil Nadu",Tamil Nadu,Prepaid,,Complete,Active
2078,9403565445,Rahul Pillai,1990-09-11,rahul.pillai113@mail.com,"593 MG Road, West Bengal",West Bengal,Postpaid,2023-10-04,Complete,Active
2079,9314936354,Ravi Iyer,2003-04-19,ravi.iyer991@example.com,"840 Main St, West Bengal",West Bengal,Prepaid,2021-02-15,Complete,Active
2080,9816924624,Nisha Ghosh,1960-08-11,nisha.ghosh533@telecomuser.in,"721 Main St, Maharashtra",Maharashtra,Postpaid,2021-07-24,Complete,Active
2081,9438301819,Jessica Doe,1978-09-21,jessica.doe145@example.com,"400 Church St, Odisha",Odisha,Prepaid,2026-07-16,Complete,Active
2082,9806188014,Nisha Rao,1982-06-19,nisha.rao463@telecomuser.in,"387 Park Ave, Rajasthan",Rajasthan,Prepaid,2022-07-22,Complete,Suspended
2083,9107589329,Vivaan Menon,1973-06-27,vivaan.menon707@example.com,"858 Church St, Bihar",Bihar,Postpaid,2022-02-18,Pending,Suspended
2084,9261925139,Krishna Joshi,2003-08-07,krishna.joshi12@webmail.com,"494 Church St, Odisha",Odisha,Prepaid,2025-06-05,Complete,Active
2085,9649241604,Linda Singh,1971-08-24,linda.singh151@webmail.com,,Assam,Prepaid,2026-05-14,Complete,Active
2086,9822818672,Saanvi Reddy,1962-06-23,saanvi.reddy736@telecomuser.in,"624 Main St, Gujarat",Gujarat,Postpaid,2025-05-20,Complete,Active
2087,9740236194,Anjali Singh,1988-07-13,anjali.singh193@example.com,"146 Station Rd, Assam",Assam,Postpaid,2020-12-18,Complete,Active
2088,9256318940,Deepak Miller,1957-04-01,deepak.miller376@webmail.com,"11 MG Road, Odisha",Odisha,Postpaid,2023-02-16,Complete,Active
2089,9818603288,Amit Desai,1974-07-12,amit.desai126@telecomuser.in,,Kerala,Prepaid,2019-12-29,Complete,Active
2090,9153954593,Rekha Dutta,1999-03-23,,"197 Main St, Mumbai",Mumbai,Prepaid,2025-06-05,Complete,Active
2091,9960035265,Kavya Roy,1978-03-23,kavya.roy783@webmail.com,"476 Church St, Bihar",Bihar,Prepaid,2022-06-24,Complete,Suspended
2092,9897468864,Isha Kapoor,1992-09-12,isha.kapoor342@webmail.com,"918 Park Ave, MP",MP,Prepaid,2022-05-22,Complete,Suspended
2093,9857972103,,1980-12-21,,,Chennai,Prepaid,2025-07-02,Complete,Active
2094,9481095383,Suresh Ghosh,1968-06-11,suresh.ghosh156@webmail.com,"216 Park Ave, Kolkata",Kolkata,Prepaid,2019-04-12,Complete,Active
2095,9626534835,Karen Ghosh,,karen.ghosh801@webmail.com,"640 Church St, Delhi",Delhi,Postpaid,2023-03-15,Complete,Active
2096,9258124177,David Patel,,david.patel367@mail.com,,Assam,Prepaid,2019-05-14,Complete,Suspended
2097,9612267016,Meera Shah,1990-12-27,meera.shah855@example.com,"580 Park Ave, UP East",UP East,Postpaid,,Complete,Active
2098,9148313134,Aditya Mukherjee,1978-10-07,aditya.mukherjee295@telecomuser.in,"252 Main St, Haryana",Haryana,Prepaid,2024-11-01,Complete,Active
2099,9399502473,Amit Verma,1993-01-23,amit.verma558@webmail.com,"44 MG Road, Kerala",Kerala,Postpaid,2021-10-17,Pending,Suspended
2100,9086734425,Ishaan Williams,2005-10-07,ishaan.williams164@webmail.com,"509 MG Road, Odisha",Odisha,Postpaid,2020-10-07,Complete,Active
2101,9718463342,Shreya Jones,1997-04-03,,"184 Station Rd, Delhi",Delhi,Prepaid,2019-03-28,Complete,Active
2102,9770833235,David Singh,,david.singh426@webmail.com,,Bihar,Postpaid,2022-12-27,Complete,Active
2103,9521083493,Karen Chopra,2006-05-24,karen.chopra146@webmail.com,"222 Church St, Assam",Assam,Prepaid,2019-12-27,Pending,Active
2104,9911426376,Reyansh Banerjee,,reyansh.banerjee509@webmail.com,"686 MG Road, MP",,Prepaid,2020-06-19,Complete,Active
2105,9173279402,Priya Doe,2000-05-08,priya.doe352@example.com,"937 Park Ave, West Bengal",West Bengal,Prepaid,2025-10-11,Complete,Active
2106,9699484617,Diya Bansal,1996-12-18,diya.bansal163@webmail.com,"616 Main St, West Bengal",West Bengal,Prepaid,2020-12-29,Complete,Active
2107,9974476741,Saanvi Chopra,1972-09-21,saanvi.chopra881@telecomuser.in,"532 Church St, Bihar",Bihar,Postpaid,2024-05-05,Complete,Suspended
2108,9782560190,Neha Williams,1981-08-18,neha.williams596@webmail.com,"642 Main St, Delhi",Delhi,Prepaid,,Complete,Active
2109,9441846981,Rohan Gupta,1975-09-20,,"946 Main St, Rajasthan",Rajasthan,Postpaid,2021-09-17,Complete,Active
2110,9711304849,,,,"817 MG Road, Chennai",Chennai,Prepaid,2022-01-22,Complete,Active
2111,9152777669,Pooja Patel,1977-05-10,pooja.patel809@example.com,"788 MG Road, UP West",UP West,Prepaid,2023-07-08,Complete,Active
2112,9260090340,Saanvi Bansal,2000-02-24,saanvi.bansal326@telecomuser.in,"732 Park Ave, Delhi",Delhi,Prepaid,2024-07-11,Complete,Active
2113,9774389219,Anil Davis,,anil.davis758@mail.com,"886 MG Road, Kolkata",Kolkata,Postpaid,2024-04-04,Complete,Active
2114,9427582923,Linda Malhotra,,linda.malhotra318@webmail.com,,Kerala,Postpaid,2019-03-30,Complete,Active
2115,9181233002,Reyansh Verma,1963-01-20,reyansh.verma333@telecomuser.in,"56 Station Rd, MP",MP,Prepaid,2019-08-03,Complete,Active
2116,9662330633,Rahul Kapoor,1958-03-12,rahul.kapoor601@example.com,,Gujarat,Postpaid,2019-03-29,Complete,Active
2117,9739996816,Rahul Chatterjee,1965-11-17,rahul.chatterjee443@webmail.com,"982 Station Rd, Kerala",Kerala,Prepaid,2021-10-04,Complete,Active
2118,9148065394,Aarav Sharma,1961-07-25,aarav.sharma158@telecomuser.in,,Chennai,Prepaid,2026-06-27,Complete,Active
2119,9401290907,Aditya Patel,1992-06-18,aditya.patel751@example.com,"498 Station Rd, Andhra Pradesh",Andhra Pradesh,Prepaid,2021-04-28,Complete,Active
2120,9863254577,Jennifer Chatterjee,1959-02-08,jennifer.chatterjee677@example.com,"410 Station Rd, Haryana",Haryana,Prepaid,2024-11-16,Complete,Active
2121,9148791684,Ravi Malhotra,1980-05-13,,"983 Station Rd, Mumbai",Mumbai,Postpaid,2024-11-01,Complete,Active
2122,9936325482,Nisha Gupta,1988-12-29,nisha.gupta461@webmail.com,"346 Church St, Assam",Assam,Prepaid,2023-11-01,Complete,Active
2123,9782390064,Rohan Verma,1967-01-31,rohan.verma439@telecomuser.in,"246 Church St, Maharashtra",Maharashtra,Prepaid,2026-08-05,Complete,Active
2124,9645143560,Meera Kumar,1988-08-21,meera.kumar346@telecomuser.in,"351 Park Ave, Delhi",Delhi,Prepaid,2019-05-30,Complete,Active
2125,9528445430,Priya Agarwal,1974-09-19,priya.agarwal29@example.com,,Karnataka,Prepaid,2025-12-08,Pending,Suspended
2126,9492459494,Kiran Wilson,1972-06-18,kiran.wilson161@webmail.com,,Andhra Pradesh,Prepaid,2019-01-18,Complete,Active
2127,9182374891,Ramesh Brown,1958-11-25,ramesh.brown946@example.com,"791 Station Rd, Kerala",Kerala,Prepaid,2023-07-07,Complete,Active
2128,9882152260,Patricia Chopra,1984-04-12,patricia.chopra627@webmail.com,"830 Park Ave, Assam",Assam,Prepaid,2021-11-29,Complete,Active
2129,9581082032,Linda Nair,1957-10-31,linda.nair696@webmail.com,"832 Main St, Kolkata",Kolkata,Postpaid,2021-10-15,Complete,Active
2130,9304705811,Patricia Wilson,1983-04-16,patricia.wilson980@webmail.com,"147 Park Ave, Chennai",Chennai,Prepaid,2021-05-15,Complete,Suspended
2131,9200751886,Amit Patel,1975-10-07,amit.patel456@example.com,"318 Park Ave, Mumbai",Mumbai,Prepaid,2025-06-03,Complete,Active
2132,9894284201,Suresh Mukherjee,1997-07-04,suresh.mukherjee469@mail.com,"615 Park Ave, MP",MP,Prepaid,2021-06-30,Complete,Suspended
2133,9426694626,Anil Wilson,1971-09-03,anil.wilson987@webmail.com,"854 Church St, Mumbai",,Prepaid,2024-01-21,Complete,Suspended
2134,9753930809,Michael Menon,1963-06-28,michael.menon406@mail.com,,,Prepaid,2024-11-04,Complete,Active
2135,9836552200,Anil Reddy,,,"5 Main St, Bihar",Bihar,Postpaid,2021-06-27,Complete,Active
2136,9958894190,William Sen,1958-04-11,william.sen175@example.com,"294 Park Ave, Rajasthan",Rajasthan,Postpaid,2025-08-21,Complete,Active
2137,9265679931,Reyansh Doe,1957-05-18,reyansh.doe369@mail.com,"898 Main St, Mumbai",Mumbai,Postpaid,2021-01-07,Complete,Active
2138,9377966414,Barbara Bansal,1968-11-19,barbara.bansal735@webmail.com,"812 Station Rd, Maharashtra",Maharashtra,Postpaid,2022-09-11,Expired,Active
2139,9686340799,Priya Nair,1998-03-17,priya.nair451@webmail.com,"7 Park Ave, UP West",UP West,Prepaid,2021-07-26,Complete,Active
2140,9181106569,Meera Das,1973-09-19,meera.das16@webmail.com,,Punjab,Prepaid,2024-06-13,Complete,Suspended
2141,9526480539,Rohan Banerjee,1959-11-30,rohan.banerjee399@mail.com,"50 Main St, Mumbai",Mumbai,Postpaid,2019-08-15,Complete,Active
2142,9005122765,Sai Kapoor,,sai.kapoor671@mail.com,"875 Park Ave, Odisha",Odisha,Prepaid,2019-07-29,Complete,Active
2143,9875416206,Sneha Dutta,1976-12-24,sneha.dutta877@webmail.com,"993 Park Ave, West Bengal",West Bengal,Prepaid,2019-10-22,Complete,Active
2144,9114759813,John Kapoor,1968-12-14,john.kapoor783@telecomuser.in,,UP West,Prepaid,2026-01-06,Complete,Active
2145,9840225052,Amit Iyer,2002-11-16,amit.iyer825@webmail.com,"180 Church St, Tamil Nadu",Tamil Nadu,Prepaid,2025-10-14,Complete,Active
2146,9811167262,Patricia Sen,2003-08-21,patricia.sen894@example.com,"77 Park Ave, Tamil Nadu",Tamil Nadu,Prepaid,,Complete,Active
2147,9534037566,Sarah Mukherjee,1969-12-21,sarah.mukherjee952@webmail.com,"945 Park Ave, Kerala",Kerala,Postpaid,,Complete,Suspended
2148,9941173721,Arjun Williams,1970-09-20,arjun.williams674@telecomuser.in,"975 Church St, Kolkata",Kolkata,Prepaid,2025-05-28,Complete,Active
2149,9983356172,Arjun Doe,1990-02-15,arjun.doe13@webmail.com,"436 MG Road, Odisha",Odisha,Prepaid,2023-11-01,Complete,Active
2150,9928200032,Kiran Rao,1969-11-26,kiran.rao524@mail.com,"819 Main St, Kerala",,Prepaid,2024-11-19,Complete,Active
2151,9479723140,Elizabeth Verma,1967-05-11,elizabeth.verma850@telecomuser.in,"699 MG Road, UP West",UP West,Postpaid,2021-05-07,Complete,Active
2152,9173360980,Saanvi Williams,1966-07-25,saanvi.williams213@mail.com,"215 Church St, Mumbai",,Prepaid,2022-08-12,Complete,Active
2153,9509668614,Nisha Nair,2006-06-02,nisha.nair886@example.com,"727 Church St, UP West",UP West,Prepaid,2023-10-13,Complete,Active
2154,9460203900,Anil Desai,1955-05-21,,"808 Park Ave, Punjab",Punjab,Prepaid,2020-01-25,Complete,Active
2155,9546552108,Patricia Ghosh,1992-04-17,,"126 Park Ave, Maharashtra",Maharashtra,Postpaid,2026-10-30,Complete,Active
2156,9699381443,Neha Kumar,1982-06-17,neha.kumar179@webmail.com,"611 Park Ave, Maharashtra",,Prepaid,2022-09-12,Complete,Active
2157,9368475100,Shreya Davis,,shreya.davis931@telecomuser.in,"913 Station Rd, Assam",,Postpaid,2025-02-04,Complete,Active
2158,9839192936,Richard Banerjee,1971-03-30,,"578 Church St, West Bengal",West Bengal,Prepaid,2019-12-28,Complete,Active
2159,9455033418,Barbara Reddy,1989-11-26,,"992 Station Rd, West Bengal",West Bengal,Postpaid,,Complete,Suspended
2160,9691727530,Neha Dutta,1961-04-24,neha.dutta8@mail.com,"288 Church St, MP",MP,Postpaid,2025-06-01,Complete,Active
2161,9585469699,Isha Malhotra,1998-07-31,isha.malhotra904@telecomuser.in,"375 Station Rd, Odisha",Odisha,Prepaid,2020-03-05,Complete,Active
2162,9794609564,Riya Wilson,1981-08-30,riya.wilson474@telecomuser.in,"891 Park Ave, Rajasthan",Rajasthan,Postpaid,,Complete,Suspended
2163,9143736243,Robert Das,,robert.das256@telecomuser.in,"215 Station Rd, Odisha",Odisha,Postpaid,2025-05-14,Complete,Active
2164,9679384794,Patricia Jones,,patricia.jones844@telecomuser.in,"694 Main St, Punjab",Punjab,Postpaid,2023-12-19,Complete,Active
2165,9649096166,,1974-07-20,,"203 Station Rd, Maharashtra",Maharashtra,Prepaid,2023-08-02,Complete,Active
2166,9156010918,Rahul Chopra,1976-05-05,rahul.chopra829@telecomuser.in,,Chennai,Prepaid,2021-02-10,Complete,Active
2167,9242730233,Aditya Rao,,aditya.rao258@webmail.com,,UP West,Prepaid,2023-01-16,Complete,Active
2168,9711526064,Mary Sharma,1984-02-25,,"928 MG Road, Tamil Nadu",Tamil Nadu,Prepaid,2026-04-12,Complete,Active
2169,9032536933,Swati Menon,,swati.menon723@mail.com,"512 Church St, Mumbai",Mumbai,Prepaid,2022-06-30,Pending,Active
2170,9648170640,Joseph Bhatt,1988-10-28,joseph.bhatt971@mail.com,"18 MG Road, Kolkata",Kolkata,Prepaid,2023-12-25,Complete,Active
2171,9017069079,Diya Gupta,,diya.gupta259@mail.com,"469 Church St, Delhi",Delhi,Postpaid,2023-04-16,Complete,Active
2172,9667856871,Mary Wilson,1955-03-22,mary.wilson26@mail.com,"178 Church St, Kerala",,Prepaid,2020-08-18,Complete,Active
2173,9424025458,Jessica Jones,1960-07-29,jessica.jones163@mail.com,"851 Main St, Odisha",Odisha,Postpaid,2025-06-21,Complete,Suspended
2174,9273518405,Jennifer Verma,1978-10-19,jennifer.verma939@telecomuser.in,"182 Park Ave, Haryana",Haryana,Prepaid,2021-10-23,Complete,Active
2175,9500664448,Sai Rao,2001-02-09,sai.rao977@webmail.com,"314 MG Road, Assam",Assam,Prepaid,2024-09-30,Complete,Active
2176,9477724014,Deepak Gupta,1990-09-09,deepak.gupta814@example.com,"388 Park Ave, UP East",UP East,Postpaid,2023-02-15,Complete,Active
2177,9511172539,Neha Patel,1956-08-13,,"570 Park Ave, Chennai",Chennai,Prepaid,,Complete,Active
2178,9676483041,Pooja Agarwal,,pooja.agarwal999@webmail.com,"750 Church St, West Bengal",West Bengal,Prepaid,2022-04-17,Complete,Active
2179,9300890484,Vivaan Joshi,,,"579 Church St, Punjab",Punjab,Postpaid,2026-11-20,Complete,Active
2180,9091949746,Michael Menon,1992-11-18,michael.menon767@webmail.com,"355 MG Road, Kerala",Kerala,Postpaid,2021-11-22,Complete,Active
2181,9241722978,Jessica Chopra,1975-08-13,jessica.chopra816@webmail.com,"790 Station Rd, Kolkata",Kolkata,Prepaid,2023-03-24,Complete,Active
2182,9537845032,Divya Johnson,,divya.johnson528@example.com,,Haryana,Prepaid,2026-07-23,Complete,Active
2183,9355413214,Reyansh Nair,1960-02-03,reyansh.nair820@telecomuser.in,"986 Station Rd, Karnataka",Karnataka,Postpaid,2025-11-02,Complete,Suspended
2184,9321284528,Robert Chopra,2002-09-19,,"152 Church St, Andhra Pradesh",Andhra Pradesh,Prepaid,2024-07-21,Complete,Active
2185,9335158995,Sunita Rao,1980-04-16,sunita.rao624@telecomuser.in,"458 Park Ave, Rajasthan",Rajasthan,Prepaid,2024-02-10,Expired,Active
2186,9524712013,Neha Chatterjee,1971-03-26,neha.chatterjee635@webmail.com,"665 Station Rd, Odisha",Odisha,Postpaid,2024-04-11,Complete,Active
2187,9587920991,Robert Malhotra,1955-04-17,robert.malhotra187@webmail.com,"680 Main St, Haryana",Haryana,Prepaid,2021-10-17,Complete,Active
2188,9129226473,Susan Singh,1991-09-30,susan.singh140@webmail.com,"889 Main St, Gujarat",Gujarat,Postpaid,,Complete,Active
2189,9589107492,Linda Roy,1970-10-24,linda.roy70@webmail.com,"292 Park Ave, Kerala",Kerala,Postpaid,2019-09-14,Complete,Active
2190,9626485470,Arjun Pillai,1981-10-22,arjun.pillai526@telecomuser.in,"363 Church St, Gujarat",Gujarat,Postpaid,2019-04-28,Complete,Active
2191,9611995540,Linda Wilson,2002-03-10,linda.wilson550@mail.com,"710 Station Rd, Kerala",Kerala,Prepaid,,Complete,Active
2192,9681659078,Ananya Verma,1993-10-23,ananya.verma301@webmail.com,,Bihar,Postpaid,2020-07-11,Complete,Active
2193,9634579715,Manoj Jones,1979-02-06,manoj.jones980@example.com,"187 Station Rd, UP West",UP West,Prepaid,2022-11-22,Complete,Active
2194,9963281918,Sneha Gupta,,sneha.gupta544@telecomuser.in,"482 MG Road, Kolkata",Kolkata,Prepaid,2026-02-18,Complete,Active
2195,9588907707,Amit Menon,1991-10-31,amit.menon593@mail.com,"665 Main St, Bihar",Bihar,Prepaid,2025-04-04,Complete,Suspended
2196,9356836237,Vijay Garcia,,vijay.garcia528@telecomuser.in,"765 Church St, Rajasthan",Rajasthan,Prepaid,2020-12-31,Complete,Active
2197,9626346064,James Wilson,1983-01-23,james.wilson982@telecomuser.in,"33 Church St, Rajasthan",Rajasthan,Prepaid,2021-04-25,Complete,Active
2198,9729501750,Rohan Williams,1986-12-04,rohan.williams329@example.com,"794 Main St, Assam",,Postpaid,2023-02-08,Complete,Active
2199,9283416454,Karen Mukherjee,1993-09-17,karen.mukherjee474@telecomuser.in,"684 Park Ave, Kolkata",Kolkata,Prepaid,2025-11-10,Complete,Suspended
2200,9038261701,Susan Agarwal,2005-03-01,susan.agarwal965@telecomuser.in,"135 Park Ave, Haryana",Haryana,Postpaid,2026-07-02,Complete,Active
2201,9570600612,Sneha Agarwal,1983-09-05,sneha.agarwal42@mail.com,"485 Church St, Andhra Pradesh",Andhra Pradesh,Postpaid,2019-04-16,Complete,Active
2202,9191762701,Susan Agarwal,,susan.agarwal792@mail.com,"660 Main St, Punjab",Punjab,Prepaid,2019-12-29,Complete,Suspended
2203,9381435728,Meera Patel,1976-03-26,meera.patel310@telecomuser.in,"567 Station Rd, Karnataka",Karnataka,Postpaid,2022-05-24,Complete,Active
2204,9287426641,Shreya Ghosh,1999-04-13,shreya.ghosh119@mail.com,"27 MG Road, Andhra Pradesh",Andhra Pradesh,Postpaid,2024-08-20,Complete,Active
2205,9053069055,Vijay Ghosh,1987-05-04,vijay.ghosh845@example.com,"890 Station Rd, Kolkata",,Prepaid,2021-02-26,Complete,Suspended
2206,9760924830,Karen Singh,1962-08-19,,"924 Station Rd, Assam",Assam,Prepaid,2024-05-16,Complete,Active
2207,9817708292,Vivaan Smith,,vivaan.smith789@webmail.com,"847 Church St, Delhi",Delhi,Postpaid,2026-12-07,Complete,Active
2208,9287238695,Michael Kumar,1994-06-06,michael.kumar978@example.com,"627 Church St, Kolkata",Kolkata,Prepaid,2024-03-05,Complete,Active
2209,9645836279,Robert Dutta,,robert.dutta536@telecomuser.in,"594 Church St, Mumbai",Mumbai,Prepaid,2025-04-10,Complete,Active
2210,9220735426,Anjali Chopra,1970-05-08,anjali.chopra615@telecomuser.in,"505 MG Road, Kolkata",Kolkata,Postpaid,2025-01-27,Complete,Active
2211,9397391615,Vivaan Malhotra,2001-08-06,vivaan.malhotra439@mail.com,"931 MG Road, Assam",Assam,Prepaid,2025-04-23,Complete,Active
2212,9950644548,Deepak Doe,1978-11-04,,"134 Main St, Karnataka",Karnataka,Prepaid,2020-11-21,Complete,Active
2213,9025017273,Krishna Bansal,1989-01-09,krishna.bansal425@example.com,"105 Park Ave, Tamil Nadu",Tamil Nadu,Prepaid,2023-03-17,Complete,Active
2214,9170336332,Kiran Bhatt,1977-12-02,kiran.bhatt512@mail.com,"827 Main St, Rajasthan",Rajasthan,Postpaid,2026-02-01,Complete,Active
2215,9356702006,Ishaan Rao,1968-06-10,ishaan.rao820@webmail.com,"704 MG Road, Rajasthan",Rajasthan,Prepaid,2023-12-28,Complete,Active
2216,9355689364,Swati Chopra,2006-06-17,,"34 Station Rd, West Bengal",West Bengal,Prepaid,2021-11-29,Complete,Active
2217,9928651744,,1998-09-10,,"344 Main St, Kolkata",Kolkata,Prepaid,2021-11-10,Complete,Active
2218,9431076863,Pooja Menon,1955-09-12,pooja.menon425@example.com,"664 Church St, Karnataka",Karnataka,Prepaid,2022-03-11,Complete,Active
2219,9131422127,William Patel,1959-02-22,,"570 Main St, Bihar",Bihar,Postpaid,2026-05-11,Complete,Active
2220,9070299550,Riya Joshi,1976-12-31,riya.joshi793@telecomuser.in,,Assam,Prepaid,2024-12-30,Complete,Active
2221,9865560183,William Doe,1962-06-05,william.doe905@mail.com,"856 Station Rd, Karnataka",Karnataka,Postpaid,2026-07-28,Pending,Active
2222,9299451409,Vijay Patel,2000-04-16,vijay.patel372@webmail.com,"750 Park Ave, Kerala",Kerala,Prepaid,2026-07-09,Complete,Active
2223,9637296958,Ravi Sharma,,ravi.sharma648@example.com,,Gujarat,Postpaid,2026-04-15,Complete,Active
2224,9097455664,,1987-05-08,,"221 Station Rd, Assam",Assam,Prepaid,2022-06-13,Complete,Active
2225,9597006707,Vivaan Roy,,vivaan.roy541@example.com,"942 Church St, UP West",UP West,Postpaid,2019-05-30,Complete,Active
2226,9709825566,Saanvi Williams,1991-09-23,saanvi.williams631@mail.com,"873 Church St, Delhi",Delhi,Postpaid,2022-10-25,Complete,Active
2227,9436051192,Suresh Sharma,1958-08-15,suresh.sharma784@telecomuser.in,,Andhra Pradesh,Prepaid,2025-11-09,Expired,Active
2228,9283921992,,1957-12-17,,"795 Main St, Rajasthan",Rajasthan,Prepaid,2024-10-10,Complete,Active
2229,9234135465,,1987-02-18,,"741 Church St, UP East",UP East,Prepaid,2023-11-15,Complete,Suspended
2230,9153477217,Isha Smith,1971-09-16,isha.smith105@mail.com,,Gujarat,Postpaid,2019-08-06,Complete,Active
2231,9362824218,Krishna Williams,2001-03-03,krishna.williams376@telecomuser.in,"131 Park Ave, Karnataka",Karnataka,Postpaid,2019-02-21,Complete,Active
2232,9157676195,Vivaan Mukherjee,1986-12-27,vivaan.mukherjee99@mail.com,"811 MG Road, Assam",Assam,Prepaid,2019-05-04,Complete,Active
2233,9646965327,Anjali Malhotra,2006-05-01,,"933 Station Rd, Chennai",Chennai,Postpaid,2021-06-10,Complete,Active
2234,9320578433,James Verma,1956-01-18,james.verma898@webmail.com,"415 Main St, Odisha",Odisha,Prepaid,2024-07-17,Complete,Active
2235,9256415707,Amit Joshi,1997-02-20,amit.joshi106@mail.com,"778 Church St, Kolkata",Kolkata,Postpaid,2025-06-04,Complete,Active
2236,9523505372,Charles Banerjee,1997-02-27,,"55 MG Road, Delhi",Delhi,Prepaid,2024-03-30,Expired,Active
2237,9369337271,Aditi Agarwal,1995-07-21,aditi.agarwal613@mail.com,"684 Church St, UP West",,Prepaid,2025-10-06,Complete,Active
2238,9477728139,Charles Jones,1972-09-26,charles.jones629@telecomuser.in,"94 Church St, Rajasthan",Rajasthan,Postpaid,2025-11-29,Complete,Active
2239,9492976650,Sneha Bhatt,1992-07-17,sneha.bhatt262@telecomuser.in,"706 MG Road, Maharashtra",Maharashtra,Postpaid,2026-12-24,Complete,Active
2240,9563395473,Sai Davis,2003-06-04,sai.davis281@webmail.com,"364 Main St, Rajasthan",Rajasthan,Prepaid,2021-05-27,Complete,Active
2241,9702555628,Ananya Desai,1981-10-01,ananya.desai367@mail.com,"610 Park Ave, UP East",UP East,Prepaid,2026-09-10,Complete,Active
2242,9240528424,Swati Kumar,1991-02-05,swati.kumar471@telecomuser.in,"126 Main St, Kolkata",Kolkata,Prepaid,2022-10-16,Complete,Active
2243,9784337777,Jessica Gupta,,jessica.gupta322@example.com,"221 MG Road, Gujarat",Gujarat,Postpaid,2026-06-02,Complete,Active
2244,9237705747,,1957-10-18,,"877 Church St, West Bengal",West Bengal,Prepaid,2025-04-08,Complete,Active
2245,9602551473,Amit Nair,1974-12-21,amit.nair546@webmail.com,"444 Church St, Odisha",Odisha,Prepaid,,Complete,Suspended
2246,9521895779,Sneha Reddy,1962-07-06,sneha.reddy213@mail.com,"781 MG Road, Karnataka",Karnataka,Prepaid,2019-06-22,Complete,Suspended
2247,9726984694,Anjali Chatterjee,1995-04-12,anjali.chatterjee398@example.com,"708 MG Road, Karnataka",Karnataka,Postpaid,2019-05-15,Complete,Suspended
2248,9958944015,Michael Singh,1965-11-23,michael.singh885@mail.com,"896 Station Rd, Gujarat",Gujarat,Postpaid,2021-01-15,Complete,Active
2249,9775907278,Deepak Jones,2000-04-18,deepak.jones867@example.com,,Kolkata,Prepaid,2023-07-16,Complete,Active
2250,9201078701,Charles Reddy,2004-12-14,charles.reddy262@telecomuser.in,"860 Main St, UP West",UP West,Postpaid,2024-08-08,Pending,Active
2251,9852432804,Patricia Menon,1999-12-29,,"269 Park Ave, Bihar",Bihar,Prepaid,2025-12-07,Complete,Suspended
2252,9364190160,Ravi Roy,1971-01-27,ravi.roy691@mail.com,"295 Church St, Assam",Assam,Prepaid,2025-09-25,Complete,Active
2253,9099456196,Divya Pillai,1956-04-14,divya.pillai133@webmail.com,"981 Church St, Bihar",Bihar,Postpaid,2025-01-21,Complete,Active
2254,9151845996,Aditya Nair,1988-12-14,aditya.nair764@webmail.com,"46 MG Road, Punjab",Punjab,Prepaid,2020-06-25,Complete,Active
2255,9111218305,Divya Wilson,1990-01-12,divya.wilson185@webmail.com,,Delhi,Prepaid,2021-07-21,Complete,Active
2256,9112906826,Ishaan Nair,,,,Kolkata,Prepaid,2020-03-22,Complete,Active
2257,9672099426,Priya Dutta,1998-03-20,priya.dutta706@mail.com,"775 MG Road, Delhi",Delhi,Prepaid,2020-08-26,Complete,Active
2258,9656701006,Barbara Bansal,1991-08-22,barbara.bansal532@webmail.com,"831 MG Road, UP West",UP West,Prepaid,2022-03-02,Complete,Suspended
2259,9847355174,Rahul Bansal,1971-08-29,rahul.bansal208@telecomuser.in,"921 Church St, Karnataka",Karnataka,Postpaid,2025-03-17,Complete,Active
2260,9232719194,Vijay Mukherjee,2002-10-02,vijay.mukherjee307@webmail.com,"458 Main St, Odisha",Odisha,Prepaid,2022-07-07,Complete,Active
2261,9873313711,Aditya Doe,1962-05-17,aditya.doe226@telecomuser.in,,,Prepaid,2022-03-18,Complete,Active
2262,9833739256,Patricia Nair,1987-07-07,patricia.nair909@mail.com,"956 Church St, Kolkata",Kolkata,Prepaid,2019-04-27,Complete,Active
2263,9773254753,Sanjay Singh,2001-12-18,sanjay.singh525@webmail.com,"119 Park Ave, Andhra Pradesh",Andhra Pradesh,Prepaid,2021-06-09,Complete,Suspended
2264,9219509211,Rahul Desai,1994-05-20,,"320 Station Rd, Tamil Nadu",Tamil Nadu,Prepaid,2024-02-27,Complete,Active
2265,9242389306,William Iyer,2004-04-23,william.iyer887@example.com,"131 Main St, Assam",Assam,Postpaid,2024-08-24,Complete,Suspended
2266,9152447228,Richard Banerjee,1993-08-28,richard.banerjee922@example.com,"34 Park Ave, UP East",UP East,Postpaid,2021-04-08,Complete,Suspended
2267,9238285153,Deepak Chatterjee,1978-06-14,deepak.chatterjee894@example.com,"479 Station Rd, Gujarat",Gujarat,Prepaid,2022-06-11,Complete,Active
2268,9236504333,Anjali Banerjee,1978-02-23,anjali.banerjee512@mail.com,"944 Main St, Maharashtra",Maharashtra,Postpaid,2026-09-24,Complete,Active
2269,9134445350,Saanvi Patel,1961-07-19,saanvi.patel794@mail.com,"25 Station Rd, Assam",Assam,Postpaid,2024-07-05,Complete,Active
2270,9608818002,Saanvi Brown,1982-08-13,saanvi.brown423@mail.com,"634 MG Road, MP",MP,Prepaid,2019-02-22,Complete,Suspended
2271,9538388870,Patricia Garcia,1963-01-13,patricia.garcia230@webmail.com,"391 Church St, Mumbai",Mumbai,Prepaid,2021-08-04,Complete,Active
2272,9061874421,Patricia Mukherjee,1994-05-15,patricia.mukherjee934@telecomuser.in,"107 Park Ave, MP",MP,Postpaid,2020-10-04,Complete,Active
2273,9013609628,Elizabeth Ghosh,,elizabeth.ghosh521@webmail.com,"566 Station Rd, Odisha",Odisha,Postpaid,2019-09-15,Complete,Active
2274,9362339888,Aditi Chopra,1991-11-06,aditi.chopra53@webmail.com,"154 Church St, Maharashtra",Maharashtra,Prepaid,2022-12-07,Complete,Active
2275,9775636869,Suresh Chatterjee,1976-05-28,suresh.chatterjee929@webmail.com,"664 Main St, Haryana",Haryana,Prepaid,,Complete,Active
2276,9165285386,Susan Verma,1986-05-07,susan.verma792@example.com,"8 Park Ave, Odisha",Odisha,Prepaid,2023-03-04,Pending,Active
2277,9162637098,,1973-10-02,,"90 Park Ave, Rajasthan",,Postpaid,2026-12-03,Complete,Active
2278,9188458452,Karen Das,1993-04-24,karen.das885@webmail.com,"254 MG Road, Delhi",Delhi,Postpaid,2021-03-16,Complete,Active
2279,9415777280,Diya Smith,1998-04-29,diya.smith699@example.com,"118 Church St, Haryana",Haryana,Prepaid,2024-03-05,Complete,Active
2280,9212842238,William Doe,1973-11-15,william.doe969@example.com,"685 MG Road, West Bengal",West Bengal,Prepaid,2023-07-11,Complete,Active
2281,9444695995,Richard Das,1974-08-06,richard.das193@mail.com,"373 Station Rd, Rajasthan",Rajasthan,Prepaid,2026-07-16,Complete,Active
2282,9294943670,Thomas Gupta,1991-04-15,thomas.gupta122@telecomuser.in,"274 Main St, UP West",UP West,Postpaid,2025-01-12,Complete,Active
2283,9529825744,David Agarwal,1955-08-26,david.agarwal636@telecomuser.in,,Kerala,Prepaid,2024-01-25,Complete,Active
2284,9263929473,Linda Shah,1978-12-20,linda.shah761@telecomuser.in,"205 MG Road, Mumbai",Mumbai,Prepaid,2023-03-03,Complete,Active
2285,9816713290,Rekha Wilson,1972-07-27,rekha.wilson933@mail.com,"362 Park Ave, UP East",UP East,Postpaid,,Complete,Active
2286,9827014901,Rekha Chatterjee,2005-02-05,rekha.chatterjee5@telecomuser.in,,Andhra Pradesh,Prepaid,2026-11-06,Complete,Suspended
2287,9891938702,Sarah Chatterjee,1980-10-29,sarah.chatterjee938@mail.com,"775 Church St, Bihar",Bihar,Postpaid,2024-11-22,Expired,Active
2288,9836283011,Thomas Johnson,1994-03-03,thomas.johnson601@mail.com,"517 Park Ave, Tamil Nadu",Tamil Nadu,Prepaid,2026-09-09,Complete,Active
2289,9573300557,Sunita Menon,1978-06-27,sunita.menon397@webmail.com,,,Postpaid,2025-03-20,Complete,Active
2290,9887512422,Manoj Ghosh,1987-05-25,manoj.ghosh616@telecomuser.in,"378 Park Ave, Maharashtra",Maharashtra,Prepaid,2026-12-25,Complete,Active
2291,9434869251,William Nair,2001-02-21,william.nair755@telecomuser.in,"495 Station Rd, Gujarat",Gujarat,Prepaid,2026-12-21,Complete,Active
2292,9395364898,Deepak Iyer,2005-07-26,deepak.iyer675@webmail.com,"158 Park Ave, Tamil Nadu",Tamil Nadu,Prepaid,2020-11-22,Complete,Active
2293,9270379946,Priya Singh,1987-12-31,priya.singh283@mail.com,,Delhi,Prepaid,2025-03-26,Complete,Active
2294,9398341199,Aditi Banerjee,1998-05-23,aditi.banerjee425@webmail.com,"841 Station Rd, Assam",Assam,Prepaid,2025-07-05,Complete,Active
2295,9702433431,Swati Dutta,1975-01-05,swati.dutta909@webmail.com,,Chennai,Prepaid,2026-08-17,Complete,Active
2296,9989560037,Rekha Patel,1988-02-22,rekha.patel45@mail.com,"50 Main St, Punjab",Punjab,Prepaid,2021-08-30,Complete,Suspended
2297,9440968565,Arjun Jones,1973-12-14,arjun.jones976@telecomuser.in,"102 Church St, Odisha",Odisha,Prepaid,2022-01-23,Pending,Active
2298,9752611744,Jennifer Ghosh,1957-09-09,jennifer.ghosh785@mail.com,"780 Church St, Kerala",Kerala,Prepaid,2025-08-29,Complete,Active
2299,9064836134,Karen Desai,1974-06-28,karen.desai256@telecomuser.in,,Haryana,Prepaid,2020-08-13,Complete,Active
2300,9967505537,Vijay Ghosh,2001-08-05,,"187 MG Road, Assam",Assam,Postpaid,2026-04-16,Complete,Suspended
2301,9134104277,Vijay Singh,1992-02-11,vijay.singh724@telecomuser.in,"987 Park Ave, Odisha",Odisha,Prepaid,2022-09-12,Complete,Active
2302,9886438998,Vijay Jones,1959-11-09,vijay.jones69@telecomuser.in,"939 Church St, Andhra Pradesh",Andhra Pradesh,Prepaid,2026-03-02,Complete,Active
2303,9242431938,Diya Gupta,,diya.gupta454@webmail.com,"887 Park Ave, Tamil Nadu",Tamil Nadu,Prepaid,2025-06-10,Complete,Suspended
2304,9390331285,Sai Desai,1971-08-27,sai.desai921@webmail.com,"191 Church St, Maharashtra",Maharashtra,Postpaid,,Complete,Active
2305,9500986080,Ishaan Garcia,1978-12-23,ishaan.garcia595@telecomuser.in,"371 Station Rd, UP West",UP West,Prepaid,2019-03-19,Complete,Active
2306,9601239809,,1987-11-11,,,,Postpaid,2020-07-27,Complete,Active
2307,9439819280,Sunita Iyer,1977-05-01,sunita.iyer424@mail.com,"408 Main St, West Bengal",West Bengal,Prepaid,2023-08-23,Expired,Active
2308,9072334986,Jessica Doe,1967-12-01,jessica.doe116@telecomuser.in,,West Bengal,Postpaid,2023-11-24,Complete,Active
2309,9539790584,Priya Joshi,1987-09-29,priya.joshi589@mail.com,"18 Park Ave, Gujarat",Gujarat,Prepaid,2022-08-02,Expired,Suspended
2310,9440421150,Anil Desai,2002-05-26,anil.desai757@telecomuser.in,,Mumbai,Prepaid,2026-04-26,Pending,Active
2311,9357061332,Priya Bhatt,,priya.bhatt717@telecomuser.in,"718 Main St, Bihar",,Postpaid,2020-05-04,Complete,Suspended
2312,9290604874,Diya Menon,1970-03-21,diya.menon884@mail.com,"763 Church St, Kolkata",Kolkata,Prepaid,2023-03-13,Complete,Active
2313,9340647972,Arjun Kumar,1987-07-29,arjun.kumar794@example.com,"194 MG Road, Assam",Assam,Prepaid,2023-03-20,Complete,Active
2314,9572237829,Rohan Menon,1988-01-26,rohan.menon873@webmail.com,"886 Park Ave, UP East",,Prepaid,2019-02-20,Complete,Suspended
2315,9319116101,John Mukherjee,1960-10-26,john.mukherjee525@webmail.com,"758 Main St, Mumbai",,Prepaid,2021-06-21,Complete,Active
2316,9658056089,Anil Mehta,1985-12-04,anil.mehta477@webmail.com,"804 Main St, MP",MP,Prepaid,2026-10-28,Complete,Active
2317,9913675449,John Pillai,1987-06-24,john.pillai608@example.com,"38 Park Ave, Andhra Pradesh",Andhra Pradesh,Postpaid,2021-04-18,Complete,Active
2318,9989677763,Suresh Reddy,1978-11-01,suresh.reddy655@webmail.com,"555 Main St, West Bengal",West Bengal,Postpaid,2024-07-27,Complete,Active
2319,9946399696,Shreya Bhatt,2006-12-01,shreya.bhatt182@example.com,"863 Main St, Delhi",Delhi,Prepaid,2021-11-07,Complete,Active
2320,9181045136,Arjun Bhatt,1997-12-01,arjun.bhatt329@example.com,"136 Station Rd, Odisha",Odisha,Postpaid,2021-08-08,Complete,Active
2321,9160525441,Ananya Das,1972-09-02,ananya.das126@telecomuser.in,"997 MG Road, Kolkata",Kolkata,Prepaid,2023-12-10,Complete,Active
2322,9397527837,Rahul Pillai,1999-05-28,rahul.pillai470@example.com,"937 MG Road, Karnataka",Karnataka,Prepaid,2021-04-25,Complete,Active
2323,9603381916,Richard Chopra,1988-06-23,richard.chopra428@telecomuser.in,"263 MG Road, Chennai",Chennai,Prepaid,2024-03-01,Expired,Active
2324,9533729628,William Singh,,william.singh799@webmail.com,"267 Station Rd, MP",MP,Prepaid,2020-04-14,Pending,Active
2325,9875866962,Elizabeth Davis,1995-03-21,elizabeth.davis216@telecomuser.in,"910 Main St, Odisha",Odisha,Prepaid,2021-02-11,Complete,Active
2326,9009488118,Rahul Agarwal,1969-08-05,,"851 MG Road, Tamil Nadu",Tamil Nadu,Prepaid,2026-12-14,Complete,Active
2327,9224872223,Patricia Wilson,1978-04-03,patricia.wilson739@example.com,"52 MG Road, UP West",UP West,Prepaid,2019-07-30,Complete,Suspended
2328,9333067701,Reyansh Smith,1961-01-16,reyansh.smith928@example.com,"260 Main St, UP West",UP West,Postpaid,2020-05-14,Complete,Active
2329,9438139809,Susan Pillai,1994-05-29,susan.pillai683@example.com,"562 MG Road, MP",MP,Postpaid,2022-05-30,Complete,Active
2330,9886125921,Aarav Patel,2001-01-16,aarav.patel923@webmail.com,"595 Main St, Maharashtra",Maharashtra,Prepaid,2019-01-24,Pending,Active
2331,9804816533,Kiran Johnson,1990-01-29,kiran.johnson557@telecomuser.in,,Assam,Prepaid,2020-05-25,Complete,Active
2332,9836149659,Priya Rao,2005-03-20,priya.rao101@example.com,"323 MG Road, Odisha",Odisha,Prepaid,2024-12-25,Complete,Suspended
2333,9212701889,Anil Doe,1976-10-09,anil.doe11@mail.com,"253 Park Ave, Haryana",Haryana,Prepaid,2019-06-11,Complete,Active
2334,9076766655,Sarah Sen,1997-02-22,sarah.sen499@webmail.com,"41 Church St, Karnataka",Karnataka,Prepaid,2026-09-19,Complete,Active
2335,9207806858,Rohan Agarwal,1967-05-05,rohan.agarwal443@mail.com,"448 Station Rd, Karnataka",Karnataka,Prepaid,2023-11-15,Complete,Suspended
2336,9725626819,Sarah Mukherjee,1969-12-05,sarah.mukherjee563@webmail.com,"22 Church St, Odisha",Odisha,Postpaid,,Complete,Suspended
2337,9397256500,Swati Davis,1962-04-04,swati.davis256@telecomuser.in,"738 Main St, Bihar",Bihar,Postpaid,2026-05-08,Complete,Active
2338,9059956673,Ravi Mukherjee,1992-03-12,ravi.mukherjee244@example.com,"832 Park Ave, Mumbai",Mumbai,Prepaid,2021-11-19,Complete,Active
2339,9219531810,Arjun Chatterjee,1992-02-04,arjun.chatterjee113@telecomuser.in,"27 Station Rd, Tamil Nadu",Tamil Nadu,Prepaid,2021-08-01,Expired,Active
2340,9443693002,Jessica Rao,1978-05-26,jessica.rao864@webmail.com,"890 Main St, Bihar",Bihar,Prepaid,2026-08-10,Complete,Active
2341,9510075677,Barbara Bansal,1983-09-21,barbara.bansal73@example.com,"768 Park Ave, Bihar",Bihar,Prepaid,2024-08-01,Pending,Active
2342,9069298951,Jennifer Sen,1984-12-29,jennifer.sen690@telecomuser.in,"241 Station Rd, Mumbai",Mumbai,Postpaid,2023-09-07,Complete,Suspended
2343,9769153700,Divya Desai,1960-08-15,divya.desai546@webmail.com,"189 Main St, Maharashtra",Maharashtra,Prepaid,2019-02-14,Complete,Active
2344,9013422314,Aditya Verma,1990-06-12,,,Punjab,Prepaid,2022-09-29,Expired,Active
2345,9304916653,Robert Dutta,1962-08-20,robert.dutta728@example.com,"913 Station Rd, Chennai",Chennai,Prepaid,2024-02-03,Complete,Active
2346,9430540760,Isha Wilson,1969-06-03,,"40 Park Ave, Gujarat",Gujarat,Prepaid,2024-08-15,Complete,Active
2347,9867821564,David Das,1958-08-05,david.das357@example.com,"523 Park Ave, Haryana",Haryana,Postpaid,2025-01-18,Complete,Active
2348,9313231210,Meera Verma,1975-06-12,meera.verma918@webmail.com,"56 Church St, Andhra Pradesh",Andhra Pradesh,Prepaid,2024-02-22,Complete,Active
2349,9083677629,Manoj Brown,1992-01-26,manoj.brown660@mail.com,"999 Main St, Andhra Pradesh",Andhra Pradesh,Prepaid,,Complete,Active
2350,9027649972,Manoj Banerjee,2003-03-20,manoj.banerjee98@telecomuser.in,"976 Park Ave, Mumbai",Mumbai,Prepaid,2023-09-10,Complete,Active
2351,9912890254,Vivaan Nair,1996-10-28,vivaan.nair249@mail.com,"796 Main St, Bihar",Bihar,Prepaid,2019-04-30,Complete,Active
2352,9867564868,Aditi Kumar,1975-06-02,aditi.kumar823@example.com,"610 Station Rd, Chennai",Chennai,Prepaid,2025-06-07,Complete,Active
2353,9251910492,Jennifer Desai,1988-12-30,jennifer.desai523@example.com,"475 Park Ave, Kerala",Kerala,Postpaid,2019-03-30,Complete,Active
2354,9727188408,Robert Menon,1967-05-22,robert.menon211@mail.com,,Haryana,Prepaid,2019-04-21,Complete,Active
2355,9017627310,Meera Mehta,1993-01-09,meera.mehta670@webmail.com,"767 Park Ave, Gujarat",Gujarat,Prepaid,2022-07-18,Complete,Active
2356,9816667374,Shreya Shah,1984-07-22,shreya.shah782@webmail.com,"549 MG Road, Haryana",Haryana,Prepaid,2023-02-19,Complete,Active
2357,9858307133,Suresh Johnson,,suresh.johnson897@telecomuser.in,"531 Main St, Odisha",Odisha,Postpaid,2019-07-06,Pending,Active
2358,9558642272,Diya Shah,1997-06-20,diya.shah260@webmail.com,"580 Church St, Rajasthan",Rajasthan,Prepaid,,Complete,Active
2359,9005893517,Patricia Banerjee,1999-07-29,patricia.banerjee805@mail.com,"361 Park Ave, Assam",Assam,Prepaid,2020-07-26,Complete,Suspended
2360,9248297607,Linda Wilson,1974-12-19,linda.wilson480@telecomuser.in,,Kolkata,Postpaid,2020-03-02,Complete,Active
2361,9130108797,James Garcia,2002-08-27,james.garcia961@telecomuser.in,"587 Park Ave, Assam",Assam,Postpaid,2024-08-07,Complete,Active
2362,9429368734,Krishna Joshi,1972-04-26,krishna.joshi727@webmail.com,"450 Main St, Andhra Pradesh",Andhra Pradesh,Prepaid,2026-08-28,Complete,Active
2363,9293613492,David Shah,1979-12-15,david.shah345@webmail.com,"83 MG Road, Tamil Nadu",Tamil Nadu,Prepaid,2020-05-17,Expired,Active
2364,9978560726,Ananya Brown,1967-02-05,ananya.brown503@webmail.com,"187 MG Road, Rajasthan",Rajasthan,Prepaid,2021-07-27,Complete,Suspended
2365,9471496750,Krishna Gupta,,krishna.gupta452@webmail.com,"264 MG Road, Karnataka",Karnataka,Prepaid,2026-10-25,Complete,Suspended
2366,9579938094,Vivaan Chatterjee,2005-04-08,vivaan.chatterjee68@mail.com,"32 Station Rd, Gujarat",Gujarat,Prepaid,2021-08-12,Complete,Active
2367,9911419975,Charles Mehta,1995-09-20,charles.mehta622@telecomuser.in,"539 MG Road, Mumbai",Mumbai,Postpaid,,Complete,Active
2368,9064891572,Rekha Pillai,1958-05-23,rekha.pillai78@mail.com,"929 Station Rd, Chennai",Chennai,Prepaid,2024-02-29,Complete,Active
2369,9010950406,Ravi Menon,,ravi.menon125@telecomuser.in,"49 Church St, Mumbai",Mumbai,Prepaid,2022-12-02,Complete,Active
2370,9363955032,Manoj Joshi,1990-01-23,manoj.joshi694@telecomuser.in,"183 Station Rd, Bihar",Bihar,Prepaid,2020-05-26,Complete,Active
2371,9079626966,Rohan Reddy,1989-08-20,rohan.reddy952@mail.com,"879 Station Rd, Maharashtra",Maharashtra,Prepaid,2023-03-27,Complete,Suspended
2372,9485845898,Shreya Pillai,1961-10-05,shreya.pillai56@example.com,"469 MG Road, UP West",UP West,Prepaid,2024-01-08,Complete,Active
2373,9463409228,Neha Chatterjee,2001-10-15,neha.chatterjee253@telecomuser.in,"560 Main St, Bihar",Bihar,Prepaid,,Complete,Active
2374,9388371465,Linda Kapoor,1969-04-08,linda.kapoor988@mail.com,"121 MG Road, MP",MP,Postpaid,2019-10-24,Complete,Active
2375,9074557127,Charles Mukherjee,1955-08-15,charles.mukherjee897@example.com,"831 Station Rd, MP",MP,Prepaid,,Expired,Active
2376,9928984615,Karen Williams,1994-10-25,karen.williams836@webmail.com,"821 Main St, MP",MP,Prepaid,2023-03-26,Complete,Active
2377,9280025769,Riya Chopra,1994-04-07,,"245 Station Rd, UP East",UP East,Prepaid,2019-11-21,Pending,Suspended
2378,9778723545,Shreya Smith,1979-08-03,shreya.smith904@telecomuser.in,"257 Main St, Karnataka",Karnataka,Prepaid,2020-12-10,Complete,Active
2379,9616175588,Ananya Nair,1957-02-19,,"217 MG Road, Tamil Nadu",Tamil Nadu,Prepaid,2024-09-25,Complete,Active
2380,9494382746,Riya Pillai,1975-09-11,riya.pillai412@example.com,"380 Church St, Punjab",Punjab,Prepaid,2026-06-26,Expired,Active
2381,9334442903,,1985-09-07,,,UP West,Postpaid,2019-10-17,Complete,Active
2382,9554154137,Aarav Sen,,aarav.sen709@telecomuser.in,,Chennai,Postpaid,2026-08-14,Complete,Active
2383,9720814920,Barbara Patel,1959-12-28,barbara.patel581@mail.com,"248 Main St, Gujarat",Gujarat,Prepaid,2024-09-13,Complete,Active
2384,9353531213,Neha Chopra,1996-01-16,neha.chopra466@telecomuser.in,"217 Park Ave, Odisha",Odisha,Prepaid,2025-02-15,Complete,Active
2385,9702334692,Patricia Williams,2006-08-08,patricia.williams681@webmail.com,"670 Station Rd, Bihar",Bihar,Prepaid,2019-07-08,Complete,Active
2386,9797942466,Ananya Davis,2003-02-23,ananya.davis538@webmail.com,"497 Station Rd, Tamil Nadu",Tamil Nadu,Prepaid,2025-10-19,Pending,Active
2387,9806988607,Elizabeth Iyer,1971-11-09,elizabeth.iyer163@webmail.com,,Andhra Pradesh,Postpaid,2019-11-05,Complete,Active
2388,9873887410,Deepak Ghosh,1976-02-27,deepak.ghosh38@telecomuser.in,"194 MG Road, Punjab",Punjab,Prepaid,2020-01-10,Expired,Active
2389,9043878021,Riya Brown,1986-02-01,,"779 Station Rd, Mumbai",Mumbai,Postpaid,2024-10-12,Complete,Active
2390,9957020920,Ravi Doe,2004-12-29,ravi.doe720@telecomuser.in,"775 Church St, Andhra Pradesh",Andhra Pradesh,Prepaid,2022-12-23,Complete,Active
2391,9013933929,Vijay Ghosh,1985-06-19,vijay.ghosh595@mail.com,"763 MG Road, Kolkata",Kolkata,Prepaid,2020-07-22,Expired,Active
2392,9908822016,Sunita Menon,1980-11-02,sunita.menon194@webmail.com,"72 MG Road, Kolkata",Kolkata,Prepaid,,Complete,Active
2393,9614557360,Diya Patel,1963-01-14,diya.patel182@mail.com,,UP East,Postpaid,2019-12-30,Complete,Active
2394,9812222875,Swati Patel,1969-01-08,swati.patel647@example.com,,Andhra Pradesh,Postpaid,2024-08-10,Complete,Active
2395,9585845616,Shreya Banerjee,1956-04-12,,,Delhi,Prepaid,2022-11-02,Complete,Active
2396,9644345116,Michael Verma,1979-08-08,michael.verma226@mail.com,"840 Church St, Punjab",Punjab,Postpaid,2023-08-20,Complete,Active
2397,9973773443,Arjun Johnson,1999-10-31,arjun.johnson368@webmail.com,"370 Station Rd, Kolkata",Kolkata,Postpaid,,Complete,Active
2398,9797431875,Sai Sharma,1971-07-05,sai.sharma334@mail.com,,Rajasthan,Prepaid,2023-02-17,Complete,Active
2399,9623001421,Aditya Williams,,aditya.williams184@mail.com,"125 Main St, Andhra Pradesh",Andhra Pradesh,Prepaid,2020-08-31,Complete,Suspended
2400,9116309695,Anjali Desai,,anjali.desai203@telecomuser.in,"480 Station Rd, Assam",Assam,Prepaid,2024-08-05,Complete,Active
2401,9094134366,Karen Sharma,2005-09-11,karen.sharma531@mail.com,"900 Park Ave, Kerala",Kerala,Prepaid,2025-06-30,Complete,Active
2402,9457358291,Jennifer Mehta,1982-04-16,jennifer.mehta944@webmail.com,"729 MG Road, Chennai",Chennai,Prepaid,2024-03-29,Complete,Active
2403,9622843019,Joseph Mukherjee,1959-04-29,joseph.mukherjee173@webmail.com,"396 Station Rd, Assam",Assam,Postpaid,2025-11-28,Expired,Active
2404,9282029766,Deepak Wilson,1992-06-02,deepak.wilson684@mail.com,"871 Station Rd, Delhi",Delhi,Prepaid,2020-02-20,Complete,Active
2405,9151458672,Rekha Bhatt,2004-06-08,rekha.bhatt795@example.com,"164 Main St, Kerala",Kerala,Prepaid,2023-02-12,Complete,Active
2406,9153292866,Riya Sharma,1970-12-02,,"251 Main St, Kerala",Kerala,Postpaid,2019-05-24,Complete,Active
2407,9308264635,Aarav Sharma,1962-02-07,aarav.sharma890@webmail.com,"841 MG Road, Maharashtra",Maharashtra,Postpaid,2021-11-19,Expired,Active
2408,9571937361,Vihaan Jones,1966-12-19,vihaan.jones928@mail.com,,Rajasthan,Prepaid,2024-10-29,Complete,Suspended
2409,9926518136,,1974-04-06,,"240 MG Road, Assam",Assam,Postpaid,2024-01-21,Complete,Active
2410,9601204325,Aditi Mehta,1999-04-30,aditi.mehta768@example.com,"457 Station Rd, UP East",UP East,Postpaid,2024-04-02,Complete,Active
2411,9415101321,Charles Verma,1958-08-29,charles.verma86@telecomuser.in,"214 Main St, Haryana",Haryana,Postpaid,2021-03-19,Complete,Active
2412,9703470235,Sneha Roy,,sneha.roy447@telecomuser.in,"51 Main St, MP",MP,Postpaid,2026-04-18,Complete,Active
2413,9209238094,Rekha Roy,1967-05-05,rekha.roy121@example.com,"930 MG Road, Assam",Assam,Prepaid,2020-10-07,Complete,Active
2414,9088506003,Arjun Singh,1979-07-05,arjun.singh822@webmail.com,,Karnataka,Prepaid,2022-12-11,Expired,Active
2415,9595960872,Joseph Garcia,,joseph.garcia963@example.com,"124 Station Rd, Odisha",Odisha,Prepaid,2022-01-28,Complete,Active
2416,9474495323,,2005-12-24,,,UP West,Prepaid,2024-03-26,Complete,Active
2417,9865299351,Ishaan Pillai,1968-05-06,,"660 MG Road, Kolkata",Kolkata,Prepaid,2021-08-23,Complete,Active
2418,9141692778,Ananya Desai,,ananya.desai590@mail.com,"201 Station Rd, UP West",UP West,Prepaid,2024-12-26,Complete,Active
2419,9452736120,Sanjay Dutta,1968-12-14,sanjay.dutta997@telecomuser.in,"851 MG Road, Gujarat",Gujarat,Postpaid,2026-01-27,Complete,Active
2420,9412028031,Amit Joshi,1992-04-14,amit.joshi819@mail.com,"430 MG Road, Assam",Assam,Prepaid,2022-03-06,Complete,Active
2421,9719632210,Meera Miller,2005-12-04,meera.miller171@telecomuser.in,"647 Station Rd, Karnataka",Karnataka,Prepaid,2022-05-14,Complete,Active
2422,9806192469,Riya Joshi,1999-12-16,riya.joshi260@mail.com,"331 MG Road, Maharashtra",Maharashtra,Prepaid,2024-07-23,Complete,Active
2423,9838031390,Elizabeth Shah,2006-01-12,elizabeth.shah50@mail.com,"833 Station Rd, Bihar",Bihar,Prepaid,2019-11-09,Complete,Active
2424,9142975699,Joseph Kumar,1961-05-15,joseph.kumar14@webmail.com,"399 Main St, Kolkata",Kolkata,Prepaid,2026-01-10,Complete,Active
2425,9968180957,Amit Sharma,1978-11-20,amit.sharma596@telecomuser.in,,Tamil Nadu,Prepaid,2021-02-21,Complete,Active
2426,9971919649,Isha Iyer,1970-06-28,,"271 Station Rd, Karnataka",Karnataka,Prepaid,,Complete,Active
2427,9366952000,Linda Shah,1990-03-11,,"174 MG Road, MP",MP,Prepaid,2022-12-20,Complete,Active
2428,9787754344,Jessica Smith,2000-03-14,jessica.smith30@mail.com,"490 Station Rd, MP",MP,Postpaid,2021-05-05,Complete,Active
2429,9470322610,Elizabeth Kapoor,1976-03-16,elizabeth.kapoor760@webmail.com,,Andhra Pradesh,Postpaid,2025-12-10,Complete,Active
2430,9784369393,Ananya Patel,,ananya.patel399@mail.com,"389 Park Ave, Andhra Pradesh",Andhra Pradesh,Prepaid,2019-04-06,Pending,Active
2431,9250376333,Michael Bhatt,1995-08-28,michael.bhatt39@telecomuser.in,"944 Park Ave, UP West",UP West,Prepaid,2024-06-13,Pending,Active
2432,9873910138,Riya Ghosh,1959-08-11,,"792 MG Road, Haryana",Haryana,Postpaid,2026-02-12,Pending,Active
2433,9579317328,Nisha Wilson,,,"348 Park Ave, Odisha",,Prepaid,2020-01-03,Complete,Active
2434,9924743850,James Garcia,1988-08-26,james.garcia165@telecomuser.in,"73 Park Ave, UP West",UP West,Prepaid,2022-01-15,Complete,Active
2435,9072805444,Michael Mukherjee,1971-12-02,michael.mukherjee294@example.com,,Chennai,Prepaid,2023-04-25,Complete,Active
2436,9976082062,Barbara Sen,,barbara.sen646@example.com,"90 MG Road, Maharashtra",Maharashtra,Prepaid,,Complete,Suspended
2437,9024774974,Amit Dutta,1987-01-13,amit.dutta633@telecomuser.in,"257 Station Rd, Maharashtra",Maharashtra,Prepaid,2021-10-21,Complete,Active
2438,9710323285,Ishaan Chopra,1971-12-02,ishaan.chopra211@example.com,"319 Station Rd, Karnataka",Karnataka,Postpaid,,Complete,Active
2439,9017047397,Jennifer Johnson,1969-02-06,jennifer.johnson983@webmail.com,"753 Park Ave, Gujarat",Gujarat,Prepaid,2025-06-29,Complete,Active
2440,9505893617,Ramesh Johnson,1995-09-23,ramesh.johnson165@example.com,"550 Park Ave, Kerala",Kerala,Postpaid,2019-12-13,Complete,Suspended
2441,9793693760,Swati Shah,1990-04-23,swati.shah306@telecomuser.in,"148 MG Road, Haryana",Haryana,Prepaid,2023-02-26,Complete,Suspended
2442,9987353400,Thomas Smith,1986-02-06,thomas.smith915@example.com,"463 Main St, UP East",UP East,Prepaid,2023-10-01,Complete,Active
2443,9997960664,Aditya Smith,1992-12-24,,"101 MG Road, UP West",UP West,Prepaid,2025-12-06,Complete,Active
2444,9083313677,Priya Iyer,1990-11-07,priya.iyer943@telecomuser.in,,West Bengal,Prepaid,2024-11-04,Pending,Active
2445,9346344849,Aditya Miller,1976-06-10,aditya.miller655@webmail.com,,Kolkata,Prepaid,2020-04-22,Pending,Active
2446,9239123013,Swati Iyer,1968-01-14,swati.iyer926@webmail.com,"572 Church St, Punjab",Punjab,Prepaid,2025-05-28,Complete,Active
2447,9641590162,Nisha Joshi,1986-03-07,nisha.joshi433@example.com,"5 Main St, Gujarat",Gujarat,Prepaid,2019-02-10,Complete,Active
2448,9970882968,Suresh Kapoor,1955-05-26,suresh.kapoor178@mail.com,"194 Park Ave, UP West",UP West,Prepaid,2024-07-01,Complete,Active
2449,9716307887,Joseph Mehta,1956-08-28,joseph.mehta316@mail.com,"727 Church St, Kerala",Kerala,Postpaid,2022-08-23,Complete,Active
2450,9780561985,Deepak Davis,1992-01-22,deepak.davis576@example.com,"728 Main St, Karnataka",Karnataka,Postpaid,2019-11-18,Complete,Active
2451,9096433764,Michael Bhatt,1984-04-12,michael.bhatt345@telecomuser.in,,Maharashtra,Prepaid,,Complete,Active
2452,9298426176,Meera Menon,1995-03-19,meera.menon425@telecomuser.in,"597 Park Ave, Tamil Nadu",,Postpaid,2021-10-19,Complete,Active
2453,9407183186,Rekha Singh,1969-05-09,rekha.singh520@mail.com,"932 Main St, Kerala",Kerala,Prepaid,2025-08-01,Complete,Active
2454,9203084819,Ishaan Mukherjee,2005-11-29,ishaan.mukherjee726@telecomuser.in,"911 MG Road, Mumbai",Mumbai,Prepaid,2022-04-29,Complete,Active
2455,9873484372,Elizabeth Sen,1985-07-01,,"725 Station Rd, Delhi",Delhi,Postpaid,2023-06-28,Complete,Active
2456,9126973951,Karen Nair,1980-07-19,,"426 Church St, Mumbai",Mumbai,Postpaid,2023-08-06,Complete,Active
2457,9594019997,Anjali Reddy,1969-03-03,,"438 Church St, Chennai",Chennai,Prepaid,2020-11-02,Expired,Active
2458,9422283441,Aarav Chatterjee,1984-03-30,aarav.chatterjee860@telecomuser.in,"604 Church St, Maharashtra",Maharashtra,Prepaid,2024-01-20,Complete,Active
2459,9370992455,Kavya Kumar,2001-06-04,kavya.kumar547@webmail.com,,Kerala,Postpaid,2025-08-12,Complete,Active
2460,9812450030,,1981-05-13,,"807 Church St, Chennai",Chennai,Prepaid,,Pending,Active
2461,9994592472,Sneha Agarwal,1991-01-20,sneha.agarwal840@mail.com,"568 Station Rd, Delhi",Delhi,Prepaid,2022-07-26,Expired,Active
2462,9021931666,Suresh Singh,1958-10-03,suresh.singh616@telecomuser.in,"592 Park Ave, Mumbai",Mumbai,Prepaid,2021-01-13,Complete,Active
2463,9680671576,Vijay Sen,,vijay.sen862@mail.com,"961 Park Ave, Kolkata",Kolkata,Postpaid,2022-06-22,Complete,Active
2464,9695526600,Kavya Mehta,2005-12-31,kavya.mehta723@webmail.com,,UP East,Prepaid,2019-01-19,Complete,Active
2465,9303281850,Manoj Das,1999-04-04,,,Assam,Prepaid,,Complete,Suspended
2466,9594823692,Aditi Ghosh,,aditi.ghosh114@webmail.com,"273 Station Rd, Kerala",Kerala,Postpaid,2022-10-31,Complete,Active
2467,9145496073,Thomas Joshi,1981-12-15,thomas.joshi695@telecomuser.in,"545 MG Road, Odisha",Odisha,Prepaid,2026-05-05,Complete,Active
2468,9978319834,Mary Kapoor,1985-11-21,,"754 Church St, Punjab",Punjab,Prepaid,2026-05-31,Complete,Suspended
2469,9906279824,Diya Smith,1993-06-05,,"765 Park Ave, Punjab",Punjab,Postpaid,2025-01-22,Complete,Active
2470,9681743383,Divya Iyer,2003-01-13,divya.iyer824@mail.com,"694 MG Road, Rajasthan",Rajasthan,Prepaid,2026-07-14,Complete,Active
2471,9956547471,Aditi Doe,,aditi.doe668@telecomuser.in,"574 Church St, MP",MP,Postpaid,2020-01-29,Complete,Suspended
2472,9971790799,Ishaan Johnson,1955-02-01,ishaan.johnson190@webmail.com,"257 Main St, Kolkata",Kolkata,Prepaid,2022-02-13,Complete,Active
2473,9155922083,Priya Mehta,1993-09-04,priya.mehta684@telecomuser.in,"10 Park Ave, Chennai",Chennai,Prepaid,2023-04-07,Complete,Active
2474,9857601735,Shreya Ghosh,1983-02-23,shreya.ghosh306@mail.com,"702 Station Rd, Delhi",Delhi,Postpaid,2019-03-25,Complete,Active
2475,9515624822,Kavya Verma,1981-05-01,kavya.verma481@example.com,"991 MG Road, UP East",UP East,Prepaid,2026-11-11,Pending,Active
2476,9082845649,Michael Kapoor,1958-02-06,michael.kapoor63@example.com,"398 Church St, Tamil Nadu",Tamil Nadu,Prepaid,2020-08-11,Complete,Active
2477,9307536991,Suresh Singh,1964-05-03,suresh.singh540@telecomuser.in,"392 Church St, Delhi",Delhi,Postpaid,2021-01-18,Pending,Suspended
2478,9256463561,Vijay Iyer,1979-11-22,,,UP East,Prepaid,2024-04-11,Pending,Active
2479,9894016125,Neha Desai,1956-04-03,neha.desai658@example.com,"775 MG Road, Bihar",Bihar,Prepaid,2026-06-01,Complete,Suspended
2480,9678405221,Thomas Patel,2006-07-30,thomas.patel262@telecomuser.in,"175 Station Rd, Karnataka",Karnataka,Postpaid,2022-04-13,Complete,Active
2481,9181990715,James Chatterjee,1994-07-08,james.chatterjee124@example.com,"428 Station Rd, Kerala",Kerala,Prepaid,,Complete,Active
2482,9791762622,Thomas Mehta,1970-02-08,thomas.mehta834@webmail.com,"575 MG Road, Gujarat",Gujarat,Prepaid,,Pending,Suspended
2483,9984325517,Joseph Brown,,joseph.brown536@example.com,"841 Main St, Rajasthan",Rajasthan,Prepaid,2020-06-08,Complete,Active
2484,9309726863,,2004-12-23,,"175 Main St, MP",MP,Prepaid,2021-11-19,Complete,Active
2485,9564427073,Susan Johnson,2002-07-18,susan.johnson773@webmail.com,"800 Park Ave, Punjab",Punjab,Prepaid,2023-12-18,Complete,Active
2486,9778721551,Aditi Johnson,1986-11-25,aditi.johnson810@mail.com,"641 Park Ave, Kolkata",,Prepaid,2023-02-04,Complete,Active
2487,9373936459,Aditi Reddy,1990-12-02,aditi.reddy471@example.com,"855 Station Rd, Rajasthan",Rajasthan,Prepaid,2022-01-01,Complete,Active
2488,9926097351,Elizabeth Das,,elizabeth.das193@telecomuser.in,"857 Church St, Assam",Assam,Prepaid,2020-01-16,Complete,Active
2489,9683924668,Thomas Davis,1958-07-29,thomas.davis470@webmail.com,"318 Park Ave, Chennai",Chennai,Prepaid,2025-06-13,Complete,Active
2490,9609672328,Elizabeth Davis,1959-08-05,elizabeth.davis301@example.com,"990 Park Ave, MP",MP,Prepaid,2019-05-10,Complete,Active
2491,9116656864,Swati Reddy,2000-06-03,swati.reddy421@mail.com,"122 Main St, Karnataka",Karnataka,Postpaid,2025-03-27,Pending,Active
2492,9911341851,Linda Nair,1999-01-04,linda.nair934@telecomuser.in,"592 Station Rd, Rajasthan",Rajasthan,Postpaid,,Complete,Active
2493,9665334272,Sanjay Malhotra,1983-10-15,sanjay.malhotra995@webmail.com,"842 Main St, MP",MP,Prepaid,2025-02-20,Complete,Active
2494,9230727302,Krishna Kumar,1983-01-09,krishna.kumar456@example.com,"498 MG Road, Chennai",Chennai,Prepaid,2025-04-20,Complete,Suspended
2495,9734229757,Barbara Banerjee,1998-02-07,barbara.banerjee418@webmail.com,"283 Church St, Haryana",Haryana,Prepaid,2024-03-05,Complete,Active
2496,9992699839,Rohan Chatterjee,1959-12-12,rohan.chatterjee471@webmail.com,,Haryana,Prepaid,2020-03-13,Complete,Suspended
2497,9729137019,Anil Smith,1968-03-31,anil.smith449@example.com,,Andhra Pradesh,Prepaid,2026-09-21,Complete,Active
2498,9290871617,Robert Agarwal,2004-02-21,robert.agarwal931@webmail.com,"408 MG Road, Bihar",Bihar,Prepaid,2019-05-22,Complete,Active
2499,9206953348,Sanjay Kumar,1989-06-12,sanjay.kumar670@mail.com,,Maharashtra,Prepaid,2020-03-16,Complete,Active
2500,9361920692,Rohan Kumar,1993-10-02,rohan.kumar416@webmail.com,"672 Main St, Punjab",Punjab,Postpaid,2020-10-04,Complete,Active
2501,9645221979,David Sharma,1961-01-30,david.sharma977@example.com,"192 Main St, Gujarat",Gujarat,Postpaid,2025-04-04,Complete,Suspended
2502,9523343007,Sneha Sharma,1969-01-13,sneha.sharma37@telecomuser.in,"505 Park Ave, Assam",Assam,Prepaid,2026-07-22,Complete,Active
2503,9954195582,Aditya Mukherjee,1985-01-11,aditya.mukherjee375@example.com,,Kolkata,Prepaid,2019-11-06,Pending,Active
2504,9823094172,Divya Verma,1999-03-09,divya.verma115@mail.com,"427 Main St, Rajasthan",Rajasthan,Postpaid,2020-09-01,Expired,Active
2505,9431187970,Reyansh Sharma,2002-05-16,reyansh.sharma597@mail.com,"631 Station Rd, Karnataka",Karnataka,Prepaid,2025-09-28,Pending,Active
2506,9279578771,Anil Johnson,1977-05-28,,,Mumbai,Prepaid,2019-02-18,Complete,Active
2507,9901027095,Robert Kumar,1974-11-10,robert.kumar830@webmail.com,"39 MG Road, Kolkata",Kolkata,Postpaid,2020-02-03,Complete,Active
2508,9301619244,Meera Rao,1968-05-15,meera.rao580@telecomuser.in,"407 MG Road, Maharashtra",Maharashtra,Postpaid,2024-09-16,Complete,Active
2509,9297583812,Linda Desai,1988-02-22,linda.desai508@telecomuser.in,"778 Church St, Tamil Nadu",Tamil Nadu,Prepaid,2024-09-29,Complete,Active
2510,9253025636,Suresh Gupta,1967-12-08,suresh.gupta195@telecomuser.in,"788 MG Road, Andhra Pradesh",Andhra Pradesh,Prepaid,2022-01-15,Pending,Suspended
2511,9542948658,Ramesh Smith,2003-10-24,ramesh.smith705@example.com,"205 Station Rd, Odisha",Odisha,Postpaid,,Complete,Active
2512,9821653555,,1988-06-14,,"681 Station Rd, West Bengal",West Bengal,Prepaid,2026-09-20,Complete,Active
2513,9501391277,Amit Doe,1957-12-08,amit.doe916@mail.com,"882 Church St, Karnataka",Karnataka,Postpaid,,Complete,Active
2514,9807652232,Susan Agarwal,1961-07-27,,"754 Main St, Gujarat",Gujarat,Prepaid,2023-10-15,Expired,Active
2515,9684474610,Sai Kumar,2004-06-17,sai.kumar253@telecomuser.in,"178 Church St, Assam",,Prepaid,2024-04-04,Complete,Active
2516,9761991359,Meera Iyer,1999-03-10,meera.iyer467@mail.com,"457 Park Ave, West Bengal",,Postpaid,2024-11-04,Complete,Active
2517,9092392355,Charles Williams,2000-05-08,charles.williams831@mail.com,"474 Park Ave, Punjab",Punjab,Prepaid,2025-04-14,Complete,Active
2518,9737037725,Kavya Iyer,1959-11-24,kavya.iyer318@telecomuser.in,"730 Church St, UP West",UP West,Prepaid,2023-12-29,Complete,Active
2519,9757547702,Sunita Agarwal,1984-06-05,sunita.agarwal722@mail.com,"730 Station Rd, Tamil Nadu",Tamil Nadu,Prepaid,2026-02-03,Complete,Active
2520,9022444195,Suresh Agarwal,2005-06-26,suresh.agarwal696@webmail.com,"725 Church St, Karnataka",Karnataka,Prepaid,2020-07-07,Complete,Active
2521,9600718653,Rahul Smith,1985-07-09,rahul.smith579@example.com,"101 Main St, Bihar",Bihar,Prepaid,2026-01-29,Expired,Active
2522,9411188296,Deepak Chatterjee,1966-07-12,deepak.chatterjee874@mail.com,,West Bengal,Prepaid,2022-09-21,Complete,Active
2523,9827224344,Meera Iyer,1985-01-13,meera.iyer331@webmail.com,,,Postpaid,2025-09-20,Complete,Active
2524,9908680706,Aditya Doe,1990-05-18,aditya.doe619@webmail.com,"486 MG Road, Rajasthan",Rajasthan,Postpaid,2024-02-25,Complete,Suspended
2525,9223587723,Karen Miller,1967-12-15,karen.miller545@telecomuser.in,"502 MG Road, UP East",UP East,Prepaid,2020-01-19,Complete,Active
2526,9166243946,Diya Mukherjee,1973-05-10,diya.mukherjee110@mail.com,"181 Church St, UP East",UP East,Postpaid,2025-07-04,Pending,Active
2527,9368392062,Karen Nair,1959-10-30,karen.nair399@example.com,"523 Church St, Bihar",Bihar,Postpaid,2026-04-08,Complete,Active
2528,9912678197,David Bhatt,1987-09-26,david.bhatt945@webmail.com,"784 Station Rd, Kerala",Kerala,Postpaid,2024-03-02,Complete,Active
2529,9355749693,Karen Reddy,2004-04-05,karen.reddy10@webmail.com,,Andhra Pradesh,Prepaid,2020-03-05,Complete,Active
2530,9518412782,Pooja Patel,1961-01-17,pooja.patel718@mail.com,"65 Station Rd, West Bengal",West Bengal,Prepaid,2023-11-20,Complete,Suspended
2531,9361631556,Jessica Sen,1968-07-30,jessica.sen623@mail.com,"366 MG Road, Gujarat",Gujarat,Prepaid,2020-03-01,Complete,Suspended
2532,9396394684,James Banerjee,1995-10-22,james.banerjee106@mail.com,"564 Park Ave, Tamil Nadu",Tamil Nadu,Prepaid,2025-01-20,Complete,Active
2533,9393065630,,2004-11-19,,"609 Church St, MP",MP,Prepaid,2019-11-22,Complete,Active
2534,9879387272,Saanvi Roy,2006-07-03,saanvi.roy204@mail.com,"916 MG Road, Kolkata",Kolkata,Postpaid,2020-11-28,Complete,Active
2535,9002256290,Krishna Garcia,1983-08-31,krishna.garcia259@example.com,"28 Station Rd, UP West",UP West,Postpaid,2020-11-02,Complete,Active
2536,9942935795,Sai Roy,1998-06-26,sai.roy399@mail.com,"629 Church St, Maharashtra",Maharashtra,Prepaid,2022-05-11,Complete,Active
2537,9698427622,Richard Garcia,1960-10-15,richard.garcia865@mail.com,"348 Church St, Kerala",Kerala,Prepaid,2023-12-02,Complete,Active
2538,9224390869,Linda Brown,1988-06-28,linda.brown130@mail.com,"42 Main St, Chennai",Chennai,Prepaid,,Complete,Active
2539,9435235529,Ishaan Doe,1967-02-01,ishaan.doe253@mail.com,"794 Church St, Delhi",Delhi,Prepaid,2021-03-08,Pending,Active
2540,9939555911,Rekha Das,2002-02-17,rekha.das783@webmail.com,"517 Station Rd, MP",MP,Postpaid,2021-02-18,Complete,Suspended
2541,9254265243,,2006-01-30,,"953 Park Ave, Haryana",Haryana,Postpaid,2026-09-11,Complete,Active
2542,9307616997,,1994-08-09,,"415 Park Ave, Andhra Pradesh",Andhra Pradesh,Prepaid,2023-04-30,Complete,Active
2543,9303404257,Mary Roy,1983-04-29,mary.roy687@webmail.com,,Odisha,Prepaid,2026-12-25,Complete,Active
2544,9501364426,Charles Dutta,1957-02-26,charles.dutta873@mail.com,,Chennai,Prepaid,2024-12-30,Complete,Active
2545,9240949925,Charles Rao,2006-06-14,charles.rao229@example.com,"248 Main St, MP",MP,Prepaid,2019-05-25,Complete,Active
2546,9505659495,Manoj Mehta,1990-05-29,manoj.mehta48@webmail.com,"493 Park Ave, MP",MP,Prepaid,2021-09-24,Complete,Active
2547,9310976491,Riya Gupta,2002-11-01,riya.gupta27@example.com,"826 Park Ave, Haryana",Haryana,Prepaid,2024-08-25,Complete,Active
2548,9415190237,Karen Bansal,1965-06-28,karen.bansal536@example.com,"785 Main St, UP West",UP West,Prepaid,2023-11-24,Complete,Active
2549,9026308350,Swati Iyer,1997-11-04,,"638 Main St, Kolkata",Kolkata,Prepaid,2022-06-14,Complete,Active
2550,9678650673,Anil Agarwal,1969-10-12,anil.agarwal790@telecomuser.in,"497 Main St, Tamil Nadu",Tamil Nadu,Prepaid,2022-04-30,Pending,Active
2551,9268684760,Aditya Desai,2004-03-26,,"889 Station Rd, Assam",Assam,Prepaid,2022-07-19,Complete,Active
2552,9514554089,Krishna Das,2002-11-05,krishna.das229@example.com,"879 Station Rd, Gujarat",Gujarat,Prepaid,2025-02-28,Complete,Active
2553,9339314182,Manoj Das,1995-08-04,manoj.das806@mail.com,"364 Church St, Kolkata",Kolkata,Prepaid,2024-06-23,Complete,Active
2554,9055719603,Karen Sen,,karen.sen961@webmail.com,"272 Park Ave, Karnataka",Karnataka,Postpaid,2021-12-21,Complete,Active
2555,9129656577,Ramesh Desai,2006-06-09,ramesh.desai856@example.com,"572 Main St, Bihar",Bihar,Prepaid,2020-07-07,Complete,Active
2556,9512331886,,1980-03-28,,,UP West,Postpaid,2020-11-28,Complete,Active
2557,9323301841,Shreya Desai,1987-04-22,shreya.desai590@example.com,"953 MG Road, Rajasthan",Rajasthan,Prepaid,2024-05-25,Complete,Active
2558,9950965101,Anil Chopra,1957-12-04,anil.chopra673@mail.com,"543 Main St, MP",MP,Prepaid,2020-10-10,Complete,Active
2559,9814744697,Swati Agarwal,2003-03-20,swati.agarwal771@webmail.com,"589 Park Ave, Andhra Pradesh",Andhra Pradesh,Prepaid,2021-04-04,Complete,Active
2560,9818784289,,1975-08-17,,"662 Station Rd, Bihar",Bihar,Prepaid,2023-06-14,Complete,Active
2561,9784533955,Reyansh Pillai,1963-08-07,reyansh.pillai408@example.com,"838 Main St, Assam",Assam,Prepaid,2020-05-03,Pending,Active
2562,9569631128,Nisha Doe,1963-06-16,nisha.doe267@mail.com,"594 Main St, Haryana",,Prepaid,2024-08-10,Complete,Active
2563,9732019683,Anjali Garcia,1985-03-23,anjali.garcia890@mail.com,"985 Main St, UP West",UP West,Postpaid,2023-08-31,Complete,Active
2564,9208884637,Arjun Gupta,1997-11-06,arjun.gupta889@mail.com,"406 Church St, Odisha",Odisha,Prepaid,2023-09-12,Complete,Active
2565,9589109415,Sai Shah,2006-11-27,,"916 MG Road, Chennai",,Prepaid,2026-06-16,Complete,Active
2566,9001622884,Shreya Brown,1960-08-30,shreya.brown234@webmail.com,"962 MG Road, Haryana",Haryana,Postpaid,2020-07-07,Complete,Active
2567,9172158268,Charles Banerjee,1962-08-27,charles.banerjee807@webmail.com,"275 Church St, Chennai",Chennai,Prepaid,2025-06-09,Complete,Suspended
2568,9724554396,Neha Menon,2003-06-01,neha.menon14@example.com,"766 Church St, MP",MP,Prepaid,2021-02-10,Complete,Active
2569,9087797012,Ramesh Ghosh,1978-09-28,,,Punjab,Prepaid,2021-03-29,Expired,Suspended
2570,9309119050,Neha Iyer,1990-10-05,neha.iyer237@mail.com,,Tamil Nadu,Postpaid,2021-02-18,Complete,Active
2571,9046539231,Nisha Banerjee,,,"6 Park Ave, Mumbai",Mumbai,Prepaid,2026-02-24,Complete,Active
2572,9933443229,Diya Brown,1988-10-06,diya.brown56@example.com,"761 Church St, Haryana",,Prepaid,2021-03-02,Complete,Active
2573,9403044114,Karen Wilson,1999-04-01,karen.wilson168@telecomuser.in,"324 Station Rd, Tamil Nadu",Tamil Nadu,Postpaid,2024-11-16,Complete,Active
2574,9478093902,Krishna Mehta,1999-12-04,krishna.mehta909@telecomuser.in,"451 MG Road, UP West",UP West,Postpaid,2019-11-01,Pending,Active
2575,9870804539,Shreya Chatterjee,1955-06-11,shreya.chatterjee915@example.com,,Karnataka,Prepaid,2024-03-05,Complete,Active
2576,9601122096,Ravi Mehta,,ravi.mehta482@telecomuser.in,"978 Church St, West Bengal",West Bengal,Prepaid,2026-06-19,Complete,Active
2577,9738777859,Arjun Nair,1980-02-19,arjun.nair311@mail.com,"857 Main St, Karnataka",Karnataka,Postpaid,2022-04-09,Complete,Suspended
2578,9195190492,Mary Patel,2000-11-11,mary.patel230@example.com,"829 Park Ave, Chennai",Chennai,Postpaid,2021-09-02,Complete,Active
2579,9318443729,Neha Davis,1955-11-09,neha.davis662@telecomuser.in,"99 MG Road, Tamil Nadu",Tamil Nadu,Postpaid,2021-07-05,Complete,Active
2580,9482169580,Deepak Miller,1983-10-27,deepak.miller55@webmail.com,,Odisha,Prepaid,2026-07-22,Complete,Active
2581,9223427366,Kavya Sen,1997-11-13,,"791 Park Ave, Odisha",Odisha,Postpaid,2019-11-10,Complete,Active
2582,9480972091,Anil Jones,1995-03-01,anil.jones756@example.com,"579 Main St, Kerala",Kerala,Postpaid,2019-05-14,Complete,Active
2583,9555413097,John Joshi,1993-03-21,john.joshi93@example.com,"37 Church St, Rajasthan",Rajasthan,Prepaid,2025-11-09,Complete,Suspended
2584,9970527161,Amit Garcia,2004-09-26,amit.garcia215@mail.com,"190 Park Ave, Karnataka",Karnataka,Prepaid,2026-09-27,Complete,Active
2585,9898114190,Diya Smith,1999-05-15,diya.smith324@mail.com,"717 Church St, Gujarat",Gujarat,Prepaid,2026-08-01,Pending,Active
2586,9020582350,Riya Rao,1984-07-17,riya.rao680@mail.com,"232 Main St, Haryana",Haryana,Prepaid,2026-09-02,Complete,Active
2587,9872274431,John Reddy,1961-05-30,john.reddy88@mail.com,"105 Main St, Tamil Nadu",Tamil Nadu,Prepaid,2024-05-01,Complete,Active
2588,9708459887,Ananya Malhotra,1966-04-25,ananya.malhotra929@mail.com,,MP,Prepaid,2026-11-23,Complete,Active
2589,9977358205,Susan Roy,1973-05-26,susan.roy127@mail.com,"435 Station Rd, Tamil Nadu",Tamil Nadu,Prepaid,2019-01-27,Complete,Active
2590,9201298375,Patricia Bhatt,1972-09-14,patricia.bhatt666@telecomuser.in,"557 Main St, Gujarat",Gujarat,Postpaid,2026-07-12,Complete,Active
2591,9183088032,Michael Johnson,1973-05-05,michael.johnson684@example.com,,,Prepaid,2026-04-24,Complete,Active
2592,9381924979,Joseph Chatterjee,1961-04-17,joseph.chatterjee789@webmail.com,"906 MG Road, Haryana",Haryana,Prepaid,2023-04-11,Complete,Active
2593,9466472070,Sai Reddy,1984-10-26,sai.reddy27@mail.com,"211 Main St, MP",MP,Prepaid,2024-06-20,Complete,Active
2594,9472560051,Aarav Agarwal,1988-04-16,aarav.agarwal489@example.com,,Tamil Nadu,Postpaid,2026-10-08,Complete,Active
2595,9592373798,Rekha Verma,1974-08-20,rekha.verma640@webmail.com,"25 Church St, Andhra Pradesh",Andhra Pradesh,Postpaid,2019-05-21,Complete,Active
2596,9890267090,Patricia Ghosh,1978-08-07,patricia.ghosh335@webmail.com,"762 Station Rd, Bihar",Bihar,Postpaid,2022-04-20,Expired,Active
2597,9309308363,Neha Sharma,1970-08-21,,"819 Park Ave, MP",MP,Prepaid,2019-04-09,Complete,Suspended
2598,9808360600,Mary Shah,1987-03-29,mary.shah6@telecomuser.in,"42 Park Ave, Mumbai",,Prepaid,2023-01-09,Complete,Active
2599,9527541428,Rohan Agarwal,1967-01-26,rohan.agarwal62@webmail.com,,Maharashtra,Postpaid,2019-11-21,Complete,Active
2600,9187316063,Vivaan Bansal,1985-05-05,vivaan.bansal889@webmail.com,"795 Church St, Karnataka",Karnataka,Prepaid,2024-05-24,Expired,Active
2601,9773178668,Ananya Bhatt,1996-02-21,ananya.bhatt167@example.com,"103 Church St, UP East",UP East,Postpaid,2025-08-28,Complete,Active
2602,9959160625,Barbara Patel,1976-09-19,barbara.patel279@mail.com,"786 Church St, Rajasthan",Rajasthan,Prepaid,2025-06-26,Complete,Active
2603,9908925990,,1989-06-29,,"262 Church St, Assam",Assam,Postpaid,2026-03-24,Complete,Active
2604,9855642368,Meera Miller,1973-06-17,meera.miller330@example.com,"360 Main St, Andhra Pradesh",Andhra Pradesh,Postpaid,2023-10-01,Complete,Active
2605,9448464065,Jessica Banerjee,1977-09-16,jessica.banerjee116@mail.com,"509 Main St, Kolkata",Kolkata,Prepaid,2024-01-07,Complete,Active
2606,9684777684,Saanvi Shah,1997-11-01,saanvi.shah279@example.com,,Bihar,Prepaid,2020-07-06,Expired,Suspended
2607,9763922676,Rahul Dutta,1966-11-10,rahul.dutta503@mail.com,"957 Station Rd, Rajasthan",Rajasthan,Prepaid,2026-07-03,Complete,Active
2608,9874232179,,1985-08-20,,"165 Church St, Bihar",Bihar,Prepaid,2026-12-04,Complete,Active
2609,9335507529,Susan Sen,1957-01-18,susan.sen831@webmail.com,"807 MG Road, Mumbai",Mumbai,Prepaid,2021-12-18,Complete,Active
2610,9798260963,Suresh Kapoor,1996-11-24,suresh.kapoor143@telecomuser.in,"431 Park Ave, Tamil Nadu",Tamil Nadu,Prepaid,2021-03-01,Expired,Active
2611,9386831030,Pooja Brown,,pooja.brown214@mail.com,,,Prepaid,2022-06-15,Complete,Active
2612,9194284817,Reyansh Jones,,reyansh.jones930@telecomuser.in,"121 MG Road, Tamil Nadu",Tamil Nadu,Prepaid,2019-06-11,Complete,Suspended
2613,9559929500,Patricia Chopra,2005-07-01,patricia.chopra377@example.com,"443 Church St, UP East",UP East,Prepaid,2022-04-03,Complete,Active
2614,9248682153,Pooja Bhatt,2004-05-01,pooja.bhatt55@telecomuser.in,"836 MG Road, Mumbai",Mumbai,Prepaid,2019-11-21,Expired,Active
2615,9843931461,Michael Bansal,2000-11-05,michael.bansal148@webmail.com,"736 Church St, Assam",Assam,Prepaid,2024-09-20,Pending,Active
2616,9880154142,Vijay Wilson,1981-06-05,,"612 Church St, Kerala",Kerala,Postpaid,2021-01-18,Complete,Active
2617,9740512270,Nisha Singh,1980-02-08,nisha.singh468@mail.com,,Kerala,Prepaid,2022-04-07,Complete,Active
2618,9305396013,Anil Roy,1963-03-22,anil.roy59@webmail.com,"681 Church St, Karnataka",Karnataka,Prepaid,2024-01-22,Complete,Suspended
2619,9890977992,Linda Garcia,1958-12-22,,"101 Park Ave, Mumbai",Mumbai,Prepaid,2025-03-09,Complete,Active
2620,9896294232,Deepak Das,,deepak.das876@telecomuser.in,,Rajasthan,Prepaid,,Complete,Active
2621,9058903087,William Nair,1984-06-04,william.nair60@webmail.com,"494 Church St, Andhra Pradesh",Andhra Pradesh,Prepaid,2022-01-27,Complete,Suspended
2622,9444039831,Aarav Shah,1982-10-11,aarav.shah776@telecomuser.in,,Kolkata,Prepaid,2023-08-27,Complete,Active
2623,9732154473,Mary Reddy,1988-02-11,mary.reddy970@example.com,,MP,Postpaid,2024-06-30,Complete,Active
2624,9458302299,Ishaan Wilson,1978-05-18,ishaan.wilson506@webmail.com,"543 Station Rd, Mumbai",Mumbai,Prepaid,,Complete,Active
2625,9454715894,Meera Singh,2005-07-19,meera.singh302@example.com,,Mumbai,Prepaid,2023-12-04,Complete,Active
2626,9592346277,Joseph Reddy,1983-01-26,joseph.reddy803@webmail.com,,,Prepaid,,Complete,Suspended
2627,9397508951,Ramesh Banerjee,1964-03-17,ramesh.banerjee944@webmail.com,"444 Church St, Delhi",Delhi,Postpaid,2020-10-14,Complete,Active
2628,9728206711,Joseph Banerjee,2002-12-22,joseph.banerjee977@webmail.com,"804 Main St, Rajasthan",Rajasthan,Postpaid,2026-09-14,Complete,Active
2629,9522483758,,1969-10-26,,"63 Station Rd, Andhra Pradesh",Andhra Pradesh,Prepaid,,Complete,Active
2630,9380046773,Vihaan Kapoor,1985-03-28,vihaan.kapoor326@example.com,,Bihar,Postpaid,2023-08-21,Complete,Active
2631,9895381807,Barbara Mukherjee,1971-11-13,barbara.mukherjee634@example.com,,Haryana,Prepaid,2019-03-22,Complete,Active
2632,9659889840,Sarah Chopra,1980-10-17,sarah.chopra53@example.com,"399 Park Ave, UP West",UP West,Prepaid,2021-09-13,Complete,Active
2633,9720042887,,1999-07-18,,"883 MG Road, Kolkata",Kolkata,Prepaid,,Complete,Suspended
2634,9969780416,Ananya Dutta,1988-01-17,ananya.dutta5@mail.com,"329 Main St, Delhi",Delhi,Prepaid,2022-09-04,Pending,Active
2635,9495024011,Aarav Roy,1983-03-28,aarav.roy380@example.com,"370 Main St, Assam",Assam,Prepaid,2021-02-11,Complete,Active
2636,9085477032,Joseph Nair,1978-12-22,,,Karnataka,Prepaid,,Complete,Active
2637,9460290468,Charles Rao,1968-01-17,charles.rao576@webmail.com,"272 Church St, Kolkata",Kolkata,Prepaid,2019-06-22,Complete,Active
2638,9386304400,Jennifer Nair,1973-05-29,jennifer.nair631@telecomuser.in,,Haryana,Postpaid,2023-10-29,Complete,Active
2639,9129360373,Mary Shah,1992-09-28,mary.shah377@example.com,,Assam,Postpaid,2023-04-12,Complete,Active
2640,9914544297,Aarav Shah,1973-11-09,aarav.shah709@mail.com,"107 Station Rd, Gujarat",Gujarat,Postpaid,2025-11-05,Complete,Active
2641,9420375435,Patricia Smith,1989-11-14,,"489 Station Rd, Haryana",Haryana,Postpaid,2024-08-24,Complete,Active
2642,9910559280,Sai Garcia,2003-08-17,sai.garcia512@webmail.com,,Bihar,Prepaid,2020-07-21,Complete,Active
2643,9686984591,Arjun Sen,2006-06-30,arjun.sen388@example.com,"875 Station Rd, UP East",UP East,Prepaid,2020-10-15,Complete,Active
2644,9711635050,Ishaan Mehta,1964-01-19,ishaan.mehta620@webmail.com,"127 Main St, Maharashtra",Maharashtra,Prepaid,2019-01-18,Complete,Suspended
2645,9372545972,Kavya Chopra,1983-07-23,kavya.chopra938@webmail.com,"397 Main St, Andhra Pradesh",Andhra Pradesh,Prepaid,2024-08-27,Complete,Active
2646,9472368462,,2004-11-10,,"537 MG Road, Bihar",Bihar,Prepaid,2021-09-14,Complete,Active
2647,9785090735,Kavya Roy,1961-12-25,kavya.roy997@mail.com,"685 Park Ave, MP",MP,Prepaid,2025-10-02,Complete,Active
2648,9284547066,Ishaan Gupta,1956-04-04,ishaan.gupta534@webmail.com,"260 Main St, UP East",UP East,Prepaid,2023-07-23,Expired,Active
2649,9565346338,Amit Jones,1991-01-21,amit.jones587@mail.com,"166 MG Road, Bihar",Bihar,Prepaid,2019-06-28,Complete,Active
2650,9371549245,Kavya Wilson,1973-03-15,kavya.wilson142@webmail.com,"434 Station Rd, Rajasthan",Rajasthan,Prepaid,2023-10-31,Expired,Active
2651,9332553497,Swati Mehta,1998-02-26,swati.mehta5@telecomuser.in,"54 Main St, Delhi",Delhi,Prepaid,2023-05-18,Complete,Active
2652,9706090013,Swati Pillai,1982-11-25,swati.pillai40@mail.com,,MP,Postpaid,2020-06-17,Complete,Suspended
2653,9786189381,Anjali Miller,1996-01-25,anjali.miller58@mail.com,"162 Main St, Maharashtra",Maharashtra,Prepaid,2023-06-26,Complete,Active
2654,9705670142,Aarav Rao,1957-01-05,aarav.rao152@mail.com,"930 Park Ave, UP West",UP West,Postpaid,2026-07-13,Complete,Active
2655,9463892862,Sanjay Sharma,1988-07-21,sanjay.sharma197@telecomuser.in,"551 Church St, Assam",Assam,Prepaid,2024-07-14,Pending,Active
2656,9707681757,Thomas Kapoor,,thomas.kapoor946@webmail.com,"21 MG Road, Gujarat",Gujarat,Postpaid,2024-07-20,Complete,Active
2657,9622717344,Sneha Agarwal,1959-10-29,sneha.agarwal966@webmail.com,"652 Church St, Rajasthan",Rajasthan,Postpaid,2024-09-19,Complete,Active
2658,9174678054,Diya Wilson,2006-12-09,diya.wilson389@example.com,"125 MG Road, Andhra Pradesh",Andhra Pradesh,Prepaid,2025-10-11,Complete,Active
2659,9981503355,Elizabeth Brown,1975-07-05,elizabeth.brown914@telecomuser.in,"667 MG Road, Tamil Nadu",Tamil Nadu,Prepaid,2021-12-22,Complete,Active
2660,9407460756,Rahul Roy,1979-03-06,rahul.roy761@example.com,"160 Station Rd, Tamil Nadu",Tamil Nadu,Prepaid,2021-01-17,Complete,Active
2661,9060279524,Vihaan Smith,,vihaan.smith26@webmail.com,"654 Church St, Mumbai",Mumbai,Prepaid,2023-12-23,Complete,Suspended
2662,9788244076,Joseph Smith,,joseph.smith452@mail.com,"511 Church St, Odisha",Odisha,Prepaid,2021-02-20,Complete,Active
2663,9815153288,Isha Johnson,1995-08-02,isha.johnson540@mail.com,"761 Station Rd, Andhra Pradesh",,Prepaid,2020-03-04,Complete,Active
2664,9342857406,Priya Malhotra,,priya.malhotra73@mail.com,"657 Park Ave, Maharashtra",Maharashtra,Prepaid,2019-09-18,Complete,Active
2665,9043010004,David Wilson,1987-01-03,david.wilson58@webmail.com,"124 MG Road, West Bengal",West Bengal,Prepaid,2019-08-07,Pending,Active
2666,9160988351,John Miller,1970-01-19,john.miller294@webmail.com,"794 MG Road, UP East",UP East,Postpaid,2024-05-02,Complete,Active
2667,9736724803,Richard Reddy,1981-11-23,richard.reddy829@telecomuser.in,"608 Station Rd, Tamil Nadu",Tamil Nadu,Prepaid,2025-06-11,Expired,Active
2668,9612229971,David Singh,1995-05-31,david.singh682@mail.com,"340 Main St, Odisha",Odisha,Prepaid,2025-01-27,Complete,Active
2669,9979054945,Linda Banerjee,1961-12-03,linda.banerjee746@webmail.com,"816 Main St, UP East",UP East,Postpaid,2022-01-12,Complete,Suspended
2670,9701633338,Linda Das,1996-02-02,linda.das603@mail.com,"998 Park Ave, MP",MP,Prepaid,,Complete,Active
2671,9781262871,Sneha Verma,1963-10-06,sneha.verma226@telecomuser.in,"226 Main St, Bihar",Bihar,Postpaid,2020-11-06,Complete,Active
2672,9456812983,Vihaan Doe,1959-07-13,vihaan.doe407@example.com,"444 Church St, Gujarat",Gujarat,Prepaid,2020-05-04,Complete,Active
2673,9664425940,Vijay Kumar,1979-04-29,vijay.kumar884@example.com,,Chennai,Prepaid,,Complete,Active
2674,9574555223,Divya Das,1993-08-25,divya.das260@webmail.com,"962 MG Road, Kerala",,Postpaid,,Complete,Active
2675,9343908179,Elizabeth Rao,1962-11-18,,"784 Station Rd, Bihar",Bihar,Prepaid,2024-12-30,Complete,Active
2676,9836878644,Nisha Shah,1970-01-16,nisha.shah677@mail.com,,Kolkata,Prepaid,2019-12-18,Complete,Active
2677,9663502880,Rekha Kumar,1982-05-22,rekha.kumar62@telecomuser.in,"67 Park Ave, Assam",Assam,Postpaid,2020-09-29,Complete,Active
2678,9086091750,Elizabeth Sen,1959-06-26,elizabeth.sen914@example.com,"316 Main St, Punjab",Punjab,Prepaid,2023-05-12,Complete,Active
2679,9416108450,Joseph Chatterjee,1980-02-18,joseph.chatterjee262@example.com,"497 Station Rd, MP",MP,Prepaid,2022-03-12,Expired,Active
2680,9000780354,James Bansal,1997-01-03,james.bansal625@example.com,"885 Station Rd, West Bengal",West Bengal,Prepaid,2025-09-19,Complete,Active
2681,9184298947,Pooja Kumar,2006-10-15,pooja.kumar433@mail.com,"632 Park Ave, Gujarat",Gujarat,Prepaid,2021-11-14,Complete,Active
2682,9261384676,Reyansh Malhotra,1987-07-10,reyansh.malhotra161@mail.com,"482 Park Ave, Maharashtra",,Postpaid,2021-09-19,Complete,Active
2683,9136712602,Joseph Doe,1993-10-18,joseph.doe170@webmail.com,"203 MG Road, MP",MP,Prepaid,2026-09-30,Complete,Active
2684,9593562461,Ramesh Chatterjee,1971-02-14,ramesh.chatterjee24@webmail.com,"646 Park Ave, Kerala",Kerala,Postpaid,2023-04-08,Complete,Active
2685,9316479699,Vivaan Singh,1972-10-04,vivaan.singh766@webmail.com,,Maharashtra,Postpaid,2022-03-15,Pending,Active
2686,9978564709,Swati Williams,2002-02-06,,"255 Station Rd, Haryana",Haryana,Postpaid,2019-11-05,Complete,Active
2687,9679838478,Sneha Mukherjee,1980-11-07,sneha.mukherjee642@mail.com,"159 MG Road, UP East",UP East,Prepaid,2021-04-21,Complete,Active
2688,9867157154,Susan Mukherjee,,susan.mukherjee620@mail.com,"77 Main St, Haryana",Haryana,Prepaid,2024-10-25,Complete,Active
2689,9015933157,Reyansh Kumar,1972-02-08,reyansh.kumar386@telecomuser.in,"935 MG Road, UP West",UP West,Prepaid,2025-11-17,Complete,Active
2690,9355570955,Karen Mukherjee,2002-02-15,,"472 Main St, Mumbai",Mumbai,Postpaid,2021-04-16,Complete,Active
2691,9740696272,Sneha Iyer,1972-10-19,sneha.iyer508@webmail.com,"885 Station Rd, Maharashtra",Maharashtra,Prepaid,2025-08-02,Complete,Suspended
2692,9035227954,Vijay Johnson,1978-06-15,vijay.johnson570@example.com,"68 Station Rd, Delhi",Delhi,Prepaid,2025-09-16,Complete,Suspended
2693,9811364321,Ishaan Singh,1965-03-02,ishaan.singh316@example.com,"890 MG Road, Gujarat",Gujarat,Prepaid,2020-01-12,Pending,Active
2694,9614023148,Susan Miller,2006-07-26,susan.miller957@example.com,,Karnataka,Prepaid,2022-08-19,Complete,Active
2695,9615024005,Susan Patel,1982-12-19,,"398 Station Rd, Rajasthan",Rajasthan,Postpaid,2023-07-09,Complete,Active
2696,9140736554,Aditi Chatterjee,1973-07-21,aditi.chatterjee978@example.com,"432 MG Road, Kerala",Kerala,Prepaid,2025-06-18,Complete,Suspended
2697,9408689121,Manoj Chopra,,manoj.chopra301@mail.com,"317 Main St, MP",MP,Prepaid,2026-08-18,Complete,Active
2698,9207299322,Rahul Johnson,,,"105 Church St, Punjab",Punjab,Prepaid,2020-01-14,Complete,Active
2699,9213080579,Linda Banerjee,1981-01-21,linda.banerjee659@telecomuser.in,"515 Main St, Tamil Nadu",Tamil Nadu,Postpaid,,Complete,Active
2700,9336564058,Aditya Dutta,1965-10-06,aditya.dutta400@mail.com,"485 Park Ave, Bihar",Bihar,Prepaid,2023-05-23,Complete,Active
2701,9696216448,Anjali Smith,1969-10-09,,"866 Station Rd, Rajasthan",Rajasthan,Prepaid,,Complete,Active
2702,9323227777,Sarah Davis,1981-07-03,sarah.davis885@example.com,"378 Park Ave, Kolkata",,Prepaid,2020-08-17,Complete,Suspended
2703,9973494914,Meera Malhotra,1963-05-01,,"580 Station Rd, Mumbai",Mumbai,Prepaid,2024-11-06,Complete,Active
2704,9641102470,Ananya Menon,1973-02-19,ananya.menon193@example.com,"461 Church St, Karnataka",Karnataka,Prepaid,,Complete,Active
2705,9036029635,Anjali Nair,1973-04-26,anjali.nair634@webmail.com,"27 Station Rd, Tamil Nadu",Tamil Nadu,Prepaid,2022-12-20,Complete,Active
2706,9879224942,Suresh Mukherjee,1959-04-14,suresh.mukherjee60@telecomuser.in,"665 Park Ave, Karnataka",Karnataka,Postpaid,2025-07-05,Complete,Active
2707,9885140567,Kavya Brown,1968-09-26,kavya.brown145@telecomuser.in,,Kerala,Postpaid,2023-08-04,Complete,Active
2708,9598580352,Susan Gupta,1985-05-26,susan.gupta501@webmail.com,"752 Station Rd, Mumbai",Mumbai,Prepaid,2024-11-29,Complete,Active
2709,9447568567,Elizabeth Smith,2006-11-29,elizabeth.smith497@telecomuser.in,"357 Park Ave, Punjab",,Prepaid,2020-04-21,Pending,Active
2710,9442627938,Deepak Garcia,1996-06-07,deepak.garcia185@webmail.com,"169 Church St, Gujarat",Gujarat,Postpaid,2024-06-26,Complete,Active
2711,9865934381,Arjun Kapoor,1956-11-21,arjun.kapoor531@webmail.com,"154 Station Rd, Gujarat",Gujarat,Prepaid,2025-02-19,Complete,Active
2712,9498654061,Joseph Bhatt,1974-04-16,joseph.bhatt69@example.com,"539 Park Ave, Karnataka",Karnataka,Prepaid,2026-07-23,Complete,Active
2713,9454072380,Ravi Williams,1975-07-17,ravi.williams124@telecomuser.in,"955 Park Ave, Haryana",Haryana,Prepaid,2021-03-05,Complete,Active
2714,9355426056,Neha Kapoor,1959-01-25,neha.kapoor486@telecomuser.in,"415 Park Ave, Tamil Nadu",Tamil Nadu,Prepaid,2019-07-13,Pending,Active
2715,9206091247,Mary Mehta,1996-12-03,mary.mehta35@webmail.com,"469 MG Road, Assam",Assam,Prepaid,2021-12-08,Complete,Active
2716,9519752703,Aarav Brown,1975-08-15,aarav.brown671@example.com,,Punjab,Prepaid,2024-05-08,Complete,Active
2717,9482276814,Anjali Reddy,1987-08-21,anjali.reddy675@mail.com,"705 Station Rd, West Bengal",West Bengal,Prepaid,2021-03-30,Complete,Active
2718,9025077405,Aarav Doe,1977-07-04,aarav.doe4@example.com,"255 Station Rd, Mumbai",Mumbai,Prepaid,2024-12-15,Complete,Active
2719,9626362705,Mary Joshi,2001-05-16,,"256 Station Rd, West Bengal",West Bengal,Postpaid,2024-10-16,Complete,Active
2720,9914684804,Linda Mehta,1959-08-31,linda.mehta511@webmail.com,"696 Station Rd, Karnataka",Karnataka,Prepaid,2022-02-08,Complete,Active
2721,9180219805,Ishaan Agarwal,1982-08-05,ishaan.agarwal191@webmail.com,"558 Station Rd, Bihar",Bihar,Prepaid,2020-06-16,Complete,Active
2722,9479186674,Swati Kumar,1997-07-27,swati.kumar608@webmail.com,"982 Church St, Gujarat",Gujarat,Postpaid,2024-05-02,Complete,Active
2723,9408224445,Robert Wilson,1985-06-06,robert.wilson76@webmail.com,"934 MG Road, Odisha",Odisha,Prepaid,2020-11-11,Complete,Active
2724,9901203840,Pooja Brown,1984-11-11,pooja.brown936@example.com,"741 Main St, Tamil Nadu",Tamil Nadu,Prepaid,2020-10-24,Complete,Active
2725,9858934016,Aarav Johnson,1983-08-09,aarav.johnson16@example.com,"630 Station Rd, Tamil Nadu",Tamil Nadu,Postpaid,2024-08-19,Complete,Active
2726,9626067519,Anil Banerjee,1987-09-26,anil.banerjee534@telecomuser.in,"569 Main St, Andhra Pradesh",Andhra Pradesh,Postpaid,2026-07-05,Complete,Active
2727,9308945692,Anil Sharma,1993-09-20,anil.sharma418@example.com,"676 Park Ave, Karnataka",Karnataka,Prepaid,2019-03-27,Complete,Active
2728,9236700278,Barbara Wilson,1984-06-09,barbara.wilson270@telecomuser.in,"394 Station Rd, Mumbai",Mumbai,Postpaid,2019-03-29,Complete,Active
2729,9516654475,Karen Nair,1983-09-24,karen.nair296@example.com,,Mumbai,Postpaid,2024-11-26,Complete,Active
2730,9171524016,Aditi Verma,1981-02-15,aditi.verma703@example.com,"282 Park Ave, Maharashtra",Maharashtra,Prepaid,2019-05-06,Pending,Active
2731,9338749069,Barbara Brown,1994-08-29,barbara.brown112@telecomuser.in,"292 Main St, Delhi",Delhi,Prepaid,2023-04-05,Expired,Active
2732,9866771832,Sanjay Doe,1995-07-06,sanjay.doe829@example.com,,Chennai,Prepaid,,Complete,Active
2733,9822571845,Kavya Mukherjee,1979-03-08,kavya.mukherjee862@webmail.com,"401 Station Rd, Kolkata",Kolkata,Prepaid,2023-10-03,Complete,Suspended
2734,9925257820,Riya Desai,1971-09-17,riya.desai142@webmail.com,"352 MG Road, Rajasthan",Rajasthan,Prepaid,2022-09-30,Complete,Active
2735,9149498212,Kavya Roy,2005-02-19,kavya.roy234@example.com,"973 Station Rd, Odisha",Odisha,Prepaid,2025-04-12,Complete,Active
2736,9448401668,Diya Pillai,1995-07-16,diya.pillai709@webmail.com,"835 MG Road, UP East",UP East,Postpaid,2019-10-02,Complete,Active
2737,9447509773,Krishna Bhatt,,krishna.bhatt133@webmail.com,"529 Church St, Chennai",Chennai,Prepaid,2023-02-09,Complete,Active
2738,9403329225,Reyansh Iyer,1996-09-21,reyansh.iyer927@example.com,"869 Main St, Delhi",Delhi,Postpaid,2021-11-09,Pending,Active
2739,9006102306,Deepak Wilson,1958-07-16,,,Kerala,Prepaid,2022-07-18,Complete,Active
2740,9981345284,Elizabeth Patel,1970-08-29,elizabeth.patel824@mail.com,"849 Park Ave, Gujarat",Gujarat,Postpaid,2020-09-25,Complete,Active
2741,9233348615,William Banerjee,,william.banerjee15@example.com,"315 Main St, Assam",Assam,Postpaid,2021-10-03,Complete,Active
2742,9312938340,Patricia Kumar,2003-08-05,patricia.kumar466@webmail.com,"267 Park Ave, UP West",UP West,Prepaid,2024-10-02,Complete,Active
2743,9568689382,John Sen,2002-10-24,john.sen826@webmail.com,"509 Station Rd, Mumbai",Mumbai,Postpaid,2024-09-06,Complete,Active
2744,9782774208,Ramesh Williams,1967-06-07,ramesh.williams777@example.com,"788 Park Ave, Haryana",Haryana,Prepaid,2023-07-03,Complete,Active
2745,9616735243,Isha Nair,1979-06-25,isha.nair990@mail.com,"278 MG Road, Rajasthan",Rajasthan,Postpaid,2019-03-11,Complete,Suspended
2746,9772590440,James Chopra,1958-05-28,james.chopra650@telecomuser.in,"969 MG Road, Maharashtra",Maharashtra,Prepaid,2019-04-13,Pending,Active
2747,9733998834,Suresh Roy,1974-09-15,suresh.roy609@mail.com,"792 Park Ave, Kolkata",Kolkata,Prepaid,2019-11-22,Expired,Active
2748,9344975865,Richard Johnson,1994-12-26,richard.johnson699@example.com,"617 Station Rd, Assam",Assam,Prepaid,2026-08-18,Complete,Active
2749,9760428137,Aarav Malhotra,1995-02-23,,"458 Park Ave, Odisha",Odisha,Postpaid,2025-07-02,Complete,Active
2750,9148612750,Riya Malhotra,1990-10-15,riya.malhotra492@telecomuser.in,"629 MG Road, Maharashtra",,Prepaid,2022-01-06,Complete,Active
2751,9650566117,Sneha Joshi,1961-06-17,sneha.joshi951@telecomuser.in,,UP West,Prepaid,2023-08-28,Complete,Active
2752,9006213397,Reyansh Chopra,,,"651 Station Rd, Karnataka",Karnataka,Prepaid,2025-05-18,Pending,Active
2753,9928336203,Rohan Jones,1976-02-05,,"134 Park Ave, Maharashtra",Maharashtra,Postpaid,2024-04-26,Complete,Active
2754,9704644560,Krishna Gupta,,krishna.gupta516@example.com,"636 Station Rd, MP",MP,Postpaid,2024-02-12,Complete,Active
2755,9348436435,Patricia Kapoor,1996-05-16,patricia.kapoor649@telecomuser.in,"787 Church St, Rajasthan",Rajasthan,Postpaid,2019-03-26,Complete,Active
2756,9756795583,Aditya Williams,,aditya.williams199@mail.com,"26 Park Ave, Maharashtra",Maharashtra,Prepaid,,Complete,Active
2757,9037323874,William Patel,1973-11-30,william.patel83@telecomuser.in,,Andhra Pradesh,Prepaid,2022-11-30,Complete,Active
2758,9813220709,Anjali Sharma,2001-04-01,anjali.sharma110@example.com,"515 Main St, West Bengal",West Bengal,Postpaid,2023-06-18,Expired,Active
2759,9791047505,Elizabeth Dutta,1993-06-24,elizabeth.dutta132@telecomuser.in,,Andhra Pradesh,Prepaid,2024-01-24,Complete,Active
2760,9795544732,Suresh Garcia,1993-05-16,suresh.garcia197@telecomuser.in,"191 Park Ave, Punjab",Punjab,Prepaid,2025-01-14,Complete,Active
2761,9678283390,David Bhatt,1957-09-14,,"904 Station Rd, Mumbai",Mumbai,Prepaid,2023-12-07,Complete,Active
2762,9390636710,Sarah Smith,1992-07-20,,,Chennai,Prepaid,2021-07-30,Complete,Active
2763,9701765990,Joseph Johnson,1991-08-29,joseph.johnson28@mail.com,"548 Main St, Kolkata",Kolkata,Prepaid,2021-12-13,Pending,Active
2764,9543569469,Kavya Agarwal,1981-06-12,kavya.agarwal97@telecomuser.in,"397 MG Road, Bihar",Bihar,Prepaid,2021-09-15,Complete,Active
2765,9416157507,Swati Menon,1970-02-21,swati.menon570@example.com,"539 MG Road, Rajasthan",Rajasthan,Prepaid,2021-07-03,Complete,Suspended
2766,9306954920,Sunita Roy,1977-08-20,sunita.roy436@webmail.com,"871 MG Road, Kerala",Kerala,Postpaid,2022-09-18,Expired,Active
2767,9503426153,Vivaan Pillai,,,"267 Park Ave, Bihar",Bihar,Postpaid,2023-09-15,Complete,Active
2768,9226140523,Diya Iyer,1987-07-04,diya.iyer397@example.com,"902 Park Ave, Maharashtra",Maharashtra,Prepaid,2026-11-07,Complete,Active
2769,9121760064,Michael Patel,2006-10-06,michael.patel964@mail.com,"257 Park Ave, Odisha",Odisha,Postpaid,,Complete,Active
2770,9089693538,Linda Davis,1995-06-14,linda.davis584@webmail.com,"15 Station Rd, Rajasthan",,Prepaid,2025-01-12,Complete,Active
2771,9504867370,Kavya Dutta,1983-11-19,kavya.dutta656@webmail.com,"990 MG Road, Bihar",Bihar,Postpaid,2023-04-26,Complete,Active
2772,9495356155,,1955-01-02,,"551 MG Road, Bihar",Bihar,Prepaid,2024-05-16,Complete,Active
2773,9660714080,Nisha Mehta,1973-05-25,nisha.mehta388@webmail.com,"172 Main St, UP East",UP East,Prepaid,2026-10-25,Complete,Active
2774,9548617618,Elizabeth Rao,1991-09-07,elizabeth.rao314@mail.com,"206 Station Rd, UP East",UP East,Postpaid,2024-06-19,Complete,Active
2775,9360172235,Elizabeth Rao,1974-10-31,elizabeth.rao664@mail.com,"100 Church St, Chennai",Chennai,Prepaid,2025-03-23,Complete,Active
2776,9614256076,Sunita Bansal,,sunita.bansal643@telecomuser.in,"192 Church St, Delhi",Delhi,Postpaid,2026-09-26,Complete,Active
2777,9258561653,Shreya Doe,1978-02-05,,,Kerala,Prepaid,2023-06-18,Complete,Active
2778,9086985638,Jessica Smith,1973-11-13,jessica.smith458@telecomuser.in,"674 Station Rd, Andhra Pradesh",Andhra Pradesh,Prepaid,2026-10-27,Complete,Suspended
2779,9406287036,Charles Malhotra,1968-09-01,charles.malhotra301@mail.com,"804 Church St, Punjab",Punjab,Prepaid,2022-11-13,Complete,Active
2780,9369324639,Jessica Mehta,2002-10-15,jessica.mehta470@telecomuser.in,"967 Station Rd, Delhi",Delhi,Prepaid,2025-10-06,Complete,Active
2781,9860642466,Jennifer Desai,1967-01-29,,"16 Park Ave, Maharashtra",Maharashtra,Prepaid,2024-02-14,Complete,Suspended
2782,9897798393,Ishaan Menon,2005-01-04,ishaan.menon898@webmail.com,"743 Church St, Mumbai",Mumbai,Prepaid,2024-05-07,Complete,Active
2783,9394201342,Kavya Agarwal,2000-09-23,kavya.agarwal651@telecomuser.in,"294 Park Ave, Odisha",Odisha,Prepaid,2026-11-03,Complete,Active
2784,9637449685,Michael Nair,1994-07-21,michael.nair671@telecomuser.in,"578 Park Ave, Haryana",Haryana,Prepaid,2026-06-17,Complete,Suspended
2785,9626688700,Robert Mukherjee,1996-05-03,robert.mukherjee389@mail.com,,Rajasthan,Postpaid,2024-10-29,Complete,Active
2786,9026522693,Robert Brown,1974-01-15,robert.brown84@webmail.com,"718 Station Rd, Karnataka",Karnataka,Postpaid,2022-07-19,Complete,Active
2787,9206610687,Vivaan Pillai,1960-10-23,vivaan.pillai21@webmail.com,"307 Main St, MP",MP,Prepaid,2022-05-21,Pending,Active
2788,9594538015,Sneha Brown,1973-10-24,sneha.brown357@mail.com,"112 MG Road, Punjab",Punjab,Postpaid,2022-09-04,Complete,Active
2789,9135913801,Diya Dutta,1973-08-18,diya.dutta612@telecomuser.in,,UP West,Prepaid,2021-04-21,Complete,Active
2790,9905090642,Aditi Malhotra,1992-03-29,,"994 MG Road, UP East",UP East,Prepaid,2026-12-19,Complete,Active
2791,9864830782,Richard Kapoor,1963-07-21,richard.kapoor685@mail.com,"375 Main St, Odisha",Odisha,Postpaid,2025-01-04,Complete,Active
2792,9678936110,Richard Banerjee,1976-04-11,,"985 Main St, Karnataka",Karnataka,Prepaid,,Complete,Active
2793,9648125035,David Kapoor,1987-11-01,david.kapoor246@webmail.com,"569 Main St, Kolkata",Kolkata,Prepaid,2021-05-09,Complete,Active
2794,9275087498,Sarah Brown,,sarah.brown416@mail.com,"592 Park Ave, Mumbai",,Prepaid,2023-02-25,Complete,Active
2795,9336375767,Rahul Williams,1999-07-29,rahul.williams168@mail.com,"187 Main St, Punjab",Punjab,Prepaid,2026-09-28,Complete,Active
2796,9045818325,Patricia Patel,1968-03-09,patricia.patel561@mail.com,"836 MG Road, Andhra Pradesh",Andhra Pradesh,Prepaid,2020-05-09,Complete,Active
2797,9123125121,Charles Kumar,,,,Odisha,Prepaid,2020-10-21,Complete,Active
2798,9054093769,Sneha Ghosh,1980-03-07,sneha.ghosh418@telecomuser.in,"293 Main St, UP East",UP East,Prepaid,2025-09-07,Pending,Active
2799,9920250453,Kavya Mukherjee,,kavya.mukherjee932@mail.com,,Haryana,Postpaid,2019-10-10,Complete,Suspended
2800,9745286578,Richard Joshi,1972-06-05,richard.joshi66@mail.com,"609 MG Road, Kerala",Kerala,Postpaid,2021-07-02,Complete,Active
2801,9059113934,,1981-02-17,,"899 Main St, Delhi",Delhi,Prepaid,2022-10-18,Pending,Active
2802,9923406627,Robert Chatterjee,,robert.chatterjee711@mail.com,"202 Church St, Maharashtra",Maharashtra,Prepaid,2022-11-01,Complete,Active
2803,9882559367,Sunita Verma,1957-11-23,sunita.verma349@telecomuser.in,"585 Park Ave, West Bengal",West Bengal,Postpaid,2024-05-07,Complete,Active
2804,9610048563,Anil Dutta,1986-05-29,anil.dutta276@example.com,"978 Church St, West Bengal",West Bengal,Prepaid,2023-04-10,Complete,Active
2805,9188673168,William Desai,1964-04-08,william.desai914@example.com,"364 Church St, West Bengal",West Bengal,Prepaid,2023-09-28,Complete,Active
2806,9857989753,Priya Sen,1970-04-19,priya.sen778@telecomuser.in,"25 Church St, Andhra Pradesh",Andhra Pradesh,Postpaid,2020-07-28,Expired,Active
2807,9228698920,Linda Shah,1965-09-29,,,UP West,Prepaid,,Pending,Active
2808,9290913772,Manoj Jones,1994-01-05,manoj.jones298@webmail.com,"424 MG Road, Odisha",,Postpaid,2024-02-28,Complete,Active
2809,9771282736,Ishaan Reddy,2000-09-08,ishaan.reddy27@example.com,"72 Main St, Kolkata",Kolkata,Postpaid,2020-11-25,Complete,Active
