invoice_id,customer_id,billing_cycle_start,billing_cycle_end,plan_charge,usage_charge,vas_charge,tax_gst,late_fee,total_amount,due_date,payment_status
5001,1001,2026-03-01,2026-03-31,2999.00,38.55,19.00,550.18,0.00,3606.73,2026-04-15,Paid
5002,1001,2026-04-01,2026-04-30,2999.00,19.81,49.00,552.21,0.00,3620.02,2026-05-15,Paid
5003,1001,2026-05-01,2026-05-31,2999.00,5.62,19.00,544.25,22.89,3590.76,2026-06-15,Overdue
5004,1001,2026-06-01,2026-06-30,2999.00,52.78,0.00,549.32,0.00,3601.10,2026-07-15,Paid
5005,1001,2026-07-01,2026-07-31,2999.00,62.98,99.00,568.98,0.00,3729.96,2026-08-15,Unpaid
5006,1001,2026-08-01,2026-08-31,2999.00,52.30,99.00,567.05,0.00,3717.35,2026-09-15,Unpaid
5007,1003,2026-03-01,2026-03-31,899.00,12.84,19.00,167.55,0.00,1098.39,2026-04-15,Paid
5008,1003,2026-04-01,2026-04-30,899.00,82.82,49.00,185.55,0.00,1216.37,2026-05-15,Paid
5009,1003,2026-05-01,2026-05-31,899.00,24.86,0.00,166.29,0.00,1090.15,2026-06-15,Paid
5010,1003,2026-06-01,2026-06-30,899.00,87.39,19.00,180.97,0.00,1186.36,2026-07-15,Paid
5011,1003,2026-07-01,2026-07-31,899.00,4.59,0.00,162.65,0.00,1066.24,2026-08-15,Unpaid
5012,1003,2026-08-01,2026-08-31,899.00,77.07,0.00,175.69,0.00,1151.76,2026-09-15,Paid
5013,1005,2026-03-01,2026-03-31,499.00,17.68,0.00,93.00,0.00,609.68,2026-04-15,Paid
5014,1005,2026-04-01,2026-04-30,499.00,12.75,0.00,92.11,0.00,603.86,2026-05-15,Paid
5015,1005,2026-05-01,2026-05-31,499.00,65.42,19.00,105.02,0.00,688.44,2026-06-15,Unpaid
5016,1005,2026-06-01,2026-06-30,499.00,30.82,49.00,104.19,0.00,683.01,2026-07-15,Paid
5017,1005,2026-07-01,2026-07-31,499.00,29.87,0.00,95.20,0.00,624.07,2026-08-15,Unpaid
5018,1005,2026-08-01,2026-08-31,499.00,99.76,0.00,107.78,0.00,706.54,2026-09-15,Unpaid
5019,1009,2026-03-01,2026-03-31,2999.00,5.74,0.00,540.85,51.32,3596.91,2026-04-15,Overdue
5020,1009,2026-04-01,2026-04-30,2999.00,76.25,0.00,553.54,0.00,3628.79,2026-05-15,Paid
5021,1009,2026-05-01,2026-05-31,2999.00,15.80,29.00,547.88,90.92,3682.60,2026-06-15,Overdue
5022,1009,2026-06-01,2026-06-30,2999.00,11.11,0.00,541.82,0.00,3551.93,2026-07-15,Paid
5023,1009,2026-07-01,2026-07-31,2999.00,1.51,49.00,548.91,0.00,3598.42,2026-08-15,Unpaid
5024,1009,2026-08-01,2026-08-31,2999.00,38.99,0.00,546.84,0.00,3584.83,2026-09-15,Paid
5025,1010,2026-03-01,2026-03-31,479.00,16.89,99.00,107.08,0.00,701.97,2026-04-15,Paid
5026,1010,2026-04-01,2026-04-30,479.00,49.94,49.00,104.03,0.00,681.97,2026-05-15,Paid
5027,1010,2026-05-01,2026-05-31,479.00,65.39,0.00,97.99,0.00,642.38,2026-06-15,Paid
5028,1010,2026-06-01,2026-06-30,479.00,66.41,19.00,101.59,0.00,666.00,2026-07-15,Paid
5029,1010,2026-07-01,2026-07-31,479.00,5.45,0.00,87.20,0.00,571.65,2026-08-15,Paid
5030,1010,2026-08-01,2026-08-31,479.00,72.58,19.00,102.70,0.00,673.28,2026-09-15,Unpaid
5031,1011,2026-03-01,2026-03-31,299.00,13.60,19.00,59.69,0.00,391.29,2026-04-15,Paid
5032,1011,2026-04-01,2026-04-30,299.00,56.54,0.00,64.00,0.00,419.54,2026-05-15,Paid
5033,1011,2026-05-01,2026-05-31,299.00,88.21,99.00,87.52,0.00,573.73,2026-06-15,Paid
5034,1011,2026-06-01,2026-06-30,299.00,95.99,19.00,74.52,0.00,488.51,2026-07-15,Paid
5035,1011,2026-07-01,2026-07-31,299.00,36.71,29.00,65.65,0.00,430.36,2026-08-15,Unpaid
5036,1011,2026-08-01,2026-08-31,299.00,79.27,0.00,68.09,0.00,446.36,2026-09-15,Unpaid
5037,1013,2026-03-01,2026-03-31,149.00,92.93,0.00,43.55,59.97,345.45,2026-04-15,Overdue
5038,1013,2026-04-01,2026-04-30,149.00,78.53,0.00,40.96,97.28,365.77,2026-05-15,Overdue
5039,1013,2026-05-01,2026-05-31,149.00,94.10,0.00,43.76,0.00,286.86,2026-06-15,Paid
5040,1013,2026-06-01,2026-06-30,149.00,45.39,29.00,40.21,26.63,290.23,2026-07-15,Overdue
5041,1013,2026-07-01,2026-07-31,149.00,20.77,0.00,30.56,0.00,200.33,2026-08-15,Unpaid
5042,1013,2026-08-01,2026-08-31,149.00,94.12,49.00,52.58,0.00,344.70,2026-09-15,Paid
5043,1018,2026-03-01,2026-03-31,699.00,87.11,49.00,150.32,0.00,985.43,2026-04-15,Paid
5044,1018,2026-04-01,2026-04-30,699.00,64.19,99.00,155.19,0.00,1017.38,2026-05-15,Paid
5045,1018,2026-05-01,2026-05-31,699.00,85.27,0.00,141.17,0.00,925.44,2026-06-15,Paid
5046,1018,2026-06-01,2026-06-30,699.00,24.98,0.00,130.32,0.00,854.30,2026-07-15,Paid
5047,1018,2026-07-01,2026-07-31,699.00,53.73,99.00,153.31,0.00,1005.04,2026-08-15,Unpaid
5048,1018,2026-08-01,2026-08-31,699.00,49.59,29.00,139.97,0.00,917.56,2026-09-15,Unpaid
5049,1022,2026-03-01,2026-03-31,179.00,82.14,0.00,47.01,0.00,308.15,2026-04-15,Paid
5050,1022,2026-04-01,2026-04-30,179.00,30.07,19.00,41.05,0.00,269.12,2026-05-15,Paid
5051,1022,2026-05-01,2026-05-31,179.00,12.01,29.00,39.60,0.00,259.61,2026-06-15,Paid
5052,1022,2026-06-01,2026-06-30,179.00,87.74,99.00,65.83,0.00,431.57,2026-07-15,Paid
5053,1022,2026-07-01,2026-07-31,179.00,60.55,29.00,48.34,0.00,316.89,2026-08-15,Unpaid
5054,1022,2026-08-01,2026-08-31,179.00,5.21,29.00,38.38,0.00,251.59,2026-09-15,Unpaid
5055,1025,2026-03-01,2026-03-31,399.00,78.71,0.00,85.99,0.00,563.70,2026-04-15,Paid
5056,1025,2026-04-01,2026-04-30,399.00,23.77,29.00,81.32,0.00,533.09,2026-05-15,Paid
5057,1025,2026-05-01,2026-05-31,399.00,22.76,0.00,75.92,0.00,497.68,2026-06-15,Paid
5058,1025,2026-06-01,2026-06-30,399.00,63.39,0.00,83.23,44.13,589.75,2026-07-15,Overdue
5059,1025,2026-07-01,2026-07-31,399.00,15.77,19.00,78.08,0.00,511.85,2026-08-15,Paid
5060,1025,2026-08-01,2026-08-31,399.00,4.52,0.00,72.63,0.00,476.15,2026-09-15,Unpaid
5061,1026,2026-03-01,2026-03-31,949.00,33.72,0.00,176.89,0.00,1159.61,2026-04-15,Unpaid
5062,1026,2026-04-01,2026-04-30,949.00,14.07,99.00,191.17,0.00,1253.24,2026-05-15,Paid
5063,1026,2026-05-01,2026-05-31,949.00,2.14,0.00,171.21,75.60,1197.95,2026-06-15,Overdue
5064,1026,2026-06-01,2026-06-30,949.00,31.99,29.00,181.80,0.00,1191.79,2026-07-15,Paid
5065,1026,2026-07-01,2026-07-31,949.00,4.94,29.00,176.93,0.00,1159.87,2026-08-15,Unpaid
5066,1026,2026-08-01,2026-08-31,949.00,95.62,0.00,188.03,0.00,1232.65,2026-09-15,Unpaid
5067,1028,2026-03-01,2026-03-31,179.00,55.35,0.00,42.18,0.00,276.53,2026-04-15,Paid
5068,1028,2026-04-01,2026-04-30,179.00,18.80,99.00,53.42,73.10,423.32,2026-05-15,Overdue
5069,1028,2026-05-01,2026-05-31,179.00,41.25,49.00,48.46,56.13,373.84,2026-06-15,Overdue
5070,1028,2026-06-01,2026-06-30,179.00,63.04,0.00,43.57,0.00,285.61,2026-07-15,Paid
5071,1028,2026-07-01,2026-07-31,179.00,85.04,49.00,56.35,0.00,369.39,2026-08-15,Unpaid
5072,1028,2026-08-01,2026-08-31,179.00,45.11,0.00,40.34,0.00,264.45,2026-09-15,Unpaid
5073,1036,2026-03-01,2026-03-31,899.00,1.87,0.00,162.16,0.00,1063.03,2026-04-15,Paid
5074,1036,2026-04-01,2026-04-30,899.00,92.64,29.00,183.72,0.00,1204.36,2026-05-15,Paid
5075,1036,2026-05-01,2026-05-31,899.00,89.54,0.00,177.94,0.00,1166.48,2026-06-15,Paid
5076,1036,2026-06-01,2026-06-30,899.00,20.04,29.00,170.65,0.00,1118.69,2026-07-15,Paid
5077,1036,2026-07-01,2026-07-31,899.00,79.44,29.00,181.34,0.00,1188.78,2026-08-15,Unpaid
5078,1036,2026-08-01,2026-08-31,899.00,38.09,19.00,172.10,0.00,1128.19,2026-09-15,Unpaid
5079,1038,2026-03-01,2026-03-31,949.00,59.05,29.00,186.67,0.00,1223.72,2026-04-15,Paid
5080,1038,2026-04-01,2026-04-30,949.00,7.81,0.00,172.23,0.00,1129.04,2026-05-15,Paid
5081,1038,2026-05-01,2026-05-31,949.00,71.63,49.00,192.53,37.67,1299.83,2026-06-15,Overdue
5082,1038,2026-06-01,2026-06-30,949.00,92.86,49.00,196.35,0.00,1287.21,2026-07-15,Paid
5083,1038,2026-07-01,2026-07-31,949.00,70.23,49.00,192.28,0.00,1260.51,2026-08-15,Paid
5084,1038,2026-08-01,2026-08-31,949.00,58.45,19.00,184.76,0.00,1211.21,2026-09-15,Paid
5085,1040,2026-03-01,2026-03-31,149.00,97.82,0.00,44.43,0.00,291.25,2026-04-15,Paid
5086,1040,2026-04-01,2026-04-30,149.00,79.91,99.00,59.02,45.26,432.19,2026-05-15,Overdue
5087,1040,2026-05-01,2026-05-31,149.00,34.36,0.00,33.00,0.00,216.36,2026-06-15,Paid
5088,1040,2026-06-01,2026-06-30,149.00,26.27,0.00,31.55,0.00,206.82,2026-07-15,Paid
5089,1040,2026-07-01,2026-07-31,149.00,89.45,49.00,51.74,0.00,339.19,2026-08-15,Unpaid
5090,1040,2026-08-01,2026-08-31,149.00,6.23,0.00,27.94,0.00,183.17,2026-09-15,Unpaid
5091,1045,2026-03-01,2026-03-31,239.00,19.93,0.00,46.61,35.69,341.23,2026-04-15,Overdue
5092,1045,2026-04-01,2026-04-30,239.00,64.05,49.00,63.37,0.00,415.42,2026-05-15,Paid
5093,1045,2026-05-01,2026-05-31,239.00,50.44,0.00,52.10,0.00,341.54,2026-06-15,Paid
5094,1045,2026-06-01,2026-06-30,239.00,61.66,99.00,71.94,0.00,471.60,2026-07-15,Paid
5095,1045,2026-07-01,2026-07-31,239.00,43.44,19.00,54.26,0.00,355.70,2026-08-15,Unpaid
5096,1045,2026-08-01,2026-08-31,239.00,61.93,49.00,62.99,0.00,412.92,2026-09-15,Paid
5097,1047,2026-03-01,2026-03-31,849.00,48.45,0.00,161.54,0.00,1058.99,2026-04-15,Paid
5098,1047,2026-04-01,2026-04-30,849.00,94.82,29.00,175.11,0.00,1147.93,2026-05-15,Paid
5099,1047,2026-05-01,2026-05-31,849.00,48.85,0.00,161.61,0.00,1059.46,2026-06-15,Paid
5100,1047,2026-06-01,2026-06-30,849.00,95.89,29.00,175.30,0.00,1149.19,2026-07-15,Unpaid
5101,1047,2026-07-01,2026-07-31,849.00,42.92,19.00,163.97,0.00,1074.89,2026-08-15,Unpaid
5102,1047,2026-08-01,2026-08-31,849.00,62.59,0.00,164.09,0.00,1075.68,2026-09-15,Paid
5103,1057,2026-03-01,2026-03-31,179.00,13.24,99.00,52.42,82.48,426.14,2026-04-15,Overdue
5104,1057,2026-04-01,2026-04-30,179.00,85.89,0.00,47.68,0.00,312.57,2026-05-15,Paid
5105,1057,2026-05-01,2026-05-31,179.00,27.76,49.00,46.04,0.00,301.80,2026-06-15,Paid
5106,1057,2026-06-01,2026-06-30,179.00,91.11,0.00,48.62,0.00,318.73,2026-07-15,Paid
5107,1057,2026-07-01,2026-07-31,179.00,52.12,49.00,50.42,0.00,330.54,2026-08-15,Paid
5108,1057,2026-08-01,2026-08-31,179.00,86.08,0.00,47.71,0.00,312.79,2026-09-15,Unpaid
5109,1061,2026-03-01,2026-03-31,499.00,83.65,0.00,104.88,0.00,687.53,2026-04-15,Paid
5110,1061,2026-04-01,2026-04-30,499.00,64.78,49.00,110.30,0.00,723.08,2026-05-15,Unpaid
5111,1061,2026-05-01,2026-05-31,499.00,89.13,29.00,111.08,0.00,728.21,2026-06-15,Paid
5112,1061,2026-06-01,2026-06-30,499.00,58.91,19.00,103.84,44.24,724.99,2026-07-15,Overdue
5113,1061,2026-07-01,2026-07-31,499.00,1.69,99.00,107.94,0.00,707.63,2026-08-15,Unpaid
5114,1061,2026-08-01,2026-08-31,499.00,23.99,0.00,94.14,0.00,617.13,2026-09-15,Paid
5115,1066,2026-03-01,2026-03-31,299.00,14.67,29.00,61.68,0.00,404.35,2026-04-15,Paid
5116,1066,2026-04-01,2026-04-30,299.00,78.60,0.00,67.97,0.00,445.57,2026-05-15,Paid
5117,1066,2026-05-01,2026-05-31,299.00,79.84,49.00,77.01,0.00,504.85,2026-06-15,Unpaid
5118,1066,2026-06-01,2026-06-30,299.00,92.01,0.00,70.38,0.00,461.39,2026-07-15,Unpaid
5119,1066,2026-07-01,2026-07-31,299.00,15.74,49.00,65.47,0.00,429.21,2026-08-15,Paid
5120,1066,2026-08-01,2026-08-31,299.00,90.04,29.00,75.25,0.00,493.29,2026-09-15,Paid
5121,1069,2026-03-01,2026-03-31,649.00,35.77,49.00,132.08,0.00,865.85,2026-04-15,Unpaid
5122,1069,2026-04-01,2026-04-30,649.00,92.29,19.00,136.85,0.00,897.14,2026-05-15,Paid
5123,1069,2026-05-01,2026-05-31,649.00,26.48,0.00,121.59,94.75,891.82,2026-06-15,Overdue
5124,1069,2026-06-01,2026-06-30,649.00,44.51,29.00,130.05,0.00,852.56,2026-07-15,Paid
5125,1069,2026-07-01,2026-07-31,649.00,85.71,19.00,135.67,0.00,889.38,2026-08-15,Unpaid
5126,1069,2026-08-01,2026-08-31,649.00,29.54,0.00,122.14,0.00,800.68,2026-09-15,Unpaid
5127,1073,2026-03-01,2026-03-31,149.00,35.75,0.00,33.25,0.00,218.00,2026-04-15,Paid
5128,1073,2026-04-01,2026-04-30,149.00,60.83,19.00,41.19,0.00,270.02,2026-05-15,Paid
5129,1073,2026-05-01,2026-05-31,149.00,30.88,0.00,32.38,0.00,212.26,2026-06-15,Paid
5130,1073,2026-06-01,2026-06-30,149.00,47.23,29.00,40.54,0.00,265.77,2026-07-15,Paid
5131,1073,2026-07-01,2026-07-31,149.00,51.38,0.00,36.07,0.00,236.45,2026-08-15,Unpaid
5132,1073,2026-08-01,2026-08-31,149.00,91.12,0.00,43.22,0.00,283.34,2026-09-15,Paid
5133,1074,2026-03-01,2026-03-31,949.00,45.76,0.00,179.06,0.00,1173.82,2026-04-15,Paid
5134,1074,2026-04-01,2026-04-30,949.00,34.98,99.00,194.94,0.00,1277.92,2026-05-15,Paid
5135,1074,2026-05-01,2026-05-31,949.00,83.11,99.00,203.60,0.00,1334.71,2026-06-15,Paid
5136,1074,2026-06-01,2026-06-30,949.00,73.41,0.00,184.03,0.00,1206.44,2026-07-15,Paid
5137,1074,2026-07-01,2026-07-31,949.00,63.25,19.00,185.62,0.00,1216.87,2026-08-15,Unpaid
5138,1074,2026-08-01,2026-08-31,949.00,11.48,29.00,178.11,0.00,1167.59,2026-09-15,Unpaid
5139,1077,2026-03-01,2026-03-31,949.00,59.02,0.00,181.44,0.00,1189.46,2026-04-15,Paid
5140,1077,2026-04-01,2026-04-30,949.00,78.09,99.00,202.70,37.21,1366.00,2026-05-15,Overdue
5141,1077,2026-05-01,2026-05-31,949.00,87.33,29.00,191.76,0.00,1257.09,2026-06-15,Paid
5142,1077,2026-06-01,2026-06-30,949.00,76.41,19.00,187.99,0.00,1232.40,2026-07-15,Paid
5143,1077,2026-07-01,2026-07-31,949.00,16.11,0.00,173.72,0.00,1138.83,2026-08-15,Paid
5144,1077,2026-08-01,2026-08-31,949.00,92.12,0.00,187.40,0.00,1228.52,2026-09-15,Unpaid
5145,1078,2026-03-01,2026-03-31,649.00,47.38,99.00,143.17,0.00,938.55,2026-04-15,Paid
5146,1078,2026-04-01,2026-04-30,649.00,42.37,19.00,127.87,0.00,838.24,2026-05-15,Paid
5147,1078,2026-05-01,2026-05-31,649.00,74.37,0.00,130.21,0.00,853.58,2026-06-15,Paid
5148,1078,2026-06-01,2026-06-30,649.00,47.40,29.00,130.57,0.00,855.97,2026-07-15,Unpaid
5149,1078,2026-07-01,2026-07-31,649.00,84.87,29.00,137.32,0.00,900.19,2026-08-15,Unpaid
5150,1078,2026-08-01,2026-08-31,649.00,39.84,0.00,123.99,0.00,812.83,2026-09-15,Paid
5151,1080,2026-03-01,2026-03-31,479.00,39.80,49.00,102.20,0.00,670.00,2026-04-15,Paid
5152,1080,2026-04-01,2026-04-30,479.00,66.91,29.00,103.48,71.20,749.59,2026-05-15,Overdue
5153,1080,2026-05-01,2026-05-31,479.00,74.54,29.00,104.86,0.00,687.40,2026-06-15,Paid
5154,1080,2026-06-01,2026-06-30,479.00,2.31,49.00,95.46,0.00,625.77,2026-07-15,Paid
5155,1080,2026-07-01,2026-07-31,479.00,57.08,0.00,96.49,0.00,632.57,2026-08-15,Unpaid
5156,1080,2026-08-01,2026-08-31,479.00,70.14,49.00,107.67,0.00,705.81,2026-09-15,Unpaid
5157,1084,2026-03-01,2026-03-31,249.00,4.25,0.00,45.59,43.94,342.78,2026-04-15,Overdue
5158,1084,2026-04-01,2026-04-30,249.00,59.87,49.00,64.42,0.00,422.29,2026-05-15,Paid
5159,1084,2026-05-01,2026-05-31,249.00,22.62,29.00,54.11,0.00,354.73,2026-06-15,Paid
5160,1084,2026-06-01,2026-06-30,249.00,20.39,0.00,48.49,0.00,317.88,2026-07-15,Paid
5161,1084,2026-07-01,2026-07-31,249.00,43.28,0.00,52.61,0.00,344.89,2026-08-15,Unpaid
5162,1084,2026-08-01,2026-08-31,249.00,99.41,0.00,62.71,0.00,411.12,2026-09-15,Unpaid
5163,1085,2026-03-01,2026-03-31,149.00,94.70,0.00,43.87,0.00,287.57,2026-04-15,Unpaid
5164,1085,2026-04-01,2026-04-30,149.00,23.04,19.00,34.39,0.00,225.43,2026-05-15,Unpaid
5165,1085,2026-05-01,2026-05-31,149.00,9.71,0.00,28.57,0.00,187.28,2026-06-15,Unpaid
5166,1085,2026-06-01,2026-06-30,149.00,73.70,0.00,40.09,0.00,262.79,2026-07-15,Paid
5167,1085,2026-07-01,2026-07-31,149.00,77.36,0.00,40.74,0.00,267.10,2026-08-15,Paid
5168,1085,2026-08-01,2026-08-31,149.00,97.36,49.00,53.16,0.00,348.52,2026-09-15,Unpaid
5169,1089,2026-03-01,2026-03-31,99.00,72.50,29.00,36.09,0.00,236.59,2026-04-15,Paid
5170,1089,2026-04-01,2026-04-30,99.00,59.65,0.00,28.56,90.12,277.33,2026-05-15,Overdue
5171,1089,2026-05-01,2026-05-31,99.00,3.59,0.00,18.47,0.00,121.06,2026-06-15,Paid
5172,1089,2026-06-01,2026-06-30,99.00,70.42,0.00,30.50,0.00,199.92,2026-07-15,Paid
5173,1089,2026-07-01,2026-07-31,99.00,41.94,0.00,25.37,0.00,166.31,2026-08-15,Unpaid
5174,1089,2026-08-01,2026-08-31,99.00,71.99,99.00,48.60,0.00,318.59,2026-09-15,Unpaid
5175,1091,2026-03-01,2026-03-31,899.00,49.69,29.00,175.98,23.89,1177.56,2026-04-15,Overdue
5176,1091,2026-04-01,2026-04-30,899.00,37.67,29.00,173.82,0.00,1139.49,2026-05-15,Paid
5177,1091,2026-05-01,2026-05-31,899.00,58.73,29.00,177.61,0.00,1164.34,2026-06-15,Paid
5178,1091,2026-06-01,2026-06-30,899.00,34.25,0.00,167.98,0.00,1101.23,2026-07-15,Paid
5179,1091,2026-07-01,2026-07-31,899.00,30.28,99.00,185.09,0.00,1213.37,2026-08-15,Unpaid
5180,1091,2026-08-01,2026-08-31,899.00,66.97,99.00,191.69,0.00,1256.66,2026-09-15,Paid
5181,1092,2026-03-01,2026-03-31,399.00,46.99,99.00,98.10,0.00,643.09,2026-04-15,Paid
5182,1092,2026-04-01,2026-04-30,399.00,51.42,99.00,98.90,0.00,648.32,2026-05-15,Unpaid
5183,1092,2026-05-01,2026-05-31,399.00,1.73,0.00,72.13,0.00,472.86,2026-06-15,Paid
5184,1092,2026-06-01,2026-06-30,399.00,67.09,29.00,89.12,0.00,584.21,2026-07-15,Paid
5185,1092,2026-07-01,2026-07-31,399.00,46.95,99.00,98.09,0.00,643.04,2026-08-15,Paid
5186,1092,2026-08-01,2026-08-31,399.00,70.46,0.00,84.50,0.00,553.96,2026-09-15,Unpaid
5187,1095,2026-03-01,2026-03-31,149.00,73.36,0.00,40.02,0.00,262.38,2026-04-15,Paid
5188,1095,2026-04-01,2026-04-30,149.00,72.49,49.00,48.69,82.87,402.05,2026-05-15,Overdue
5189,1095,2026-05-01,2026-05-31,149.00,73.21,29.00,45.22,0.00,296.43,2026-06-15,Unpaid
5190,1095,2026-06-01,2026-06-30,149.00,81.47,0.00,41.48,0.00,271.95,2026-07-15,Paid
5191,1095,2026-07-01,2026-07-31,149.00,35.17,0.00,33.15,0.00,217.32,2026-08-15,Paid
5192,1095,2026-08-01,2026-08-31,149.00,84.63,19.00,45.47,0.00,298.10,2026-09-15,Unpaid
5193,1097,2026-03-01,2026-03-31,179.00,23.08,0.00,36.37,0.00,238.45,2026-04-15,Paid
5194,1097,2026-04-01,2026-04-30,179.00,7.83,0.00,33.63,96.53,316.99,2026-05-15,Overdue
5195,1097,2026-05-01,2026-05-31,179.00,50.47,99.00,59.12,50.13,437.72,2026-06-15,Overdue
5196,1097,2026-06-01,2026-06-30,179.00,52.95,19.00,45.17,0.00,296.12,2026-07-15,Paid
5197,1097,2026-07-01,2026-07-31,179.00,52.08,0.00,41.59,0.00,272.67,2026-08-15,Unpaid
5198,1097,2026-08-01,2026-08-31,179.00,32.27,0.00,38.03,0.00,249.30,2026-09-15,Paid
5199,1102,2026-03-01,2026-03-31,149.00,50.08,19.00,39.25,0.00,257.33,2026-04-15,Paid
5200,1102,2026-04-01,2026-04-30,149.00,30.83,29.00,37.59,0.00,246.42,2026-05-15,Paid
5201,1102,2026-05-01,2026-05-31,149.00,80.77,19.00,44.78,0.00,293.55,2026-06-15,Paid
5202,1102,2026-06-01,2026-06-30,149.00,81.91,49.00,50.38,0.00,330.29,2026-07-15,Unpaid
5203,1102,2026-07-01,2026-07-31,149.00,85.52,0.00,42.21,0.00,276.73,2026-08-15,Unpaid
5204,1102,2026-08-01,2026-08-31,149.00,77.32,0.00,40.74,0.00,267.06,2026-09-15,Unpaid
5205,1104,2026-03-01,2026-03-31,179.00,10.09,0.00,34.04,0.00,223.13,2026-04-15,Paid
5206,1104,2026-04-01,2026-04-30,179.00,47.31,0.00,40.74,0.00,267.05,2026-05-15,Unpaid
5207,1104,2026-05-01,2026-05-31,179.00,74.61,19.00,49.07,0.00,321.68,2026-06-15,Paid
5208,1104,2026-06-01,2026-06-30,179.00,9.84,29.00,39.21,0.00,257.05,2026-07-15,Paid
5209,1104,2026-07-01,2026-07-31,179.00,72.29,0.00,45.23,0.00,296.52,2026-08-15,Unpaid
5210,1104,2026-08-01,2026-08-31,179.00,98.03,19.00,53.29,0.00,349.32,2026-09-15,Unpaid
5211,1105,2026-03-01,2026-03-31,299.00,12.52,0.00,56.07,0.00,367.59,2026-04-15,Paid
5212,1105,2026-04-01,2026-04-30,299.00,88.35,99.00,87.54,0.00,573.89,2026-05-15,Paid
5213,1105,2026-05-01,2026-05-31,299.00,72.92,0.00,66.95,0.00,438.87,2026-06-15,Paid
5214,1105,2026-06-01,2026-06-30,299.00,81.47,99.00,86.30,0.00,565.77,2026-07-15,Paid
5215,1105,2026-07-01,2026-07-31,299.00,60.56,0.00,64.72,0.00,424.28,2026-08-15,Unpaid
5216,1105,2026-08-01,2026-08-31,299.00,75.24,29.00,72.58,0.00,475.82,2026-09-15,Paid
5217,1106,2026-03-01,2026-03-31,849.00,27.89,99.00,175.66,0.00,1151.55,2026-04-15,Paid
5218,1106,2026-04-01,2026-04-30,849.00,30.58,0.00,158.32,0.00,1037.90,2026-05-15,Unpaid
5219,1106,2026-05-01,2026-05-31,849.00,86.29,49.00,177.17,0.00,1161.46,2026-06-15,Paid
5220,1106,2026-06-01,2026-06-30,849.00,54.35,0.00,162.60,0.00,1065.95,2026-07-15,Paid
5221,1106,2026-07-01,2026-07-31,849.00,66.74,29.00,170.05,0.00,1114.79,2026-08-15,Paid
5222,1106,2026-08-01,2026-08-31,849.00,62.79,29.00,169.34,0.00,1110.13,2026-09-15,Unpaid
5223,1107,2026-03-01,2026-03-31,179.00,28.81,29.00,42.63,0.00,279.44,2026-04-15,Unpaid
5224,1107,2026-04-01,2026-04-30,179.00,97.67,19.00,53.22,0.00,348.89,2026-05-15,Paid
5225,1107,2026-05-01,2026-05-31,179.00,67.64,99.00,62.22,0.00,407.86,2026-06-15,Unpaid
5226,1107,2026-06-01,2026-06-30,179.00,1.61,0.00,32.51,42.24,255.36,2026-07-15,Overdue
5227,1107,2026-07-01,2026-07-31,179.00,66.95,49.00,53.09,0.00,348.04,2026-08-15,Paid
5228,1107,2026-08-01,2026-08-31,179.00,32.58,29.00,43.30,0.00,283.88,2026-09-15,Unpaid
5229,1108,2026-03-01,2026-03-31,149.00,79.39,0.00,41.11,0.00,269.50,2026-04-15,Paid
5230,1108,2026-04-01,2026-04-30,149.00,46.54,0.00,35.20,46.81,277.55,2026-05-15,Overdue
5231,1108,2026-05-01,2026-05-31,149.00,11.29,49.00,37.67,0.00,246.96,2026-06-15,Paid
5232,1108,2026-06-01,2026-06-30,149.00,27.91,19.00,35.26,0.00,231.17,2026-07-15,Paid
5233,1108,2026-07-01,2026-07-31,149.00,23.19,49.00,39.81,0.00,261.00,2026-08-15,Unpaid
5234,1108,2026-08-01,2026-08-31,149.00,28.63,29.00,37.19,0.00,243.82,2026-09-15,Paid
5235,1110,2026-03-01,2026-03-31,179.00,13.06,0.00,34.57,0.00,226.63,2026-04-15,Paid
5236,1110,2026-04-01,2026-04-30,179.00,63.43,49.00,52.46,0.00,343.89,2026-05-15,Unpaid
5237,1110,2026-05-01,2026-05-31,179.00,20.58,29.00,41.14,0.00,269.72,2026-06-15,Paid
5238,1110,2026-06-01,2026-06-30,179.00,30.27,29.00,42.89,39.09,320.25,2026-07-15,Overdue
5239,1110,2026-07-01,2026-07-31,179.00,67.40,29.00,49.57,0.00,324.97,2026-08-15,Paid
5240,1110,2026-08-01,2026-08-31,179.00,40.88,99.00,57.40,0.00,376.28,2026-09-15,Unpaid
5241,1113,2026-03-01,2026-03-31,949.00,71.07,19.00,187.03,0.00,1226.10,2026-04-15,Paid
5242,1113,2026-04-01,2026-04-30,949.00,88.79,29.00,192.02,0.00,1258.81,2026-05-15,Paid
5243,1113,2026-05-01,2026-05-31,949.00,49.48,49.00,188.55,27.63,1263.66,2026-06-15,Overdue
5244,1113,2026-06-01,2026-06-30,949.00,69.85,29.00,188.61,0.00,1236.46,2026-07-15,Paid
5245,1113,2026-07-01,2026-07-31,949.00,41.59,19.00,181.73,0.00,1191.32,2026-08-15,Unpaid
5246,1113,2026-08-01,2026-08-31,949.00,57.04,29.00,186.31,0.00,1221.35,2026-09-15,Paid
5247,1114,2026-03-01,2026-03-31,99.00,99.77,29.00,41.00,69.91,338.68,2026-04-15,Overdue
5248,1114,2026-04-01,2026-04-30,99.00,27.07,19.00,26.11,0.00,171.18,2026-05-15,Paid
5249,1114,2026-05-01,2026-05-31,99.00,28.01,19.00,26.28,0.00,172.29,2026-06-15,Paid
5250,1114,2026-06-01,2026-06-30,99.00,22.31,0.00,21.84,0.00,143.15,2026-07-15,Paid
5251,1114,2026-07-01,2026-07-31,99.00,89.57,49.00,42.76,0.00,280.33,2026-08-15,Paid
5252,1114,2026-08-01,2026-08-31,99.00,9.96,99.00,37.43,0.00,245.39,2026-09-15,Paid
5253,1117,2026-03-01,2026-03-31,849.00,39.04,99.00,177.67,84.19,1248.90,2026-04-15,Overdue
5254,1117,2026-04-01,2026-04-30,849.00,55.10,29.00,167.96,0.00,1101.06,2026-05-15,Paid
5255,1117,2026-05-01,2026-05-31,849.00,49.17,29.00,166.89,67.97,1162.03,2026-06-15,Overdue
5256,1117,2026-06-01,2026-06-30,849.00,24.10,0.00,157.16,0.00,1030.26,2026-07-15,Paid
5257,1117,2026-07-01,2026-07-31,849.00,86.56,99.00,186.22,0.00,1220.78,2026-08-15,Unpaid
5258,1117,2026-08-01,2026-08-31,849.00,2.30,49.00,162.05,0.00,1062.35,2026-09-15,Paid
5259,1120,2026-03-01,2026-03-31,849.00,80.88,99.00,185.20,0.00,1214.08,2026-04-15,Paid
5260,1120,2026-04-01,2026-04-30,849.00,81.94,99.00,185.39,0.00,1215.33,2026-05-15,Paid
5261,1120,2026-05-01,2026-05-31,849.00,58.34,0.00,163.32,0.00,1070.66,2026-06-15,Paid
5262,1120,2026-06-01,2026-06-30,849.00,36.34,0.00,159.36,0.00,1044.70,2026-07-15,Unpaid
5263,1120,2026-07-01,2026-07-31,849.00,31.96,0.00,158.57,0.00,1039.53,2026-08-15,Unpaid
5264,1120,2026-08-01,2026-08-31,849.00,7.21,99.00,171.94,0.00,1127.15,2026-09-15,Unpaid
5265,1124,2026-03-01,2026-03-31,479.00,27.30,29.00,96.35,0.00,631.65,2026-04-15,Paid
5266,1124,2026-04-01,2026-04-30,479.00,17.76,0.00,89.42,39.50,625.68,2026-05-15,Overdue
5267,1124,2026-05-01,2026-05-31,479.00,98.86,99.00,121.83,0.00,798.69,2026-06-15,Paid
5268,1124,2026-06-01,2026-06-30,479.00,85.26,29.00,106.79,0.00,700.05,2026-07-15,Paid
5269,1124,2026-07-01,2026-07-31,479.00,14.98,49.00,97.74,0.00,640.72,2026-08-15,Paid
5270,1124,2026-08-01,2026-08-31,479.00,17.62,99.00,107.21,0.00,702.83,2026-09-15,Unpaid
5271,1126,2026-03-01,2026-03-31,199.00,41.97,99.00,61.19,0.00,401.16,2026-04-15,Paid
5272,1126,2026-04-01,2026-04-30,199.00,28.26,19.00,44.33,0.00,290.59,2026-05-15,Paid
5273,1126,2026-05-01,2026-05-31,199.00,86.98,0.00,51.48,0.00,337.46,2026-06-15,Paid
5274,1126,2026-06-01,2026-06-30,199.00,9.36,29.00,42.72,0.00,280.08,2026-07-15,Paid
5275,1126,2026-07-01,2026-07-31,199.00,0.39,19.00,39.31,0.00,257.70,2026-08-15,Paid
5276,1126,2026-08-01,2026-08-31,199.00,35.11,0.00,42.14,0.00,276.25,2026-09-15,Unpaid
5277,1129,2026-03-01,2026-03-31,179.00,25.28,99.00,54.59,0.00,357.87,2026-04-15,Paid
5278,1129,2026-04-01,2026-04-30,179.00,32.31,29.00,43.26,0.00,283.57,2026-05-15,Paid
5279,1129,2026-05-01,2026-05-31,179.00,27.71,0.00,37.21,0.00,243.92,2026-06-15,Unpaid
5280,1129,2026-06-01,2026-06-30,179.00,65.98,49.00,52.92,0.00,346.90,2026-07-15,Paid
5281,1129,2026-07-01,2026-07-31,179.00,98.25,0.00,49.91,0.00,327.16,2026-08-15,Paid
5282,1129,2026-08-01,2026-08-31,179.00,15.90,99.00,52.90,0.00,346.80,2026-09-15,Unpaid
5283,1130,2026-03-01,2026-03-31,149.00,44.69,0.00,34.86,0.00,228.55,2026-04-15,Unpaid
5284,1130,2026-04-01,2026-04-30,149.00,1.06,99.00,44.83,0.00,293.89,2026-05-15,Paid
5285,1130,2026-05-01,2026-05-31,149.00,23.34,0.00,31.02,0.00,203.36,2026-06-15,Paid
5286,1130,2026-06-01,2026-06-30,149.00,31.42,29.00,37.70,0.00,247.12,2026-07-15,Paid
5287,1130,2026-07-01,2026-07-31,149.00,86.35,29.00,47.58,0.00,311.93,2026-08-15,Paid
5288,1130,2026-08-01,2026-08-31,149.00,64.61,29.00,43.67,0.00,286.28,2026-09-15,Paid
5289,1134,2026-03-01,2026-03-31,399.00,90.43,0.00,88.10,0.00,577.53,2026-04-15,Paid
5290,1134,2026-04-01,2026-04-30,399.00,22.08,29.00,81.01,0.00,531.09,2026-05-15,Paid
5291,1134,2026-05-01,2026-05-31,399.00,29.85,0.00,77.19,0.00,506.04,2026-06-15,Paid
5292,1134,2026-06-01,2026-06-30,399.00,33.81,0.00,77.91,0.00,510.72,2026-07-15,Paid
5293,1134,2026-07-01,2026-07-31,399.00,3.54,0.00,72.46,0.00,475.00,2026-08-15,Paid
5294,1134,2026-08-01,2026-08-31,399.00,36.30,29.00,83.57,0.00,547.87,2026-09-15,Unpaid
5295,1136,2026-03-01,2026-03-31,649.00,82.94,19.00,135.17,0.00,886.11,2026-04-15,Paid
5296,1136,2026-04-01,2026-04-30,649.00,63.27,0.00,128.21,0.00,840.48,2026-05-15,Paid
5297,1136,2026-05-01,2026-05-31,649.00,25.33,0.00,121.38,0.00,795.71,2026-06-15,Paid
5298,1136,2026-06-01,2026-06-30,649.00,36.97,49.00,132.29,0.00,867.26,2026-07-15,Paid
5299,1136,2026-07-01,2026-07-31,649.00,46.19,29.00,130.35,0.00,854.54,2026-08-15,Paid
5300,1136,2026-08-01,2026-08-31,649.00,39.35,19.00,127.32,0.00,834.67,2026-09-15,Paid
5301,1137,2026-03-01,2026-03-31,99.00,37.55,99.00,42.40,0.00,277.95,2026-04-15,Paid
5302,1137,2026-04-01,2026-04-30,99.00,54.58,0.00,27.64,34.39,215.61,2026-05-15,Overdue
5303,1137,2026-05-01,2026-05-31,99.00,12.54,29.00,25.30,0.00,165.84,2026-06-15,Paid
5304,1137,2026-06-01,2026-06-30,99.00,40.16,0.00,25.05,0.00,164.21,2026-07-15,Paid
5305,1137,2026-07-01,2026-07-31,99.00,62.86,29.00,34.35,0.00,225.21,2026-08-15,Unpaid
5306,1137,2026-08-01,2026-08-31,99.00,17.77,0.00,21.02,0.00,137.79,2026-09-15,Unpaid
5307,1143,2026-03-01,2026-03-31,399.00,62.93,29.00,88.37,0.00,579.30,2026-04-15,Paid
5308,1143,2026-04-01,2026-04-30,399.00,71.71,19.00,88.15,0.00,577.86,2026-05-15,Paid
5309,1143,2026-05-01,2026-05-31,399.00,46.67,49.00,89.04,0.00,583.71,2026-06-15,Paid
5310,1143,2026-06-01,2026-06-30,399.00,49.62,29.00,85.97,0.00,563.59,2026-07-15,Paid
5311,1143,2026-07-01,2026-07-31,399.00,36.92,29.00,83.69,0.00,548.61,2026-08-15,Paid
5312,1143,2026-08-01,2026-08-31,399.00,68.98,0.00,84.24,0.00,552.22,2026-09-15,Unpaid
5313,1144,2026-03-01,2026-03-31,949.00,32.42,49.00,185.48,0.00,1215.90,2026-04-15,Paid
5314,1144,2026-04-01,2026-04-30,949.00,64.06,0.00,182.35,0.00,1195.41,2026-05-15,Unpaid
5315,1144,2026-05-01,2026-05-31,949.00,12.93,49.00,181.97,0.00,1192.90,2026-06-15,Unpaid
5316,1144,2026-06-01,2026-06-30,949.00,52.28,0.00,180.23,0.00,1181.51,2026-07-15,Paid
5317,1144,2026-07-01,2026-07-31,949.00,75.46,19.00,187.82,0.00,1231.28,2026-08-15,Paid
5318,1144,2026-08-01,2026-08-31,949.00,6.07,99.00,189.73,0.00,1243.80,2026-09-15,Unpaid
5319,1145,2026-03-01,2026-03-31,239.00,39.03,0.00,50.05,0.00,328.08,2026-04-15,Paid
5320,1145,2026-04-01,2026-04-30,239.00,97.88,0.00,60.64,0.00,397.52,2026-05-15,Unpaid
5321,1145,2026-05-01,2026-05-31,239.00,48.24,19.00,55.12,92.45,453.81,2026-06-15,Overdue
5322,1145,2026-06-01,2026-06-30,239.00,92.59,0.00,59.69,22.41,413.69,2026-07-15,Overdue
5323,1145,2026-07-01,2026-07-31,239.00,10.70,29.00,50.17,0.00,328.87,2026-08-15,Unpaid
5324,1145,2026-08-01,2026-08-31,239.00,44.17,29.00,56.19,0.00,368.36,2026-09-15,Paid
5325,1147,2026-03-01,2026-03-31,849.00,87.43,99.00,186.38,69.11,1290.92,2026-04-15,Overdue
5326,1147,2026-04-01,2026-04-30,849.00,56.50,49.00,171.81,66.84,1193.15,2026-05-15,Overdue
5327,1147,2026-05-01,2026-05-31,849.00,5.65,49.00,162.66,0.00,1066.31,2026-06-15,Paid
5328,1147,2026-06-01,2026-06-30,849.00,79.92,0.00,167.21,0.00,1096.13,2026-07-15,Paid
5329,1147,2026-07-01,2026-07-31,849.00,39.11,0.00,159.86,0.00,1047.97,2026-08-15,Unpaid
5330,1147,2026-08-01,2026-08-31,849.00,66.91,49.00,173.68,0.00,1138.59,2026-09-15,Unpaid
5331,1150,2026-03-01,2026-03-31,179.00,11.57,99.00,52.12,0.00,341.69,2026-04-15,Paid
5332,1150,2026-04-01,2026-04-30,179.00,36.35,29.00,43.98,0.00,288.33,2026-05-15,Paid
5333,1150,2026-05-01,2026-05-31,179.00,40.00,99.00,57.24,0.00,375.24,2026-06-15,Unpaid
5334,1150,2026-06-01,2026-06-30,179.00,52.83,0.00,41.73,26.01,299.57,2026-07-15,Overdue
5335,1150,2026-07-01,2026-07-31,179.00,92.96,0.00,48.95,0.00,320.91,2026-08-15,Paid
5336,1150,2026-08-01,2026-08-31,179.00,7.92,49.00,42.47,0.00,278.39,2026-09-15,Unpaid
5337,1152,2026-03-01,2026-03-31,499.00,79.76,99.00,122.00,0.00,799.76,2026-04-15,Paid
5338,1152,2026-04-01,2026-04-30,499.00,29.52,0.00,95.13,0.00,623.65,2026-05-15,Paid
5339,1152,2026-05-01,2026-05-31,499.00,76.76,49.00,112.46,0.00,737.22,2026-06-15,Paid
5340,1152,2026-06-01,2026-06-30,499.00,48.39,29.00,103.75,0.00,680.14,2026-07-15,Paid
5341,1152,2026-07-01,2026-07-31,499.00,86.12,99.00,123.14,0.00,807.26,2026-08-15,Unpaid
5342,1152,2026-08-01,2026-08-31,499.00,10.70,49.00,100.57,0.00,659.27,2026-09-15,Paid
5343,1153,2026-03-01,2026-03-31,249.00,0.20,0.00,44.86,96.46,390.52,2026-04-15,Overdue
5344,1153,2026-04-01,2026-04-30,249.00,35.02,99.00,68.94,0.00,451.96,2026-05-15,Paid
5345,1153,2026-05-01,2026-05-31,249.00,71.55,19.00,61.12,0.00,400.67,2026-06-15,Paid
5346,1153,2026-06-01,2026-06-30,249.00,59.81,0.00,55.59,0.00,364.40,2026-07-15,Paid
5347,1153,2026-07-01,2026-07-31,249.00,37.46,99.00,69.38,0.00,454.84,2026-08-15,Unpaid
5348,1153,2026-08-01,2026-08-31,249.00,70.98,29.00,62.82,0.00,411.80,2026-09-15,Unpaid
5349,1155,2026-03-01,2026-03-31,799.00,33.36,0.00,149.82,0.00,982.18,2026-04-15,Paid
5350,1155,2026-04-01,2026-04-30,799.00,57.04,29.00,159.31,0.00,1044.35,2026-05-15,Paid
5351,1155,2026-05-01,2026-05-31,799.00,52.59,49.00,162.11,0.00,1062.70,2026-06-15,Paid
5352,1155,2026-06-01,2026-06-30,799.00,2.09,29.00,149.42,0.00,979.51,2026-07-15,Paid
5353,1155,2026-07-01,2026-07-31,799.00,97.16,99.00,179.13,0.00,1174.29,2026-08-15,Paid
5354,1155,2026-08-01,2026-08-31,799.00,53.46,49.00,162.26,0.00,1063.72,2026-09-15,Paid
5355,1158,2026-03-01,2026-03-31,849.00,25.82,49.00,166.29,0.00,1090.11,2026-04-15,Paid
5356,1158,2026-04-01,2026-04-30,849.00,10.54,19.00,158.14,0.00,1036.68,2026-05-15,Paid
5357,1158,2026-05-01,2026-05-31,849.00,19.00,19.00,159.66,0.00,1046.66,2026-06-15,Paid
5358,1158,2026-06-01,2026-06-30,849.00,7.72,0.00,154.21,0.00,1010.93,2026-07-15,Unpaid
5359,1158,2026-07-01,2026-07-31,849.00,65.55,19.00,168.04,0.00,1101.59,2026-08-15,Paid
5360,1158,2026-08-01,2026-08-31,849.00,60.77,0.00,163.76,0.00,1073.53,2026-09-15,Unpaid
5361,1161,2026-03-01,2026-03-31,99.00,8.87,0.00,19.42,0.00,127.29,2026-04-15,Paid
5362,1161,2026-04-01,2026-04-30,99.00,71.23,0.00,30.64,0.00,200.87,2026-05-15,Paid
5363,1161,2026-05-01,2026-05-31,99.00,0.29,19.00,21.29,0.00,139.58,2026-06-15,Paid
5364,1161,2026-06-01,2026-06-30,99.00,77.95,19.00,35.27,0.00,231.22,2026-07-15,Paid
5365,1161,2026-07-01,2026-07-31,99.00,25.19,49.00,31.17,0.00,204.36,2026-08-15,Unpaid
5366,1161,2026-08-01,2026-08-31,99.00,44.51,0.00,25.83,0.00,169.34,2026-09-15,Unpaid
5367,1162,2026-03-01,2026-03-31,249.00,18.77,19.00,51.62,0.00,338.39,2026-04-15,Paid
5368,1162,2026-04-01,2026-04-30,249.00,67.26,29.00,62.15,0.00,407.41,2026-05-15,Paid
5369,1162,2026-05-01,2026-05-31,249.00,89.58,0.00,60.94,0.00,399.52,2026-06-15,Paid
5370,1162,2026-06-01,2026-06-30,249.00,37.99,19.00,55.08,0.00,361.07,2026-07-15,Paid
5371,1162,2026-07-01,2026-07-31,249.00,20.98,0.00,48.60,0.00,318.58,2026-08-15,Unpaid
5372,1162,2026-08-01,2026-08-31,249.00,69.97,0.00,57.41,0.00,376.38,2026-09-15,Unpaid
5373,1166,2026-03-01,2026-03-31,699.00,58.30,0.00,136.31,0.00,893.61,2026-04-15,Paid
5374,1166,2026-04-01,2026-04-30,699.00,22.68,49.00,138.72,0.00,909.40,2026-05-15,Paid
5375,1166,2026-05-01,2026-05-31,699.00,27.75,0.00,130.81,0.00,857.56,2026-06-15,Paid
5376,1166,2026-06-01,2026-06-30,699.00,70.68,0.00,138.54,0.00,908.22,2026-07-15,Paid
5377,1166,2026-07-01,2026-07-31,699.00,80.62,0.00,140.33,0.00,919.95,2026-08-15,Unpaid
5378,1166,2026-08-01,2026-08-31,699.00,70.04,29.00,143.65,0.00,941.69,2026-09-15,Paid
5379,1168,2026-03-01,2026-03-31,249.00,83.91,0.00,59.92,0.00,392.83,2026-04-15,Paid
5380,1168,2026-04-01,2026-04-30,249.00,63.97,0.00,56.33,0.00,369.30,2026-05-15,Paid
5381,1168,2026-05-01,2026-05-31,249.00,52.41,0.00,54.25,0.00,355.66,2026-06-15,Paid
5382,1168,2026-06-01,2026-06-30,249.00,86.40,49.00,69.19,0.00,453.59,2026-07-15,Paid
5383,1168,2026-07-01,2026-07-31,249.00,54.92,49.00,63.53,0.00,416.45,2026-08-15,Unpaid
5384,1168,2026-08-01,2026-08-31,249.00,78.92,29.00,64.25,0.00,421.17,2026-09-15,Paid
5385,1171,2026-03-01,2026-03-31,899.00,63.67,0.00,173.28,0.00,1135.95,2026-04-15,Paid
5386,1171,2026-04-01,2026-04-30,899.00,52.34,99.00,189.06,0.00,1239.40,2026-05-15,Unpaid
5387,1171,2026-05-01,2026-05-31,899.00,60.90,0.00,172.78,0.00,1132.68,2026-06-15,Paid
5388,1171,2026-06-01,2026-06-30,899.00,83.25,0.00,176.81,53.37,1212.43,2026-07-15,Overdue
5389,1171,2026-07-01,2026-07-31,899.00,92.79,0.00,178.52,0.00,1170.31,2026-08-15,Unpaid
5390,1171,2026-08-01,2026-08-31,899.00,55.45,99.00,189.62,0.00,1243.07,2026-09-15,Unpaid
5391,1178,2026-03-01,2026-03-31,239.00,10.68,99.00,62.76,0.00,411.44,2026-04-15,Paid
5392,1178,2026-04-01,2026-04-30,239.00,14.17,99.00,63.39,0.00,415.56,2026-05-15,Paid
5393,1178,2026-05-01,2026-05-31,239.00,83.98,0.00,58.14,0.00,381.12,2026-06-15,Unpaid
5394,1178,2026-06-01,2026-06-30,239.00,30.84,0.00,48.57,0.00,318.41,2026-07-15,Paid
5395,1178,2026-07-01,2026-07-31,239.00,44.34,0.00,51.00,0.00,334.34,2026-08-15,Paid
5396,1178,2026-08-01,2026-08-31,239.00,37.21,29.00,54.94,0.00,360.15,2026-09-15,Paid
5397,1179,2026-03-01,2026-03-31,399.00,10.93,99.00,91.61,0.00,600.54,2026-04-15,Paid
5398,1179,2026-04-01,2026-04-30,399.00,84.86,0.00,87.09,38.83,609.78,2026-05-15,Overdue
5399,1179,2026-05-01,2026-05-31,399.00,27.60,0.00,76.79,0.00,503.39,2026-06-15,Paid
5400,1179,2026-06-01,2026-06-30,399.00,18.50,49.00,83.97,0.00,550.47,2026-07-15,Paid
5401,1179,2026-07-01,2026-07-31,399.00,24.46,0.00,76.22,0.00,499.68,2026-08-15,Unpaid
5402,1179,2026-08-01,2026-08-31,399.00,33.68,0.00,77.88,0.00,510.56,2026-09-15,Unpaid
5403,1182,2026-03-01,2026-03-31,149.00,26.56,0.00,31.60,98.27,305.43,2026-04-15,Overdue
5404,1182,2026-04-01,2026-04-30,149.00,15.66,0.00,29.64,0.00,194.30,2026-05-15,Paid
5405,1182,2026-05-01,2026-05-31,149.00,13.15,49.00,38.01,0.00,249.16,2026-06-15,Paid
5406,1182,2026-06-01,2026-06-30,149.00,91.25,0.00,43.24,0.00,283.49,2026-07-15,Paid
5407,1182,2026-07-01,2026-07-31,149.00,17.69,19.00,33.42,0.00,219.11,2026-08-15,Unpaid
5408,1182,2026-08-01,2026-08-31,149.00,75.16,49.00,49.17,0.00,322.33,2026-09-15,Paid
5409,1184,2026-03-01,2026-03-31,899.00,51.01,0.00,171.00,0.00,1121.01,2026-04-15,Paid
5410,1184,2026-04-01,2026-04-30,899.00,12.41,0.00,164.05,0.00,1075.46,2026-05-15,Unpaid
5411,1184,2026-05-01,2026-05-31,899.00,22.87,49.00,174.76,0.00,1145.63,2026-06-15,Paid
5412,1184,2026-06-01,2026-06-30,899.00,75.66,0.00,175.44,0.00,1150.10,2026-07-15,Paid
5413,1184,2026-07-01,2026-07-31,899.00,32.05,99.00,185.41,0.00,1215.46,2026-08-15,Paid
5414,1184,2026-08-01,2026-08-31,899.00,33.63,29.00,173.09,0.00,1134.72,2026-09-15,Unpaid
5415,1187,2026-03-01,2026-03-31,249.00,92.00,19.00,64.80,0.00,424.80,2026-04-15,Paid
5416,1187,2026-04-01,2026-04-30,249.00,36.70,0.00,51.43,0.00,337.13,2026-05-15,Paid
5417,1187,2026-05-01,2026-05-31,249.00,12.76,49.00,55.94,0.00,366.70,2026-06-15,Unpaid
5418,1187,2026-06-01,2026-06-30,249.00,65.85,99.00,74.49,0.00,488.34,2026-07-15,Paid
5419,1187,2026-07-01,2026-07-31,249.00,64.18,29.00,61.59,0.00,403.77,2026-08-15,Unpaid
5420,1187,2026-08-01,2026-08-31,249.00,75.90,0.00,58.48,0.00,383.38,2026-09-15,Unpaid
5421,1189,2026-03-01,2026-03-31,479.00,40.13,99.00,111.26,0.00,729.39,2026-04-15,Paid
5422,1189,2026-04-01,2026-04-30,479.00,83.89,0.00,101.32,0.00,664.21,2026-05-15,Unpaid
5423,1189,2026-05-01,2026-05-31,479.00,10.15,99.00,105.87,0.00,694.02,2026-06-15,Paid
5424,1189,2026-06-01,2026-06-30,479.00,56.34,0.00,96.36,0.00,631.70,2026-07-15,Paid
5425,1189,2026-07-01,2026-07-31,479.00,65.20,0.00,97.96,0.00,642.16,2026-08-15,Paid
5426,1189,2026-08-01,2026-08-31,479.00,84.18,29.00,106.59,0.00,698.77,2026-09-15,Unpaid
5427,1196,2026-03-01,2026-03-31,199.00,43.02,49.00,52.38,0.00,343.40,2026-04-15,Paid
5428,1196,2026-04-01,2026-04-30,199.00,98.02,0.00,53.46,0.00,350.48,2026-05-15,Paid
5429,1196,2026-05-01,2026-05-31,199.00,36.19,29.00,47.55,0.00,311.74,2026-06-15,Paid
5430,1196,2026-06-01,2026-06-30,199.00,42.03,29.00,48.61,0.00,318.64,2026-07-15,Paid
5431,1196,2026-07-01,2026-07-31,199.00,95.56,0.00,53.02,0.00,347.58,2026-08-15,Unpaid
5432,1196,2026-08-01,2026-08-31,199.00,47.79,0.00,44.42,0.00,291.21,2026-09-15,Paid
5433,1197,2026-03-01,2026-03-31,399.00,23.01,49.00,84.78,0.00,555.79,2026-04-15,Paid
5434,1197,2026-04-01,2026-04-30,399.00,47.23,0.00,80.32,0.00,526.55,2026-05-15,Paid
5435,1197,2026-05-01,2026-05-31,399.00,19.43,0.00,75.32,0.00,493.75,2026-06-15,Paid
5436,1197,2026-06-01,2026-06-30,399.00,87.48,99.00,105.39,0.00,690.87,2026-07-15,Paid
5437,1197,2026-07-01,2026-07-31,399.00,89.48,49.00,96.75,0.00,634.23,2026-08-15,Unpaid
5438,1197,2026-08-01,2026-08-31,399.00,54.40,99.00,99.43,0.00,651.83,2026-09-15,Unpaid
5439,1199,2026-03-01,2026-03-31,249.00,2.90,49.00,54.16,0.00,355.06,2026-04-15,Unpaid
5440,1199,2026-04-01,2026-04-30,249.00,89.26,0.00,60.89,0.00,399.15,2026-05-15,Paid
5441,1199,2026-05-01,2026-05-31,249.00,26.04,0.00,49.51,0.00,324.55,2026-06-15,Paid
5442,1199,2026-06-01,2026-06-30,249.00,66.38,49.00,65.59,0.00,429.97,2026-07-15,Paid
5443,1199,2026-07-01,2026-07-31,249.00,77.25,0.00,58.72,0.00,384.97,2026-08-15,Unpaid
5444,1199,2026-08-01,2026-08-31,249.00,71.97,0.00,57.77,0.00,378.74,2026-09-15,Paid
5445,1203,2026-03-01,2026-03-31,249.00,82.23,99.00,77.44,0.00,507.67,2026-04-15,Paid
5446,1203,2026-04-01,2026-04-30,249.00,82.18,0.00,59.61,0.00,390.79,2026-05-15,Paid
5447,1203,2026-05-01,2026-05-31,249.00,47.07,49.00,62.11,0.00,407.18,2026-06-15,Paid
5448,1203,2026-06-01,2026-06-30,249.00,9.90,29.00,51.82,90.22,429.94,2026-07-15,Overdue
5449,1203,2026-07-01,2026-07-31,249.00,89.56,0.00,60.94,0.00,399.50,2026-08-15,Unpaid
5450,1203,2026-08-01,2026-08-31,249.00,75.20,99.00,76.18,0.00,499.38,2026-09-15,Paid
5451,1212,2026-03-01,2026-03-31,399.00,22.50,0.00,75.87,0.00,497.37,2026-04-15,Paid
5452,1212,2026-04-01,2026-04-30,399.00,87.03,29.00,92.71,0.00,607.74,2026-05-15,Paid
5453,1212,2026-05-01,2026-05-31,399.00,26.02,49.00,85.32,0.00,559.34,2026-06-15,Paid
5454,1212,2026-06-01,2026-06-30,399.00,97.06,0.00,89.29,22.09,607.44,2026-07-15,Overdue
5455,1212,2026-07-01,2026-07-31,399.00,6.19,29.00,78.15,0.00,512.34,2026-08-15,Unpaid
5456,1212,2026-08-01,2026-08-31,399.00,11.64,19.00,77.34,0.00,506.98,2026-09-15,Unpaid
5457,1216,2026-03-01,2026-03-31,99.00,43.32,0.00,25.62,0.00,167.94,2026-04-15,Paid
5458,1216,2026-04-01,2026-04-30,99.00,73.15,0.00,30.99,0.00,203.14,2026-05-15,Unpaid
5459,1216,2026-05-01,2026-05-31,99.00,2.59,0.00,18.29,0.00,119.88,2026-06-15,Paid
5460,1216,2026-06-01,2026-06-30,99.00,93.69,99.00,52.50,0.00,344.19,2026-07-15,Paid
5461,1216,2026-07-01,2026-07-31,99.00,37.35,99.00,42.36,0.00,277.71,2026-08-15,Unpaid
5462,1216,2026-08-01,2026-08-31,99.00,76.86,0.00,31.65,0.00,207.51,2026-09-15,Paid
5463,1218,2026-03-01,2026-03-31,799.00,18.00,99.00,164.88,45.51,1126.39,2026-04-15,Overdue
5464,1218,2026-04-01,2026-04-30,799.00,85.10,0.00,159.14,0.00,1043.24,2026-05-15,Paid
5465,1218,2026-05-01,2026-05-31,799.00,37.51,0.00,150.57,0.00,987.08,2026-06-15,Unpaid
5466,1218,2026-06-01,2026-06-30,799.00,89.64,0.00,159.96,24.37,1072.97,2026-07-15,Overdue
5467,1218,2026-07-01,2026-07-31,799.00,64.17,0.00,155.37,0.00,1018.54,2026-08-15,Paid
5468,1218,2026-08-01,2026-08-31,799.00,78.04,0.00,157.87,0.00,1034.91,2026-09-15,Unpaid
5469,1221,2026-03-01,2026-03-31,199.00,16.08,19.00,42.13,0.00,276.21,2026-04-15,Paid
5470,1221,2026-04-01,2026-04-30,199.00,60.18,0.00,46.65,0.00,305.83,2026-05-15,Paid
5471,1221,2026-05-01,2026-05-31,199.00,62.40,19.00,50.47,0.00,330.87,2026-06-15,Unpaid
5472,1221,2026-06-01,2026-06-30,199.00,92.44,29.00,57.68,0.00,378.12,2026-07-15,Paid
5473,1221,2026-07-01,2026-07-31,199.00,98.71,0.00,53.59,0.00,351.30,2026-08-15,Unpaid
5474,1221,2026-08-01,2026-08-31,199.00,28.54,0.00,40.96,0.00,268.50,2026-09-15,Unpaid
5475,1222,2026-03-01,2026-03-31,299.00,93.99,0.00,70.74,0.00,463.73,2026-04-15,Paid
5476,1222,2026-04-01,2026-04-30,299.00,10.68,99.00,73.56,0.00,482.24,2026-05-15,Unpaid
5477,1222,2026-05-01,2026-05-31,299.00,92.94,29.00,75.77,0.00,496.71,2026-06-15,Paid
5478,1222,2026-06-01,2026-06-30,299.00,97.28,0.00,71.33,0.00,467.61,2026-07-15,Paid
5479,1222,2026-07-01,2026-07-31,299.00,93.69,0.00,70.68,0.00,463.37,2026-08-15,Paid
5480,1222,2026-08-01,2026-08-31,299.00,63.65,0.00,65.28,0.00,427.93,2026-09-15,Paid
5481,1224,2026-03-01,2026-03-31,179.00,25.14,0.00,36.75,0.00,240.89,2026-04-15,Paid
5482,1224,2026-04-01,2026-04-30,179.00,57.90,49.00,51.46,0.00,337.36,2026-05-15,Paid
5483,1224,2026-05-01,2026-05-31,179.00,16.66,19.00,38.64,0.00,253.30,2026-06-15,Paid
5484,1224,2026-06-01,2026-06-30,179.00,56.76,0.00,42.44,0.00,278.20,2026-07-15,Paid
5485,1224,2026-07-01,2026-07-31,179.00,13.49,49.00,43.47,0.00,284.96,2026-08-15,Unpaid
5486,1224,2026-08-01,2026-08-31,179.00,7.60,49.00,42.41,0.00,278.01,2026-09-15,Unpaid
5487,1229,2026-03-01,2026-03-31,199.00,29.74,29.00,46.39,0.00,304.13,2026-04-15,Unpaid
5488,1229,2026-04-01,2026-04-30,199.00,86.22,0.00,51.34,0.00,336.56,2026-05-15,Unpaid
5489,1229,2026-05-01,2026-05-31,199.00,6.98,0.00,37.08,0.00,243.06,2026-06-15,Paid
5490,1229,2026-06-01,2026-06-30,199.00,5.29,0.00,36.77,0.00,241.06,2026-07-15,Paid
5491,1229,2026-07-01,2026-07-31,199.00,98.75,19.00,57.02,0.00,373.77,2026-08-15,Unpaid
5492,1229,2026-08-01,2026-08-31,199.00,80.46,19.00,53.72,0.00,352.18,2026-09-15,Unpaid
5493,1231,2026-03-01,2026-03-31,479.00,94.78,99.00,121.10,0.00,793.88,2026-04-15,Paid
5494,1231,2026-04-01,2026-04-30,479.00,71.36,29.00,104.28,0.00,683.64,2026-05-15,Paid
5495,1231,2026-05-01,2026-05-31,479.00,60.52,49.00,105.93,0.00,694.45,2026-06-15,Paid
5496,1231,2026-06-01,2026-06-30,479.00,49.42,99.00,112.94,77.18,817.54,2026-07-15,Overdue
5497,1231,2026-07-01,2026-07-31,479.00,22.83,0.00,90.33,0.00,592.16,2026-08-15,Unpaid
5498,1231,2026-08-01,2026-08-31,479.00,19.07,99.00,107.47,0.00,704.54,2026-09-15,Unpaid
5499,1234,2026-03-01,2026-03-31,99.00,13.67,99.00,38.10,0.00,249.77,2026-04-15,Paid
5500,1234,2026-04-01,2026-04-30,99.00,48.57,99.00,44.38,94.59,385.54,2026-05-15,Overdue
5501,1234,2026-05-01,2026-05-31,99.00,95.15,49.00,43.77,0.00,286.92,2026-06-15,Paid
5502,1234,2026-06-01,2026-06-30,99.00,12.07,99.00,37.81,0.00,247.88,2026-07-15,Paid
5503,1234,2026-07-01,2026-07-31,99.00,81.95,0.00,32.57,0.00,213.52,2026-08-15,Unpaid
5504,1234,2026-08-01,2026-08-31,99.00,15.96,0.00,20.69,0.00,135.65,2026-09-15,Paid
5505,1235,2026-03-01,2026-03-31,149.00,83.95,99.00,59.75,0.00,391.70,2026-04-15,Paid
5506,1235,2026-04-01,2026-04-30,149.00,11.79,99.00,46.76,0.00,306.55,2026-05-15,Paid
5507,1235,2026-05-01,2026-05-31,149.00,60.45,19.00,41.12,0.00,269.57,2026-06-15,Paid
5508,1235,2026-06-01,2026-06-30,149.00,66.60,0.00,38.81,0.00,254.41,2026-07-15,Unpaid
5509,1235,2026-07-01,2026-07-31,149.00,76.92,19.00,44.09,0.00,289.01,2026-08-15,Unpaid
5510,1235,2026-08-01,2026-08-31,149.00,20.96,49.00,39.41,0.00,258.37,2026-09-15,Unpaid
5511,1238,2026-03-01,2026-03-31,479.00,38.02,0.00,93.06,0.00,610.08,2026-04-15,Paid
5512,1238,2026-04-01,2026-04-30,479.00,75.88,0.00,99.88,91.08,745.84,2026-05-15,Overdue
5513,1238,2026-05-01,2026-05-31,479.00,33.34,0.00,92.22,0.00,604.56,2026-06-15,Paid
5514,1238,2026-06-01,2026-06-30,479.00,16.74,29.00,94.45,0.00,619.19,2026-07-15,Paid
5515,1238,2026-07-01,2026-07-31,479.00,79.52,0.00,100.53,0.00,659.05,2026-08-15,Paid
5516,1238,2026-08-01,2026-08-31,479.00,88.08,0.00,102.07,0.00,669.15,2026-09-15,Unpaid
5517,1244,2026-03-01,2026-03-31,399.00,36.24,0.00,78.34,0.00,513.58,2026-04-15,Paid
5518,1244,2026-04-01,2026-04-30,399.00,34.07,0.00,77.95,25.87,536.89,2026-05-15,Overdue
5519,1244,2026-05-01,2026-05-31,399.00,89.05,0.00,87.85,0.00,575.90,2026-06-15,Paid
5520,1244,2026-06-01,2026-06-30,399.00,22.19,99.00,93.63,27.05,640.87,2026-07-15,Overdue
5521,1244,2026-07-01,2026-07-31,399.00,63.19,49.00,92.01,0.00,603.20,2026-08-15,Unpaid
5522,1244,2026-08-01,2026-08-31,399.00,26.73,0.00,76.63,0.00,502.36,2026-09-15,Paid
5523,1245,2026-03-01,2026-03-31,2999.00,31.77,19.00,548.96,91.11,3689.84,2026-04-15,Overdue
5524,1245,2026-04-01,2026-04-30,2999.00,83.74,19.00,558.31,0.00,3660.05,2026-05-15,Paid
5525,1245,2026-05-01,2026-05-31,2999.00,92.93,99.00,574.37,0.00,3765.30,2026-06-15,Unpaid
5526,1245,2026-06-01,2026-06-30,2999.00,19.85,19.00,546.81,0.00,3584.66,2026-07-15,Unpaid
5527,1245,2026-07-01,2026-07-31,2999.00,20.46,99.00,561.32,0.00,3679.78,2026-08-15,Paid
5528,1245,2026-08-01,2026-08-31,2999.00,69.23,0.00,552.28,0.00,3620.51,2026-09-15,Paid
5529,1246,2026-03-01,2026-03-31,249.00,39.03,49.00,60.67,81.58,479.28,2026-04-15,Overdue
5530,1246,2026-04-01,2026-04-30,249.00,82.57,19.00,63.10,0.00,413.67,2026-05-15,Paid
5531,1246,2026-05-01,2026-05-31,249.00,68.51,0.00,57.15,0.00,374.66,2026-06-15,Paid
5532,1246,2026-06-01,2026-06-30,249.00,89.64,99.00,78.78,0.00,516.42,2026-07-15,Paid
5533,1246,2026-07-01,2026-07-31,249.00,61.90,29.00,61.18,0.00,401.08,2026-08-15,Unpaid
5534,1246,2026-08-01,2026-08-31,249.00,81.57,19.00,62.92,0.00,412.49,2026-09-15,Paid
5535,1253,2026-03-01,2026-03-31,499.00,86.18,19.00,108.75,0.00,712.93,2026-04-15,Paid
5536,1253,2026-04-01,2026-04-30,499.00,46.92,0.00,98.27,0.00,644.19,2026-05-15,Paid
5537,1253,2026-05-01,2026-05-31,499.00,92.28,99.00,124.25,0.00,814.53,2026-06-15,Paid
5538,1253,2026-06-01,2026-06-30,499.00,47.81,0.00,98.43,0.00,645.24,2026-07-15,Unpaid
5539,1253,2026-07-01,2026-07-31,499.00,59.89,29.00,105.82,0.00,693.71,2026-08-15,Unpaid
5540,1253,2026-08-01,2026-08-31,499.00,30.12,0.00,95.24,0.00,624.36,2026-09-15,Unpaid
5541,1254,2026-03-01,2026-03-31,849.00,17.66,29.00,161.22,0.00,1056.88,2026-04-15,Paid
5542,1254,2026-04-01,2026-04-30,849.00,43.67,0.00,160.68,0.00,1053.35,2026-05-15,Paid
5543,1254,2026-05-01,2026-05-31,849.00,5.96,0.00,153.89,0.00,1008.85,2026-06-15,Paid
5544,1254,2026-06-01,2026-06-30,849.00,4.72,29.00,158.89,0.00,1041.61,2026-07-15,Paid
5545,1254,2026-07-01,2026-07-31,849.00,47.45,0.00,161.36,0.00,1057.81,2026-08-15,Paid
5546,1254,2026-08-01,2026-08-31,849.00,53.66,19.00,165.90,0.00,1087.56,2026-09-15,Unpaid
5547,1256,2026-03-01,2026-03-31,699.00,58.96,29.00,141.65,0.00,928.61,2026-04-15,Paid
5548,1256,2026-04-01,2026-04-30,699.00,0.12,29.00,131.06,0.00,859.18,2026-05-15,Paid
5549,1256,2026-05-01,2026-05-31,699.00,91.35,0.00,142.26,0.00,932.61,2026-06-15,Paid
5550,1256,2026-06-01,2026-06-30,699.00,5.50,49.00,135.63,0.00,889.13,2026-07-15,Paid
5551,1256,2026-07-01,2026-07-31,699.00,83.49,0.00,140.85,0.00,923.34,2026-08-15,Unpaid
5552,1256,2026-08-01,2026-08-31,699.00,28.52,99.00,148.77,0.00,975.29,2026-09-15,Unpaid
5553,1259,2026-03-01,2026-03-31,479.00,19.25,49.00,98.50,0.00,645.75,2026-04-15,Unpaid
5554,1259,2026-04-01,2026-04-30,479.00,39.93,0.00,93.41,0.00,612.34,2026-05-15,Paid
5555,1259,2026-05-01,2026-05-31,479.00,98.63,19.00,107.39,0.00,704.02,2026-06-15,Paid
5556,1259,2026-06-01,2026-06-30,479.00,29.16,0.00,91.47,0.00,599.63,2026-07-15,Paid
5557,1259,2026-07-01,2026-07-31,479.00,52.12,0.00,95.60,0.00,626.72,2026-08-15,Unpaid
5558,1259,2026-08-01,2026-08-31,479.00,73.55,0.00,99.46,0.00,652.01,2026-09-15,Unpaid
5559,1263,2026-03-01,2026-03-31,479.00,67.63,19.00,101.81,0.00,667.44,2026-04-15,Paid
5560,1263,2026-04-01,2026-04-30,479.00,96.75,49.00,112.45,0.00,737.20,2026-05-15,Paid
5561,1263,2026-05-01,2026-05-31,479.00,57.49,19.00,99.99,0.00,655.48,2026-06-15,Unpaid
5562,1263,2026-06-01,2026-06-30,479.00,14.80,99.00,106.70,53.45,752.95,2026-07-15,Overdue
5563,1263,2026-07-01,2026-07-31,479.00,13.38,99.00,106.45,0.00,697.83,2026-08-15,Unpaid
5564,1263,2026-08-01,2026-08-31,479.00,28.19,0.00,91.29,0.00,598.48,2026-09-15,Unpaid
5565,1267,2026-03-01,2026-03-31,299.00,94.76,19.00,74.30,0.00,487.06,2026-04-15,Paid
5566,1267,2026-04-01,2026-04-30,299.00,5.90,19.00,58.30,0.00,382.20,2026-05-15,Paid
5567,1267,2026-05-01,2026-05-31,299.00,75.26,99.00,85.19,0.00,558.45,2026-06-15,Paid
5568,1267,2026-06-01,2026-06-30,299.00,6.05,19.00,58.33,0.00,382.38,2026-07-15,Paid
5569,1267,2026-07-01,2026-07-31,299.00,44.55,0.00,61.84,0.00,405.39,2026-08-15,Unpaid
5570,1267,2026-08-01,2026-08-31,299.00,89.45,19.00,73.34,0.00,480.79,2026-09-15,Unpaid
5571,1270,2026-03-01,2026-03-31,699.00,40.33,0.00,133.08,0.00,872.41,2026-04-15,Paid
5572,1270,2026-04-01,2026-04-30,699.00,90.30,99.00,159.89,24.59,1072.78,2026-05-15,Overdue
5573,1270,2026-05-01,2026-05-31,699.00,47.67,0.00,134.40,0.00,881.07,2026-06-15,Unpaid
5574,1270,2026-06-01,2026-06-30,699.00,29.93,99.00,149.03,0.00,976.96,2026-07-15,Paid
5575,1270,2026-07-01,2026-07-31,699.00,22.76,19.00,133.34,0.00,874.10,2026-08-15,Unpaid
5576,1270,2026-08-01,2026-08-31,699.00,44.19,0.00,133.77,0.00,876.96,2026-09-15,Unpaid
5577,1271,2026-03-01,2026-03-31,179.00,99.52,49.00,58.95,0.00,386.47,2026-04-15,Paid
5578,1271,2026-04-01,2026-04-30,179.00,38.64,19.00,42.60,0.00,279.24,2026-05-15,Paid
5579,1271,2026-05-01,2026-05-31,179.00,38.47,99.00,56.96,0.00,373.43,2026-06-15,Paid
5580,1271,2026-06-01,2026-06-30,179.00,75.09,29.00,50.96,0.00,334.05,2026-07-15,Unpaid
5581,1271,2026-07-01,2026-07-31,179.00,22.28,49.00,45.05,0.00,295.33,2026-08-15,Unpaid
5582,1271,2026-08-01,2026-08-31,179.00,9.06,0.00,33.85,0.00,221.91,2026-09-15,Unpaid
5583,1272,2026-03-01,2026-03-31,949.00,73.29,99.00,201.83,0.00,1323.12,2026-04-15,Paid
5584,1272,2026-04-01,2026-04-30,949.00,51.76,29.00,185.36,0.00,1215.12,2026-05-15,Paid
5585,1272,2026-05-01,2026-05-31,949.00,67.42,49.00,191.78,0.00,1257.20,2026-06-15,Paid
5586,1272,2026-06-01,2026-06-30,949.00,81.36,0.00,185.46,0.00,1215.82,2026-07-15,Paid
5587,1272,2026-07-01,2026-07-31,949.00,27.81,0.00,175.83,0.00,1152.64,2026-08-15,Unpaid
5588,1272,2026-08-01,2026-08-31,949.00,46.30,19.00,182.57,0.00,1196.87,2026-09-15,Unpaid
5589,1276,2026-03-01,2026-03-31,899.00,34.86,99.00,185.91,0.00,1218.77,2026-04-15,Paid
5590,1276,2026-04-01,2026-04-30,899.00,57.53,0.00,172.18,0.00,1128.71,2026-05-15,Paid
5591,1276,2026-05-01,2026-05-31,899.00,63.78,49.00,182.12,0.00,1193.90,2026-06-15,Paid
5592,1276,2026-06-01,2026-06-30,899.00,42.09,0.00,169.40,0.00,1110.49,2026-07-15,Paid
5593,1276,2026-07-01,2026-07-31,899.00,60.86,49.00,181.59,0.00,1190.45,2026-08-15,Paid
5594,1276,2026-08-01,2026-08-31,899.00,62.96,19.00,176.57,0.00,1157.53,2026-09-15,Unpaid
5595,1277,2026-03-01,2026-03-31,949.00,59.85,19.00,185.01,21.84,1234.70,2026-04-15,Overdue
5596,1277,2026-04-01,2026-04-30,949.00,44.54,19.00,182.26,0.00,1194.80,2026-05-15,Paid
5597,1277,2026-05-01,2026-05-31,949.00,55.17,0.00,180.75,0.00,1184.92,2026-06-15,Paid
5598,1277,2026-06-01,2026-06-30,949.00,45.93,99.00,196.91,0.00,1290.84,2026-07-15,Paid
5599,1277,2026-07-01,2026-07-31,949.00,16.08,19.00,177.13,0.00,1161.21,2026-08-15,Paid
5600,1277,2026-08-01,2026-08-31,949.00,12.91,99.00,190.96,0.00,1251.87,2026-09-15,Unpaid
5601,1282,2026-03-01,2026-03-31,499.00,95.08,49.00,115.75,0.00,758.83,2026-04-15,Paid
5602,1282,2026-04-01,2026-04-30,499.00,1.16,0.00,90.03,0.00,590.19,2026-05-15,Paid
5603,1282,2026-05-01,2026-05-31,499.00,56.43,49.00,108.80,0.00,713.23,2026-06-15,Paid
5604,1282,2026-06-01,2026-06-30,499.00,43.36,19.00,101.04,0.00,662.40,2026-07-15,Paid
5605,1282,2026-07-01,2026-07-31,499.00,27.56,0.00,94.78,0.00,621.34,2026-08-15,Unpaid
5606,1282,2026-08-01,2026-08-31,499.00,57.21,99.00,117.94,0.00,773.15,2026-09-15,Unpaid
5607,1284,2026-03-01,2026-03-31,899.00,4.54,0.00,162.64,0.00,1066.18,2026-04-15,Paid
5608,1284,2026-04-01,2026-04-30,899.00,23.82,0.00,166.11,0.00,1088.93,2026-05-15,Unpaid
5609,1284,2026-05-01,2026-05-31,899.00,48.12,0.00,170.48,0.00,1117.60,2026-06-15,Paid
5610,1284,2026-06-01,2026-06-30,899.00,66.71,0.00,173.83,84.18,1223.72,2026-07-15,Overdue
5611,1284,2026-07-01,2026-07-31,899.00,36.19,29.00,173.55,0.00,1137.74,2026-08-15,Unpaid
5612,1284,2026-08-01,2026-08-31,899.00,44.59,0.00,169.85,0.00,1113.44,2026-09-15,Paid
5613,1286,2026-03-01,2026-03-31,849.00,30.50,99.00,176.13,0.00,1154.63,2026-04-15,Paid
5614,1286,2026-04-01,2026-04-30,849.00,0.26,99.00,170.69,0.00,1118.95,2026-05-15,Paid
5615,1286,2026-05-01,2026-05-31,849.00,6.42,0.00,153.98,0.00,1009.40,2026-06-15,Paid
5616,1286,2026-06-01,2026-06-30,849.00,66.94,29.00,170.09,0.00,1115.03,2026-07-15,Paid
5617,1286,2026-07-01,2026-07-31,849.00,35.51,49.00,168.03,0.00,1101.54,2026-08-15,Paid
5618,1286,2026-08-01,2026-08-31,849.00,79.22,99.00,184.90,0.00,1212.12,2026-09-15,Paid
5619,1287,2026-03-01,2026-03-31,949.00,80.59,19.00,188.75,0.00,1237.34,2026-04-15,Paid
5620,1287,2026-04-01,2026-04-30,949.00,79.32,99.00,202.92,0.00,1330.24,2026-05-15,Unpaid
5621,1287,2026-05-01,2026-05-31,949.00,62.87,19.00,185.56,0.00,1216.43,2026-06-15,Paid
5622,1287,2026-06-01,2026-06-30,949.00,37.51,0.00,177.57,44.34,1208.42,2026-07-15,Overdue
5623,1287,2026-07-01,2026-07-31,949.00,91.23,0.00,187.24,0.00,1227.47,2026-08-15,Paid
5624,1287,2026-08-01,2026-08-31,949.00,24.03,0.00,175.15,0.00,1148.18,2026-09-15,Unpaid
5625,1289,2026-03-01,2026-03-31,799.00,36.63,49.00,159.23,0.00,1043.86,2026-04-15,Paid
5626,1289,2026-04-01,2026-04-30,799.00,56.79,19.00,157.46,0.00,1032.25,2026-05-15,Paid
5627,1289,2026-05-01,2026-05-31,799.00,71.49,49.00,165.51,0.00,1085.00,2026-06-15,Paid
5628,1289,2026-06-01,2026-06-30,799.00,56.12,29.00,159.14,72.52,1115.78,2026-07-15,Overdue
5629,1289,2026-07-01,2026-07-31,799.00,85.93,0.00,159.29,0.00,1044.22,2026-08-15,Paid
5630,1289,2026-08-01,2026-08-31,799.00,94.17,19.00,164.19,0.00,1076.36,2026-09-15,Paid
5631,1290,2026-03-01,2026-03-31,399.00,49.17,19.00,84.09,0.00,551.26,2026-04-15,Paid
5632,1290,2026-04-01,2026-04-30,399.00,42.09,49.00,88.22,0.00,578.31,2026-05-15,Paid
5633,1290,2026-05-01,2026-05-31,399.00,99.95,0.00,89.81,0.00,588.76,2026-06-15,Unpaid
5634,1290,2026-06-01,2026-06-30,399.00,88.05,0.00,87.67,0.00,574.72,2026-07-15,Unpaid
5635,1290,2026-07-01,2026-07-31,399.00,82.45,49.00,95.48,0.00,625.93,2026-08-15,Paid
5636,1290,2026-08-01,2026-08-31,399.00,22.52,99.00,93.69,0.00,614.21,2026-09-15,Unpaid
5637,1292,2026-03-01,2026-03-31,179.00,36.98,99.00,56.70,0.00,371.68,2026-04-15,Paid
5638,1292,2026-04-01,2026-04-30,179.00,75.98,0.00,45.90,0.00,300.88,2026-05-15,Paid
5639,1292,2026-05-01,2026-05-31,179.00,26.61,29.00,42.23,0.00,276.84,2026-06-15,Paid
5640,1292,2026-06-01,2026-06-30,179.00,48.30,0.00,40.91,54.41,322.62,2026-07-15,Overdue
5641,1292,2026-07-01,2026-07-31,179.00,72.56,0.00,45.28,0.00,296.84,2026-08-15,Unpaid
5642,1292,2026-08-01,2026-08-31,179.00,16.66,0.00,35.22,0.00,230.88,2026-09-15,Unpaid
5643,1293,2026-03-01,2026-03-31,649.00,38.23,0.00,123.70,0.00,810.93,2026-04-15,Paid
5644,1293,2026-04-01,2026-04-30,649.00,68.63,29.00,134.39,0.00,881.02,2026-05-15,Paid
5645,1293,2026-05-01,2026-05-31,649.00,51.17,0.00,126.03,69.98,896.18,2026-06-15,Overdue
5646,1293,2026-06-01,2026-06-30,649.00,68.37,19.00,132.55,0.00,868.92,2026-07-15,Paid
5647,1293,2026-07-01,2026-07-31,649.00,75.49,0.00,130.41,0.00,854.90,2026-08-15,Paid
5648,1293,2026-08-01,2026-08-31,649.00,91.20,19.00,136.66,0.00,895.86,2026-09-15,Unpaid
5649,1296,2026-03-01,2026-03-31,949.00,31.61,49.00,185.33,0.00,1214.94,2026-04-15,Paid
5650,1296,2026-04-01,2026-04-30,949.00,87.01,0.00,186.48,0.00,1222.49,2026-05-15,Paid
5651,1296,2026-05-01,2026-05-31,949.00,98.19,29.00,193.71,0.00,1269.90,2026-06-15,Paid
5652,1296,2026-06-01,2026-06-30,949.00,41.86,99.00,196.17,0.00,1286.03,2026-07-15,Paid
5653,1296,2026-07-01,2026-07-31,949.00,60.78,19.00,185.18,0.00,1213.96,2026-08-15,Unpaid
5654,1296,2026-08-01,2026-08-31,949.00,87.99,49.00,195.48,0.00,1281.47,2026-09-15,Unpaid
5655,1298,2026-03-01,2026-03-31,899.00,50.28,0.00,170.87,0.00,1120.15,2026-04-15,Paid
5656,1298,2026-04-01,2026-04-30,899.00,81.30,0.00,176.45,0.00,1156.75,2026-05-15,Unpaid
5657,1298,2026-05-01,2026-05-31,899.00,64.07,0.00,173.35,0.00,1136.42,2026-06-15,Paid
5658,1298,2026-06-01,2026-06-30,899.00,99.98,29.00,185.04,20.70,1233.72,2026-07-15,Overdue
5659,1298,2026-07-01,2026-07-31,899.00,2.70,29.00,167.53,0.00,1098.23,2026-08-15,Paid
5660,1298,2026-08-01,2026-08-31,899.00,71.38,49.00,183.49,0.00,1202.87,2026-09-15,Paid
5661,1303,2026-03-01,2026-03-31,99.00,72.56,0.00,30.88,0.00,202.44,2026-04-15,Paid
5662,1303,2026-04-01,2026-04-30,99.00,0.69,19.00,21.36,0.00,140.05,2026-05-15,Paid
5663,1303,2026-05-01,2026-05-31,99.00,39.79,0.00,24.98,0.00,163.77,2026-06-15,Paid
5664,1303,2026-06-01,2026-06-30,99.00,62.69,29.00,34.32,0.00,225.01,2026-07-15,Paid
5665,1303,2026-07-01,2026-07-31,99.00,66.61,0.00,29.81,0.00,195.42,2026-08-15,Paid
5666,1303,2026-08-01,2026-08-31,99.00,20.57,19.00,24.94,0.00,163.51,2026-09-15,Unpaid
5667,1306,2026-03-01,2026-03-31,849.00,42.77,0.00,160.52,0.00,1052.29,2026-04-15,Unpaid
5668,1306,2026-04-01,2026-04-30,849.00,33.78,29.00,164.12,0.00,1075.90,2026-05-15,Paid
5669,1306,2026-05-01,2026-05-31,849.00,99.34,0.00,170.70,0.00,1119.04,2026-06-15,Paid
5670,1306,2026-06-01,2026-06-30,849.00,52.59,29.00,167.51,20.18,1118.28,2026-07-15,Overdue
5671,1306,2026-07-01,2026-07-31,849.00,79.03,19.00,170.47,0.00,1117.50,2026-08-15,Paid
5672,1306,2026-08-01,2026-08-31,849.00,71.49,99.00,183.51,0.00,1203.00,2026-09-15,Paid
5673,1307,2026-03-01,2026-03-31,699.00,33.64,29.00,137.10,0.00,898.74,2026-04-15,Paid
5674,1307,2026-04-01,2026-04-30,699.00,34.95,0.00,132.11,0.00,866.06,2026-05-15,Paid
5675,1307,2026-05-01,2026-05-31,699.00,24.57,99.00,148.06,69.43,1040.06,2026-06-15,Overdue
5676,1307,2026-06-01,2026-06-30,699.00,46.19,49.00,142.95,0.00,937.14,2026-07-15,Paid
5677,1307,2026-07-01,2026-07-31,699.00,37.03,99.00,150.31,0.00,985.34,2026-08-15,Unpaid
5678,1307,2026-08-01,2026-08-31,699.00,75.51,49.00,148.23,0.00,971.74,2026-09-15,Paid
5679,1311,2026-03-01,2026-03-31,849.00,10.02,29.00,159.84,79.37,1127.23,2026-04-15,Overdue
5680,1311,2026-04-01,2026-04-30,849.00,92.31,99.00,187.26,0.00,1227.57,2026-05-15,Paid
5681,1311,2026-05-01,2026-05-31,849.00,30.66,49.00,167.16,0.00,1095.82,2026-06-15,Paid
5682,1311,2026-06-01,2026-06-30,849.00,77.06,49.00,175.51,0.00,1150.57,2026-07-15,Paid
5683,1311,2026-07-01,2026-07-31,849.00,23.42,0.00,157.04,0.00,1029.46,2026-08-15,Unpaid
5684,1311,2026-08-01,2026-08-31,849.00,30.17,0.00,158.25,0.00,1037.42,2026-09-15,Unpaid
5685,1314,2026-03-01,2026-03-31,99.00,69.31,0.00,30.30,60.85,259.46,2026-04-15,Overdue
5686,1314,2026-04-01,2026-04-30,99.00,40.47,29.00,30.32,0.00,198.79,2026-05-15,Paid
5687,1314,2026-05-01,2026-05-31,99.00,33.88,19.00,27.34,0.00,179.22,2026-06-15,Unpaid
5688,1314,2026-06-01,2026-06-30,99.00,20.00,29.00,26.64,0.00,174.64,2026-07-15,Paid
5689,1314,2026-07-01,2026-07-31,99.00,59.91,0.00,28.60,0.00,187.51,2026-08-15,Paid
5690,1314,2026-08-01,2026-08-31,99.00,47.90,99.00,44.26,0.00,290.16,2026-09-15,Unpaid
5691,1316,2026-03-01,2026-03-31,239.00,9.26,0.00,44.69,56.34,349.29,2026-04-15,Overdue
5692,1316,2026-04-01,2026-04-30,239.00,60.76,0.00,53.96,0.00,353.72,2026-05-15,Paid
5693,1316,2026-05-01,2026-05-31,239.00,91.44,29.00,64.70,0.00,424.14,2026-06-15,Paid
5694,1316,2026-06-01,2026-06-30,239.00,64.87,49.00,63.52,0.00,416.39,2026-07-15,Paid
5695,1316,2026-07-01,2026-07-31,239.00,61.52,0.00,54.09,0.00,354.61,2026-08-15,Unpaid
5696,1316,2026-08-01,2026-08-31,239.00,55.48,19.00,56.43,0.00,369.91,2026-09-15,Paid
5697,1319,2026-03-01,2026-03-31,149.00,49.67,0.00,35.76,73.43,307.86,2026-04-15,Overdue
5698,1319,2026-04-01,2026-04-30,149.00,76.57,19.00,44.02,0.00,288.59,2026-05-15,Paid
5699,1319,2026-05-01,2026-05-31,149.00,5.03,29.00,32.95,0.00,215.98,2026-06-15,Paid
5700,1319,2026-06-01,2026-06-30,149.00,96.74,0.00,44.23,30.22,320.19,2026-07-15,Overdue
5701,1319,2026-07-01,2026-07-31,149.00,67.52,0.00,38.97,0.00,255.49,2026-08-15,Unpaid
5702,1319,2026-08-01,2026-08-31,149.00,92.04,0.00,43.39,0.00,284.43,2026-09-15,Unpaid
5703,1320,2026-03-01,2026-03-31,849.00,81.46,19.00,170.90,40.03,1160.39,2026-04-15,Overdue
5704,1320,2026-04-01,2026-04-30,849.00,49.85,0.00,161.79,0.00,1060.64,2026-05-15,Paid
5705,1320,2026-05-01,2026-05-31,849.00,84.21,99.00,185.80,0.00,1218.01,2026-06-15,Paid
5706,1320,2026-06-01,2026-06-30,849.00,55.10,49.00,171.56,0.00,1124.66,2026-07-15,Paid
5707,1320,2026-07-01,2026-07-31,849.00,96.49,99.00,188.01,0.00,1232.50,2026-08-15,Paid
5708,1320,2026-08-01,2026-08-31,849.00,54.65,0.00,162.66,0.00,1066.31,2026-09-15,Paid
5709,1322,2026-03-01,2026-03-31,849.00,60.13,99.00,181.46,0.00,1189.59,2026-04-15,Paid
5710,1322,2026-04-01,2026-04-30,849.00,88.46,0.00,168.74,0.00,1106.20,2026-05-15,Paid
5711,1322,2026-05-01,2026-05-31,849.00,21.64,0.00,156.72,0.00,1027.36,2026-06-15,Unpaid
5712,1322,2026-06-01,2026-06-30,849.00,32.72,19.00,162.13,0.00,1062.85,2026-07-15,Paid
5713,1322,2026-07-01,2026-07-31,849.00,39.68,19.00,163.38,0.00,1071.06,2026-08-15,Unpaid
5714,1322,2026-08-01,2026-08-31,849.00,59.01,29.00,168.66,0.00,1105.67,2026-09-15,Unpaid
5715,1324,2026-03-01,2026-03-31,99.00,80.88,0.00,32.38,0.00,212.26,2026-04-15,Paid
5716,1324,2026-04-01,2026-04-30,99.00,68.00,0.00,30.06,0.00,197.06,2026-05-15,Paid
5717,1324,2026-05-01,2026-05-31,99.00,73.67,29.00,36.30,0.00,237.97,2026-06-15,Paid
5718,1324,2026-06-01,2026-06-30,99.00,56.76,19.00,31.46,0.00,206.22,2026-07-15,Paid
5719,1324,2026-07-01,2026-07-31,99.00,53.34,99.00,45.24,0.00,296.58,2026-08-15,Paid
5720,1324,2026-08-01,2026-08-31,99.00,68.92,0.00,30.23,0.00,198.15,2026-09-15,Paid
5721,1326,2026-03-01,2026-03-31,499.00,68.01,0.00,102.06,0.00,669.07,2026-04-15,Paid
5722,1326,2026-04-01,2026-04-30,499.00,10.04,0.00,91.63,0.00,600.67,2026-05-15,Paid
5723,1326,2026-05-01,2026-05-31,499.00,46.96,19.00,101.69,0.00,666.65,2026-06-15,Paid
5724,1326,2026-06-01,2026-06-30,499.00,12.81,19.00,95.55,0.00,626.36,2026-07-15,Paid
5725,1326,2026-07-01,2026-07-31,499.00,61.09,29.00,106.04,0.00,695.13,2026-08-15,Paid
5726,1326,2026-08-01,2026-08-31,499.00,99.87,0.00,107.80,0.00,706.67,2026-09-15,Unpaid
5727,1327,2026-03-01,2026-03-31,649.00,2.48,0.00,117.27,0.00,768.75,2026-04-15,Paid
5728,1327,2026-04-01,2026-04-30,649.00,89.50,0.00,132.93,0.00,871.43,2026-05-15,Paid
5729,1327,2026-05-01,2026-05-31,649.00,30.61,0.00,122.33,0.00,801.94,2026-06-15,Paid
5730,1327,2026-06-01,2026-06-30,649.00,61.27,99.00,145.67,0.00,954.94,2026-07-15,Unpaid
5731,1327,2026-07-01,2026-07-31,649.00,83.47,0.00,131.84,0.00,864.31,2026-08-15,Unpaid
5732,1327,2026-08-01,2026-08-31,649.00,72.13,99.00,147.62,0.00,967.75,2026-09-15,Paid
5733,1330,2026-03-01,2026-03-31,249.00,68.04,19.00,60.49,0.00,396.53,2026-04-15,Paid
5734,1330,2026-04-01,2026-04-30,249.00,87.37,19.00,63.97,92.60,511.94,2026-05-15,Overdue
5735,1330,2026-05-01,2026-05-31,249.00,78.79,19.00,62.42,0.00,409.21,2026-06-15,Paid
5736,1330,2026-06-01,2026-06-30,249.00,21.32,99.00,66.48,0.00,435.80,2026-07-15,Paid
5737,1330,2026-07-01,2026-07-31,249.00,62.46,0.00,56.06,0.00,367.52,2026-08-15,Paid
5738,1330,2026-08-01,2026-08-31,249.00,82.51,49.00,68.49,0.00,449.00,2026-09-15,Unpaid
5739,1335,2026-03-01,2026-03-31,699.00,76.97,49.00,148.49,0.00,973.46,2026-04-15,Paid
5740,1335,2026-04-01,2026-04-30,699.00,18.95,0.00,129.23,0.00,847.18,2026-05-15,Paid
5741,1335,2026-05-01,2026-05-31,699.00,96.38,0.00,143.17,0.00,938.55,2026-06-15,Paid
5742,1335,2026-06-01,2026-06-30,699.00,45.85,0.00,134.07,0.00,878.92,2026-07-15,Paid
5743,1335,2026-07-01,2026-07-31,699.00,15.41,99.00,146.41,0.00,959.82,2026-08-15,Unpaid
5744,1335,2026-08-01,2026-08-31,699.00,62.51,29.00,142.29,0.00,932.80,2026-09-15,Unpaid
5745,1340,2026-03-01,2026-03-31,649.00,81.17,49.00,140.25,0.00,919.42,2026-04-15,Paid
5746,1340,2026-04-01,2026-04-30,649.00,78.83,49.00,139.83,0.00,916.66,2026-05-15,Paid
5747,1340,2026-05-01,2026-05-31,649.00,23.01,0.00,120.96,0.00,792.97,2026-06-15,Paid
5748,1340,2026-06-01,2026-06-30,649.00,48.91,0.00,125.62,0.00,823.53,2026-07-15,Paid
5749,1340,2026-07-01,2026-07-31,649.00,20.69,49.00,129.36,0.00,848.05,2026-08-15,Unpaid
5750,1340,2026-08-01,2026-08-31,649.00,17.91,0.00,120.04,0.00,786.95,2026-09-15,Paid
5751,1341,2026-03-01,2026-03-31,479.00,20.87,49.00,98.80,0.00,647.67,2026-04-15,Unpaid
5752,1341,2026-04-01,2026-04-30,479.00,62.29,19.00,100.85,0.00,661.14,2026-05-15,Paid
5753,1341,2026-05-01,2026-05-31,479.00,99.57,19.00,107.56,0.00,705.13,2026-06-15,Paid
5754,1341,2026-06-01,2026-06-30,479.00,2.48,0.00,86.67,0.00,568.15,2026-07-15,Unpaid
5755,1341,2026-07-01,2026-07-31,479.00,29.09,99.00,109.28,0.00,716.37,2026-08-15,Paid
5756,1341,2026-08-01,2026-08-31,479.00,32.28,49.00,100.85,0.00,661.13,2026-09-15,Paid
5757,1348,2026-03-01,2026-03-31,699.00,67.06,0.00,137.89,0.00,903.95,2026-04-15,Unpaid
5758,1348,2026-04-01,2026-04-30,699.00,1.68,0.00,126.12,0.00,826.80,2026-05-15,Paid
5759,1348,2026-05-01,2026-05-31,699.00,94.94,0.00,142.91,0.00,936.85,2026-06-15,Paid
5760,1348,2026-06-01,2026-06-30,699.00,73.15,99.00,156.81,0.00,1027.96,2026-07-15,Paid
5761,1348,2026-07-01,2026-07-31,699.00,14.85,19.00,131.91,0.00,864.76,2026-08-15,Paid
5762,1348,2026-08-01,2026-08-31,699.00,76.92,99.00,157.49,0.00,1032.41,2026-09-15,Paid
5763,1351,2026-03-01,2026-03-31,699.00,33.11,29.00,137.00,0.00,898.11,2026-04-15,Paid
5764,1351,2026-04-01,2026-04-30,699.00,69.58,0.00,138.34,0.00,906.92,2026-05-15,Paid
5765,1351,2026-05-01,2026-05-31,699.00,37.08,0.00,132.49,0.00,868.57,2026-06-15,Paid
5766,1351,2026-06-01,2026-06-30,699.00,1.32,29.00,131.28,0.00,860.60,2026-07-15,Paid
5767,1351,2026-07-01,2026-07-31,699.00,86.23,0.00,141.34,0.00,926.57,2026-08-15,Paid
5768,1351,2026-08-01,2026-08-31,699.00,14.56,0.00,128.44,0.00,842.00,2026-09-15,Paid
5769,1352,2026-03-01,2026-03-31,199.00,49.23,0.00,44.68,0.00,292.91,2026-04-15,Unpaid
5770,1352,2026-04-01,2026-04-30,199.00,31.36,99.00,59.28,97.65,486.29,2026-05-15,Overdue
5771,1352,2026-05-01,2026-05-31,199.00,85.31,0.00,51.18,0.00,335.49,2026-06-15,Paid
5772,1352,2026-06-01,2026-06-30,199.00,34.92,0.00,42.11,0.00,276.03,2026-07-15,Paid
5773,1352,2026-07-01,2026-07-31,199.00,59.83,0.00,46.59,0.00,305.42,2026-08-15,Paid
5774,1352,2026-08-01,2026-08-31,199.00,64.78,0.00,47.48,0.00,311.26,2026-09-15,Unpaid
5775,1353,2026-03-01,2026-03-31,949.00,32.17,0.00,176.61,63.61,1221.39,2026-04-15,Overdue
5776,1353,2026-04-01,2026-04-30,949.00,44.97,49.00,187.73,0.00,1230.70,2026-05-15,Paid
5777,1353,2026-05-01,2026-05-31,949.00,41.73,29.00,183.55,0.00,1203.28,2026-06-15,Paid
5778,1353,2026-06-01,2026-06-30,949.00,32.83,0.00,176.73,0.00,1158.56,2026-07-15,Paid
5779,1353,2026-07-01,2026-07-31,949.00,39.28,49.00,186.71,0.00,1223.99,2026-08-15,Unpaid
5780,1353,2026-08-01,2026-08-31,949.00,31.84,99.00,194.37,0.00,1274.21,2026-09-15,Paid
5781,1355,2026-03-01,2026-03-31,499.00,29.70,99.00,112.99,0.00,740.69,2026-04-15,Paid
5782,1355,2026-04-01,2026-04-30,499.00,79.02,29.00,109.26,0.00,716.28,2026-05-15,Paid
5783,1355,2026-05-01,2026-05-31,499.00,14.32,29.00,97.62,0.00,639.94,2026-06-15,Paid
5784,1355,2026-06-01,2026-06-30,499.00,59.17,0.00,100.47,0.00,658.64,2026-07-15,Unpaid
5785,1355,2026-07-01,2026-07-31,499.00,12.44,29.00,97.28,0.00,637.72,2026-08-15,Unpaid
5786,1355,2026-08-01,2026-08-31,499.00,5.29,29.00,95.99,0.00,629.28,2026-09-15,Paid
5787,1356,2026-03-01,2026-03-31,899.00,14.83,0.00,164.49,0.00,1078.32,2026-04-15,Unpaid
5788,1356,2026-04-01,2026-04-30,899.00,57.23,49.00,180.94,0.00,1186.17,2026-05-15,Paid
5789,1356,2026-05-01,2026-05-31,899.00,52.29,49.00,180.05,0.00,1180.34,2026-06-15,Paid
5790,1356,2026-06-01,2026-06-30,899.00,70.54,29.00,179.74,0.00,1178.28,2026-07-15,Paid
5791,1356,2026-07-01,2026-07-31,899.00,74.15,29.00,180.39,0.00,1182.54,2026-08-15,Unpaid
5792,1356,2026-08-01,2026-08-31,899.00,66.31,49.00,182.58,0.00,1196.89,2026-09-15,Unpaid
5793,1358,2026-03-01,2026-03-31,649.00,63.98,0.00,128.34,0.00,841.32,2026-04-15,Unpaid
5794,1358,2026-04-01,2026-04-30,649.00,57.13,0.00,127.10,0.00,833.23,2026-05-15,Paid
5795,1358,2026-05-01,2026-05-31,649.00,31.30,0.00,122.45,0.00,802.75,2026-06-15,Paid
5796,1358,2026-06-01,2026-06-30,649.00,50.26,0.00,125.87,34.58,859.71,2026-07-15,Overdue
5797,1358,2026-07-01,2026-07-31,649.00,40.46,0.00,124.10,0.00,813.56,2026-08-15,Paid
5798,1358,2026-08-01,2026-08-31,649.00,8.32,99.00,136.14,0.00,892.46,2026-09-15,Paid
5799,1363,2026-03-01,2026-03-31,99.00,16.86,49.00,29.67,0.00,194.53,2026-04-15,Paid
5800,1363,2026-04-01,2026-04-30,99.00,54.19,0.00,27.57,0.00,180.76,2026-05-15,Paid
5801,1363,2026-05-01,2026-05-31,99.00,7.91,19.00,22.66,0.00,148.57,2026-06-15,Unpaid
5802,1363,2026-06-01,2026-06-30,99.00,89.70,49.00,42.79,0.00,280.49,2026-07-15,Paid
5803,1363,2026-07-01,2026-07-31,99.00,73.78,0.00,31.10,0.00,203.88,2026-08-15,Paid
5804,1363,2026-08-01,2026-08-31,99.00,17.28,0.00,20.93,0.00,137.21,2026-09-15,Unpaid
5805,1364,2026-03-01,2026-03-31,479.00,83.21,0.00,101.20,0.00,663.41,2026-04-15,Paid
5806,1364,2026-04-01,2026-04-30,479.00,71.65,19.00,102.54,0.00,672.19,2026-05-15,Paid
5807,1364,2026-05-01,2026-05-31,479.00,17.04,99.00,107.11,0.00,702.15,2026-06-15,Paid
5808,1364,2026-06-01,2026-06-30,479.00,78.77,99.00,118.22,0.00,774.99,2026-07-15,Paid
5809,1364,2026-07-01,2026-07-31,479.00,66.96,19.00,101.69,0.00,666.65,2026-08-15,Paid
5810,1364,2026-08-01,2026-08-31,479.00,56.47,0.00,96.38,0.00,631.85,2026-09-15,Paid
5811,1366,2026-03-01,2026-03-31,949.00,21.28,49.00,183.47,52.05,1254.80,2026-04-15,Overdue
5812,1366,2026-04-01,2026-04-30,949.00,62.39,99.00,199.87,0.00,1310.26,2026-05-15,Paid
5813,1366,2026-05-01,2026-05-31,949.00,75.66,29.00,189.66,0.00,1243.32,2026-06-15,Paid
5814,1366,2026-06-01,2026-06-30,949.00,21.07,0.00,174.61,0.00,1144.68,2026-07-15,Paid
5815,1366,2026-07-01,2026-07-31,949.00,44.33,29.00,184.02,0.00,1206.35,2026-08-15,Unpaid
5816,1366,2026-08-01,2026-08-31,949.00,34.45,49.00,185.84,0.00,1218.29,2026-09-15,Unpaid
5817,1369,2026-03-01,2026-03-31,199.00,8.54,29.00,42.58,35.01,314.13,2026-04-15,Overdue
5818,1369,2026-04-01,2026-04-30,199.00,94.75,0.00,52.88,0.00,346.63,2026-05-15,Paid
5819,1369,2026-05-01,2026-05-31,199.00,12.61,0.00,38.09,0.00,249.70,2026-06-15,Paid
5820,1369,2026-06-01,2026-06-30,199.00,98.66,19.00,57.00,0.00,373.66,2026-07-15,Paid
5821,1369,2026-07-01,2026-07-31,199.00,27.38,99.00,58.57,0.00,383.95,2026-08-15,Unpaid
5822,1369,2026-08-01,2026-08-31,199.00,15.25,99.00,56.38,0.00,369.63,2026-09-15,Unpaid
5823,1372,2026-03-01,2026-03-31,479.00,38.21,99.00,110.92,0.00,727.13,2026-04-15,Paid
5824,1372,2026-04-01,2026-04-30,479.00,60.56,0.00,97.12,0.00,636.68,2026-05-15,Paid
5825,1372,2026-05-01,2026-05-31,479.00,69.31,0.00,98.70,0.00,647.01,2026-06-15,Paid
5826,1372,2026-06-01,2026-06-30,479.00,10.52,0.00,88.11,64.66,642.29,2026-07-15,Overdue
5827,1372,2026-07-01,2026-07-31,479.00,7.90,99.00,105.46,0.00,691.36,2026-08-15,Unpaid
5828,1372,2026-08-01,2026-08-31,479.00,95.81,0.00,103.47,0.00,678.28,2026-09-15,Unpaid
5829,1375,2026-03-01,2026-03-31,499.00,28.72,0.00,94.99,0.00,622.71,2026-04-15,Paid
5830,1375,2026-04-01,2026-04-30,499.00,70.09,49.00,111.26,0.00,729.35,2026-05-15,Paid
5831,1375,2026-05-01,2026-05-31,499.00,63.17,0.00,101.19,0.00,663.36,2026-06-15,Paid
5832,1375,2026-06-01,2026-06-30,499.00,11.72,99.00,109.75,0.00,719.47,2026-07-15,Paid
5833,1375,2026-07-01,2026-07-31,499.00,20.41,29.00,98.71,0.00,647.12,2026-08-15,Paid
5834,1375,2026-08-01,2026-08-31,499.00,26.63,19.00,98.03,0.00,642.66,2026-09-15,Unpaid
5835,1378,2026-03-01,2026-03-31,849.00,66.49,29.00,170.01,0.00,1114.50,2026-04-15,Paid
5836,1378,2026-04-01,2026-04-30,849.00,36.40,0.00,159.37,0.00,1044.77,2026-05-15,Paid
5837,1378,2026-05-01,2026-05-31,849.00,58.72,0.00,163.39,37.57,1108.68,2026-06-15,Overdue
5838,1378,2026-06-01,2026-06-30,849.00,79.05,99.00,184.87,0.00,1211.92,2026-07-15,Paid
5839,1378,2026-07-01,2026-07-31,849.00,78.42,0.00,166.94,0.00,1094.36,2026-08-15,Paid
5840,1378,2026-08-01,2026-08-31,849.00,56.97,49.00,171.89,0.00,1126.86,2026-09-15,Unpaid
5841,1379,2026-03-01,2026-03-31,299.00,79.58,19.00,71.56,0.00,469.14,2026-04-15,Paid
5842,1379,2026-04-01,2026-04-30,299.00,43.07,99.00,79.39,0.00,520.46,2026-05-15,Paid
5843,1379,2026-05-01,2026-05-31,299.00,34.02,99.00,77.76,0.00,509.78,2026-06-15,Paid
5844,1379,2026-06-01,2026-06-30,299.00,27.36,0.00,58.74,0.00,385.10,2026-07-15,Paid
5845,1379,2026-07-01,2026-07-31,299.00,78.34,0.00,67.92,0.00,445.26,2026-08-15,Unpaid
5846,1379,2026-08-01,2026-08-31,299.00,12.84,0.00,56.13,0.00,367.97,2026-09-15,Unpaid
5847,1380,2026-03-01,2026-03-31,99.00,65.84,0.00,29.67,0.00,194.51,2026-04-15,Unpaid
5848,1380,2026-04-01,2026-04-30,99.00,71.21,19.00,34.06,0.00,223.27,2026-05-15,Paid
5849,1380,2026-05-01,2026-05-31,99.00,90.06,0.00,34.03,0.00,223.09,2026-06-15,Paid
5850,1380,2026-06-01,2026-06-30,99.00,78.53,19.00,35.38,42.74,274.65,2026-07-15,Overdue
5851,1380,2026-07-01,2026-07-31,99.00,39.43,49.00,33.74,0.00,221.17,2026-08-15,Unpaid
5852,1380,2026-08-01,2026-08-31,99.00,82.17,29.00,37.83,0.00,248.00,2026-09-15,Paid
5853,1381,2026-03-01,2026-03-31,479.00,86.92,0.00,101.87,0.00,667.79,2026-04-15,Paid
5854,1381,2026-04-01,2026-04-30,479.00,34.46,0.00,92.42,0.00,605.88,2026-05-15,Paid
5855,1381,2026-05-01,2026-05-31,479.00,93.41,0.00,103.03,0.00,675.44,2026-06-15,Unpaid
5856,1381,2026-06-01,2026-06-30,479.00,26.92,0.00,91.07,0.00,596.99,2026-07-15,Paid
5857,1381,2026-07-01,2026-07-31,479.00,41.98,99.00,111.60,0.00,731.58,2026-08-15,Unpaid
5858,1381,2026-08-01,2026-08-31,479.00,4.87,0.00,87.10,0.00,570.97,2026-09-15,Unpaid
5859,1383,2026-03-01,2026-03-31,239.00,50.28,29.00,57.29,66.65,442.22,2026-04-15,Overdue
5860,1383,2026-04-01,2026-04-30,239.00,85.88,19.00,61.90,0.00,405.78,2026-05-15,Unpaid
5861,1383,2026-05-01,2026-05-31,239.00,95.62,49.00,69.05,0.00,452.67,2026-06-15,Paid
5862,1383,2026-06-01,2026-06-30,239.00,50.68,49.00,60.96,0.00,399.64,2026-07-15,Paid
5863,1383,2026-07-01,2026-07-31,239.00,64.75,19.00,58.09,0.00,380.84,2026-08-15,Unpaid
5864,1383,2026-08-01,2026-08-31,239.00,31.73,0.00,48.73,0.00,319.46,2026-09-15,Unpaid
5865,1385,2026-03-01,2026-03-31,799.00,80.79,19.00,161.78,0.00,1060.57,2026-04-15,Paid
5866,1385,2026-04-01,2026-04-30,799.00,28.71,99.00,166.81,31.15,1124.67,2026-05-15,Overdue
5867,1385,2026-05-01,2026-05-31,799.00,63.16,29.00,160.41,0.00,1051.57,2026-06-15,Unpaid
5868,1385,2026-06-01,2026-06-30,799.00,73.81,0.00,157.11,0.00,1029.92,2026-07-15,Paid
5869,1385,2026-07-01,2026-07-31,799.00,35.33,0.00,150.18,0.00,984.51,2026-08-15,Unpaid
5870,1385,2026-08-01,2026-08-31,799.00,55.49,99.00,171.63,0.00,1125.12,2026-09-15,Paid
5871,1389,2026-03-01,2026-03-31,179.00,19.02,0.00,35.64,0.00,233.66,2026-04-15,Paid
5872,1389,2026-04-01,2026-04-30,179.00,50.09,0.00,41.24,0.00,270.33,2026-05-15,Paid
5873,1389,2026-05-01,2026-05-31,179.00,87.32,29.00,53.16,0.00,348.48,2026-06-15,Paid
5874,1389,2026-06-01,2026-06-30,179.00,73.57,99.00,63.28,67.70,482.55,2026-07-15,Overdue
5875,1389,2026-07-01,2026-07-31,179.00,18.79,49.00,44.42,0.00,291.21,2026-08-15,Unpaid
5876,1389,2026-08-01,2026-08-31,179.00,68.09,29.00,49.70,0.00,325.79,2026-09-15,Paid
5877,1390,2026-03-01,2026-03-31,239.00,88.90,0.00,59.02,0.00,386.92,2026-04-15,Paid
5878,1390,2026-04-01,2026-04-30,239.00,54.51,0.00,52.83,0.00,346.34,2026-05-15,Paid
5879,1390,2026-05-01,2026-05-31,239.00,32.83,19.00,52.35,0.00,343.18,2026-06-15,Paid
5880,1390,2026-06-01,2026-06-30,239.00,29.39,19.00,51.73,0.00,339.12,2026-07-15,Unpaid
5881,1390,2026-07-01,2026-07-31,239.00,56.67,0.00,53.22,0.00,348.89,2026-08-15,Paid
5882,1390,2026-08-01,2026-08-31,239.00,32.87,49.00,57.76,0.00,378.63,2026-09-15,Unpaid
5883,1394,2026-03-01,2026-03-31,849.00,50.12,49.00,170.66,0.00,1118.78,2026-04-15,Paid
5884,1394,2026-04-01,2026-04-30,849.00,86.73,19.00,171.85,0.00,1126.58,2026-05-15,Paid
5885,1394,2026-05-01,2026-05-31,849.00,84.78,29.00,173.30,0.00,1136.08,2026-06-15,Paid
5886,1394,2026-06-01,2026-06-30,849.00,24.27,0.00,157.19,0.00,1030.46,2026-07-15,Paid
5887,1394,2026-07-01,2026-07-31,849.00,78.78,0.00,167.00,0.00,1094.78,2026-08-15,Paid
5888,1394,2026-08-01,2026-08-31,849.00,14.33,0.00,155.40,0.00,1018.73,2026-09-15,Paid
5889,1405,2026-03-01,2026-03-31,799.00,65.93,0.00,155.69,0.00,1020.62,2026-04-15,Paid
5890,1405,2026-04-01,2026-04-30,799.00,0.85,0.00,143.97,0.00,943.82,2026-05-15,Paid
5891,1405,2026-05-01,2026-05-31,799.00,74.61,29.00,162.47,0.00,1065.08,2026-06-15,Paid
5892,1405,2026-06-01,2026-06-30,799.00,68.02,0.00,156.06,0.00,1023.08,2026-07-15,Paid
5893,1405,2026-07-01,2026-07-31,799.00,29.44,0.00,149.12,0.00,977.56,2026-08-15,Unpaid
5894,1405,2026-08-01,2026-08-31,799.00,21.24,19.00,151.06,0.00,990.30,2026-09-15,Unpaid
5895,1406,2026-03-01,2026-03-31,179.00,78.03,0.00,46.27,0.00,303.30,2026-04-15,Paid
5896,1406,2026-04-01,2026-04-30,179.00,37.58,0.00,38.98,29.65,285.21,2026-05-15,Overdue
5897,1406,2026-05-01,2026-05-31,179.00,14.55,29.00,40.06,0.00,262.61,2026-06-15,Paid
5898,1406,2026-06-01,2026-06-30,179.00,60.20,0.00,43.06,70.55,352.81,2026-07-15,Overdue
5899,1406,2026-07-01,2026-07-31,179.00,80.68,19.00,50.16,0.00,328.84,2026-08-15,Unpaid
5900,1406,2026-08-01,2026-08-31,179.00,27.68,29.00,42.42,0.00,278.10,2026-09-15,Paid
5901,1411,2026-03-01,2026-03-31,849.00,92.59,29.00,174.71,0.00,1145.30,2026-04-15,Paid
5902,1411,2026-04-01,2026-04-30,849.00,15.78,29.00,160.88,0.00,1054.66,2026-05-15,Paid
5903,1411,2026-05-01,2026-05-31,849.00,56.18,49.00,171.75,0.00,1125.93,2026-06-15,Paid
5904,1411,2026-06-01,2026-06-30,849.00,13.97,99.00,173.15,0.00,1135.12,2026-07-15,Paid
5905,1411,2026-07-01,2026-07-31,849.00,79.62,0.00,167.15,0.00,1095.77,2026-08-15,Unpaid
5906,1411,2026-08-01,2026-08-31,849.00,93.14,49.00,178.41,0.00,1169.55,2026-09-15,Paid
5907,1412,2026-03-01,2026-03-31,179.00,47.45,29.00,45.98,0.00,301.43,2026-04-15,Paid
5908,1412,2026-04-01,2026-04-30,179.00,84.57,99.00,65.26,0.00,427.83,2026-05-15,Paid
5909,1412,2026-05-01,2026-05-31,179.00,57.12,0.00,42.50,0.00,278.62,2026-06-15,Paid
5910,1412,2026-06-01,2026-06-30,179.00,59.97,0.00,43.01,0.00,281.98,2026-07-15,Unpaid
5911,1412,2026-07-01,2026-07-31,179.00,95.98,99.00,67.32,0.00,441.30,2026-08-15,Unpaid
5912,1412,2026-08-01,2026-08-31,179.00,45.33,19.00,43.80,0.00,287.13,2026-09-15,Paid
5913,1413,2026-03-01,2026-03-31,649.00,16.25,29.00,124.96,0.00,819.21,2026-04-15,Paid
5914,1413,2026-04-01,2026-04-30,649.00,67.08,49.00,137.71,0.00,902.79,2026-05-15,Unpaid
5915,1413,2026-05-01,2026-05-31,649.00,76.20,0.00,130.54,0.00,855.74,2026-06-15,Paid
5916,1413,2026-06-01,2026-06-30,649.00,10.21,19.00,122.08,0.00,800.29,2026-07-15,Paid
5917,1413,2026-07-01,2026-07-31,649.00,62.19,0.00,128.01,0.00,839.20,2026-08-15,Paid
5918,1413,2026-08-01,2026-08-31,649.00,46.87,49.00,134.08,0.00,878.95,2026-09-15,Paid
5919,1416,2026-03-01,2026-03-31,499.00,65.19,0.00,101.55,0.00,665.74,2026-04-15,Unpaid
5920,1416,2026-04-01,2026-04-30,499.00,24.53,99.00,112.06,0.00,734.59,2026-05-15,Paid
5921,1416,2026-05-01,2026-05-31,499.00,59.88,49.00,109.42,0.00,717.30,2026-06-15,Paid
5922,1416,2026-06-01,2026-06-30,499.00,96.00,0.00,107.10,0.00,702.10,2026-07-15,Paid
5923,1416,2026-07-01,2026-07-31,499.00,49.83,49.00,107.61,0.00,705.44,2026-08-15,Paid
5924,1416,2026-08-01,2026-08-31,499.00,51.77,49.00,107.96,0.00,707.73,2026-09-15,Unpaid
5925,1421,2026-03-01,2026-03-31,149.00,1.48,49.00,35.91,0.00,235.39,2026-04-15,Paid
5926,1421,2026-04-01,2026-04-30,149.00,4.71,19.00,31.09,0.00,203.80,2026-05-15,Paid
5927,1421,2026-05-01,2026-05-31,149.00,27.39,0.00,31.75,0.00,208.14,2026-06-15,Paid
5928,1421,2026-06-01,2026-06-30,149.00,45.67,0.00,35.04,0.00,229.71,2026-07-15,Paid
5929,1421,2026-07-01,2026-07-31,149.00,72.05,49.00,48.61,0.00,318.66,2026-08-15,Paid
5930,1421,2026-08-01,2026-08-31,149.00,76.28,29.00,45.77,0.00,300.05,2026-09-15,Paid
5931,1422,2026-03-01,2026-03-31,849.00,99.92,29.00,176.03,0.00,1153.95,2026-04-15,Paid
5932,1422,2026-04-01,2026-04-30,849.00,10.02,0.00,154.62,0.00,1013.64,2026-05-15,Paid
5933,1422,2026-05-01,2026-05-31,849.00,12.35,49.00,163.86,0.00,1074.21,2026-06-15,Paid
5934,1422,2026-06-01,2026-06-30,849.00,96.66,0.00,170.22,0.00,1115.88,2026-07-15,Paid
5935,1422,2026-07-01,2026-07-31,849.00,86.34,49.00,177.18,0.00,1161.52,2026-08-15,Unpaid
5936,1422,2026-08-01,2026-08-31,849.00,30.75,99.00,176.17,0.00,1154.92,2026-09-15,Paid
5937,1424,2026-03-01,2026-03-31,99.00,38.99,0.00,24.84,0.00,162.83,2026-04-15,Paid
5938,1424,2026-04-01,2026-04-30,99.00,20.76,0.00,21.56,0.00,141.32,2026-05-15,Paid
5939,1424,2026-05-01,2026-05-31,99.00,74.65,0.00,31.26,0.00,204.91,2026-06-15,Unpaid
5940,1424,2026-06-01,2026-06-30,99.00,72.52,99.00,48.69,0.00,319.21,2026-07-15,Paid
5941,1424,2026-07-01,2026-07-31,99.00,49.18,0.00,26.67,0.00,174.85,2026-08-15,Paid
5942,1424,2026-08-01,2026-08-31,99.00,19.09,0.00,21.26,0.00,139.35,2026-09-15,Unpaid
5943,1425,2026-03-01,2026-03-31,179.00,7.21,0.00,33.52,57.13,276.86,2026-04-15,Overdue
5944,1425,2026-04-01,2026-04-30,179.00,92.05,49.00,57.61,0.00,377.66,2026-05-15,Paid
5945,1425,2026-05-01,2026-05-31,179.00,19.43,0.00,35.72,0.00,234.15,2026-06-15,Paid
5946,1425,2026-06-01,2026-06-30,179.00,51.52,99.00,59.31,0.00,388.83,2026-07-15,Paid
5947,1425,2026-07-01,2026-07-31,179.00,73.80,0.00,45.50,0.00,298.30,2026-08-15,Unpaid
5948,1425,2026-08-01,2026-08-31,179.00,99.80,19.00,53.60,0.00,351.40,2026-09-15,Paid
5949,1426,2026-03-01,2026-03-31,699.00,29.38,0.00,131.11,0.00,859.49,2026-04-15,Paid
5950,1426,2026-04-01,2026-04-30,699.00,38.41,99.00,150.55,0.00,986.96,2026-05-15,Paid
5951,1426,2026-05-01,2026-05-31,699.00,7.79,0.00,127.22,42.63,876.64,2026-06-15,Overdue
5952,1426,2026-06-01,2026-06-30,699.00,31.29,0.00,131.45,0.00,861.74,2026-07-15,Paid
5953,1426,2026-07-01,2026-07-31,699.00,81.58,49.00,149.32,0.00,978.90,2026-08-15,Unpaid
5954,1426,2026-08-01,2026-08-31,699.00,23.62,0.00,130.07,0.00,852.69,2026-09-15,Unpaid
5955,1427,2026-03-01,2026-03-31,949.00,7.91,99.00,190.06,0.00,1245.97,2026-04-15,Paid
5956,1427,2026-04-01,2026-04-30,949.00,15.14,0.00,173.55,0.00,1137.69,2026-05-15,Paid
5957,1427,2026-05-01,2026-05-31,949.00,46.16,0.00,179.13,29.08,1203.37,2026-06-15,Overdue
5958,1427,2026-06-01,2026-06-30,949.00,38.34,0.00,177.72,0.00,1165.06,2026-07-15,Unpaid
5959,1427,2026-07-01,2026-07-31,949.00,47.82,99.00,197.25,0.00,1293.07,2026-08-15,Unpaid
5960,1427,2026-08-01,2026-08-31,949.00,28.74,0.00,175.99,0.00,1153.73,2026-09-15,Paid
5961,1428,2026-03-01,2026-03-31,399.00,48.53,0.00,80.56,0.00,528.09,2026-04-15,Unpaid
5962,1428,2026-04-01,2026-04-30,399.00,52.68,49.00,90.12,0.00,590.80,2026-05-15,Paid
5963,1428,2026-05-01,2026-05-31,399.00,56.99,0.00,82.08,0.00,538.07,2026-06-15,Paid
5964,1428,2026-06-01,2026-06-30,399.00,89.53,99.00,105.76,93.51,786.80,2026-07-15,Overdue
5965,1428,2026-07-01,2026-07-31,399.00,72.11,29.00,90.02,0.00,590.13,2026-08-15,Paid
5966,1428,2026-08-01,2026-08-31,399.00,77.06,99.00,103.51,0.00,678.57,2026-09-15,Unpaid
5967,1429,2026-03-01,2026-03-31,179.00,72.07,99.00,63.01,0.00,413.08,2026-04-15,Paid
5968,1429,2026-04-01,2026-04-30,179.00,68.56,19.00,47.98,0.00,314.54,2026-05-15,Unpaid
5969,1429,2026-05-01,2026-05-31,179.00,83.29,0.00,47.21,0.00,309.50,2026-06-15,Unpaid
5970,1429,2026-06-01,2026-06-30,179.00,29.65,0.00,37.56,0.00,246.21,2026-07-15,Paid
5971,1429,2026-07-01,2026-07-31,179.00,48.67,49.00,49.80,0.00,326.47,2026-08-15,Unpaid
5972,1429,2026-08-01,2026-08-31,179.00,59.07,0.00,42.85,0.00,280.92,2026-09-15,Unpaid
5973,1433,2026-03-01,2026-03-31,899.00,14.01,0.00,164.34,48.50,1125.85,2026-04-15,Overdue
5974,1433,2026-04-01,2026-04-30,899.00,43.13,19.00,173.00,0.00,1134.13,2026-05-15,Paid
5975,1433,2026-05-01,2026-05-31,899.00,67.11,0.00,173.90,0.00,1140.01,2026-06-15,Unpaid
5976,1433,2026-06-01,2026-06-30,899.00,40.96,29.00,174.41,0.00,1143.37,2026-07-15,Paid
5977,1433,2026-07-01,2026-07-31,899.00,5.81,0.00,162.87,0.00,1067.68,2026-08-15,Unpaid
5978,1433,2026-08-01,2026-08-31,899.00,46.13,0.00,170.12,0.00,1115.25,2026-09-15,Paid
5979,1435,2026-03-01,2026-03-31,199.00,88.01,29.00,56.88,0.00,372.89,2026-04-15,Paid
5980,1435,2026-04-01,2026-04-30,199.00,89.13,49.00,60.68,91.07,488.88,2026-05-15,Overdue
5981,1435,2026-05-01,2026-05-31,199.00,31.94,0.00,41.57,0.00,272.51,2026-06-15,Paid
5982,1435,2026-06-01,2026-06-30,199.00,48.91,99.00,62.44,92.50,501.85,2026-07-15,Overdue
5983,1435,2026-07-01,2026-07-31,199.00,78.93,99.00,67.85,0.00,444.78,2026-08-15,Paid
5984,1435,2026-08-01,2026-08-31,199.00,34.72,0.00,42.07,0.00,275.79,2026-09-15,Paid
5985,1437,2026-03-01,2026-03-31,399.00,94.35,99.00,106.62,0.00,698.97,2026-04-15,Paid
5986,1437,2026-04-01,2026-04-30,399.00,14.76,0.00,74.48,0.00,488.24,2026-05-15,Paid
5987,1437,2026-05-01,2026-05-31,399.00,20.89,99.00,93.40,0.00,612.29,2026-06-15,Paid
5988,1437,2026-06-01,2026-06-30,399.00,78.86,0.00,86.01,79.55,643.42,2026-07-15,Overdue
5989,1437,2026-07-01,2026-07-31,399.00,22.94,99.00,93.77,0.00,614.71,2026-08-15,Unpaid
5990,1437,2026-08-01,2026-08-31,399.00,46.06,19.00,83.53,0.00,547.59,2026-09-15,Unpaid
5991,1441,2026-03-01,2026-03-31,299.00,37.17,49.00,69.33,0.00,454.50,2026-04-15,Unpaid
5992,1441,2026-04-01,2026-04-30,299.00,27.06,0.00,58.69,0.00,384.75,2026-05-15,Paid
5993,1441,2026-05-01,2026-05-31,299.00,99.81,99.00,89.61,60.84,648.26,2026-06-15,Overdue
5994,1441,2026-06-01,2026-06-30,299.00,7.23,0.00,55.12,69.23,430.58,2026-07-15,Overdue
5995,1441,2026-07-01,2026-07-31,299.00,14.38,0.00,56.41,0.00,369.79,2026-08-15,Paid
5996,1441,2026-08-01,2026-08-31,299.00,31.11,0.00,59.42,0.00,389.53,2026-09-15,Paid
5997,1457,2026-03-01,2026-03-31,199.00,23.08,19.00,43.39,0.00,284.47,2026-04-15,Paid
5998,1457,2026-04-01,2026-04-30,199.00,10.95,49.00,46.61,0.00,305.56,2026-05-15,Paid
5999,1457,2026-05-01,2026-05-31,199.00,10.94,19.00,41.21,0.00,270.15,2026-06-15,Paid
6000,1457,2026-06-01,2026-06-30,199.00,97.08,29.00,58.51,0.00,383.59,2026-07-15,Paid
6001,1457,2026-07-01,2026-07-31,199.00,92.20,0.00,52.42,0.00,343.62,2026-08-15,Paid
6002,1457,2026-08-01,2026-08-31,199.00,38.31,19.00,46.14,0.00,302.45,2026-09-15,Unpaid
6003,1459,2026-03-01,2026-03-31,2999.00,93.58,0.00,556.66,0.00,3649.24,2026-04-15,Unpaid
6004,1459,2026-04-01,2026-04-30,2999.00,53.54,0.00,549.46,0.00,3602.00,2026-05-15,Paid
6005,1459,2026-05-01,2026-05-31,2999.00,56.23,0.00,549.94,0.00,3605.17,2026-06-15,Unpaid
6006,1459,2026-06-01,2026-06-30,2999.00,2.75,99.00,558.13,0.00,3658.88,2026-07-15,Paid
6007,1459,2026-07-01,2026-07-31,2999.00,49.39,29.00,553.93,0.00,3631.32,2026-08-15,Unpaid
6008,1459,2026-08-01,2026-08-31,2999.00,67.70,49.00,560.83,0.00,3676.53,2026-09-15,Paid
6009,1463,2026-03-01,2026-03-31,179.00,72.12,49.00,54.02,0.00,354.14,2026-04-15,Paid
6010,1463,2026-04-01,2026-04-30,179.00,47.97,19.00,44.27,0.00,290.24,2026-05-15,Paid
6011,1463,2026-05-01,2026-05-31,179.00,34.20,0.00,38.38,53.64,305.22,2026-06-15,Overdue
6012,1463,2026-06-01,2026-06-30,179.00,84.17,0.00,47.37,0.00,310.54,2026-07-15,Paid
6013,1463,2026-07-01,2026-07-31,179.00,34.83,19.00,41.91,0.00,274.74,2026-08-15,Unpaid
6014,1463,2026-08-01,2026-08-31,179.00,58.33,19.00,46.14,0.00,302.47,2026-09-15,Paid
6015,1465,2026-03-01,2026-03-31,899.00,17.23,99.00,182.74,44.63,1242.60,2026-04-15,Overdue
6016,1465,2026-04-01,2026-04-30,899.00,63.46,19.00,176.66,0.00,1158.12,2026-05-15,Paid
6017,1465,2026-05-01,2026-05-31,899.00,56.02,0.00,171.90,0.00,1126.92,2026-06-15,Unpaid
6018,1465,2026-06-01,2026-06-30,899.00,90.34,49.00,186.90,0.00,1225.24,2026-07-15,Paid
6019,1465,2026-07-01,2026-07-31,899.00,68.99,0.00,174.24,0.00,1142.23,2026-08-15,Unpaid
6020,1465,2026-08-01,2026-08-31,899.00,45.38,49.00,178.81,0.00,1172.19,2026-09-15,Paid
6021,1470,2026-03-01,2026-03-31,949.00,67.95,99.00,200.87,0.00,1316.82,2026-04-15,Paid
6022,1470,2026-04-01,2026-04-30,949.00,55.15,49.00,189.57,0.00,1242.72,2026-05-15,Paid
6023,1470,2026-05-01,2026-05-31,949.00,53.35,19.00,183.84,0.00,1205.19,2026-06-15,Unpaid
6024,1470,2026-06-01,2026-06-30,949.00,28.24,49.00,184.72,0.00,1210.96,2026-07-15,Paid
6025,1470,2026-07-01,2026-07-31,949.00,77.70,0.00,184.81,0.00,1211.51,2026-08-15,Unpaid
6026,1470,2026-08-01,2026-08-31,949.00,60.59,49.00,190.55,0.00,1249.14,2026-09-15,Unpaid
6027,1474,2026-03-01,2026-03-31,149.00,99.36,99.00,62.52,0.00,409.88,2026-04-15,Paid
6028,1474,2026-04-01,2026-04-30,149.00,36.87,49.00,42.28,0.00,277.15,2026-05-15,Paid
6029,1474,2026-05-01,2026-05-31,149.00,70.46,19.00,42.92,0.00,281.38,2026-06-15,Paid
6030,1474,2026-06-01,2026-06-30,149.00,47.15,49.00,44.13,0.00,289.28,2026-07-15,Paid
6031,1474,2026-07-01,2026-07-31,149.00,19.91,0.00,30.40,0.00,199.31,2026-08-15,Unpaid
6032,1474,2026-08-01,2026-08-31,149.00,56.98,99.00,54.90,0.00,359.88,2026-09-15,Unpaid
6033,1475,2026-03-01,2026-03-31,179.00,98.66,0.00,49.98,0.00,327.64,2026-04-15,Paid
6034,1475,2026-04-01,2026-04-30,179.00,37.91,49.00,47.86,0.00,313.77,2026-05-15,Paid
6035,1475,2026-05-01,2026-05-31,179.00,17.34,99.00,53.16,88.64,437.14,2026-06-15,Overdue
6036,1475,2026-06-01,2026-06-30,179.00,72.65,29.00,50.52,0.00,331.17,2026-07-15,Paid
6037,1475,2026-07-01,2026-07-31,179.00,96.67,0.00,49.62,0.00,325.29,2026-08-15,Unpaid
6038,1475,2026-08-01,2026-08-31,179.00,34.53,0.00,38.44,0.00,251.97,2026-09-15,Unpaid
6039,1477,2026-03-01,2026-03-31,849.00,61.81,0.00,163.95,43.36,1118.12,2026-04-15,Overdue
6040,1477,2026-04-01,2026-04-30,849.00,73.87,19.00,169.54,0.00,1111.41,2026-05-15,Paid
6041,1477,2026-05-01,2026-05-31,849.00,50.06,49.00,170.65,62.36,1181.07,2026-06-15,Overdue
6042,1477,2026-06-01,2026-06-30,849.00,81.78,0.00,167.54,0.00,1098.32,2026-07-15,Paid
6043,1477,2026-07-01,2026-07-31,849.00,79.97,49.00,176.03,0.00,1154.00,2026-08-15,Unpaid
6044,1477,2026-08-01,2026-08-31,849.00,3.83,0.00,153.51,0.00,1006.34,2026-09-15,Paid
6045,1478,2026-03-01,2026-03-31,179.00,97.68,0.00,49.80,0.00,326.48,2026-04-15,Paid
6046,1478,2026-04-01,2026-04-30,179.00,49.92,19.00,44.63,36.34,328.89,2026-05-15,Overdue
6047,1478,2026-05-01,2026-05-31,179.00,29.10,0.00,37.46,0.00,245.56,2026-06-15,Paid
6048,1478,2026-06-01,2026-06-30,179.00,10.47,49.00,42.92,0.00,281.39,2026-07-15,Paid
6049,1478,2026-07-01,2026-07-31,179.00,48.36,0.00,40.92,0.00,268.28,2026-08-15,Unpaid
6050,1478,2026-08-01,2026-08-31,179.00,1.61,0.00,32.51,0.00,213.12,2026-09-15,Paid
6051,1480,2026-03-01,2026-03-31,499.00,47.20,19.00,101.74,0.00,666.94,2026-04-15,Paid
6052,1480,2026-04-01,2026-04-30,499.00,20.09,0.00,93.44,43.31,655.84,2026-05-15,Overdue
6053,1480,2026-05-01,2026-05-31,499.00,70.68,29.00,107.76,0.00,706.44,2026-06-15,Paid
6054,1480,2026-06-01,2026-06-30,499.00,5.57,0.00,90.82,0.00,595.39,2026-07-15,Unpaid
6055,1480,2026-07-01,2026-07-31,499.00,39.42,99.00,114.74,0.00,752.16,2026-08-15,Unpaid
6056,1480,2026-08-01,2026-08-31,499.00,82.78,99.00,122.54,0.00,803.32,2026-09-15,Unpaid
6057,1481,2026-03-01,2026-03-31,149.00,51.55,0.00,36.10,81.60,318.25,2026-04-15,Overdue
6058,1481,2026-04-01,2026-04-30,149.00,63.57,29.00,43.48,0.00,285.05,2026-05-15,Unpaid
6059,1481,2026-05-01,2026-05-31,149.00,63.05,49.00,46.99,0.00,308.04,2026-06-15,Unpaid
6060,1481,2026-06-01,2026-06-30,149.00,41.23,0.00,34.24,0.00,224.47,2026-07-15,Paid
6061,1481,2026-07-01,2026-07-31,149.00,56.08,29.00,42.13,0.00,276.21,2026-08-15,Unpaid
6062,1481,2026-08-01,2026-08-31,149.00,83.99,0.00,41.94,0.00,274.93,2026-09-15,Paid
6063,1483,2026-03-01,2026-03-31,299.00,29.43,0.00,59.12,0.00,387.55,2026-04-15,Paid
6064,1483,2026-04-01,2026-04-30,299.00,44.42,29.00,67.04,0.00,439.46,2026-05-15,Paid
6065,1483,2026-05-01,2026-05-31,299.00,97.37,29.00,76.57,0.00,501.94,2026-06-15,Paid
6066,1483,2026-06-01,2026-06-30,299.00,87.12,49.00,78.32,0.00,513.44,2026-07-15,Paid
6067,1483,2026-07-01,2026-07-31,299.00,35.59,0.00,60.23,0.00,394.82,2026-08-15,Unpaid
6068,1483,2026-08-01,2026-08-31,299.00,54.86,49.00,72.51,0.00,475.37,2026-09-15,Paid
6069,1484,2026-03-01,2026-03-31,699.00,18.50,29.00,134.37,53.85,934.72,2026-04-15,Overdue
6070,1484,2026-04-01,2026-04-30,699.00,32.48,0.00,131.67,0.00,863.15,2026-05-15,Paid
6071,1484,2026-05-01,2026-05-31,699.00,21.73,49.00,138.55,0.00,908.28,2026-06-15,Paid
6072,1484,2026-06-01,2026-06-30,699.00,96.27,0.00,143.15,0.00,938.42,2026-07-15,Paid
6073,1484,2026-07-01,2026-07-31,699.00,27.38,0.00,130.75,0.00,857.13,2026-08-15,Unpaid
6074,1484,2026-08-01,2026-08-31,699.00,98.17,99.00,161.31,0.00,1057.48,2026-09-15,Paid
6075,1489,2026-03-01,2026-03-31,299.00,17.21,0.00,56.92,0.00,373.13,2026-04-15,Paid
6076,1489,2026-04-01,2026-04-30,299.00,1.53,0.00,54.10,0.00,354.63,2026-05-15,Paid
6077,1489,2026-05-01,2026-05-31,299.00,11.16,99.00,73.65,46.58,529.39,2026-06-15,Overdue
6078,1489,2026-06-01,2026-06-30,299.00,51.56,0.00,63.10,67.70,481.36,2026-07-15,Overdue
6079,1489,2026-07-01,2026-07-31,299.00,66.34,29.00,70.98,0.00,465.32,2026-08-15,Unpaid
6080,1489,2026-08-01,2026-08-31,299.00,72.68,99.00,84.72,0.00,555.40,2026-09-15,Unpaid
6081,1491,2026-03-01,2026-03-31,499.00,91.11,19.00,109.64,46.85,765.60,2026-04-15,Overdue
6082,1491,2026-04-01,2026-04-30,499.00,61.76,99.00,118.76,0.00,778.52,2026-05-15,Unpaid
6083,1491,2026-05-01,2026-05-31,499.00,95.53,0.00,107.02,0.00,701.55,2026-06-15,Unpaid
6084,1491,2026-06-01,2026-06-30,499.00,74.62,99.00,121.07,0.00,793.69,2026-07-15,Paid
6085,1491,2026-07-01,2026-07-31,499.00,87.68,0.00,105.60,0.00,692.28,2026-08-15,Unpaid
6086,1491,2026-08-01,2026-08-31,499.00,97.31,29.00,112.56,0.00,737.87,2026-09-15,Unpaid
6087,1492,2026-03-01,2026-03-31,699.00,83.57,29.00,146.08,0.00,957.65,2026-04-15,Paid
6088,1492,2026-04-01,2026-04-30,699.00,83.14,49.00,149.61,0.00,980.75,2026-05-15,Paid
6089,1492,2026-05-01,2026-05-31,699.00,91.10,49.00,151.04,0.00,990.14,2026-06-15,Paid
6090,1492,2026-06-01,2026-06-30,699.00,56.91,29.00,141.28,0.00,926.19,2026-07-15,Paid
6091,1492,2026-07-01,2026-07-31,699.00,84.03,99.00,158.77,0.00,1040.80,2026-08-15,Paid
6092,1492,2026-08-01,2026-08-31,699.00,75.46,49.00,148.22,0.00,971.68,2026-09-15,Paid
6093,1495,2026-03-01,2026-03-31,179.00,89.39,0.00,48.31,93.31,410.01,2026-04-15,Overdue
6094,1495,2026-04-01,2026-04-30,179.00,26.04,29.00,42.13,0.00,276.17,2026-05-15,Paid
6095,1495,2026-05-01,2026-05-31,179.00,9.41,99.00,51.73,0.00,339.14,2026-06-15,Paid
6096,1495,2026-06-01,2026-06-30,179.00,73.19,0.00,45.39,0.00,297.58,2026-07-15,Paid
6097,1495,2026-07-01,2026-07-31,179.00,78.09,29.00,51.50,0.00,337.59,2026-08-15,Unpaid
6098,1495,2026-08-01,2026-08-31,179.00,44.03,49.00,48.97,0.00,321.00,2026-09-15,Unpaid
6099,1496,2026-03-01,2026-03-31,199.00,69.56,0.00,48.34,25.73,342.63,2026-04-15,Overdue
6100,1496,2026-04-01,2026-04-30,199.00,37.19,99.00,60.33,0.00,395.52,2026-05-15,Unpaid
6101,1496,2026-05-01,2026-05-31,199.00,55.36,0.00,45.78,0.00,300.14,2026-06-15,Paid
6102,1496,2026-06-01,2026-06-30,199.00,89.85,0.00,51.99,0.00,340.84,2026-07-15,Paid
6103,1496,2026-07-01,2026-07-31,199.00,0.71,29.00,41.17,0.00,269.88,2026-08-15,Unpaid
6104,1496,2026-08-01,2026-08-31,199.00,74.03,0.00,49.15,0.00,322.18,2026-09-15,Paid
6105,1498,2026-03-01,2026-03-31,479.00,54.65,99.00,113.88,0.00,746.53,2026-04-15,Paid
6106,1498,2026-04-01,2026-04-30,479.00,99.99,0.00,104.22,0.00,683.21,2026-05-15,Unpaid
6107,1498,2026-05-01,2026-05-31,479.00,0.74,0.00,86.35,0.00,566.09,2026-06-15,Paid
6108,1498,2026-06-01,2026-06-30,479.00,73.57,19.00,102.88,0.00,674.45,2026-07-15,Paid
6109,1498,2026-07-01,2026-07-31,479.00,37.58,0.00,92.98,0.00,609.56,2026-08-15,Paid
6110,1498,2026-08-01,2026-08-31,479.00,99.89,0.00,104.20,0.00,683.09,2026-09-15,Paid
6111,1499,2026-03-01,2026-03-31,179.00,6.84,99.00,51.27,0.00,336.11,2026-04-15,Paid
6112,1499,2026-04-01,2026-04-30,179.00,17.94,0.00,35.45,0.00,232.39,2026-05-15,Paid
6113,1499,2026-05-01,2026-05-31,179.00,45.44,99.00,58.22,0.00,381.66,2026-06-15,Paid
6114,1499,2026-06-01,2026-06-30,179.00,82.54,0.00,47.08,0.00,308.62,2026-07-15,Paid
6115,1499,2026-07-01,2026-07-31,179.00,89.10,19.00,51.68,0.00,338.78,2026-08-15,Unpaid
6116,1499,2026-08-01,2026-08-31,179.00,85.96,0.00,47.69,0.00,312.65,2026-09-15,Unpaid
6117,1500,2026-03-01,2026-03-31,479.00,98.08,0.00,103.87,0.00,680.95,2026-04-15,Paid
6118,1500,2026-04-01,2026-04-30,479.00,37.46,19.00,96.38,0.00,631.84,2026-05-15,Paid
6119,1500,2026-05-01,2026-05-31,479.00,41.71,0.00,93.73,0.00,614.44,2026-06-15,Paid
6120,1500,2026-06-01,2026-06-30,479.00,63.55,0.00,97.66,0.00,640.21,2026-07-15,Paid
6121,1500,2026-07-01,2026-07-31,479.00,3.07,19.00,90.19,0.00,591.26,2026-08-15,Paid
6122,1500,2026-08-01,2026-08-31,479.00,1.73,0.00,86.53,0.00,567.26,2026-09-15,Unpaid
6123,1501,2026-03-01,2026-03-31,179.00,57.05,49.00,51.31,0.00,336.36,2026-04-15,Paid
6124,1501,2026-04-01,2026-04-30,179.00,94.23,99.00,67.00,0.00,439.23,2026-05-15,Paid
6125,1501,2026-05-01,2026-05-31,179.00,82.63,99.00,64.91,0.00,425.54,2026-06-15,Paid
6126,1501,2026-06-01,2026-06-30,179.00,33.97,29.00,43.55,0.00,285.52,2026-07-15,Paid
6127,1501,2026-07-01,2026-07-31,179.00,49.45,49.00,49.94,0.00,327.39,2026-08-15,Unpaid
6128,1501,2026-08-01,2026-08-31,179.00,37.79,0.00,39.02,0.00,255.81,2026-09-15,Paid
6129,1514,2026-03-01,2026-03-31,649.00,6.53,49.00,126.82,0.00,831.35,2026-04-15,Paid
6130,1514,2026-04-01,2026-04-30,649.00,11.40,19.00,122.29,0.00,801.69,2026-05-15,Paid
6131,1514,2026-05-01,2026-05-31,649.00,99.47,0.00,134.72,70.67,953.86,2026-06-15,Overdue
6132,1514,2026-06-01,2026-06-30,649.00,31.66,0.00,122.52,0.00,803.18,2026-07-15,Paid
6133,1514,2026-07-01,2026-07-31,649.00,76.79,0.00,130.64,0.00,856.43,2026-08-15,Unpaid
6134,1514,2026-08-01,2026-08-31,649.00,93.90,0.00,133.72,0.00,876.62,2026-09-15,Paid
6135,1515,2026-03-01,2026-03-31,399.00,23.61,0.00,76.07,0.00,498.68,2026-04-15,Paid
6136,1515,2026-04-01,2026-04-30,399.00,75.66,49.00,94.26,0.00,617.92,2026-05-15,Paid
6137,1515,2026-05-01,2026-05-31,399.00,16.02,0.00,74.70,0.00,489.72,2026-06-15,Paid
6138,1515,2026-06-01,2026-06-30,399.00,35.94,0.00,78.29,0.00,513.23,2026-07-15,Paid
6139,1515,2026-07-01,2026-07-31,399.00,59.76,29.00,87.80,0.00,575.56,2026-08-15,Paid
6140,1515,2026-08-01,2026-08-31,399.00,24.17,29.00,81.39,0.00,533.56,2026-09-15,Paid
6141,1516,2026-03-01,2026-03-31,239.00,14.90,19.00,49.12,0.00,322.02,2026-04-15,Paid
6142,1516,2026-04-01,2026-04-30,239.00,74.22,19.00,59.80,0.00,392.02,2026-05-15,Paid
6143,1516,2026-05-01,2026-05-31,239.00,43.72,0.00,50.89,0.00,333.61,2026-06-15,Paid
6144,1516,2026-06-01,2026-06-30,239.00,61.37,19.00,57.49,0.00,376.86,2026-07-15,Paid
6145,1516,2026-07-01,2026-07-31,239.00,15.69,0.00,45.84,0.00,300.53,2026-08-15,Unpaid
6146,1516,2026-08-01,2026-08-31,239.00,25.71,0.00,47.65,0.00,312.36,2026-09-15,Unpaid
6147,1517,2026-03-01,2026-03-31,799.00,62.13,0.00,155.00,0.00,1016.13,2026-04-15,Paid
6148,1517,2026-04-01,2026-04-30,799.00,96.09,0.00,161.12,0.00,1056.21,2026-05-15,Paid
6149,1517,2026-05-01,2026-05-31,799.00,66.14,29.00,160.95,0.00,1055.09,2026-06-15,Paid
6150,1517,2026-06-01,2026-06-30,799.00,61.10,0.00,154.82,0.00,1014.92,2026-07-15,Paid
6151,1517,2026-07-01,2026-07-31,799.00,14.88,49.00,155.32,0.00,1018.20,2026-08-15,Unpaid
6152,1517,2026-08-01,2026-08-31,799.00,8.67,49.00,154.20,0.00,1010.87,2026-09-15,Unpaid
6153,1519,2026-03-01,2026-03-31,949.00,9.64,29.00,177.78,0.00,1165.42,2026-04-15,Paid
6154,1519,2026-04-01,2026-04-30,949.00,13.37,0.00,173.23,88.32,1223.92,2026-05-15,Overdue
6155,1519,2026-05-01,2026-05-31,949.00,27.86,0.00,175.83,95.60,1248.29,2026-06-15,Overdue
6156,1519,2026-06-01,2026-06-30,949.00,11.67,19.00,176.34,0.00,1156.01,2026-07-15,Paid
6157,1519,2026-07-01,2026-07-31,949.00,35.07,19.00,180.55,0.00,1183.62,2026-08-15,Unpaid
6158,1519,2026-08-01,2026-08-31,949.00,99.35,19.00,192.12,0.00,1259.47,2026-09-15,Unpaid
6159,1521,2026-03-01,2026-03-31,239.00,85.65,19.00,61.86,59.58,465.09,2026-04-15,Overdue
6160,1521,2026-04-01,2026-04-30,239.00,20.55,19.00,50.14,0.00,328.69,2026-05-15,Paid
6161,1521,2026-05-01,2026-05-31,239.00,2.92,29.00,48.77,0.00,319.69,2026-06-15,Paid
6162,1521,2026-06-01,2026-06-30,239.00,5.93,0.00,44.09,0.00,289.02,2026-07-15,Paid
6163,1521,2026-07-01,2026-07-31,239.00,65.83,0.00,54.87,0.00,359.70,2026-08-15,Paid
6164,1521,2026-08-01,2026-08-31,239.00,8.38,99.00,62.35,0.00,408.73,2026-09-15,Paid
6165,1529,2026-03-01,2026-03-31,2999.00,11.52,0.00,541.89,0.00,3552.41,2026-04-15,Paid
6166,1529,2026-04-01,2026-04-30,2999.00,99.58,0.00,557.74,48.27,3704.59,2026-05-15,Overdue
6167,1529,2026-05-01,2026-05-31,2999.00,56.31,99.00,567.78,0.00,3722.09,2026-06-15,Paid
6168,1529,2026-06-01,2026-06-30,2999.00,21.46,0.00,543.68,63.21,3627.35,2026-07-15,Overdue
6169,1529,2026-07-01,2026-07-31,2999.00,62.61,49.00,559.91,0.00,3670.52,2026-08-15,Unpaid
6170,1529,2026-08-01,2026-08-31,2999.00,33.24,0.00,545.80,0.00,3578.04,2026-09-15,Unpaid
6171,1533,2026-03-01,2026-03-31,149.00,38.05,19.00,37.09,0.00,243.14,2026-04-15,Paid
6172,1533,2026-04-01,2026-04-30,149.00,42.97,99.00,52.37,0.00,343.34,2026-05-15,Paid
6173,1533,2026-05-01,2026-05-31,149.00,26.04,99.00,49.33,0.00,323.37,2026-06-15,Paid
6174,1533,2026-06-01,2026-06-30,149.00,33.06,29.00,37.99,0.00,249.05,2026-07-15,Unpaid
6175,1533,2026-07-01,2026-07-31,149.00,19.00,0.00,30.24,0.00,198.24,2026-08-15,Paid
6176,1533,2026-08-01,2026-08-31,149.00,62.72,49.00,46.93,0.00,307.65,2026-09-15,Unpaid
6177,1535,2026-03-01,2026-03-31,2999.00,36.61,49.00,555.23,56.75,3696.59,2026-04-15,Overdue
6178,1535,2026-04-01,2026-04-30,2999.00,59.14,19.00,553.89,0.00,3631.03,2026-05-15,Paid
6179,1535,2026-05-01,2026-05-31,2999.00,29.14,49.00,553.89,0.00,3631.03,2026-06-15,Paid
6180,1535,2026-06-01,2026-06-30,2999.00,83.84,19.00,558.33,0.00,3660.17,2026-07-15,Paid
6181,1535,2026-07-01,2026-07-31,2999.00,99.76,0.00,557.78,0.00,3656.54,2026-08-15,Paid
6182,1535,2026-08-01,2026-08-31,2999.00,98.46,0.00,557.54,0.00,3655.00,2026-09-15,Unpaid
6183,1538,2026-03-01,2026-03-31,899.00,37.00,29.00,173.70,85.42,1224.12,2026-04-15,Overdue
6184,1538,2026-04-01,2026-04-30,899.00,85.19,49.00,185.97,82.89,1302.05,2026-05-15,Overdue
6185,1538,2026-05-01,2026-05-31,899.00,11.29,49.00,172.67,0.00,1131.96,2026-06-15,Paid
6186,1538,2026-06-01,2026-06-30,899.00,82.56,0.00,176.68,0.00,1158.24,2026-07-15,Paid
6187,1538,2026-07-01,2026-07-31,899.00,20.61,19.00,168.95,0.00,1107.56,2026-08-15,Paid
6188,1538,2026-08-01,2026-08-31,899.00,55.72,0.00,171.85,0.00,1126.57,2026-09-15,Paid
6189,1540,2026-03-01,2026-03-31,899.00,19.75,49.00,174.19,0.00,1141.94,2026-04-15,Paid
6190,1540,2026-04-01,2026-04-30,899.00,21.05,0.00,165.61,50.84,1136.50,2026-05-15,Overdue
6191,1540,2026-05-01,2026-05-31,899.00,44.75,0.00,169.88,0.00,1113.63,2026-06-15,Paid
6192,1540,2026-06-01,2026-06-30,899.00,77.49,99.00,193.59,0.00,1269.08,2026-07-15,Paid
6193,1540,2026-07-01,2026-07-31,899.00,47.51,0.00,170.37,0.00,1116.88,2026-08-15,Paid
6194,1540,2026-08-01,2026-08-31,899.00,23.08,0.00,165.97,0.00,1088.05,2026-09-15,Unpaid
6195,1541,2026-03-01,2026-03-31,799.00,96.31,29.00,166.38,0.00,1090.69,2026-04-15,Unpaid
6196,1541,2026-04-01,2026-04-30,799.00,87.36,0.00,159.54,0.00,1045.90,2026-05-15,Unpaid
6197,1541,2026-05-01,2026-05-31,799.00,50.04,0.00,152.83,0.00,1001.87,2026-06-15,Paid
6198,1541,2026-06-01,2026-06-30,799.00,88.49,99.00,177.57,0.00,1164.06,2026-07-15,Paid
6199,1541,2026-07-01,2026-07-31,799.00,27.64,19.00,152.22,0.00,997.86,2026-08-15,Unpaid
6200,1541,2026-08-01,2026-08-31,799.00,14.95,0.00,146.51,0.00,960.46,2026-09-15,Paid
6201,1543,2026-03-01,2026-03-31,479.00,7.03,19.00,90.91,0.00,595.94,2026-04-15,Paid
6202,1543,2026-04-01,2026-04-30,479.00,72.72,0.00,99.31,55.93,706.96,2026-05-15,Overdue
6203,1543,2026-05-01,2026-05-31,479.00,44.77,19.00,97.70,0.00,640.47,2026-06-15,Paid
6204,1543,2026-06-01,2026-06-30,479.00,83.76,29.00,106.52,0.00,698.28,2026-07-15,Unpaid
6205,1543,2026-07-01,2026-07-31,479.00,48.26,99.00,112.73,0.00,738.99,2026-08-15,Paid
6206,1543,2026-08-01,2026-08-31,479.00,45.43,0.00,94.40,0.00,618.83,2026-09-15,Unpaid
6207,1549,2026-03-01,2026-03-31,949.00,18.56,99.00,191.98,0.00,1258.54,2026-04-15,Paid
6208,1549,2026-04-01,2026-04-30,949.00,60.85,0.00,181.77,0.00,1191.62,2026-05-15,Paid
6209,1549,2026-05-01,2026-05-31,949.00,12.30,99.00,190.85,89.11,1340.26,2026-06-15,Overdue
6210,1549,2026-06-01,2026-06-30,949.00,76.21,99.00,202.36,0.00,1326.57,2026-07-15,Unpaid
6211,1549,2026-07-01,2026-07-31,949.00,53.58,99.00,198.28,0.00,1299.86,2026-08-15,Paid
6212,1549,2026-08-01,2026-08-31,949.00,47.18,0.00,179.31,0.00,1175.49,2026-09-15,Paid
6213,1550,2026-03-01,2026-03-31,949.00,74.79,19.00,187.70,0.00,1230.49,2026-04-15,Paid
6214,1550,2026-04-01,2026-04-30,949.00,86.57,0.00,186.40,0.00,1221.97,2026-05-15,Paid
6215,1550,2026-05-01,2026-05-31,949.00,50.86,49.00,188.79,0.00,1237.65,2026-06-15,Paid
6216,1550,2026-06-01,2026-06-30,949.00,21.50,0.00,174.69,0.00,1145.19,2026-07-15,Unpaid
6217,1550,2026-07-01,2026-07-31,949.00,23.39,0.00,175.03,0.00,1147.42,2026-08-15,Paid
6218,1550,2026-08-01,2026-08-31,949.00,90.12,49.00,195.86,0.00,1283.98,2026-09-15,Unpaid
6219,1555,2026-03-01,2026-03-31,239.00,50.60,29.00,57.35,0.00,375.95,2026-04-15,Unpaid
6220,1555,2026-04-01,2026-04-30,239.00,64.83,49.00,63.51,0.00,416.34,2026-05-15,Paid
6221,1555,2026-05-01,2026-05-31,239.00,53.33,0.00,52.62,0.00,344.95,2026-06-15,Paid
6222,1555,2026-06-01,2026-06-30,239.00,94.90,0.00,60.10,0.00,394.00,2026-07-15,Paid
6223,1555,2026-07-01,2026-07-31,239.00,64.29,99.00,72.41,0.00,474.70,2026-08-15,Unpaid
6224,1555,2026-08-01,2026-08-31,239.00,47.54,0.00,51.58,0.00,338.12,2026-09-15,Paid
6225,1557,2026-03-01,2026-03-31,149.00,50.40,49.00,44.71,0.00,293.11,2026-04-15,Paid
6226,1557,2026-04-01,2026-04-30,149.00,54.56,49.00,45.46,0.00,298.02,2026-05-15,Paid
6227,1557,2026-05-01,2026-05-31,149.00,49.61,99.00,53.57,0.00,351.18,2026-06-15,Paid
6228,1557,2026-06-01,2026-06-30,149.00,94.63,99.00,61.67,0.00,404.30,2026-07-15,Paid
6229,1557,2026-07-01,2026-07-31,149.00,60.79,29.00,42.98,0.00,281.77,2026-08-15,Paid
6230,1557,2026-08-01,2026-08-31,149.00,39.46,0.00,33.92,0.00,222.38,2026-09-15,Unpaid
6231,1558,2026-03-01,2026-03-31,849.00,57.54,29.00,168.40,0.00,1103.94,2026-04-15,Paid
6232,1558,2026-04-01,2026-04-30,849.00,21.43,19.00,160.10,0.00,1049.53,2026-05-15,Paid
6233,1558,2026-05-01,2026-05-31,849.00,32.06,29.00,163.81,0.00,1073.87,2026-06-15,Paid
6234,1558,2026-06-01,2026-06-30,849.00,18.59,49.00,164.99,43.84,1125.42,2026-07-15,Overdue
6235,1558,2026-07-01,2026-07-31,849.00,38.00,99.00,177.48,0.00,1163.48,2026-08-15,Unpaid
6236,1558,2026-08-01,2026-08-31,849.00,71.71,49.00,174.55,0.00,1144.26,2026-09-15,Unpaid
6237,1561,2026-03-01,2026-03-31,649.00,45.53,49.00,133.84,0.00,877.37,2026-04-15,Paid
6238,1561,2026-04-01,2026-04-30,649.00,21.75,49.00,129.56,0.00,849.31,2026-05-15,Paid
6239,1561,2026-05-01,2026-05-31,649.00,53.57,29.00,131.68,0.00,863.25,2026-06-15,Paid
6240,1561,2026-06-01,2026-06-30,649.00,27.87,0.00,121.84,0.00,798.71,2026-07-15,Paid
6241,1561,2026-07-01,2026-07-31,649.00,47.80,19.00,128.84,0.00,844.64,2026-08-15,Paid
6242,1561,2026-08-01,2026-08-31,649.00,3.06,29.00,122.59,0.00,803.65,2026-09-15,Paid
6243,1562,2026-03-01,2026-03-31,149.00,49.42,0.00,35.72,0.00,234.14,2026-04-15,Unpaid
6244,1562,2026-04-01,2026-04-30,149.00,97.98,49.00,53.28,0.00,349.26,2026-05-15,Paid
6245,1562,2026-05-01,2026-05-31,149.00,34.11,0.00,32.96,63.22,279.29,2026-06-15,Overdue
6246,1562,2026-06-01,2026-06-30,149.00,64.93,0.00,38.51,0.00,252.44,2026-07-15,Unpaid
6247,1562,2026-07-01,2026-07-31,149.00,10.78,0.00,28.76,0.00,188.54,2026-08-15,Unpaid
6248,1562,2026-08-01,2026-08-31,149.00,6.78,0.00,28.04,0.00,183.82,2026-09-15,Unpaid
6249,1573,2026-03-01,2026-03-31,399.00,79.36,0.00,86.10,40.00,604.46,2026-04-15,Overdue
6250,1573,2026-04-01,2026-04-30,399.00,45.94,0.00,80.09,0.00,525.03,2026-05-15,Paid
6251,1573,2026-05-01,2026-05-31,399.00,64.40,0.00,83.41,0.00,546.81,2026-06-15,Unpaid
6252,1573,2026-06-01,2026-06-30,399.00,14.79,0.00,74.48,0.00,488.27,2026-07-15,Paid
6253,1573,2026-07-01,2026-07-31,399.00,32.27,0.00,77.63,0.00,508.90,2026-08-15,Unpaid
6254,1573,2026-08-01,2026-08-31,399.00,74.39,0.00,85.21,0.00,558.60,2026-09-15,Unpaid
6255,1574,2026-03-01,2026-03-31,949.00,31.04,19.00,179.83,0.00,1178.87,2026-04-15,Paid
6256,1574,2026-04-01,2026-04-30,949.00,74.18,0.00,184.17,0.00,1207.35,2026-05-15,Paid
6257,1574,2026-05-01,2026-05-31,949.00,48.62,19.00,182.99,0.00,1199.61,2026-06-15,Paid
6258,1574,2026-06-01,2026-06-30,949.00,20.29,19.00,177.89,0.00,1166.18,2026-07-15,Paid
6259,1574,2026-07-01,2026-07-31,949.00,4.40,0.00,171.61,0.00,1125.01,2026-08-15,Unpaid
6260,1574,2026-08-01,2026-08-31,949.00,99.45,0.00,188.72,0.00,1237.17,2026-09-15,Paid
6261,1577,2026-03-01,2026-03-31,399.00,93.99,0.00,88.74,0.00,581.73,2026-04-15,Unpaid
6262,1577,2026-04-01,2026-04-30,399.00,25.45,29.00,81.62,50.74,585.81,2026-05-15,Overdue
6263,1577,2026-05-01,2026-05-31,399.00,36.42,0.00,78.38,0.00,513.80,2026-06-15,Paid
6264,1577,2026-06-01,2026-06-30,399.00,52.93,49.00,90.17,0.00,591.10,2026-07-15,Paid
6265,1577,2026-07-01,2026-07-31,399.00,99.91,0.00,89.80,0.00,588.71,2026-08-15,Paid
6266,1577,2026-08-01,2026-08-31,399.00,30.95,19.00,80.81,0.00,529.76,2026-09-15,Unpaid
6267,1578,2026-03-01,2026-03-31,479.00,73.32,99.00,117.24,0.00,768.56,2026-04-15,Paid
6268,1578,2026-04-01,2026-04-30,479.00,48.26,0.00,94.91,0.00,622.17,2026-05-15,Unpaid
6269,1578,2026-05-01,2026-05-31,479.00,31.85,0.00,91.95,0.00,602.80,2026-06-15,Paid
6270,1578,2026-06-01,2026-06-30,479.00,98.11,0.00,103.88,0.00,680.99,2026-07-15,Paid
6271,1578,2026-07-01,2026-07-31,479.00,18.79,99.00,107.42,0.00,704.21,2026-08-15,Paid
6272,1578,2026-08-01,2026-08-31,479.00,26.43,0.00,90.98,0.00,596.41,2026-09-15,Paid
6273,1582,2026-03-01,2026-03-31,199.00,30.00,0.00,41.22,0.00,270.22,2026-04-15,Paid
6274,1582,2026-04-01,2026-04-30,199.00,9.62,19.00,40.97,99.40,367.99,2026-05-15,Overdue
6275,1582,2026-05-01,2026-05-31,199.00,93.57,19.00,56.08,0.00,367.65,2026-06-15,Paid
6276,1582,2026-06-01,2026-06-30,199.00,54.07,19.00,48.97,0.00,321.04,2026-07-15,Paid
6277,1582,2026-07-01,2026-07-31,199.00,60.08,99.00,64.45,0.00,422.53,2026-08-15,Unpaid
6278,1582,2026-08-01,2026-08-31,199.00,1.17,0.00,36.03,0.00,236.20,2026-09-15,Paid
6279,1584,2026-03-01,2026-03-31,849.00,1.27,99.00,170.87,0.00,1120.14,2026-04-15,Paid
6280,1584,2026-04-01,2026-04-30,849.00,15.74,99.00,173.47,0.00,1137.21,2026-05-15,Paid
6281,1584,2026-05-01,2026-05-31,849.00,70.22,49.00,174.28,0.00,1142.50,2026-06-15,Paid
6282,1584,2026-06-01,2026-06-30,849.00,40.28,0.00,160.07,0.00,1049.35,2026-07-15,Paid
6283,1584,2026-07-01,2026-07-31,849.00,6.24,99.00,171.76,0.00,1126.00,2026-08-15,Unpaid
6284,1584,2026-08-01,2026-08-31,849.00,44.20,0.00,160.78,0.00,1053.98,2026-09-15,Unpaid
6285,1586,2026-03-01,2026-03-31,399.00,88.99,29.00,93.06,74.77,684.82,2026-04-15,Overdue
6286,1586,2026-04-01,2026-04-30,399.00,52.02,0.00,81.18,0.00,532.20,2026-05-15,Paid
6287,1586,2026-05-01,2026-05-31,399.00,82.92,19.00,90.17,0.00,591.09,2026-06-15,Paid
6288,1586,2026-06-01,2026-06-30,399.00,98.85,99.00,107.43,0.00,704.28,2026-07-15,Paid
6289,1586,2026-07-01,2026-07-31,399.00,89.46,99.00,105.74,0.00,693.20,2026-08-15,Unpaid
6290,1586,2026-08-01,2026-08-31,399.00,69.25,99.00,102.10,0.00,669.35,2026-09-15,Unpaid
6291,1591,2026-03-01,2026-03-31,249.00,31.46,19.00,53.90,0.00,353.36,2026-04-15,Paid
6292,1591,2026-04-01,2026-04-30,249.00,4.33,19.00,49.02,87.90,409.25,2026-05-15,Overdue
6293,1591,2026-05-01,2026-05-31,249.00,98.50,0.00,62.55,0.00,410.05,2026-06-15,Paid
6294,1591,2026-06-01,2026-06-30,249.00,64.88,99.00,74.32,0.00,487.20,2026-07-15,Paid
6295,1591,2026-07-01,2026-07-31,249.00,92.40,0.00,61.45,0.00,402.85,2026-08-15,Unpaid
6296,1591,2026-08-01,2026-08-31,249.00,13.72,0.00,47.29,0.00,310.01,2026-09-15,Unpaid
6297,1592,2026-03-01,2026-03-31,479.00,38.81,0.00,93.21,0.00,611.02,2026-04-15,Paid
6298,1592,2026-04-01,2026-04-30,479.00,51.31,0.00,95.46,37.48,663.25,2026-05-15,Overdue
6299,1592,2026-05-01,2026-05-31,479.00,14.47,0.00,88.82,0.00,582.29,2026-06-15,Paid
6300,1592,2026-06-01,2026-06-30,479.00,85.52,29.00,106.83,0.00,700.35,2026-07-15,Paid
6301,1592,2026-07-01,2026-07-31,479.00,98.60,19.00,107.39,0.00,703.99,2026-08-15,Unpaid
6302,1592,2026-08-01,2026-08-31,479.00,57.34,0.00,96.54,0.00,632.88,2026-09-15,Paid
6303,1594,2026-03-01,2026-03-31,899.00,67.89,19.00,177.46,0.00,1163.35,2026-04-15,Paid
6304,1594,2026-04-01,2026-04-30,899.00,42.35,0.00,169.44,0.00,1110.79,2026-05-15,Paid
6305,1594,2026-05-01,2026-05-31,899.00,44.83,29.00,175.11,0.00,1147.94,2026-06-15,Paid
6306,1594,2026-06-01,2026-06-30,899.00,70.96,49.00,183.41,0.00,1202.37,2026-07-15,Unpaid
6307,1594,2026-07-01,2026-07-31,899.00,69.33,0.00,174.30,0.00,1142.63,2026-08-15,Paid
6308,1594,2026-08-01,2026-08-31,899.00,46.62,29.00,175.43,0.00,1150.05,2026-09-15,Paid
6309,1596,2026-03-01,2026-03-31,899.00,99.07,0.00,179.65,0.00,1177.72,2026-04-15,Paid
6310,1596,2026-04-01,2026-04-30,899.00,60.58,0.00,172.72,0.00,1132.30,2026-05-15,Unpaid
6311,1596,2026-05-01,2026-05-31,899.00,30.36,0.00,167.28,0.00,1096.64,2026-06-15,Paid
6312,1596,2026-06-01,2026-06-30,899.00,47.46,19.00,173.78,90.62,1229.86,2026-07-15,Overdue
6313,1596,2026-07-01,2026-07-31,899.00,76.90,19.00,179.08,0.00,1173.98,2026-08-15,Paid
6314,1596,2026-08-01,2026-08-31,899.00,44.02,0.00,169.74,0.00,1112.76,2026-09-15,Paid
6315,1601,2026-03-01,2026-03-31,179.00,52.68,0.00,41.70,0.00,273.38,2026-04-15,Paid
6316,1601,2026-04-01,2026-04-30,179.00,85.60,49.00,56.45,0.00,370.05,2026-05-15,Unpaid
6317,1601,2026-05-01,2026-05-31,179.00,27.89,0.00,37.24,51.36,295.49,2026-06-15,Overdue
6318,1601,2026-06-01,2026-06-30,179.00,52.19,0.00,41.61,0.00,272.80,2026-07-15,Paid
6319,1601,2026-07-01,2026-07-31,179.00,16.94,99.00,53.09,0.00,348.03,2026-08-15,Unpaid
6320,1601,2026-08-01,2026-08-31,179.00,21.79,0.00,36.14,0.00,236.93,2026-09-15,Paid
6321,1608,2026-03-01,2026-03-31,799.00,91.34,0.00,160.26,0.00,1050.60,2026-04-15,Paid
6322,1608,2026-04-01,2026-04-30,799.00,44.64,0.00,151.86,26.88,1022.38,2026-05-15,Overdue
6323,1608,2026-05-01,2026-05-31,799.00,1.39,0.00,144.07,49.64,994.10,2026-06-15,Overdue
6324,1608,2026-06-01,2026-06-30,799.00,3.11,0.00,144.38,0.00,946.49,2026-07-15,Paid
6325,1608,2026-07-01,2026-07-31,799.00,3.20,0.00,144.40,0.00,946.60,2026-08-15,Unpaid
6326,1608,2026-08-01,2026-08-31,799.00,41.79,49.00,160.16,0.00,1049.95,2026-09-15,Unpaid
6327,1612,2026-03-01,2026-03-31,479.00,71.41,49.00,107.89,0.00,707.30,2026-04-15,Paid
6328,1612,2026-04-01,2026-04-30,479.00,13.45,99.00,106.46,0.00,697.91,2026-05-15,Paid
6329,1612,2026-05-01,2026-05-31,479.00,2.87,0.00,86.74,0.00,568.61,2026-06-15,Paid
6330,1612,2026-06-01,2026-06-30,479.00,34.70,0.00,92.47,0.00,606.17,2026-07-15,Paid
6331,1612,2026-07-01,2026-07-31,479.00,24.61,0.00,90.65,0.00,594.26,2026-08-15,Paid
6332,1612,2026-08-01,2026-08-31,479.00,35.49,0.00,92.61,0.00,607.10,2026-09-15,Unpaid
6333,1614,2026-03-01,2026-03-31,199.00,62.15,19.00,50.43,0.00,330.58,2026-04-15,Paid
6334,1614,2026-04-01,2026-04-30,199.00,63.47,0.00,47.24,0.00,309.71,2026-05-15,Paid
6335,1614,2026-05-01,2026-05-31,199.00,53.62,49.00,54.29,0.00,355.91,2026-06-15,Paid
6336,1614,2026-06-01,2026-06-30,199.00,47.61,99.00,62.21,0.00,407.82,2026-07-15,Paid
6337,1614,2026-07-01,2026-07-31,199.00,89.31,0.00,51.90,0.00,340.21,2026-08-15,Unpaid
6338,1614,2026-08-01,2026-08-31,199.00,35.09,19.00,45.56,0.00,298.65,2026-09-15,Unpaid
6339,1615,2026-03-01,2026-03-31,179.00,61.08,19.00,46.63,0.00,305.71,2026-04-15,Paid
6340,1615,2026-04-01,2026-04-30,179.00,51.68,49.00,50.34,0.00,330.02,2026-05-15,Paid
6341,1615,2026-05-01,2026-05-31,179.00,74.43,0.00,45.62,0.00,299.05,2026-06-15,Paid
6342,1615,2026-06-01,2026-06-30,179.00,69.70,49.00,53.59,43.26,394.55,2026-07-15,Overdue
6343,1615,2026-07-01,2026-07-31,179.00,13.52,0.00,34.65,0.00,227.17,2026-08-15,Paid
6344,1615,2026-08-01,2026-08-31,179.00,40.90,0.00,39.58,0.00,259.48,2026-09-15,Unpaid
6345,1619,2026-03-01,2026-03-31,899.00,23.31,29.00,171.24,0.00,1122.55,2026-04-15,Unpaid
6346,1619,2026-04-01,2026-04-30,899.00,73.16,49.00,183.81,0.00,1204.97,2026-05-15,Paid
6347,1619,2026-05-01,2026-05-31,899.00,70.75,29.00,179.78,0.00,1178.53,2026-06-15,Paid
6348,1619,2026-06-01,2026-06-30,899.00,99.54,99.00,197.56,0.00,1295.10,2026-07-15,Paid
6349,1619,2026-07-01,2026-07-31,899.00,81.73,29.00,181.75,0.00,1191.48,2026-08-15,Paid
6350,1619,2026-08-01,2026-08-31,899.00,16.67,29.00,170.04,0.00,1114.71,2026-09-15,Unpaid
6351,1624,2026-03-01,2026-03-31,499.00,88.47,0.00,105.74,0.00,693.21,2026-04-15,Unpaid
6352,1624,2026-04-01,2026-04-30,499.00,95.82,0.00,107.07,0.00,701.89,2026-05-15,Paid
6353,1624,2026-05-01,2026-05-31,499.00,96.59,49.00,116.03,0.00,760.62,2026-06-15,Paid
6354,1624,2026-06-01,2026-06-30,499.00,12.27,49.00,100.85,0.00,661.12,2026-07-15,Paid
6355,1624,2026-07-01,2026-07-31,499.00,90.07,0.00,106.03,0.00,695.10,2026-08-15,Paid
6356,1624,2026-08-01,2026-08-31,499.00,16.30,0.00,92.75,0.00,608.05,2026-09-15,Paid
6357,1634,2026-03-01,2026-03-31,399.00,58.36,0.00,82.32,0.00,539.68,2026-04-15,Paid
6358,1634,2026-04-01,2026-04-30,399.00,68.98,0.00,84.24,81.85,634.07,2026-05-15,Overdue
6359,1634,2026-05-01,2026-05-31,399.00,38.75,99.00,96.61,0.00,633.36,2026-06-15,Paid
6360,1634,2026-06-01,2026-06-30,399.00,6.92,19.00,76.49,0.00,501.41,2026-07-15,Paid
6361,1634,2026-07-01,2026-07-31,399.00,50.69,19.00,84.36,0.00,553.05,2026-08-15,Unpaid
6362,1634,2026-08-01,2026-08-31,399.00,81.58,99.00,104.32,0.00,683.90,2026-09-15,Unpaid
6363,1643,2026-03-01,2026-03-31,179.00,55.22,0.00,42.16,0.00,276.38,2026-04-15,Paid
6364,1643,2026-04-01,2026-04-30,179.00,45.75,99.00,58.27,0.00,382.02,2026-05-15,Paid
6365,1643,2026-05-01,2026-05-31,179.00,68.91,29.00,49.84,98.12,424.87,2026-06-15,Overdue
6366,1643,2026-06-01,2026-06-30,179.00,82.29,29.00,52.25,0.00,342.54,2026-07-15,Paid
6367,1643,2026-07-01,2026-07-31,179.00,45.92,49.00,49.31,0.00,323.23,2026-08-15,Unpaid
6368,1643,2026-08-01,2026-08-31,179.00,87.94,19.00,51.47,0.00,337.41,2026-09-15,Unpaid
6369,1644,2026-03-01,2026-03-31,149.00,80.10,49.00,50.06,0.00,328.16,2026-04-15,Paid
6370,1644,2026-04-01,2026-04-30,149.00,84.54,29.00,47.26,0.00,309.80,2026-05-15,Paid
6371,1644,2026-05-01,2026-05-31,149.00,71.89,0.00,39.76,0.00,260.65,2026-06-15,Paid
6372,1644,2026-06-01,2026-06-30,149.00,30.17,0.00,32.25,0.00,211.42,2026-07-15,Paid
6373,1644,2026-07-01,2026-07-31,149.00,1.71,19.00,30.55,0.00,200.26,2026-08-15,Unpaid
6374,1644,2026-08-01,2026-08-31,149.00,62.62,49.00,46.91,0.00,307.53,2026-09-15,Unpaid
6375,1648,2026-03-01,2026-03-31,179.00,14.95,49.00,43.73,0.00,286.68,2026-04-15,Paid
6376,1648,2026-04-01,2026-04-30,179.00,89.96,29.00,53.63,0.00,351.59,2026-05-15,Paid
6377,1648,2026-05-01,2026-05-31,179.00,32.65,0.00,38.10,0.00,249.75,2026-06-15,Paid
6378,1648,2026-06-01,2026-06-30,179.00,60.32,0.00,43.08,0.00,282.40,2026-07-15,Paid
6379,1648,2026-07-01,2026-07-31,179.00,46.85,49.00,49.47,0.00,324.32,2026-08-15,Paid
6380,1648,2026-08-01,2026-08-31,179.00,22.60,0.00,36.29,0.00,237.89,2026-09-15,Unpaid
6381,1652,2026-03-01,2026-03-31,499.00,87.85,0.00,105.63,0.00,692.48,2026-04-15,Paid
6382,1652,2026-04-01,2026-04-30,499.00,93.13,0.00,106.58,0.00,698.71,2026-05-15,Paid
6383,1652,2026-05-01,2026-05-31,499.00,30.36,0.00,95.28,70.81,695.45,2026-06-15,Overdue
6384,1652,2026-06-01,2026-06-30,499.00,21.78,0.00,93.74,0.00,614.52,2026-07-15,Paid
6385,1652,2026-07-01,2026-07-31,499.00,46.48,19.00,101.61,0.00,666.09,2026-08-15,Paid
6386,1652,2026-08-01,2026-08-31,499.00,98.27,19.00,110.93,0.00,727.20,2026-09-15,Unpaid
6387,1654,2026-03-01,2026-03-31,149.00,63.37,0.00,38.23,0.00,250.60,2026-04-15,Paid
6388,1654,2026-04-01,2026-04-30,149.00,47.86,99.00,53.25,0.00,349.11,2026-05-15,Paid
6389,1654,2026-05-01,2026-05-31,149.00,49.06,0.00,35.65,0.00,233.71,2026-06-15,Unpaid
6390,1654,2026-06-01,2026-06-30,149.00,86.56,0.00,42.40,0.00,277.96,2026-07-15,Paid
6391,1654,2026-07-01,2026-07-31,149.00,93.63,19.00,47.09,0.00,308.72,2026-08-15,Paid
6392,1654,2026-08-01,2026-08-31,149.00,61.47,0.00,37.88,0.00,248.35,2026-09-15,Unpaid
6393,1657,2026-03-01,2026-03-31,2999.00,94.07,0.00,556.75,0.00,3649.82,2026-04-15,Paid
6394,1657,2026-04-01,2026-04-30,2999.00,35.63,19.00,549.65,0.00,3603.28,2026-05-15,Paid
6395,1657,2026-05-01,2026-05-31,2999.00,25.71,0.00,544.45,74.54,3643.70,2026-06-15,Overdue
6396,1657,2026-06-01,2026-06-30,2999.00,69.15,0.00,552.27,0.00,3620.42,2026-07-15,Paid
6397,1657,2026-07-01,2026-07-31,2999.00,43.22,29.00,552.82,0.00,3624.04,2026-08-15,Paid
6398,1657,2026-08-01,2026-08-31,2999.00,9.41,29.00,546.73,0.00,3584.14,2026-09-15,Unpaid
6399,1659,2026-03-01,2026-03-31,849.00,32.08,99.00,176.41,59.48,1215.97,2026-04-15,Overdue
6400,1659,2026-04-01,2026-04-30,849.00,79.17,29.00,172.29,0.00,1129.46,2026-05-15,Paid
6401,1659,2026-05-01,2026-05-31,849.00,32.82,99.00,176.55,0.00,1157.37,2026-06-15,Paid
6402,1659,2026-06-01,2026-06-30,849.00,54.41,0.00,162.61,0.00,1066.02,2026-07-15,Paid
6403,1659,2026-07-01,2026-07-31,849.00,46.28,0.00,161.15,0.00,1056.43,2026-08-15,Unpaid
6404,1659,2026-08-01,2026-08-31,849.00,92.40,0.00,169.45,0.00,1110.85,2026-09-15,Unpaid
6405,1662,2026-03-01,2026-03-31,849.00,73.89,19.00,169.54,0.00,1111.43,2026-04-15,Unpaid
6406,1662,2026-04-01,2026-04-30,849.00,23.02,0.00,156.96,0.00,1028.98,2026-05-15,Unpaid
6407,1662,2026-05-01,2026-05-31,849.00,82.77,0.00,167.72,0.00,1099.49,2026-06-15,Paid
6408,1662,2026-06-01,2026-06-30,849.00,29.09,99.00,175.88,44.72,1197.69,2026-07-15,Overdue
6409,1662,2026-07-01,2026-07-31,849.00,93.88,0.00,169.72,0.00,1112.60,2026-08-15,Unpaid
6410,1662,2026-08-01,2026-08-31,849.00,40.06,0.00,160.03,0.00,1049.09,2026-09-15,Unpaid
6411,1667,2026-03-01,2026-03-31,949.00,7.46,99.00,189.98,0.00,1245.44,2026-04-15,Unpaid
6412,1667,2026-04-01,2026-04-30,949.00,79.44,19.00,188.54,0.00,1235.98,2026-05-15,Paid
6413,1667,2026-05-01,2026-05-31,949.00,0.18,99.00,188.67,0.00,1236.85,2026-06-15,Paid
6414,1667,2026-06-01,2026-06-30,949.00,3.39,0.00,171.43,0.00,1123.82,2026-07-15,Paid
6415,1667,2026-07-01,2026-07-31,949.00,37.71,19.00,181.03,0.00,1186.74,2026-08-15,Unpaid
6416,1667,2026-08-01,2026-08-31,949.00,54.11,0.00,180.56,0.00,1183.67,2026-09-15,Unpaid
6417,1668,2026-03-01,2026-03-31,2999.00,53.11,0.00,549.38,0.00,3601.49,2026-04-15,Paid
6418,1668,2026-04-01,2026-04-30,2999.00,36.09,0.00,546.32,0.00,3581.41,2026-05-15,Unpaid
6419,1668,2026-05-01,2026-05-31,2999.00,14.52,0.00,542.43,0.00,3555.95,2026-06-15,Paid
6420,1668,2026-06-01,2026-06-30,2999.00,39.68,0.00,546.96,0.00,3585.64,2026-07-15,Paid
6421,1668,2026-07-01,2026-07-31,2999.00,62.90,0.00,551.14,0.00,3613.04,2026-08-15,Paid
6422,1668,2026-08-01,2026-08-31,2999.00,68.14,99.00,569.91,0.00,3736.05,2026-09-15,Unpaid
6423,1670,2026-03-01,2026-03-31,249.00,1.87,49.00,53.98,0.00,353.85,2026-04-15,Paid
6424,1670,2026-04-01,2026-04-30,249.00,38.23,99.00,69.52,0.00,455.75,2026-05-15,Paid
6425,1670,2026-05-01,2026-05-31,249.00,5.40,29.00,51.01,0.00,334.41,2026-06-15,Paid
6426,1670,2026-06-01,2026-06-30,249.00,84.83,99.00,77.91,64.62,575.36,2026-07-15,Overdue
6427,1670,2026-07-01,2026-07-31,249.00,52.19,0.00,54.21,0.00,355.40,2026-08-15,Unpaid
6428,1670,2026-08-01,2026-08-31,249.00,97.10,19.00,65.72,0.00,430.82,2026-09-15,Unpaid
6429,1674,2026-03-01,2026-03-31,949.00,13.43,0.00,173.24,0.00,1135.67,2026-04-15,Unpaid
6430,1674,2026-04-01,2026-04-30,949.00,27.03,0.00,175.69,0.00,1151.72,2026-05-15,Paid
6431,1674,2026-05-01,2026-05-31,949.00,29.98,19.00,179.64,0.00,1177.62,2026-06-15,Paid
6432,1674,2026-06-01,2026-06-30,949.00,19.29,49.00,183.11,0.00,1200.40,2026-07-15,Paid
6433,1674,2026-07-01,2026-07-31,949.00,47.30,0.00,179.33,0.00,1175.63,2026-08-15,Unpaid
6434,1674,2026-08-01,2026-08-31,949.00,76.18,0.00,184.53,0.00,1209.71,2026-09-15,Unpaid
6435,1675,2026-03-01,2026-03-31,849.00,43.28,0.00,160.61,0.00,1052.89,2026-04-15,Paid
6436,1675,2026-04-01,2026-04-30,849.00,6.41,99.00,171.79,0.00,1126.20,2026-05-15,Paid
6437,1675,2026-05-01,2026-05-31,849.00,50.11,29.00,167.06,0.00,1095.17,2026-06-15,Unpaid
6438,1675,2026-06-01,2026-06-30,849.00,22.47,0.00,156.86,0.00,1028.33,2026-07-15,Paid
6439,1675,2026-07-01,2026-07-31,849.00,57.55,0.00,163.18,0.00,1069.73,2026-08-15,Paid
6440,1675,2026-08-01,2026-08-31,849.00,56.25,19.00,166.36,0.00,1090.61,2026-09-15,Paid
6441,1676,2026-03-01,2026-03-31,149.00,9.58,0.00,28.54,82.60,269.72,2026-04-15,Overdue
6442,1676,2026-04-01,2026-04-30,149.00,78.08,19.00,44.29,35.20,325.57,2026-05-15,Overdue
6443,1676,2026-05-01,2026-05-31,149.00,32.66,0.00,32.70,0.00,214.36,2026-06-15,Unpaid
6444,1676,2026-06-01,2026-06-30,149.00,6.75,29.00,33.25,0.00,218.00,2026-07-15,Paid
6445,1676,2026-07-01,2026-07-31,149.00,58.03,19.00,40.69,0.00,266.72,2026-08-15,Paid
6446,1676,2026-08-01,2026-08-31,149.00,32.28,0.00,32.63,0.00,213.91,2026-09-15,Paid
6447,1677,2026-03-01,2026-03-31,199.00,68.61,19.00,51.59,0.00,338.20,2026-04-15,Paid
6448,1677,2026-04-01,2026-04-30,199.00,69.28,19.00,51.71,0.00,338.99,2026-05-15,Paid
6449,1677,2026-05-01,2026-05-31,199.00,93.39,49.00,61.45,0.00,402.84,2026-06-15,Paid
6450,1677,2026-06-01,2026-06-30,199.00,42.23,99.00,61.24,0.00,401.47,2026-07-15,Paid
6451,1677,2026-07-01,2026-07-31,199.00,41.54,99.00,61.12,0.00,400.66,2026-08-15,Unpaid
6452,1677,2026-08-01,2026-08-31,199.00,20.20,0.00,39.46,0.00,258.66,2026-09-15,Unpaid
6453,1679,2026-03-01,2026-03-31,199.00,69.40,0.00,48.31,0.00,316.71,2026-04-15,Paid
6454,1679,2026-04-01,2026-04-30,199.00,86.05,29.00,56.53,0.00,370.58,2026-05-15,Paid
6455,1679,2026-05-01,2026-05-31,199.00,93.56,19.00,56.08,0.00,367.64,2026-06-15,Paid
6456,1679,2026-06-01,2026-06-30,199.00,13.63,19.00,41.69,0.00,273.32,2026-07-15,Paid
6457,1679,2026-07-01,2026-07-31,199.00,81.75,0.00,50.53,0.00,331.28,2026-08-15,Unpaid
6458,1679,2026-08-01,2026-08-31,199.00,20.09,0.00,39.44,0.00,258.53,2026-09-15,Unpaid
6459,1680,2026-03-01,2026-03-31,199.00,40.80,29.00,48.38,0.00,317.18,2026-04-15,Unpaid
6460,1680,2026-04-01,2026-04-30,199.00,14.78,99.00,56.30,80.63,449.71,2026-05-15,Overdue
6461,1680,2026-05-01,2026-05-31,199.00,25.94,0.00,40.49,0.00,265.43,2026-06-15,Paid
6462,1680,2026-06-01,2026-06-30,199.00,26.91,19.00,44.08,0.00,288.99,2026-07-15,Paid
6463,1680,2026-07-01,2026-07-31,199.00,2.07,0.00,36.19,0.00,237.26,2026-08-15,Unpaid
6464,1680,2026-08-01,2026-08-31,199.00,44.49,0.00,43.83,0.00,287.32,2026-09-15,Paid
6465,1681,2026-03-01,2026-03-31,849.00,86.42,29.00,173.60,0.00,1138.02,2026-04-15,Paid
6466,1681,2026-04-01,2026-04-30,849.00,15.99,99.00,173.52,0.00,1137.51,2026-05-15,Unpaid
6467,1681,2026-05-01,2026-05-31,849.00,32.88,0.00,158.74,0.00,1040.62,2026-06-15,Paid
6468,1681,2026-06-01,2026-06-30,849.00,25.98,0.00,157.50,0.00,1032.48,2026-07-15,Paid
6469,1681,2026-07-01,2026-07-31,849.00,94.57,19.00,173.26,0.00,1135.83,2026-08-15,Paid
6470,1681,2026-08-01,2026-08-31,849.00,6.51,0.00,153.99,0.00,1009.50,2026-09-15,Paid
6471,1682,2026-03-01,2026-03-31,849.00,38.17,0.00,159.69,66.10,1112.96,2026-04-15,Overdue
6472,1682,2026-04-01,2026-04-30,849.00,84.62,0.00,168.05,0.00,1101.67,2026-05-15,Paid
6473,1682,2026-05-01,2026-05-31,849.00,56.33,19.00,166.38,0.00,1090.71,2026-06-15,Unpaid
6474,1682,2026-06-01,2026-06-30,849.00,38.10,0.00,159.68,0.00,1046.78,2026-07-15,Paid
6475,1682,2026-07-01,2026-07-31,849.00,1.70,0.00,153.13,0.00,1003.83,2026-08-15,Unpaid
6476,1682,2026-08-01,2026-08-31,849.00,36.84,19.00,162.87,0.00,1067.71,2026-09-15,Paid
6477,1684,2026-03-01,2026-03-31,949.00,69.39,29.00,188.53,0.00,1235.92,2026-04-15,Paid
6478,1684,2026-04-01,2026-04-30,949.00,24.13,0.00,175.16,0.00,1148.29,2026-05-15,Paid
6479,1684,2026-05-01,2026-05-31,949.00,99.95,99.00,206.63,0.00,1354.58,2026-06-15,Paid
6480,1684,2026-06-01,2026-06-30,949.00,86.03,49.00,195.13,0.00,1279.16,2026-07-15,Paid
6481,1684,2026-07-01,2026-07-31,949.00,35.79,0.00,177.26,0.00,1162.05,2026-08-15,Unpaid
6482,1684,2026-08-01,2026-08-31,949.00,75.22,0.00,184.36,0.00,1208.58,2026-09-15,Paid
6483,1689,2026-03-01,2026-03-31,699.00,3.44,0.00,126.44,0.00,828.88,2026-04-15,Unpaid
6484,1689,2026-04-01,2026-04-30,699.00,74.40,0.00,139.21,0.00,912.61,2026-05-15,Paid
6485,1689,2026-05-01,2026-05-31,699.00,0.41,99.00,143.71,99.43,1041.55,2026-06-15,Overdue
6486,1689,2026-06-01,2026-06-30,699.00,43.71,0.00,133.69,0.00,876.40,2026-07-15,Unpaid
6487,1689,2026-07-01,2026-07-31,699.00,97.70,19.00,146.83,0.00,962.53,2026-08-15,Paid
6488,1689,2026-08-01,2026-08-31,699.00,3.88,0.00,126.52,0.00,829.40,2026-09-15,Unpaid
6489,1693,2026-03-01,2026-03-31,99.00,44.84,19.00,29.31,0.00,192.15,2026-04-15,Paid
6490,1693,2026-04-01,2026-04-30,99.00,82.94,19.00,36.17,0.00,237.11,2026-05-15,Paid
6491,1693,2026-05-01,2026-05-31,99.00,0.83,99.00,35.79,0.00,234.62,2026-06-15,Paid
6492,1693,2026-06-01,2026-06-30,99.00,11.77,19.00,23.36,0.00,153.13,2026-07-15,Paid
6493,1693,2026-07-01,2026-07-31,99.00,86.08,49.00,42.13,0.00,276.21,2026-08-15,Paid
6494,1693,2026-08-01,2026-08-31,99.00,46.80,99.00,44.06,0.00,288.86,2026-09-15,Paid
6495,1694,2026-03-01,2026-03-31,179.00,14.92,99.00,52.73,45.77,391.42,2026-04-15,Overdue
6496,1694,2026-04-01,2026-04-30,179.00,69.64,19.00,48.18,0.00,315.82,2026-05-15,Paid
6497,1694,2026-05-01,2026-05-31,179.00,81.01,29.00,52.02,0.00,341.03,2026-06-15,Paid
6498,1694,2026-06-01,2026-06-30,179.00,76.10,0.00,45.92,0.00,301.02,2026-07-15,Paid
6499,1694,2026-07-01,2026-07-31,179.00,26.07,49.00,45.73,0.00,299.80,2026-08-15,Unpaid
6500,1694,2026-08-01,2026-08-31,179.00,71.49,29.00,50.31,0.00,329.80,2026-09-15,Paid
6501,1695,2026-03-01,2026-03-31,249.00,26.38,0.00,49.57,0.00,324.95,2026-04-15,Paid
6502,1695,2026-04-01,2026-04-30,249.00,16.17,49.00,56.55,0.00,370.72,2026-05-15,Paid
6503,1695,2026-05-01,2026-05-31,249.00,7.05,0.00,46.09,0.00,302.14,2026-06-15,Unpaid
6504,1695,2026-06-01,2026-06-30,249.00,90.94,29.00,66.41,0.00,435.35,2026-07-15,Paid
6505,1695,2026-07-01,2026-07-31,249.00,31.97,0.00,50.57,0.00,331.54,2026-08-15,Unpaid
6506,1695,2026-08-01,2026-08-31,249.00,97.48,29.00,67.59,0.00,443.07,2026-09-15,Unpaid
6507,1701,2026-03-01,2026-03-31,499.00,99.83,19.00,111.21,0.00,729.04,2026-04-15,Paid
6508,1701,2026-04-01,2026-04-30,499.00,51.41,0.00,99.07,0.00,649.48,2026-05-15,Unpaid
6509,1701,2026-05-01,2026-05-31,499.00,54.43,0.00,99.62,0.00,653.05,2026-06-15,Paid
6510,1701,2026-06-01,2026-06-30,499.00,14.31,29.00,97.62,0.00,639.93,2026-07-15,Paid
6511,1701,2026-07-01,2026-07-31,499.00,59.68,0.00,100.56,0.00,659.24,2026-08-15,Paid
6512,1701,2026-08-01,2026-08-31,499.00,48.09,0.00,98.48,0.00,645.57,2026-09-15,Unpaid
6513,1704,2026-03-01,2026-03-31,149.00,42.41,0.00,34.45,0.00,225.86,2026-04-15,Paid
6514,1704,2026-04-01,2026-04-30,149.00,58.84,0.00,37.41,0.00,245.25,2026-05-15,Unpaid
6515,1704,2026-05-01,2026-05-31,149.00,25.78,99.00,49.28,0.00,323.06,2026-06-15,Paid
6516,1704,2026-06-01,2026-06-30,149.00,89.73,0.00,42.97,0.00,281.70,2026-07-15,Paid
6517,1704,2026-07-01,2026-07-31,149.00,91.05,29.00,48.43,0.00,317.48,2026-08-15,Paid
6518,1704,2026-08-01,2026-08-31,149.00,79.85,0.00,41.19,0.00,270.04,2026-09-15,Paid
6519,1706,2026-03-01,2026-03-31,399.00,28.42,49.00,85.76,72.83,635.01,2026-04-15,Overdue
6520,1706,2026-04-01,2026-04-30,399.00,91.95,19.00,91.79,24.41,626.15,2026-05-15,Overdue
6521,1706,2026-05-01,2026-05-31,399.00,52.26,29.00,86.45,55.10,621.81,2026-06-15,Overdue
6522,1706,2026-06-01,2026-06-30,399.00,23.76,0.00,76.10,0.00,498.86,2026-07-15,Unpaid
6523,1706,2026-07-01,2026-07-31,399.00,82.84,29.00,91.95,0.00,602.79,2026-08-15,Unpaid
6524,1706,2026-08-01,2026-08-31,399.00,27.69,0.00,76.80,0.00,503.49,2026-09-15,Paid
6525,1709,2026-03-01,2026-03-31,239.00,74.61,19.00,59.87,0.00,392.48,2026-04-15,Paid
6526,1709,2026-04-01,2026-04-30,239.00,35.39,99.00,67.21,0.00,440.60,2026-05-15,Paid
6527,1709,2026-05-01,2026-05-31,239.00,10.14,19.00,48.27,58.52,374.93,2026-06-15,Overdue
6528,1709,2026-06-01,2026-06-30,239.00,94.93,49.00,68.93,0.00,451.86,2026-07-15,Paid
6529,1709,2026-07-01,2026-07-31,239.00,82.07,29.00,63.01,0.00,413.08,2026-08-15,Unpaid
6530,1709,2026-08-01,2026-08-31,239.00,62.50,49.00,63.09,0.00,413.59,2026-09-15,Unpaid
6531,1712,2026-03-01,2026-03-31,699.00,83.10,0.00,140.78,99.06,1021.94,2026-04-15,Overdue
6532,1712,2026-04-01,2026-04-30,699.00,63.41,0.00,137.23,0.00,899.64,2026-05-15,Paid
6533,1712,2026-05-01,2026-05-31,699.00,62.58,0.00,137.08,0.00,898.66,2026-06-15,Paid
6534,1712,2026-06-01,2026-06-30,699.00,74.65,99.00,157.08,0.00,1029.73,2026-07-15,Paid
6535,1712,2026-07-01,2026-07-31,699.00,1.98,0.00,126.18,0.00,827.16,2026-08-15,Unpaid
6536,1712,2026-08-01,2026-08-31,699.00,93.75,29.00,147.91,0.00,969.66,2026-09-15,Paid
6537,1714,2026-03-01,2026-03-31,149.00,81.11,49.00,50.24,98.66,428.01,2026-04-15,Overdue
6538,1714,2026-04-01,2026-04-30,149.00,7.54,19.00,31.60,0.00,207.14,2026-05-15,Paid
6539,1714,2026-05-01,2026-05-31,149.00,47.28,49.00,44.15,0.00,289.43,2026-06-15,Paid
6540,1714,2026-06-01,2026-06-30,149.00,38.25,0.00,33.70,0.00,220.95,2026-07-15,Unpaid
6541,1714,2026-07-01,2026-07-31,149.00,41.89,0.00,34.36,0.00,225.25,2026-08-15,Unpaid
6542,1714,2026-08-01,2026-08-31,149.00,98.17,0.00,44.49,0.00,291.66,2026-09-15,Paid
6543,1720,2026-03-01,2026-03-31,699.00,5.37,19.00,130.21,0.00,853.58,2026-04-15,Paid
6544,1720,2026-04-01,2026-04-30,699.00,0.99,49.00,134.82,0.00,883.81,2026-05-15,Paid
6545,1720,2026-05-01,2026-05-31,699.00,18.32,29.00,134.34,0.00,880.66,2026-06-15,Paid
6546,1720,2026-06-01,2026-06-30,699.00,49.27,0.00,134.69,0.00,882.96,2026-07-15,Paid
6547,1720,2026-07-01,2026-07-31,699.00,3.33,0.00,126.42,0.00,828.75,2026-08-15,Unpaid
6548,1720,2026-08-01,2026-08-31,699.00,69.58,49.00,147.16,0.00,964.74,2026-09-15,Unpaid
6549,1725,2026-03-01,2026-03-31,249.00,79.45,0.00,59.12,0.00,387.57,2026-04-15,Unpaid
6550,1725,2026-04-01,2026-04-30,249.00,42.46,0.00,52.46,0.00,343.92,2026-05-15,Paid
6551,1725,2026-05-01,2026-05-31,249.00,58.36,49.00,64.14,0.00,420.50,2026-06-15,Paid
6552,1725,2026-06-01,2026-06-30,249.00,56.88,49.00,63.88,0.00,418.76,2026-07-15,Unpaid
6553,1725,2026-07-01,2026-07-31,249.00,66.77,29.00,62.06,0.00,406.83,2026-08-15,Unpaid
6554,1725,2026-08-01,2026-08-31,249.00,88.03,0.00,60.67,0.00,397.70,2026-09-15,Paid
6555,1727,2026-03-01,2026-03-31,249.00,65.38,99.00,74.41,0.00,487.79,2026-04-15,Unpaid
6556,1727,2026-04-01,2026-04-30,249.00,17.24,0.00,47.92,38.94,353.10,2026-05-15,Overdue
6557,1727,2026-05-01,2026-05-31,249.00,69.68,29.00,62.58,0.00,410.26,2026-06-15,Paid
6558,1727,2026-06-01,2026-06-30,249.00,41.85,19.00,55.77,0.00,365.62,2026-07-15,Paid
6559,1727,2026-07-01,2026-07-31,249.00,98.87,0.00,62.62,0.00,410.49,2026-08-15,Unpaid
6560,1727,2026-08-01,2026-08-31,249.00,83.52,49.00,68.67,0.00,450.19,2026-09-15,Paid
6561,1728,2026-03-01,2026-03-31,949.00,87.19,0.00,186.51,0.00,1222.70,2026-04-15,Paid
6562,1728,2026-04-01,2026-04-30,949.00,51.06,0.00,180.01,0.00,1180.07,2026-05-15,Unpaid
6563,1728,2026-05-01,2026-05-31,949.00,5.19,0.00,171.75,57.97,1183.91,2026-06-15,Overdue
6564,1728,2026-06-01,2026-06-30,949.00,26.96,49.00,184.49,0.00,1209.45,2026-07-15,Paid
6565,1728,2026-07-01,2026-07-31,949.00,18.33,0.00,174.12,0.00,1141.45,2026-08-15,Paid
6566,1728,2026-08-01,2026-08-31,949.00,42.35,0.00,178.44,0.00,1169.79,2026-09-15,Paid
6567,1730,2026-03-01,2026-03-31,399.00,81.60,0.00,86.51,0.00,567.11,2026-04-15,Paid
6568,1730,2026-04-01,2026-04-30,399.00,57.79,99.00,100.04,0.00,655.83,2026-05-15,Paid
6569,1730,2026-05-01,2026-05-31,399.00,47.74,99.00,98.23,0.00,643.97,2026-06-15,Paid
6570,1730,2026-06-01,2026-06-30,399.00,72.26,0.00,84.83,63.52,619.61,2026-07-15,Overdue
6571,1730,2026-07-01,2026-07-31,399.00,50.40,0.00,80.89,0.00,530.29,2026-08-15,Unpaid
6572,1730,2026-08-01,2026-08-31,399.00,64.10,19.00,86.78,0.00,568.88,2026-09-15,Paid
6573,1733,2026-03-01,2026-03-31,99.00,11.89,0.00,19.96,0.00,130.85,2026-04-15,Paid
6574,1733,2026-04-01,2026-04-30,99.00,60.96,99.00,46.61,0.00,305.57,2026-05-15,Paid
6575,1733,2026-05-01,2026-05-31,99.00,27.31,99.00,40.56,0.00,265.87,2026-06-15,Paid
6576,1733,2026-06-01,2026-06-30,99.00,32.45,99.00,41.48,0.00,271.93,2026-07-15,Paid
6577,1733,2026-07-01,2026-07-31,99.00,40.72,49.00,33.97,0.00,222.69,2026-08-15,Unpaid
6578,1733,2026-08-01,2026-08-31,99.00,61.18,49.00,37.65,0.00,246.83,2026-09-15,Unpaid
6579,1735,2026-03-01,2026-03-31,2999.00,66.09,49.00,560.54,0.00,3674.63,2026-04-15,Paid
6580,1735,2026-04-01,2026-04-30,2999.00,63.90,0.00,551.32,22.16,3636.38,2026-05-15,Overdue
6581,1735,2026-05-01,2026-05-31,2999.00,94.95,19.00,560.33,23.46,3696.74,2026-06-15,Overdue
6582,1735,2026-06-01,2026-06-30,2999.00,75.48,29.00,558.63,0.00,3662.11,2026-07-15,Paid
6583,1735,2026-07-01,2026-07-31,2999.00,31.92,0.00,545.57,0.00,3576.49,2026-08-15,Unpaid
6584,1735,2026-08-01,2026-08-31,2999.00,77.77,0.00,553.82,0.00,3630.59,2026-09-15,Unpaid
6585,1736,2026-03-01,2026-03-31,179.00,36.39,29.00,43.99,0.00,288.38,2026-04-15,Unpaid
6586,1736,2026-04-01,2026-04-30,179.00,98.43,0.00,49.94,0.00,327.37,2026-05-15,Paid
6587,1736,2026-05-01,2026-05-31,179.00,40.45,0.00,39.50,0.00,258.95,2026-06-15,Unpaid
6588,1736,2026-06-01,2026-06-30,179.00,75.51,99.00,63.63,0.00,417.14,2026-07-15,Paid
6589,1736,2026-07-01,2026-07-31,179.00,86.10,19.00,51.14,0.00,335.24,2026-08-15,Unpaid
6590,1736,2026-08-01,2026-08-31,179.00,16.21,29.00,40.36,0.00,264.57,2026-09-15,Unpaid
6591,1745,2026-03-01,2026-03-31,499.00,81.98,0.00,104.58,0.00,685.56,2026-04-15,Paid
6592,1745,2026-04-01,2026-04-30,499.00,30.35,0.00,95.28,95.04,719.67,2026-05-15,Overdue
6593,1745,2026-05-01,2026-05-31,499.00,29.55,0.00,95.14,0.00,623.69,2026-06-15,Paid
6594,1745,2026-06-01,2026-06-30,499.00,33.02,49.00,104.58,0.00,685.60,2026-07-15,Unpaid
6595,1745,2026-07-01,2026-07-31,499.00,44.44,0.00,97.82,0.00,641.26,2026-08-15,Paid
6596,1745,2026-08-01,2026-08-31,499.00,62.85,0.00,101.13,0.00,662.98,2026-09-15,Unpaid
6597,1747,2026-03-01,2026-03-31,2999.00,79.20,0.00,554.08,0.00,3632.28,2026-04-15,Paid
6598,1747,2026-04-01,2026-04-30,2999.00,28.50,29.00,550.17,0.00,3606.67,2026-05-15,Paid
6599,1747,2026-05-01,2026-05-31,2999.00,70.82,0.00,552.57,0.00,3622.39,2026-06-15,Paid
6600,1747,2026-06-01,2026-06-30,2999.00,87.51,0.00,555.57,0.00,3642.08,2026-07-15,Paid
6601,1747,2026-07-01,2026-07-31,2999.00,12.18,0.00,542.01,0.00,3553.19,2026-08-15,Paid
6602,1747,2026-08-01,2026-08-31,2999.00,34.70,0.00,546.07,0.00,3579.77,2026-09-15,Unpaid
6603,1752,2026-03-01,2026-03-31,399.00,55.59,49.00,90.65,0.00,594.24,2026-04-15,Paid
6604,1752,2026-04-01,2026-04-30,399.00,90.14,49.00,96.87,0.00,635.01,2026-05-15,Paid
6605,1752,2026-05-01,2026-05-31,399.00,91.65,49.00,97.14,90.38,727.17,2026-06-15,Overdue
6606,1752,2026-06-01,2026-06-30,399.00,53.80,0.00,81.50,0.00,534.30,2026-07-15,Paid
6607,1752,2026-07-01,2026-07-31,399.00,99.42,0.00,89.72,0.00,588.14,2026-08-15,Paid
6608,1752,2026-08-01,2026-08-31,399.00,23.87,49.00,84.94,0.00,556.81,2026-09-15,Paid
6609,1755,2026-03-01,2026-03-31,849.00,44.97,49.00,169.73,0.00,1112.70,2026-04-15,Paid
6610,1755,2026-04-01,2026-04-30,849.00,6.34,0.00,153.96,39.90,1049.20,2026-05-15,Overdue
6611,1755,2026-05-01,2026-05-31,849.00,53.53,99.00,180.28,0.00,1181.81,2026-06-15,Paid
6612,1755,2026-06-01,2026-06-30,849.00,73.19,29.00,171.21,54.51,1176.91,2026-07-15,Overdue
6613,1755,2026-07-01,2026-07-31,849.00,68.53,0.00,165.16,0.00,1082.69,2026-08-15,Unpaid
6614,1755,2026-08-01,2026-08-31,849.00,62.80,19.00,167.54,0.00,1098.34,2026-09-15,Unpaid
6615,1757,2026-03-01,2026-03-31,199.00,92.22,0.00,52.42,0.00,343.64,2026-04-15,Paid
6616,1757,2026-04-01,2026-04-30,199.00,39.52,99.00,60.75,0.00,398.27,2026-05-15,Unpaid
6617,1757,2026-05-01,2026-05-31,199.00,59.79,0.00,46.58,0.00,305.37,2026-06-15,Paid
6618,1757,2026-06-01,2026-06-30,199.00,21.33,99.00,57.48,0.00,376.81,2026-07-15,Paid
6619,1757,2026-07-01,2026-07-31,199.00,99.72,0.00,53.77,0.00,352.49,2026-08-15,Paid
6620,1757,2026-08-01,2026-08-31,199.00,29.73,99.00,58.99,0.00,386.72,2026-09-15,Unpaid
6621,1758,2026-03-01,2026-03-31,99.00,56.99,19.00,31.50,0.00,206.49,2026-04-15,Paid
6622,1758,2026-04-01,2026-04-30,99.00,52.70,29.00,32.53,0.00,213.23,2026-05-15,Paid
6623,1758,2026-05-01,2026-05-31,99.00,71.38,49.00,39.49,0.00,258.87,2026-06-15,Paid
6624,1758,2026-06-01,2026-06-30,99.00,78.67,49.00,40.80,0.00,267.47,2026-07-15,Unpaid
6625,1758,2026-07-01,2026-07-31,99.00,26.21,19.00,25.96,0.00,170.17,2026-08-15,Unpaid
6626,1758,2026-08-01,2026-08-31,99.00,47.11,0.00,26.30,0.00,172.41,2026-09-15,Paid
6627,1759,2026-03-01,2026-03-31,799.00,83.38,49.00,167.65,0.00,1099.03,2026-04-15,Paid
6628,1759,2026-04-01,2026-04-30,799.00,13.25,0.00,146.20,0.00,958.45,2026-05-15,Paid
6629,1759,2026-05-01,2026-05-31,799.00,76.82,0.00,157.65,0.00,1033.47,2026-06-15,Unpaid
6630,1759,2026-06-01,2026-06-30,799.00,23.78,0.00,148.10,0.00,970.88,2026-07-15,Paid
6631,1759,2026-07-01,2026-07-31,799.00,30.62,29.00,154.55,0.00,1013.17,2026-08-15,Unpaid
6632,1759,2026-08-01,2026-08-31,799.00,9.88,29.00,150.82,0.00,988.70,2026-09-15,Unpaid
6633,1765,2026-03-01,2026-03-31,899.00,79.53,0.00,176.14,0.00,1154.67,2026-04-15,Unpaid
6634,1765,2026-04-01,2026-04-30,899.00,53.82,0.00,171.51,0.00,1124.33,2026-05-15,Paid
6635,1765,2026-05-01,2026-05-31,899.00,19.29,29.00,170.51,0.00,1117.80,2026-06-15,Paid
6636,1765,2026-06-01,2026-06-30,899.00,3.41,29.00,167.65,68.75,1167.81,2026-07-15,Overdue
6637,1765,2026-07-01,2026-07-31,899.00,36.91,29.00,173.68,0.00,1138.59,2026-08-15,Unpaid
6638,1765,2026-08-01,2026-08-31,899.00,43.16,29.00,174.81,0.00,1145.97,2026-09-15,Paid
6639,1766,2026-03-01,2026-03-31,199.00,8.87,49.00,46.24,0.00,303.11,2026-04-15,Paid
6640,1766,2026-04-01,2026-04-30,199.00,74.49,99.00,67.05,0.00,439.54,2026-05-15,Unpaid
6641,1766,2026-05-01,2026-05-31,199.00,58.93,19.00,49.85,0.00,326.78,2026-06-15,Unpaid
6642,1766,2026-06-01,2026-06-30,199.00,56.85,29.00,51.27,0.00,336.12,2026-07-15,Paid
6643,1766,2026-07-01,2026-07-31,199.00,89.29,29.00,57.11,0.00,374.40,2026-08-15,Unpaid
6644,1766,2026-08-01,2026-08-31,199.00,27.70,0.00,40.81,0.00,267.51,2026-09-15,Unpaid
6645,1767,2026-03-01,2026-03-31,2999.00,83.38,0.00,554.83,0.00,3637.21,2026-04-15,Paid
6646,1767,2026-04-01,2026-04-30,2999.00,11.54,49.00,550.72,0.00,3610.26,2026-05-15,Unpaid
6647,1767,2026-05-01,2026-05-31,2999.00,52.84,19.00,552.75,0.00,3623.59,2026-06-15,Paid
6648,1767,2026-06-01,2026-06-30,2999.00,22.72,0.00,543.91,0.00,3565.63,2026-07-15,Paid
6649,1767,2026-07-01,2026-07-31,2999.00,7.59,0.00,541.19,0.00,3547.78,2026-08-15,Unpaid
6650,1767,2026-08-01,2026-08-31,2999.00,50.81,99.00,566.79,0.00,3715.60,2026-09-15,Paid
6651,1768,2026-03-01,2026-03-31,179.00,4.09,29.00,38.18,0.00,250.27,2026-04-15,Paid
6652,1768,2026-04-01,2026-04-30,179.00,46.35,99.00,58.38,89.28,472.01,2026-05-15,Overdue
6653,1768,2026-05-01,2026-05-31,179.00,34.42,0.00,38.42,0.00,251.84,2026-06-15,Paid
6654,1768,2026-06-01,2026-06-30,179.00,81.41,19.00,50.29,0.00,329.70,2026-07-15,Paid
6655,1768,2026-07-01,2026-07-31,179.00,86.82,0.00,47.85,0.00,313.67,2026-08-15,Unpaid
6656,1768,2026-08-01,2026-08-31,179.00,61.06,19.00,46.63,0.00,305.69,2026-09-15,Paid
6657,1775,2026-03-01,2026-03-31,239.00,33.40,19.00,52.45,0.00,343.85,2026-04-15,Paid
6658,1775,2026-04-01,2026-04-30,239.00,40.14,19.00,53.67,82.55,434.36,2026-05-15,Overdue
6659,1775,2026-05-01,2026-05-31,239.00,35.90,19.00,52.90,0.00,346.80,2026-06-15,Unpaid
6660,1775,2026-06-01,2026-06-30,239.00,94.93,99.00,77.93,0.00,510.86,2026-07-15,Paid
6661,1775,2026-07-01,2026-07-31,239.00,19.54,0.00,46.54,0.00,305.08,2026-08-15,Unpaid
6662,1775,2026-08-01,2026-08-31,239.00,63.19,0.00,54.39,0.00,356.58,2026-09-15,Unpaid
6663,1779,2026-03-01,2026-03-31,2999.00,18.38,0.00,543.13,0.00,3560.51,2026-04-15,Paid
6664,1779,2026-04-01,2026-04-30,2999.00,45.68,0.00,548.04,83.65,3676.37,2026-05-15,Overdue
6665,1779,2026-05-01,2026-05-31,2999.00,49.84,0.00,548.79,0.00,3597.63,2026-06-15,Paid
6666,1779,2026-06-01,2026-06-30,2999.00,37.08,0.00,546.49,0.00,3582.57,2026-07-15,Paid
6667,1779,2026-07-01,2026-07-31,2999.00,73.69,99.00,570.90,0.00,3742.59,2026-08-15,Paid
6668,1779,2026-08-01,2026-08-31,2999.00,96.34,29.00,562.38,0.00,3686.72,2026-09-15,Unpaid
6669,1795,2026-03-01,2026-03-31,399.00,22.59,0.00,75.89,0.00,497.48,2026-04-15,Paid
6670,1795,2026-04-01,2026-04-30,399.00,60.60,29.00,87.95,26.71,603.26,2026-05-15,Overdue
6671,1795,2026-05-01,2026-05-31,399.00,69.11,0.00,84.26,0.00,552.37,2026-06-15,Paid
6672,1795,2026-06-01,2026-06-30,399.00,14.26,49.00,83.21,0.00,545.47,2026-07-15,Paid
6673,1795,2026-07-01,2026-07-31,399.00,94.68,49.00,97.68,0.00,640.36,2026-08-15,Unpaid
6674,1795,2026-08-01,2026-08-31,399.00,89.39,99.00,105.73,0.00,693.12,2026-09-15,Unpaid
6675,1796,2026-03-01,2026-03-31,179.00,53.55,0.00,41.86,0.00,274.41,2026-04-15,Paid
6676,1796,2026-04-01,2026-04-30,179.00,42.50,49.00,48.69,0.00,319.19,2026-05-15,Paid
6677,1796,2026-05-01,2026-05-31,179.00,21.59,29.00,41.33,0.00,270.92,2026-06-15,Paid
6678,1796,2026-06-01,2026-06-30,179.00,87.37,19.00,51.37,0.00,336.74,2026-07-15,Paid
6679,1796,2026-07-01,2026-07-31,179.00,54.00,29.00,47.16,0.00,309.16,2026-08-15,Unpaid
6680,1796,2026-08-01,2026-08-31,179.00,55.99,99.00,60.12,0.00,394.11,2026-09-15,Unpaid
6681,1797,2026-03-01,2026-03-31,699.00,21.67,0.00,129.72,0.00,850.39,2026-04-15,Paid
6682,1797,2026-04-01,2026-04-30,699.00,56.26,0.00,135.95,0.00,891.21,2026-05-15,Paid
6683,1797,2026-05-01,2026-05-31,699.00,2.98,0.00,126.36,0.00,828.34,2026-06-15,Paid
6684,1797,2026-06-01,2026-06-30,699.00,96.95,0.00,143.27,0.00,939.22,2026-07-15,Paid
6685,1797,2026-07-01,2026-07-31,699.00,2.87,0.00,126.34,0.00,828.21,2026-08-15,Unpaid
6686,1797,2026-08-01,2026-08-31,699.00,60.91,0.00,136.78,0.00,896.69,2026-09-15,Unpaid
6687,1802,2026-03-01,2026-03-31,799.00,2.65,49.00,153.12,0.00,1003.77,2026-04-15,Paid
6688,1802,2026-04-01,2026-04-30,799.00,51.62,19.00,156.53,43.12,1069.27,2026-05-15,Overdue
6689,1802,2026-05-01,2026-05-31,799.00,22.56,0.00,147.88,0.00,969.44,2026-06-15,Paid
6690,1802,2026-06-01,2026-06-30,799.00,61.35,0.00,154.86,0.00,1015.21,2026-07-15,Paid
6691,1802,2026-07-01,2026-07-31,799.00,44.27,0.00,151.79,0.00,995.06,2026-08-15,Unpaid
6692,1802,2026-08-01,2026-08-31,799.00,93.71,0.00,160.69,0.00,1053.40,2026-09-15,Unpaid
6693,1805,2026-03-01,2026-03-31,199.00,57.05,0.00,46.09,0.00,302.14,2026-04-15,Paid
6694,1805,2026-04-01,2026-04-30,199.00,61.02,29.00,52.02,0.00,341.04,2026-05-15,Paid
6695,1805,2026-05-01,2026-05-31,199.00,53.59,0.00,45.47,91.21,389.27,2026-06-15,Overdue
6696,1805,2026-06-01,2026-06-30,199.00,33.78,49.00,50.72,0.00,332.50,2026-07-15,Paid
6697,1805,2026-07-01,2026-07-31,199.00,49.97,0.00,44.81,0.00,293.78,2026-08-15,Unpaid
6698,1805,2026-08-01,2026-08-31,199.00,96.16,99.00,70.95,0.00,465.11,2026-09-15,Unpaid
6699,1811,2026-03-01,2026-03-31,899.00,93.82,29.00,183.93,0.00,1205.75,2026-04-15,Paid
6700,1811,2026-04-01,2026-04-30,899.00,91.14,19.00,181.65,0.00,1190.79,2026-05-15,Paid
6701,1811,2026-05-01,2026-05-31,899.00,15.51,99.00,182.43,0.00,1195.94,2026-06-15,Unpaid
6702,1811,2026-06-01,2026-06-30,899.00,45.35,19.00,173.40,0.00,1136.75,2026-07-15,Paid
6703,1811,2026-07-01,2026-07-31,899.00,0.71,49.00,170.77,0.00,1119.48,2026-08-15,Paid
6704,1811,2026-08-01,2026-08-31,899.00,32.78,99.00,185.54,0.00,1216.32,2026-09-15,Paid
6705,1818,2026-03-01,2026-03-31,239.00,20.42,0.00,46.70,0.00,306.12,2026-04-15,Unpaid
6706,1818,2026-04-01,2026-04-30,239.00,61.88,99.00,71.98,0.00,471.86,2026-05-15,Unpaid
6707,1818,2026-05-01,2026-05-31,239.00,34.15,49.00,57.99,72.38,452.52,2026-06-15,Overdue
6708,1818,2026-06-01,2026-06-30,239.00,58.56,29.00,58.78,0.00,385.34,2026-07-15,Paid
6709,1818,2026-07-01,2026-07-31,239.00,69.73,49.00,64.39,0.00,422.12,2026-08-15,Unpaid
6710,1818,2026-08-01,2026-08-31,239.00,97.92,19.00,64.07,0.00,419.99,2026-09-15,Unpaid
6711,1820,2026-03-01,2026-03-31,299.00,13.59,0.00,56.27,0.00,368.86,2026-04-15,Paid
6712,1820,2026-04-01,2026-04-30,299.00,23.31,99.00,75.84,0.00,497.15,2026-05-15,Paid
6713,1820,2026-05-01,2026-05-31,299.00,33.30,29.00,65.03,0.00,426.33,2026-06-15,Unpaid
6714,1820,2026-06-01,2026-06-30,299.00,76.31,0.00,67.56,0.00,442.87,2026-07-15,Paid
6715,1820,2026-07-01,2026-07-31,299.00,5.38,0.00,54.79,0.00,359.17,2026-08-15,Unpaid
6716,1820,2026-08-01,2026-08-31,299.00,74.43,49.00,76.04,0.00,498.47,2026-09-15,Unpaid
6717,1822,2026-03-01,2026-03-31,149.00,54.03,29.00,41.77,76.97,350.77,2026-04-15,Overdue
6718,1822,2026-04-01,2026-04-30,149.00,45.74,0.00,35.05,0.00,229.79,2026-05-15,Paid
6719,1822,2026-05-01,2026-05-31,149.00,34.19,29.00,38.19,0.00,250.38,2026-06-15,Paid
6720,1822,2026-06-01,2026-06-30,149.00,43.72,0.00,34.69,61.54,288.95,2026-07-15,Overdue
6721,1822,2026-07-01,2026-07-31,149.00,46.01,19.00,38.52,0.00,252.53,2026-08-15,Paid
6722,1822,2026-08-01,2026-08-31,149.00,60.13,0.00,37.64,0.00,246.77,2026-09-15,Paid
6723,1825,2026-03-01,2026-03-31,299.00,6.98,99.00,72.90,0.00,477.88,2026-04-15,Paid
6724,1825,2026-04-01,2026-04-30,299.00,34.74,49.00,68.89,0.00,451.63,2026-05-15,Paid
6725,1825,2026-05-01,2026-05-31,299.00,33.88,19.00,63.34,39.32,454.54,2026-06-15,Overdue
6726,1825,2026-06-01,2026-06-30,299.00,48.00,49.00,71.28,0.00,467.28,2026-07-15,Paid
6727,1825,2026-07-01,2026-07-31,299.00,89.61,0.00,69.95,0.00,458.56,2026-08-15,Paid
6728,1825,2026-08-01,2026-08-31,299.00,33.48,99.00,77.67,0.00,509.15,2026-09-15,Unpaid
6729,1827,2026-03-01,2026-03-31,179.00,91.90,29.00,53.98,0.00,353.88,2026-04-15,Unpaid
6730,1827,2026-04-01,2026-04-30,179.00,96.25,0.00,49.55,0.00,324.80,2026-05-15,Paid
6731,1827,2026-05-01,2026-05-31,179.00,14.76,49.00,43.70,0.00,286.46,2026-06-15,Paid
6732,1827,2026-06-01,2026-06-30,179.00,58.61,0.00,42.77,0.00,280.38,2026-07-15,Unpaid
6733,1827,2026-07-01,2026-07-31,179.00,16.57,29.00,40.42,0.00,264.99,2026-08-15,Unpaid
6734,1827,2026-08-01,2026-08-31,179.00,35.46,29.00,43.82,0.00,287.28,2026-09-15,Paid
6735,1829,2026-03-01,2026-03-31,399.00,15.53,99.00,92.44,0.00,605.97,2026-04-15,Paid
6736,1829,2026-04-01,2026-04-30,399.00,47.92,49.00,89.27,0.00,585.19,2026-05-15,Paid
6737,1829,2026-05-01,2026-05-31,399.00,31.92,0.00,77.57,0.00,508.49,2026-06-15,Paid
6738,1829,2026-06-01,2026-06-30,399.00,55.56,0.00,81.82,0.00,536.38,2026-07-15,Paid
6739,1829,2026-07-01,2026-07-31,399.00,71.37,0.00,84.67,0.00,555.04,2026-08-15,Paid
6740,1829,2026-08-01,2026-08-31,399.00,93.92,0.00,88.73,0.00,581.65,2026-09-15,Unpaid
6741,1833,2026-03-01,2026-03-31,899.00,49.11,29.00,175.88,50.75,1203.74,2026-04-15,Overdue
6742,1833,2026-04-01,2026-04-30,899.00,8.25,0.00,163.31,0.00,1070.56,2026-05-15,Paid
6743,1833,2026-05-01,2026-05-31,899.00,27.62,29.00,172.01,0.00,1127.63,2026-06-15,Paid
6744,1833,2026-06-01,2026-06-30,899.00,81.16,29.00,181.65,54.34,1245.15,2026-07-15,Overdue
6745,1833,2026-07-01,2026-07-31,899.00,4.72,19.00,166.09,0.00,1088.81,2026-08-15,Unpaid
6746,1833,2026-08-01,2026-08-31,899.00,52.03,29.00,176.41,0.00,1156.44,2026-09-15,Unpaid
6747,1834,2026-03-01,2026-03-31,399.00,38.49,0.00,78.75,82.35,598.59,2026-04-15,Overdue
6748,1834,2026-04-01,2026-04-30,399.00,59.21,19.00,85.90,0.00,563.11,2026-05-15,Paid
6749,1834,2026-05-01,2026-05-31,399.00,15.75,99.00,92.47,0.00,606.22,2026-06-15,Paid
6750,1834,2026-06-01,2026-06-30,399.00,63.13,0.00,83.18,94.41,639.72,2026-07-15,Overdue
6751,1834,2026-07-01,2026-07-31,399.00,28.20,19.00,80.32,0.00,526.52,2026-08-15,Paid
6752,1834,2026-08-01,2026-08-31,399.00,32.69,29.00,82.92,0.00,543.61,2026-09-15,Unpaid
6753,1836,2026-03-01,2026-03-31,149.00,41.36,0.00,34.26,0.00,224.62,2026-04-15,Paid
6754,1836,2026-04-01,2026-04-30,149.00,46.35,0.00,35.16,0.00,230.51,2026-05-15,Paid
6755,1836,2026-05-01,2026-05-31,149.00,0.74,0.00,26.95,0.00,176.69,2026-06-15,Paid
6756,1836,2026-06-01,2026-06-30,149.00,98.20,99.00,62.32,0.00,408.52,2026-07-15,Paid
6757,1836,2026-07-01,2026-07-31,149.00,15.11,0.00,29.54,0.00,193.65,2026-08-15,Paid
6758,1836,2026-08-01,2026-08-31,149.00,52.50,19.00,39.69,0.00,260.19,2026-09-15,Paid
6759,1837,2026-03-01,2026-03-31,399.00,1.05,0.00,72.01,0.00,472.06,2026-04-15,Paid
6760,1837,2026-04-01,2026-04-30,399.00,74.15,19.00,88.59,75.21,655.95,2026-05-15,Overdue
6761,1837,2026-05-01,2026-05-31,399.00,71.01,99.00,102.42,0.00,671.43,2026-06-15,Paid
6762,1837,2026-06-01,2026-06-30,399.00,63.86,0.00,83.31,59.20,605.37,2026-07-15,Overdue
6763,1837,2026-07-01,2026-07-31,399.00,12.13,99.00,91.82,0.00,601.95,2026-08-15,Unpaid
6764,1837,2026-08-01,2026-08-31,399.00,93.92,49.00,97.55,0.00,639.47,2026-09-15,Paid
6765,1838,2026-03-01,2026-03-31,849.00,54.54,49.00,171.46,81.02,1205.02,2026-04-15,Overdue
6766,1838,2026-04-01,2026-04-30,849.00,17.80,29.00,161.24,0.00,1057.04,2026-05-15,Paid
6767,1838,2026-05-01,2026-05-31,849.00,10.61,19.00,158.15,0.00,1036.76,2026-06-15,Paid
6768,1838,2026-06-01,2026-06-30,849.00,41.65,0.00,160.32,0.00,1050.97,2026-07-15,Paid
6769,1838,2026-07-01,2026-07-31,849.00,86.71,0.00,168.43,0.00,1104.14,2026-08-15,Paid
6770,1838,2026-08-01,2026-08-31,849.00,81.13,29.00,172.64,0.00,1131.77,2026-09-15,Unpaid
6771,1845,2026-03-01,2026-03-31,99.00,43.82,0.00,25.71,0.00,168.53,2026-04-15,Paid
6772,1845,2026-04-01,2026-04-30,99.00,30.24,29.00,28.48,0.00,186.72,2026-05-15,Paid
6773,1845,2026-05-01,2026-05-31,99.00,5.92,0.00,18.89,0.00,123.81,2026-06-15,Paid
6774,1845,2026-06-01,2026-06-30,99.00,35.03,0.00,24.13,0.00,158.16,2026-07-15,Paid
6775,1845,2026-07-01,2026-07-31,99.00,90.00,0.00,34.02,0.00,223.02,2026-08-15,Unpaid
6776,1845,2026-08-01,2026-08-31,99.00,27.50,0.00,22.77,0.00,149.27,2026-09-15,Unpaid
6777,1846,2026-03-01,2026-03-31,199.00,12.90,49.00,46.96,0.00,307.86,2026-04-15,Paid
6778,1846,2026-04-01,2026-04-30,199.00,63.21,99.00,65.02,0.00,426.23,2026-05-15,Paid
6779,1846,2026-05-01,2026-05-31,199.00,73.16,0.00,48.99,0.00,321.15,2026-06-15,Paid
6780,1846,2026-06-01,2026-06-30,199.00,14.14,49.00,47.19,0.00,309.33,2026-07-15,Paid
6781,1846,2026-07-01,2026-07-31,199.00,65.45,19.00,51.02,0.00,334.47,2026-08-15,Unpaid
6782,1846,2026-08-01,2026-08-31,199.00,58.63,99.00,64.19,0.00,420.82,2026-09-15,Paid
6783,1848,2026-03-01,2026-03-31,899.00,17.97,99.00,182.87,0.00,1198.84,2026-04-15,Paid
6784,1848,2026-04-01,2026-04-30,899.00,30.66,19.00,170.76,0.00,1119.42,2026-05-15,Paid
6785,1848,2026-05-01,2026-05-31,899.00,37.26,0.00,168.53,0.00,1104.79,2026-06-15,Paid
6786,1848,2026-06-01,2026-06-30,899.00,70.88,19.00,178.00,0.00,1166.88,2026-07-15,Paid
6787,1848,2026-07-01,2026-07-31,899.00,66.16,0.00,173.73,0.00,1138.89,2026-08-15,Paid
6788,1848,2026-08-01,2026-08-31,899.00,45.88,0.00,170.08,0.00,1114.96,2026-09-15,Paid
6789,1849,2026-03-01,2026-03-31,399.00,60.37,99.00,100.51,0.00,658.88,2026-04-15,Paid
6790,1849,2026-04-01,2026-04-30,399.00,9.64,99.00,91.38,0.00,599.02,2026-05-15,Paid
6791,1849,2026-05-01,2026-05-31,399.00,62.71,0.00,83.11,0.00,544.82,2026-06-15,Paid
6792,1849,2026-06-01,2026-06-30,399.00,89.16,99.00,105.69,0.00,692.85,2026-07-15,Paid
6793,1849,2026-07-01,2026-07-31,399.00,11.55,0.00,73.90,0.00,484.45,2026-08-15,Unpaid
6794,1849,2026-08-01,2026-08-31,399.00,85.07,0.00,87.13,0.00,571.20,2026-09-15,Unpaid
6795,1852,2026-03-01,2026-03-31,399.00,22.37,0.00,75.85,0.00,497.22,2026-04-15,Paid
6796,1852,2026-04-01,2026-04-30,399.00,3.87,99.00,90.34,0.00,592.21,2026-05-15,Paid
6797,1852,2026-05-01,2026-05-31,399.00,76.42,0.00,85.58,0.00,561.00,2026-06-15,Paid
6798,1852,2026-06-01,2026-06-30,399.00,52.70,29.00,86.53,0.00,567.23,2026-07-15,Paid
6799,1852,2026-07-01,2026-07-31,399.00,63.48,49.00,92.07,0.00,603.55,2026-08-15,Unpaid
6800,1852,2026-08-01,2026-08-31,399.00,98.21,0.00,89.50,0.00,586.71,2026-09-15,Unpaid
6801,1855,2026-03-01,2026-03-31,849.00,27.12,0.00,157.70,0.00,1033.82,2026-04-15,Paid
6802,1855,2026-04-01,2026-04-30,849.00,11.02,49.00,163.62,0.00,1072.64,2026-05-15,Paid
6803,1855,2026-05-01,2026-05-31,849.00,47.04,0.00,161.29,0.00,1057.33,2026-06-15,Paid
6804,1855,2026-06-01,2026-06-30,849.00,85.90,0.00,168.28,50.09,1153.27,2026-07-15,Overdue
6805,1855,2026-07-01,2026-07-31,849.00,13.99,0.00,155.34,0.00,1018.33,2026-08-15,Unpaid
6806,1855,2026-08-01,2026-08-31,849.00,55.28,0.00,162.77,0.00,1067.05,2026-09-15,Unpaid
6807,1859,2026-03-01,2026-03-31,299.00,23.93,0.00,58.13,0.00,381.06,2026-04-15,Paid
6808,1859,2026-04-01,2026-04-30,299.00,40.26,29.00,66.29,0.00,434.55,2026-05-15,Paid
6809,1859,2026-05-01,2026-05-31,299.00,54.24,49.00,72.40,0.00,474.64,2026-06-15,Paid
6810,1859,2026-06-01,2026-06-30,299.00,2.17,49.00,63.03,0.00,413.20,2026-07-15,Paid
6811,1859,2026-07-01,2026-07-31,299.00,63.87,29.00,70.54,0.00,462.41,2026-08-15,Paid
6812,1859,2026-08-01,2026-08-31,299.00,83.91,0.00,68.92,0.00,451.83,2026-09-15,Paid
6813,1867,2026-03-01,2026-03-31,299.00,69.05,29.00,71.47,0.00,468.52,2026-04-15,Paid
6814,1867,2026-04-01,2026-04-30,299.00,5.70,0.00,54.85,0.00,359.55,2026-05-15,Unpaid
6815,1867,2026-05-01,2026-05-31,299.00,33.48,29.00,65.07,0.00,426.55,2026-06-15,Paid
6816,1867,2026-06-01,2026-06-30,299.00,2.78,29.00,59.54,0.00,390.32,2026-07-15,Paid
6817,1867,2026-07-01,2026-07-31,299.00,25.71,19.00,61.87,0.00,405.58,2026-08-15,Paid
6818,1867,2026-08-01,2026-08-31,299.00,57.79,0.00,64.22,0.00,421.01,2026-09-15,Paid
6819,1870,2026-03-01,2026-03-31,949.00,94.99,99.00,205.74,0.00,1348.73,2026-04-15,Unpaid
6820,1870,2026-04-01,2026-04-30,949.00,41.06,99.00,196.03,0.00,1285.09,2026-05-15,Paid
6821,1870,2026-05-01,2026-05-31,949.00,92.92,29.00,192.77,24.38,1288.07,2026-06-15,Overdue
6822,1870,2026-06-01,2026-06-30,949.00,10.65,99.00,190.56,83.99,1333.20,2026-07-15,Overdue
6823,1870,2026-07-01,2026-07-31,949.00,89.11,0.00,186.86,0.00,1224.97,2026-08-15,Unpaid
6824,1870,2026-08-01,2026-08-31,949.00,34.80,49.00,185.90,0.00,1218.70,2026-09-15,Paid
6825,1872,2026-03-01,2026-03-31,899.00,21.43,0.00,165.68,0.00,1086.11,2026-04-15,Paid
6826,1872,2026-04-01,2026-04-30,899.00,9.44,0.00,163.52,0.00,1071.96,2026-05-15,Paid
6827,1872,2026-05-01,2026-05-31,899.00,83.79,19.00,180.32,0.00,1182.11,2026-06-15,Unpaid
6828,1872,2026-06-01,2026-06-30,899.00,74.86,0.00,175.29,0.00,1149.15,2026-07-15,Paid
6829,1872,2026-07-01,2026-07-31,899.00,79.81,19.00,179.61,0.00,1177.42,2026-08-15,Unpaid
6830,1872,2026-08-01,2026-08-31,899.00,48.30,29.00,175.73,0.00,1152.03,2026-09-15,Paid
6831,1880,2026-03-01,2026-03-31,2999.00,14.94,0.00,542.51,0.00,3556.45,2026-04-15,Paid
6832,1880,2026-04-01,2026-04-30,2999.00,74.09,0.00,553.16,0.00,3626.25,2026-05-15,Paid
6833,1880,2026-05-01,2026-05-31,2999.00,29.51,49.00,553.95,0.00,3631.46,2026-06-15,Paid
6834,1880,2026-06-01,2026-06-30,2999.00,10.54,0.00,541.72,0.00,3551.26,2026-07-15,Paid
6835,1880,2026-07-01,2026-07-31,2999.00,49.02,29.00,553.86,0.00,3630.88,2026-08-15,Unpaid
6836,1880,2026-08-01,2026-08-31,2999.00,42.52,99.00,565.29,0.00,3705.81,2026-09-15,Unpaid
6837,1881,2026-03-01,2026-03-31,849.00,49.72,49.00,170.59,0.00,1118.31,2026-04-15,Paid
6838,1881,2026-04-01,2026-04-30,849.00,48.74,19.00,165.01,0.00,1081.75,2026-05-15,Paid
6839,1881,2026-05-01,2026-05-31,849.00,97.81,19.00,173.85,72.71,1212.37,2026-06-15,Overdue
6840,1881,2026-06-01,2026-06-30,849.00,74.73,0.00,166.27,0.00,1090.00,2026-07-15,Paid
6841,1881,2026-07-01,2026-07-31,849.00,73.82,19.00,169.53,0.00,1111.35,2026-08-15,Paid
6842,1881,2026-08-01,2026-08-31,849.00,96.18,99.00,187.95,0.00,1232.13,2026-09-15,Unpaid
6843,1882,2026-03-01,2026-03-31,149.00,38.01,19.00,37.08,0.00,243.09,2026-04-15,Paid
6844,1882,2026-04-01,2026-04-30,149.00,21.80,99.00,48.56,0.00,318.36,2026-05-15,Paid
6845,1882,2026-05-01,2026-05-31,149.00,30.65,19.00,35.76,0.00,234.41,2026-06-15,Paid
6846,1882,2026-06-01,2026-06-30,149.00,60.64,49.00,46.56,0.00,305.20,2026-07-15,Paid
6847,1882,2026-07-01,2026-07-31,149.00,93.01,99.00,61.38,0.00,402.39,2026-08-15,Unpaid
6848,1882,2026-08-01,2026-08-31,149.00,36.62,99.00,51.23,0.00,335.85,2026-09-15,Unpaid
6849,1885,2026-03-01,2026-03-31,399.00,54.00,0.00,81.54,0.00,534.54,2026-04-15,Paid
6850,1885,2026-04-01,2026-04-30,399.00,33.55,49.00,86.68,0.00,568.23,2026-05-15,Paid
6851,1885,2026-05-01,2026-05-31,399.00,24.50,49.00,85.05,0.00,557.55,2026-06-15,Paid
6852,1885,2026-06-01,2026-06-30,399.00,17.62,49.00,83.81,0.00,549.43,2026-07-15,Paid
6853,1885,2026-07-01,2026-07-31,399.00,4.88,0.00,72.70,0.00,476.58,2026-08-15,Paid
6854,1885,2026-08-01,2026-08-31,399.00,14.36,99.00,92.22,0.00,604.58,2026-09-15,Unpaid
6855,1888,2026-03-01,2026-03-31,849.00,8.34,0.00,154.32,0.00,1011.66,2026-04-15,Paid
6856,1888,2026-04-01,2026-04-30,849.00,23.08,19.00,160.39,0.00,1051.47,2026-05-15,Paid
6857,1888,2026-05-01,2026-05-31,849.00,45.15,29.00,166.17,0.00,1089.32,2026-06-15,Paid
6858,1888,2026-06-01,2026-06-30,849.00,62.83,0.00,164.13,0.00,1075.96,2026-07-15,Unpaid
6859,1888,2026-07-01,2026-07-31,849.00,79.51,0.00,167.13,0.00,1095.64,2026-08-15,Paid
6860,1888,2026-08-01,2026-08-31,849.00,70.06,19.00,168.85,0.00,1106.91,2026-09-15,Paid
6861,1894,2026-03-01,2026-03-31,149.00,64.03,29.00,43.57,0.00,285.60,2026-04-15,Paid
6862,1894,2026-04-01,2026-04-30,149.00,14.66,0.00,29.46,0.00,193.12,2026-05-15,Paid
6863,1894,2026-05-01,2026-05-31,149.00,97.97,29.00,49.67,0.00,325.64,2026-06-15,Paid
6864,1894,2026-06-01,2026-06-30,149.00,62.25,49.00,46.84,0.00,307.09,2026-07-15,Paid
6865,1894,2026-07-01,2026-07-31,149.00,49.25,0.00,35.68,0.00,233.93,2026-08-15,Paid
6866,1894,2026-08-01,2026-08-31,149.00,93.21,0.00,43.60,0.00,285.81,2026-09-15,Paid
6867,1895,2026-03-01,2026-03-31,899.00,52.76,19.00,174.74,0.00,1145.50,2026-04-15,Paid
6868,1895,2026-04-01,2026-04-30,899.00,74.76,29.00,180.50,0.00,1183.26,2026-05-15,Paid
6869,1895,2026-05-01,2026-05-31,899.00,12.60,99.00,181.91,0.00,1192.51,2026-06-15,Paid
6870,1895,2026-06-01,2026-06-30,899.00,46.52,19.00,173.61,0.00,1138.13,2026-07-15,Paid
6871,1895,2026-07-01,2026-07-31,899.00,89.59,19.00,181.37,0.00,1188.96,2026-08-15,Unpaid
6872,1895,2026-08-01,2026-08-31,899.00,56.43,0.00,171.98,0.00,1127.41,2026-09-15,Unpaid
6873,1900,2026-03-01,2026-03-31,849.00,3.46,0.00,153.44,0.00,1005.90,2026-04-15,Paid
6874,1900,2026-04-01,2026-04-30,849.00,14.22,99.00,173.20,0.00,1135.42,2026-05-15,Paid
6875,1900,2026-05-01,2026-05-31,849.00,19.20,0.00,156.28,0.00,1024.48,2026-06-15,Paid
6876,1900,2026-06-01,2026-06-30,849.00,99.51,29.00,175.95,0.00,1153.46,2026-07-15,Paid
6877,1900,2026-07-01,2026-07-31,849.00,37.13,29.00,164.72,0.00,1079.85,2026-08-15,Unpaid
6878,1900,2026-08-01,2026-08-31,849.00,98.50,19.00,173.97,0.00,1140.47,2026-09-15,Paid
6879,1905,2026-03-01,2026-03-31,899.00,25.94,0.00,166.49,0.00,1091.43,2026-04-15,Paid
6880,1905,2026-04-01,2026-04-30,899.00,53.54,0.00,171.46,0.00,1124.00,2026-05-15,Unpaid
6881,1905,2026-05-01,2026-05-31,899.00,0.33,49.00,170.70,0.00,1119.03,2026-06-15,Paid
6882,1905,2026-06-01,2026-06-30,899.00,38.44,0.00,168.74,0.00,1106.18,2026-07-15,Paid
6883,1905,2026-07-01,2026-07-31,899.00,1.57,19.00,165.52,0.00,1085.09,2026-08-15,Unpaid
6884,1905,2026-08-01,2026-08-31,899.00,50.03,0.00,170.83,0.00,1119.86,2026-09-15,Paid
6885,1908,2026-03-01,2026-03-31,299.00,63.79,19.00,68.72,0.00,450.51,2026-04-15,Paid
6886,1908,2026-04-01,2026-04-30,299.00,10.71,19.00,59.17,41.93,429.81,2026-05-15,Overdue
6887,1908,2026-05-01,2026-05-31,299.00,87.26,0.00,69.53,0.00,455.79,2026-06-15,Unpaid
6888,1908,2026-06-01,2026-06-30,299.00,9.83,0.00,55.59,0.00,364.42,2026-07-15,Paid
6889,1908,2026-07-01,2026-07-31,299.00,32.61,99.00,77.51,0.00,508.12,2026-08-15,Unpaid
6890,1908,2026-08-01,2026-08-31,299.00,38.42,99.00,78.56,0.00,514.98,2026-09-15,Unpaid
6891,1909,2026-03-01,2026-03-31,199.00,67.13,99.00,65.72,59.88,490.73,2026-04-15,Overdue
6892,1909,2026-04-01,2026-04-30,199.00,43.89,0.00,43.72,0.00,286.61,2026-05-15,Paid
6893,1909,2026-05-01,2026-05-31,199.00,24.74,0.00,40.27,49.48,313.49,2026-06-15,Overdue
6894,1909,2026-06-01,2026-06-30,199.00,49.77,19.00,48.20,65.65,381.62,2026-07-15,Overdue
6895,1909,2026-07-01,2026-07-31,199.00,23.97,0.00,40.13,0.00,263.10,2026-08-15,Unpaid
6896,1909,2026-08-01,2026-08-31,199.00,16.90,0.00,38.86,0.00,254.76,2026-09-15,Unpaid
6897,1911,2026-03-01,2026-03-31,149.00,31.51,0.00,32.49,54.84,267.84,2026-04-15,Overdue
6898,1911,2026-04-01,2026-04-30,149.00,28.18,99.00,49.71,0.00,325.89,2026-05-15,Paid
6899,1911,2026-05-01,2026-05-31,149.00,69.04,19.00,42.67,0.00,279.71,2026-06-15,Paid
6900,1911,2026-06-01,2026-06-30,149.00,12.13,99.00,46.82,0.00,306.95,2026-07-15,Paid
6901,1911,2026-07-01,2026-07-31,149.00,5.69,0.00,27.84,0.00,182.53,2026-08-15,Unpaid
6902,1911,2026-08-01,2026-08-31,149.00,80.83,49.00,50.19,0.00,329.02,2026-09-15,Unpaid
6903,1916,2026-03-01,2026-03-31,149.00,64.31,19.00,41.82,0.00,274.13,2026-04-15,Paid
6904,1916,2026-04-01,2026-04-30,149.00,58.53,99.00,55.18,0.00,361.71,2026-05-15,Paid
6905,1916,2026-05-01,2026-05-31,149.00,28.22,0.00,31.90,26.91,236.03,2026-06-15,Overdue
6906,1916,2026-06-01,2026-06-30,149.00,98.24,19.00,47.92,0.00,314.16,2026-07-15,Paid
6907,1916,2026-07-01,2026-07-31,149.00,74.31,0.00,40.20,0.00,263.51,2026-08-15,Paid
6908,1916,2026-08-01,2026-08-31,149.00,63.37,19.00,41.65,0.00,273.02,2026-09-15,Paid
6909,1917,2026-03-01,2026-03-31,149.00,82.82,19.00,45.15,0.00,295.97,2026-04-15,Paid
6910,1917,2026-04-01,2026-04-30,149.00,38.69,29.00,39.00,0.00,255.69,2026-05-15,Paid
6911,1917,2026-05-01,2026-05-31,149.00,83.39,19.00,45.25,29.86,326.50,2026-06-15,Overdue
6912,1917,2026-06-01,2026-06-30,149.00,95.13,49.00,52.76,0.00,345.89,2026-07-15,Paid
6913,1917,2026-07-01,2026-07-31,149.00,16.72,19.00,33.25,0.00,217.97,2026-08-15,Paid
6914,1917,2026-08-01,2026-08-31,149.00,15.74,49.00,38.47,0.00,252.21,2026-09-15,Unpaid
6915,1919,2026-03-01,2026-03-31,699.00,73.35,49.00,147.84,0.00,969.19,2026-04-15,Paid
6916,1919,2026-04-01,2026-04-30,699.00,29.46,19.00,134.54,0.00,882.00,2026-05-15,Paid
6917,1919,2026-05-01,2026-05-31,699.00,58.77,0.00,136.40,0.00,894.17,2026-06-15,Paid
6918,1919,2026-06-01,2026-06-30,699.00,10.21,0.00,127.66,0.00,836.87,2026-07-15,Paid
6919,1919,2026-07-01,2026-07-31,699.00,39.14,0.00,132.87,0.00,871.01,2026-08-15,Unpaid
6920,1919,2026-08-01,2026-08-31,699.00,71.37,19.00,142.09,0.00,931.46,2026-09-15,Unpaid
6921,1921,2026-03-01,2026-03-31,399.00,84.06,49.00,95.77,0.00,627.83,2026-04-15,Paid
6922,1921,2026-04-01,2026-04-30,399.00,36.68,49.00,87.24,0.00,571.92,2026-05-15,Paid
6923,1921,2026-05-01,2026-05-31,399.00,37.62,0.00,78.59,70.55,585.76,2026-06-15,Overdue
6924,1921,2026-06-01,2026-06-30,399.00,79.34,0.00,86.10,0.00,564.44,2026-07-15,Paid
6925,1921,2026-07-01,2026-07-31,399.00,14.17,29.00,79.59,0.00,521.76,2026-08-15,Unpaid
6926,1921,2026-08-01,2026-08-31,399.00,24.51,29.00,81.45,0.00,533.96,2026-09-15,Unpaid
6927,1922,2026-03-01,2026-03-31,849.00,37.27,29.00,164.75,0.00,1080.02,2026-04-15,Paid
6928,1922,2026-04-01,2026-04-30,849.00,62.11,19.00,167.42,0.00,1097.53,2026-05-15,Paid
6929,1922,2026-05-01,2026-05-31,849.00,92.61,49.00,178.31,93.75,1262.67,2026-06-15,Overdue
6930,1922,2026-06-01,2026-06-30,849.00,81.45,49.00,176.30,0.00,1155.75,2026-07-15,Paid
6931,1922,2026-07-01,2026-07-31,849.00,88.90,0.00,168.82,0.00,1106.72,2026-08-15,Paid
6932,1922,2026-08-01,2026-08-31,849.00,42.57,0.00,160.48,0.00,1052.05,2026-09-15,Paid
6933,1926,2026-03-01,2026-03-31,179.00,9.54,0.00,33.94,0.00,222.48,2026-04-15,Paid
6934,1926,2026-04-01,2026-04-30,179.00,23.77,49.00,45.32,0.00,297.09,2026-05-15,Paid
6935,1926,2026-05-01,2026-05-31,179.00,45.55,0.00,40.42,0.00,264.97,2026-06-15,Paid
6936,1926,2026-06-01,2026-06-30,179.00,95.00,49.00,58.14,0.00,381.14,2026-07-15,Paid
6937,1926,2026-07-01,2026-07-31,179.00,39.80,19.00,42.80,0.00,280.60,2026-08-15,Unpaid
6938,1926,2026-08-01,2026-08-31,179.00,59.65,0.00,42.96,0.00,281.61,2026-09-15,Paid
6939,1930,2026-03-01,2026-03-31,649.00,10.06,29.00,123.85,0.00,811.91,2026-04-15,Unpaid
6940,1930,2026-04-01,2026-04-30,649.00,5.06,0.00,117.73,0.00,771.79,2026-05-15,Paid
6941,1930,2026-05-01,2026-05-31,649.00,27.32,99.00,139.56,44.21,959.09,2026-06-15,Overdue
6942,1930,2026-06-01,2026-06-30,649.00,92.69,0.00,133.50,0.00,875.19,2026-07-15,Paid
6943,1930,2026-07-01,2026-07-31,649.00,57.77,19.00,130.64,0.00,856.41,2026-08-15,Unpaid
6944,1930,2026-08-01,2026-08-31,649.00,36.56,49.00,132.22,0.00,866.78,2026-09-15,Unpaid
6945,1938,2026-03-01,2026-03-31,179.00,51.52,99.00,59.31,0.00,388.83,2026-04-15,Paid
6946,1938,2026-04-01,2026-04-30,179.00,45.44,49.00,49.22,0.00,322.66,2026-05-15,Unpaid
6947,1938,2026-05-01,2026-05-31,179.00,61.17,49.00,52.05,0.00,341.22,2026-06-15,Paid
6948,1938,2026-06-01,2026-06-30,179.00,19.01,0.00,35.64,67.12,300.77,2026-07-15,Overdue
6949,1938,2026-07-01,2026-07-31,179.00,26.74,19.00,40.45,0.00,265.19,2026-08-15,Unpaid
6950,1938,2026-08-01,2026-08-31,179.00,99.54,99.00,67.96,0.00,445.50,2026-09-15,Unpaid
6951,1940,2026-03-01,2026-03-31,199.00,33.86,99.00,59.73,0.00,391.59,2026-04-15,Paid
6952,1940,2026-04-01,2026-04-30,199.00,78.67,0.00,49.98,0.00,327.65,2026-05-15,Paid
6953,1940,2026-05-01,2026-05-31,199.00,95.63,0.00,53.03,0.00,347.66,2026-06-15,Paid
6954,1940,2026-06-01,2026-06-30,199.00,45.19,19.00,47.37,0.00,310.56,2026-07-15,Paid
6955,1940,2026-07-01,2026-07-31,199.00,26.71,99.00,58.45,0.00,383.16,2026-08-15,Unpaid
6956,1940,2026-08-01,2026-08-31,199.00,62.21,99.00,64.84,0.00,425.05,2026-09-15,Paid
6957,1941,2026-03-01,2026-03-31,649.00,72.90,49.00,138.76,0.00,909.66,2026-04-15,Paid
6958,1941,2026-04-01,2026-04-30,649.00,55.17,49.00,135.57,0.00,888.74,2026-05-15,Unpaid
6959,1941,2026-05-01,2026-05-31,649.00,27.85,99.00,139.65,0.00,915.50,2026-06-15,Paid
6960,1941,2026-06-01,2026-06-30,649.00,65.44,29.00,133.82,67.92,945.18,2026-07-15,Overdue
6961,1941,2026-07-01,2026-07-31,649.00,84.47,19.00,135.44,0.00,887.91,2026-08-15,Unpaid
6962,1941,2026-08-01,2026-08-31,649.00,33.37,19.00,126.25,0.00,827.62,2026-09-15,Paid
6963,1942,2026-03-01,2026-03-31,299.00,84.56,99.00,86.86,0.00,569.42,2026-04-15,Paid
6964,1942,2026-04-01,2026-04-30,299.00,31.34,0.00,59.46,54.53,444.33,2026-05-15,Overdue
6965,1942,2026-05-01,2026-05-31,299.00,10.86,99.00,73.59,0.00,482.45,2026-06-15,Paid
6966,1942,2026-06-01,2026-06-30,299.00,29.87,0.00,59.20,0.00,388.07,2026-07-15,Paid
6967,1942,2026-07-01,2026-07-31,299.00,32.49,99.00,77.49,0.00,507.98,2026-08-15,Paid
6968,1942,2026-08-01,2026-08-31,299.00,25.25,0.00,58.36,0.00,382.61,2026-09-15,Unpaid
6969,1947,2026-03-01,2026-03-31,649.00,10.98,19.00,122.22,0.00,801.20,2026-04-15,Paid
6970,1947,2026-04-01,2026-04-30,649.00,99.46,99.00,152.54,0.00,1000.00,2026-05-15,Paid
6971,1947,2026-05-01,2026-05-31,649.00,84.38,99.00,149.83,0.00,982.21,2026-06-15,Paid
6972,1947,2026-06-01,2026-06-30,649.00,76.56,0.00,130.60,0.00,856.16,2026-07-15,Paid
6973,1947,2026-07-01,2026-07-31,649.00,12.22,99.00,136.84,0.00,897.06,2026-08-15,Unpaid
6974,1947,2026-08-01,2026-08-31,649.00,81.44,99.00,149.30,0.00,978.74,2026-09-15,Paid
6975,1948,2026-03-01,2026-03-31,2999.00,99.56,0.00,557.74,0.00,3656.30,2026-04-15,Paid
6976,1948,2026-04-01,2026-04-30,2999.00,16.81,99.00,560.67,0.00,3675.48,2026-05-15,Unpaid
6977,1948,2026-05-01,2026-05-31,2999.00,6.59,0.00,541.01,0.00,3546.60,2026-06-15,Paid
6978,1948,2026-06-01,2026-06-30,2999.00,0.96,0.00,539.99,0.00,3539.95,2026-07-15,Paid
6979,1948,2026-07-01,2026-07-31,2999.00,5.57,99.00,558.64,0.00,3662.21,2026-08-15,Unpaid
6980,1948,2026-08-01,2026-08-31,2999.00,30.40,29.00,550.51,0.00,3608.91,2026-09-15,Unpaid
6981,1950,2026-03-01,2026-03-31,149.00,87.78,29.00,47.84,33.89,347.51,2026-04-15,Overdue
6982,1950,2026-04-01,2026-04-30,149.00,24.78,99.00,49.10,0.00,321.88,2026-05-15,Paid
6983,1950,2026-05-01,2026-05-31,149.00,80.79,0.00,41.36,0.00,271.15,2026-06-15,Paid
6984,1950,2026-06-01,2026-06-30,149.00,15.35,0.00,29.58,0.00,193.93,2026-07-15,Unpaid
6985,1950,2026-07-01,2026-07-31,149.00,9.28,49.00,37.31,0.00,244.59,2026-08-15,Paid
6986,1950,2026-08-01,2026-08-31,149.00,49.64,99.00,53.58,0.00,351.22,2026-09-15,Unpaid
6987,1956,2026-03-01,2026-03-31,179.00,12.73,0.00,34.51,0.00,226.24,2026-04-15,Paid
6988,1956,2026-04-01,2026-04-30,179.00,98.40,49.00,58.75,0.00,385.15,2026-05-15,Paid
6989,1956,2026-05-01,2026-05-31,179.00,1.89,0.00,32.56,0.00,213.45,2026-06-15,Paid
6990,1956,2026-06-01,2026-06-30,179.00,78.49,49.00,55.17,0.00,361.66,2026-07-15,Paid
6991,1956,2026-07-01,2026-07-31,179.00,4.93,0.00,33.11,0.00,217.04,2026-08-15,Paid
6992,1956,2026-08-01,2026-08-31,179.00,71.93,49.00,53.99,0.00,353.92,2026-09-15,Paid
6993,1964,2026-03-01,2026-03-31,2999.00,89.68,49.00,564.78,0.00,3702.46,2026-04-15,Unpaid
6994,1964,2026-04-01,2026-04-30,2999.00,51.35,0.00,549.06,0.00,3599.41,2026-05-15,Paid
6995,1964,2026-05-01,2026-05-31,2999.00,91.55,19.00,559.72,0.00,3669.27,2026-06-15,Paid
6996,1964,2026-06-01,2026-06-30,2999.00,92.40,0.00,556.45,0.00,3647.85,2026-07-15,Paid
6997,1964,2026-07-01,2026-07-31,2999.00,8.67,99.00,559.20,0.00,3665.87,2026-08-15,Paid
6998,1964,2026-08-01,2026-08-31,2999.00,87.08,49.00,564.31,0.00,3699.39,2026-09-15,Unpaid
6999,1971,2026-03-01,2026-03-31,179.00,93.03,99.00,66.79,0.00,437.82,2026-04-15,Paid
7000,1971,2026-04-01,2026-04-30,179.00,56.31,0.00,42.36,0.00,277.67,2026-05-15,Paid
7001,1971,2026-05-01,2026-05-31,179.00,32.94,29.00,43.37,0.00,284.31,2026-06-15,Unpaid
7002,1971,2026-06-01,2026-06-30,179.00,14.84,0.00,34.89,52.35,281.08,2026-07-15,Overdue
7003,1971,2026-07-01,2026-07-31,179.00,94.72,19.00,52.69,0.00,345.41,2026-08-15,Paid
7004,1971,2026-08-01,2026-08-31,179.00,86.57,29.00,53.02,0.00,347.59,2026-09-15,Paid
7005,1972,2026-03-01,2026-03-31,239.00,18.59,19.00,49.79,0.00,326.38,2026-04-15,Paid
7006,1972,2026-04-01,2026-04-30,239.00,51.67,0.00,52.32,0.00,342.99,2026-05-15,Paid
7007,1972,2026-05-01,2026-05-31,239.00,60.38,99.00,71.71,0.00,470.09,2026-06-15,Paid
7008,1972,2026-06-01,2026-06-30,239.00,72.40,99.00,73.87,0.00,484.27,2026-07-15,Paid
7009,1972,2026-07-01,2026-07-31,239.00,97.99,29.00,65.88,0.00,431.87,2026-08-15,Unpaid
7010,1972,2026-08-01,2026-08-31,239.00,24.31,29.00,52.62,0.00,344.93,2026-09-15,Unpaid
7011,1974,2026-03-01,2026-03-31,649.00,95.71,99.00,151.87,70.31,1065.89,2026-04-15,Overdue
7012,1974,2026-04-01,2026-04-30,649.00,28.52,0.00,121.95,0.00,799.47,2026-05-15,Paid
7013,1974,2026-05-01,2026-05-31,649.00,40.29,0.00,124.07,0.00,813.36,2026-06-15,Paid
7014,1974,2026-06-01,2026-06-30,649.00,34.46,99.00,140.84,0.00,923.30,2026-07-15,Paid
7015,1974,2026-07-01,2026-07-31,649.00,80.76,49.00,140.18,0.00,918.94,2026-08-15,Paid
7016,1974,2026-08-01,2026-08-31,649.00,44.13,0.00,124.76,0.00,817.89,2026-09-15,Paid
7017,1975,2026-03-01,2026-03-31,239.00,88.06,19.00,62.29,0.00,408.35,2026-04-15,Paid
7018,1975,2026-04-01,2026-04-30,239.00,55.55,0.00,53.02,0.00,347.57,2026-05-15,Paid
7019,1975,2026-05-01,2026-05-31,239.00,58.90,19.00,57.04,0.00,373.94,2026-06-15,Paid
7020,1975,2026-06-01,2026-06-30,239.00,20.98,99.00,64.62,0.00,423.60,2026-07-15,Paid
7021,1975,2026-07-01,2026-07-31,239.00,26.13,0.00,47.72,0.00,312.85,2026-08-15,Paid
7022,1975,2026-08-01,2026-08-31,239.00,83.30,0.00,58.01,0.00,380.31,2026-09-15,Unpaid
7023,1976,2026-03-01,2026-03-31,99.00,23.80,19.00,25.52,0.00,167.32,2026-04-15,Paid
7024,1976,2026-04-01,2026-04-30,99.00,35.18,0.00,24.15,0.00,158.33,2026-05-15,Paid
7025,1976,2026-05-01,2026-05-31,99.00,15.02,0.00,20.52,0.00,134.54,2026-06-15,Paid
7026,1976,2026-06-01,2026-06-30,99.00,91.36,49.00,43.08,0.00,282.44,2026-07-15,Paid
7027,1976,2026-07-01,2026-07-31,99.00,33.74,0.00,23.89,0.00,156.63,2026-08-15,Paid
7028,1976,2026-08-01,2026-08-31,99.00,67.86,0.00,30.03,0.00,196.89,2026-09-15,Paid
7029,1980,2026-03-01,2026-03-31,179.00,12.62,0.00,34.49,40.92,267.03,2026-04-15,Overdue
7030,1980,2026-04-01,2026-04-30,179.00,46.56,99.00,58.42,0.00,382.98,2026-05-15,Paid
7031,1980,2026-05-01,2026-05-31,179.00,89.07,19.00,51.67,0.00,338.74,2026-06-15,Unpaid
7032,1980,2026-06-01,2026-06-30,179.00,28.47,0.00,37.34,0.00,244.81,2026-07-15,Unpaid
7033,1980,2026-07-01,2026-07-31,179.00,42.71,19.00,43.33,0.00,284.04,2026-08-15,Paid
7034,1980,2026-08-01,2026-08-31,179.00,58.61,99.00,60.59,0.00,397.20,2026-09-15,Unpaid
7035,1981,2026-03-01,2026-03-31,899.00,74.76,29.00,180.50,0.00,1183.26,2026-04-15,Paid
7036,1981,2026-04-01,2026-04-30,899.00,74.82,99.00,193.11,0.00,1265.93,2026-05-15,Paid
7037,1981,2026-05-01,2026-05-31,899.00,90.76,0.00,178.16,99.65,1267.57,2026-06-15,Overdue
7038,1981,2026-06-01,2026-06-30,899.00,94.38,49.00,187.63,0.00,1230.01,2026-07-15,Paid
7039,1981,2026-07-01,2026-07-31,899.00,92.45,0.00,178.46,0.00,1169.91,2026-08-15,Unpaid
7040,1981,2026-08-01,2026-08-31,899.00,66.66,0.00,173.82,0.00,1139.48,2026-09-15,Paid
7041,1988,2026-03-01,2026-03-31,299.00,78.47,0.00,67.94,0.00,445.41,2026-04-15,Paid
7042,1988,2026-04-01,2026-04-30,299.00,85.50,49.00,78.03,0.00,511.53,2026-05-15,Unpaid
7043,1988,2026-05-01,2026-05-31,299.00,20.84,0.00,57.57,0.00,377.41,2026-06-15,Paid
7044,1988,2026-06-01,2026-06-30,299.00,32.61,0.00,59.69,0.00,391.30,2026-07-15,Paid
7045,1988,2026-07-01,2026-07-31,299.00,82.23,0.00,68.62,0.00,449.85,2026-08-15,Paid
7046,1988,2026-08-01,2026-08-31,299.00,75.99,0.00,67.50,0.00,442.49,2026-09-15,Paid
7047,1989,2026-03-01,2026-03-31,499.00,35.80,19.00,99.68,0.00,653.48,2026-04-15,Paid
7048,1989,2026-04-01,2026-04-30,499.00,95.83,49.00,115.89,0.00,759.72,2026-05-15,Unpaid
7049,1989,2026-05-01,2026-05-31,499.00,39.57,19.00,100.36,0.00,657.93,2026-06-15,Paid
7050,1989,2026-06-01,2026-06-30,499.00,88.07,0.00,105.67,0.00,692.74,2026-07-15,Paid
7051,1989,2026-07-01,2026-07-31,499.00,6.46,0.00,90.98,0.00,596.44,2026-08-15,Unpaid
7052,1989,2026-08-01,2026-08-31,499.00,53.08,49.00,108.19,0.00,709.27,2026-09-15,Unpaid
7053,1994,2026-03-01,2026-03-31,899.00,60.50,29.00,177.93,0.00,1166.43,2026-04-15,Paid
7054,1994,2026-04-01,2026-04-30,899.00,34.35,99.00,185.82,0.00,1218.17,2026-05-15,Unpaid
7055,1994,2026-05-01,2026-05-31,899.00,80.75,0.00,176.35,0.00,1156.10,2026-06-15,Paid
7056,1994,2026-06-01,2026-06-30,899.00,24.64,99.00,184.08,0.00,1206.72,2026-07-15,Paid
7057,1994,2026-07-01,2026-07-31,899.00,15.19,29.00,169.77,0.00,1112.96,2026-08-15,Unpaid
7058,1994,2026-08-01,2026-08-31,899.00,90.36,99.00,195.90,0.00,1284.26,2026-09-15,Unpaid
7059,1996,2026-03-01,2026-03-31,149.00,37.11,19.00,36.92,0.00,242.03,2026-04-15,Paid
7060,1996,2026-04-01,2026-04-30,149.00,90.80,19.00,46.58,0.00,305.38,2026-05-15,Paid
7061,1996,2026-05-01,2026-05-31,149.00,47.86,0.00,35.43,0.00,232.29,2026-06-15,Paid
7062,1996,2026-06-01,2026-06-30,149.00,94.06,0.00,43.75,0.00,286.81,2026-07-15,Paid
7063,1996,2026-07-01,2026-07-31,149.00,30.42,19.00,35.72,0.00,234.14,2026-08-15,Unpaid
7064,1996,2026-08-01,2026-08-31,149.00,45.33,49.00,43.80,0.00,287.13,2026-09-15,Unpaid
7065,1998,2026-03-01,2026-03-31,2999.00,72.29,49.00,561.65,0.00,3681.94,2026-04-15,Paid
7066,1998,2026-04-01,2026-04-30,2999.00,15.87,99.00,560.50,0.00,3674.37,2026-05-15,Paid
7067,1998,2026-05-01,2026-05-31,2999.00,73.69,99.00,570.90,0.00,3742.59,2026-06-15,Paid
7068,1998,2026-06-01,2026-06-30,2999.00,46.46,29.00,553.40,0.00,3627.86,2026-07-15,Paid
7069,1998,2026-07-01,2026-07-31,2999.00,96.04,19.00,560.53,0.00,3674.57,2026-08-15,Paid
7070,1998,2026-08-01,2026-08-31,2999.00,49.42,0.00,548.72,0.00,3597.14,2026-09-15,Unpaid
7071,1999,2026-03-01,2026-03-31,149.00,80.71,19.00,44.77,21.00,314.48,2026-04-15,Overdue
7072,1999,2026-04-01,2026-04-30,149.00,40.41,0.00,34.09,0.00,223.50,2026-05-15,Paid
7073,1999,2026-05-01,2026-05-31,149.00,61.68,0.00,37.92,0.00,248.60,2026-06-15,Paid
7074,1999,2026-06-01,2026-06-30,149.00,32.82,29.00,37.95,0.00,248.77,2026-07-15,Paid
7075,1999,2026-07-01,2026-07-31,149.00,90.82,29.00,48.39,0.00,317.21,2026-08-15,Paid
7076,1999,2026-08-01,2026-08-31,149.00,20.98,99.00,48.42,0.00,317.40,2026-09-15,Paid
7077,2002,2026-03-01,2026-03-31,179.00,17.08,0.00,35.29,0.00,231.37,2026-04-15,Unpaid
7078,2002,2026-04-01,2026-04-30,179.00,98.24,0.00,49.90,39.34,366.48,2026-05-15,Overdue
7079,2002,2026-05-01,2026-05-31,179.00,23.30,0.00,36.41,24.56,263.27,2026-06-15,Overdue
7080,2002,2026-06-01,2026-06-30,179.00,73.69,0.00,45.48,0.00,298.17,2026-07-15,Paid
7081,2002,2026-07-01,2026-07-31,179.00,35.56,99.00,56.44,0.00,370.00,2026-08-15,Paid
7082,2002,2026-08-01,2026-08-31,179.00,43.13,0.00,39.98,0.00,262.11,2026-09-15,Paid
7083,2003,2026-03-01,2026-03-31,179.00,32.35,49.00,46.86,0.00,307.21,2026-04-15,Paid
7084,2003,2026-04-01,2026-04-30,179.00,20.69,0.00,35.94,0.00,235.63,2026-05-15,Paid
7085,2003,2026-05-01,2026-05-31,179.00,74.12,29.00,50.78,77.82,410.72,2026-06-15,Overdue
7086,2003,2026-06-01,2026-06-30,179.00,37.31,0.00,38.94,0.00,255.25,2026-07-15,Paid
7087,2003,2026-07-01,2026-07-31,179.00,65.71,0.00,44.05,0.00,288.76,2026-08-15,Paid
7088,2003,2026-08-01,2026-08-31,179.00,62.16,49.00,52.23,0.00,342.39,2026-09-15,Paid
7089,2006,2026-03-01,2026-03-31,199.00,86.11,0.00,51.32,0.00,336.43,2026-04-15,Paid
7090,2006,2026-04-01,2026-04-30,199.00,67.67,19.00,51.42,0.00,337.09,2026-05-15,Paid
7091,2006,2026-05-01,2026-05-31,199.00,37.19,19.00,45.93,81.49,382.61,2026-06-15,Overdue
7092,2006,2026-06-01,2026-06-30,199.00,39.97,99.00,60.83,0.00,398.80,2026-07-15,Paid
7093,2006,2026-07-01,2026-07-31,199.00,75.94,29.00,54.71,0.00,358.65,2026-08-15,Paid
7094,2006,2026-08-01,2026-08-31,199.00,88.39,19.00,55.15,0.00,361.54,2026-09-15,Paid
7095,2011,2026-03-01,2026-03-31,299.00,2.06,49.00,63.01,0.00,413.07,2026-04-15,Paid
7096,2011,2026-04-01,2026-04-30,299.00,1.06,0.00,54.01,0.00,354.07,2026-05-15,Paid
7097,2011,2026-05-01,2026-05-31,299.00,44.51,0.00,61.83,0.00,405.34,2026-06-15,Paid
7098,2011,2026-06-01,2026-06-30,299.00,77.01,0.00,67.68,0.00,443.69,2026-07-15,Paid
7099,2011,2026-07-01,2026-07-31,299.00,67.31,29.00,71.16,0.00,466.47,2026-08-15,Paid
7100,2011,2026-08-01,2026-08-31,299.00,1.18,29.00,59.25,0.00,388.43,2026-09-15,Unpaid
7101,2015,2026-03-01,2026-03-31,249.00,38.95,0.00,51.83,0.00,339.78,2026-04-15,Paid
7102,2015,2026-04-01,2026-04-30,249.00,38.41,0.00,51.73,0.00,339.14,2026-05-15,Paid
7103,2015,2026-05-01,2026-05-31,249.00,91.57,0.00,61.30,73.31,475.18,2026-06-15,Overdue
7104,2015,2026-06-01,2026-06-30,249.00,20.35,0.00,48.48,0.00,317.83,2026-07-15,Paid
7105,2015,2026-07-01,2026-07-31,249.00,57.30,0.00,55.13,0.00,361.43,2026-08-15,Unpaid
7106,2015,2026-08-01,2026-08-31,249.00,11.80,29.00,52.16,0.00,341.96,2026-09-15,Unpaid
7107,2018,2026-03-01,2026-03-31,149.00,63.27,99.00,56.03,82.45,449.75,2026-04-15,Overdue
7108,2018,2026-04-01,2026-04-30,149.00,80.27,99.00,59.09,0.00,387.36,2026-05-15,Paid
7109,2018,2026-05-01,2026-05-31,149.00,46.38,19.00,38.59,0.00,252.97,2026-06-15,Paid
7110,2018,2026-06-01,2026-06-30,149.00,50.03,29.00,41.05,0.00,269.08,2026-07-15,Paid
7111,2018,2026-07-01,2026-07-31,149.00,13.94,0.00,29.33,0.00,192.27,2026-08-15,Paid
7112,2018,2026-08-01,2026-08-31,149.00,29.56,49.00,40.96,0.00,268.52,2026-09-15,Unpaid
7113,2024,2026-03-01,2026-03-31,149.00,92.20,0.00,43.42,0.00,284.62,2026-04-15,Paid
7114,2024,2026-04-01,2026-04-30,149.00,77.92,49.00,49.67,0.00,325.59,2026-05-15,Unpaid
7115,2024,2026-05-01,2026-05-31,149.00,39.85,0.00,33.99,0.00,222.84,2026-06-15,Unpaid
7116,2024,2026-06-01,2026-06-30,149.00,82.48,19.00,45.09,0.00,295.57,2026-07-15,Paid
7117,2024,2026-07-01,2026-07-31,149.00,95.66,0.00,44.04,0.00,288.70,2026-08-15,Paid
7118,2024,2026-08-01,2026-08-31,149.00,24.37,19.00,34.63,0.00,227.00,2026-09-15,Unpaid
7119,2026,2026-03-01,2026-03-31,149.00,70.20,99.00,57.28,0.00,375.48,2026-04-15,Paid
7120,2026,2026-04-01,2026-04-30,149.00,69.99,29.00,44.64,0.00,292.63,2026-05-15,Paid
7121,2026,2026-05-01,2026-05-31,149.00,43.18,29.00,39.81,0.00,260.99,2026-06-15,Paid
7122,2026,2026-06-01,2026-06-30,149.00,17.88,0.00,30.04,0.00,196.92,2026-07-15,Paid
7123,2026,2026-07-01,2026-07-31,149.00,27.42,19.00,35.18,0.00,230.60,2026-08-15,Paid
7124,2026,2026-08-01,2026-08-31,149.00,81.63,0.00,41.51,0.00,272.14,2026-09-15,Paid
7125,2029,2026-03-01,2026-03-31,2999.00,20.85,0.00,543.57,0.00,3563.42,2026-04-15,Paid
7126,2029,2026-04-01,2026-04-30,2999.00,43.84,0.00,547.71,0.00,3590.55,2026-05-15,Paid
7127,2029,2026-05-01,2026-05-31,2999.00,88.73,19.00,559.21,0.00,3665.94,2026-06-15,Paid
7128,2029,2026-06-01,2026-06-30,2999.00,58.21,29.00,555.52,0.00,3641.73,2026-07-15,Paid
7129,2029,2026-07-01,2026-07-31,2999.00,85.28,29.00,560.39,0.00,3673.67,2026-08-15,Unpaid
7130,2029,2026-08-01,2026-08-31,2999.00,84.77,19.00,558.50,0.00,3661.27,2026-09-15,Paid
7131,2034,2026-03-01,2026-03-31,299.00,52.33,0.00,63.24,0.00,414.57,2026-04-15,Paid
7132,2034,2026-04-01,2026-04-30,299.00,77.75,99.00,85.63,0.00,561.38,2026-05-15,Paid
7133,2034,2026-05-01,2026-05-31,299.00,59.72,0.00,64.57,0.00,423.29,2026-06-15,Paid
7134,2034,2026-06-01,2026-06-30,299.00,65.21,49.00,74.38,0.00,487.59,2026-07-15,Paid
7135,2034,2026-07-01,2026-07-31,299.00,17.94,49.00,65.87,0.00,431.81,2026-08-15,Unpaid
7136,2034,2026-08-01,2026-08-31,299.00,18.17,99.00,74.91,0.00,491.08,2026-09-15,Unpaid
7137,2035,2026-03-01,2026-03-31,149.00,33.05,19.00,36.19,0.00,237.24,2026-04-15,Paid
7138,2035,2026-04-01,2026-04-30,149.00,4.04,29.00,32.77,0.00,214.81,2026-05-15,Paid
7139,2035,2026-05-01,2026-05-31,149.00,35.95,0.00,33.29,0.00,218.24,2026-06-15,Paid
7140,2035,2026-06-01,2026-06-30,149.00,9.75,0.00,28.57,0.00,187.32,2026-07-15,Unpaid
7141,2035,2026-07-01,2026-07-31,149.00,11.87,99.00,46.78,0.00,306.65,2026-08-15,Paid
7142,2035,2026-08-01,2026-08-31,149.00,88.36,19.00,46.14,0.00,302.50,2026-09-15,Unpaid
7143,2037,2026-03-01,2026-03-31,949.00,17.89,29.00,179.26,0.00,1175.15,2026-04-15,Paid
7144,2037,2026-04-01,2026-04-30,949.00,30.48,99.00,194.13,93.64,1366.25,2026-05-15,Overdue
7145,2037,2026-05-01,2026-05-31,949.00,28.85,0.00,176.01,0.00,1153.86,2026-06-15,Paid
7146,2037,2026-06-01,2026-06-30,949.00,83.30,49.00,194.63,0.00,1275.93,2026-07-15,Paid
7147,2037,2026-07-01,2026-07-31,949.00,21.20,0.00,174.64,0.00,1144.84,2026-08-15,Unpaid
7148,2037,2026-08-01,2026-08-31,949.00,45.16,99.00,196.77,0.00,1289.93,2026-09-15,Unpaid
7149,2038,2026-03-01,2026-03-31,849.00,34.57,29.00,164.26,0.00,1076.83,2026-04-15,Paid
7150,2038,2026-04-01,2026-04-30,849.00,26.73,19.00,161.05,72.98,1128.76,2026-05-15,Overdue
7151,2038,2026-05-01,2026-05-31,849.00,40.41,0.00,160.09,0.00,1049.50,2026-06-15,Paid
7152,2038,2026-06-01,2026-06-30,849.00,97.59,0.00,170.39,0.00,1116.98,2026-07-15,Paid
7153,2038,2026-07-01,2026-07-31,849.00,89.56,0.00,168.94,0.00,1107.50,2026-08-15,Unpaid
7154,2038,2026-08-01,2026-08-31,849.00,64.98,29.00,169.74,0.00,1112.72,2026-09-15,Unpaid
7155,2039,2026-03-01,2026-03-31,249.00,69.49,0.00,57.33,0.00,375.82,2026-04-15,Paid
7156,2039,2026-04-01,2026-04-30,249.00,68.06,0.00,57.07,0.00,374.13,2026-05-15,Paid
7157,2039,2026-05-01,2026-05-31,249.00,17.70,19.00,51.43,0.00,337.13,2026-06-15,Paid
7158,2039,2026-06-01,2026-06-30,249.00,21.73,99.00,66.55,0.00,436.28,2026-07-15,Paid
7159,2039,2026-07-01,2026-07-31,249.00,11.05,99.00,64.63,0.00,423.68,2026-08-15,Paid
7160,2039,2026-08-01,2026-08-31,249.00,66.20,99.00,74.56,0.00,488.76,2026-09-15,Unpaid
7161,2040,2026-03-01,2026-03-31,649.00,9.74,0.00,118.57,0.00,777.31,2026-04-15,Paid
7162,2040,2026-04-01,2026-04-30,649.00,45.88,0.00,125.08,0.00,819.96,2026-05-15,Paid
7163,2040,2026-05-01,2026-05-31,649.00,13.85,19.00,122.73,95.22,899.80,2026-06-15,Overdue
7164,2040,2026-06-01,2026-06-30,649.00,92.62,0.00,133.49,0.00,875.11,2026-07-15,Paid
7165,2040,2026-07-01,2026-07-31,649.00,54.23,0.00,126.58,0.00,829.81,2026-08-15,Paid
7166,2040,2026-08-01,2026-08-31,649.00,33.93,99.00,140.75,0.00,922.68,2026-09-15,Unpaid
7167,2041,2026-03-01,2026-03-31,699.00,96.47,0.00,143.18,38.97,977.62,2026-04-15,Overdue
7168,2041,2026-04-01,2026-04-30,699.00,74.13,49.00,147.98,0.00,970.11,2026-05-15,Paid
7169,2041,2026-05-01,2026-05-31,699.00,85.88,0.00,141.28,0.00,926.16,2026-06-15,Paid
7170,2041,2026-06-01,2026-06-30,699.00,10.80,19.00,131.18,45.15,905.13,2026-07-15,Overdue
7171,2041,2026-07-01,2026-07-31,699.00,34.24,29.00,137.20,0.00,899.44,2026-08-15,Unpaid
7172,2041,2026-08-01,2026-08-31,699.00,39.73,0.00,132.97,0.00,871.70,2026-09-15,Paid
7173,2045,2026-03-01,2026-03-31,399.00,9.91,29.00,78.82,0.00,516.73,2026-04-15,Paid
7174,2045,2026-04-01,2026-04-30,399.00,29.55,0.00,77.14,0.00,505.69,2026-05-15,Paid
7175,2045,2026-05-01,2026-05-31,399.00,24.82,29.00,81.51,0.00,534.33,2026-06-15,Paid
7176,2045,2026-06-01,2026-06-30,399.00,99.11,0.00,89.66,0.00,587.77,2026-07-15,Unpaid
7177,2045,2026-07-01,2026-07-31,399.00,24.06,99.00,93.97,0.00,616.03,2026-08-15,Unpaid
7178,2045,2026-08-01,2026-08-31,399.00,81.22,99.00,104.26,0.00,683.48,2026-09-15,Unpaid
7179,2050,2026-03-01,2026-03-31,799.00,51.36,0.00,153.06,0.00,1003.42,2026-04-15,Paid
7180,2050,2026-04-01,2026-04-30,799.00,73.05,49.00,165.79,0.00,1086.84,2026-05-15,Paid
7181,2050,2026-05-01,2026-05-31,799.00,81.84,29.00,163.77,0.00,1073.61,2026-06-15,Paid
7182,2050,2026-06-01,2026-06-30,799.00,88.90,49.00,168.64,0.00,1105.54,2026-07-15,Paid
7183,2050,2026-07-01,2026-07-31,799.00,11.17,0.00,145.83,0.00,956.00,2026-08-15,Paid
7184,2050,2026-08-01,2026-08-31,799.00,23.18,0.00,147.99,0.00,970.17,2026-09-15,Unpaid
7185,2051,2026-03-01,2026-03-31,899.00,19.36,49.00,174.12,0.00,1141.48,2026-04-15,Unpaid
7186,2051,2026-04-01,2026-04-30,899.00,81.76,0.00,176.54,0.00,1157.30,2026-05-15,Paid
7187,2051,2026-05-01,2026-05-31,899.00,23.76,0.00,166.10,0.00,1088.86,2026-06-15,Paid
7188,2051,2026-06-01,2026-06-30,899.00,92.82,99.00,196.35,0.00,1287.17,2026-07-15,Paid
7189,2051,2026-07-01,2026-07-31,899.00,47.22,49.00,179.14,0.00,1174.36,2026-08-15,Paid
7190,2051,2026-08-01,2026-08-31,899.00,15.63,29.00,169.85,0.00,1113.48,2026-09-15,Unpaid
7191,2059,2026-03-01,2026-03-31,149.00,41.07,29.00,39.43,0.00,258.50,2026-04-15,Paid
7192,2059,2026-04-01,2026-04-30,149.00,27.00,19.00,35.10,0.00,230.10,2026-05-15,Paid
7193,2059,2026-05-01,2026-05-31,149.00,12.88,0.00,29.14,0.00,191.02,2026-06-15,Paid
7194,2059,2026-06-01,2026-06-30,149.00,29.39,49.00,40.93,0.00,268.32,2026-07-15,Paid
7195,2059,2026-07-01,2026-07-31,149.00,71.66,49.00,48.54,0.00,318.20,2026-08-15,Unpaid
7196,2059,2026-08-01,2026-08-31,149.00,49.52,19.00,39.15,0.00,256.67,2026-09-15,Unpaid
7197,2065,2026-03-01,2026-03-31,179.00,10.31,0.00,34.08,0.00,223.39,2026-04-15,Paid
7198,2065,2026-04-01,2026-04-30,179.00,33.32,0.00,38.22,0.00,250.54,2026-05-15,Paid
7199,2065,2026-05-01,2026-05-31,179.00,83.39,19.00,50.65,0.00,332.04,2026-06-15,Paid
7200,2065,2026-06-01,2026-06-30,179.00,7.44,0.00,33.56,0.00,220.00,2026-07-15,Paid
7201,2065,2026-07-01,2026-07-31,179.00,80.04,0.00,46.63,0.00,305.67,2026-08-15,Unpaid
7202,2065,2026-08-01,2026-08-31,179.00,35.25,49.00,47.38,0.00,310.63,2026-09-15,Paid
7203,2067,2026-03-01,2026-03-31,649.00,3.95,0.00,117.53,0.00,770.48,2026-04-15,Unpaid
7204,2067,2026-04-01,2026-04-30,649.00,76.68,49.00,139.44,0.00,914.12,2026-05-15,Paid
7205,2067,2026-05-01,2026-05-31,649.00,46.90,19.00,128.68,0.00,843.58,2026-06-15,Unpaid
7206,2067,2026-06-01,2026-06-30,649.00,73.53,19.00,133.48,0.00,875.01,2026-07-15,Paid
7207,2067,2026-07-01,2026-07-31,649.00,38.23,29.00,128.92,0.00,845.15,2026-08-15,Unpaid
7208,2067,2026-08-01,2026-08-31,649.00,20.22,0.00,120.46,0.00,789.68,2026-09-15,Unpaid
7209,2070,2026-03-01,2026-03-31,479.00,85.20,99.00,119.38,0.00,782.58,2026-04-15,Paid
7210,2070,2026-04-01,2026-04-30,479.00,38.28,0.00,93.11,0.00,610.39,2026-05-15,Paid
7211,2070,2026-05-01,2026-05-31,479.00,99.81,0.00,104.19,0.00,683.00,2026-06-15,Paid
7212,2070,2026-06-01,2026-06-30,479.00,31.12,0.00,91.82,0.00,601.94,2026-07-15,Paid
7213,2070,2026-07-01,2026-07-31,479.00,31.42,0.00,91.88,0.00,602.30,2026-08-15,Paid
7214,2070,2026-08-01,2026-08-31,479.00,69.75,49.00,107.59,0.00,705.34,2026-09-15,Unpaid
7215,2076,2026-03-01,2026-03-31,649.00,63.91,0.00,128.32,0.00,841.23,2026-04-15,Paid
7216,2076,2026-04-01,2026-04-30,649.00,80.39,49.00,140.11,0.00,918.50,2026-05-15,Paid
7217,2076,2026-05-01,2026-05-31,649.00,22.57,49.00,129.70,81.08,931.35,2026-06-15,Overdue
7218,2076,2026-06-01,2026-06-30,649.00,78.49,99.00,148.77,0.00,975.26,2026-07-15,Paid
7219,2076,2026-07-01,2026-07-31,649.00,86.93,29.00,137.69,0.00,902.62,2026-08-15,Paid
7220,2076,2026-08-01,2026-08-31,649.00,1.97,0.00,117.17,0.00,768.14,2026-09-15,Paid
7221,2078,2026-03-01,2026-03-31,399.00,29.49,29.00,82.35,0.00,539.84,2026-04-15,Unpaid
7222,2078,2026-04-01,2026-04-30,399.00,53.80,49.00,90.32,0.00,592.12,2026-05-15,Paid
7223,2078,2026-05-01,2026-05-31,399.00,61.24,0.00,82.84,61.17,604.25,2026-06-15,Overdue
7224,2078,2026-06-01,2026-06-30,399.00,97.13,99.00,107.12,0.00,702.25,2026-07-15,Paid
7225,2078,2026-07-01,2026-07-31,399.00,60.79,0.00,82.76,0.00,542.55,2026-08-15,Unpaid
7226,2078,2026-08-01,2026-08-31,399.00,63.82,99.00,101.13,0.00,662.95,2026-09-15,Unpaid
7227,2080,2026-03-01,2026-03-31,399.00,23.96,0.00,76.13,0.00,499.09,2026-04-15,Paid
7228,2080,2026-04-01,2026-04-30,399.00,15.35,19.00,78.00,0.00,511.35,2026-05-15,Paid
7229,2080,2026-05-01,2026-05-31,399.00,4.34,29.00,77.82,0.00,510.16,2026-06-15,Paid
7230,2080,2026-06-01,2026-06-30,399.00,59.35,0.00,82.50,0.00,540.85,2026-07-15,Paid
7231,2080,2026-07-01,2026-07-31,399.00,60.59,0.00,82.73,0.00,542.32,2026-08-15,Paid
7232,2080,2026-08-01,2026-08-31,399.00,60.19,49.00,91.47,0.00,599.66,2026-09-15,Unpaid
7233,2083,2026-03-01,2026-03-31,949.00,83.81,29.00,191.13,0.00,1252.94,2026-04-15,Paid
7234,2083,2026-04-01,2026-04-30,949.00,78.40,29.00,190.15,0.00,1246.55,2026-05-15,Paid
7235,2083,2026-05-01,2026-05-31,949.00,48.18,19.00,182.91,0.00,1199.09,2026-06-15,Paid
7236,2083,2026-06-01,2026-06-30,949.00,23.74,29.00,180.31,0.00,1182.05,2026-07-15,Paid
7237,2083,2026-07-01,2026-07-31,949.00,26.44,0.00,175.58,0.00,1151.02,2026-08-15,Unpaid
7238,2083,2026-08-01,2026-08-31,949.00,39.76,19.00,181.40,0.00,1189.16,2026-09-15,Paid
7239,2086,2026-03-01,2026-03-31,949.00,6.37,99.00,189.79,0.00,1244.16,2026-04-15,Paid
7240,2086,2026-04-01,2026-04-30,949.00,72.69,29.00,189.12,0.00,1239.81,2026-05-15,Paid
7241,2086,2026-05-01,2026-05-31,949.00,4.68,0.00,171.66,0.00,1125.34,2026-06-15,Paid
7242,2086,2026-06-01,2026-06-30,949.00,90.85,0.00,187.17,0.00,1227.02,2026-07-15,Paid
7243,2086,2026-07-01,2026-07-31,949.00,30.05,29.00,181.45,0.00,1189.50,2026-08-15,Unpaid
7244,2086,2026-08-01,2026-08-31,949.00,51.84,99.00,197.97,0.00,1297.81,2026-09-15,Paid
7245,2087,2026-03-01,2026-03-31,149.00,82.97,99.00,59.57,0.00,390.54,2026-04-15,Paid
7246,2087,2026-04-01,2026-04-30,149.00,27.77,99.00,49.64,0.00,325.41,2026-05-15,Paid
7247,2087,2026-05-01,2026-05-31,149.00,20.19,99.00,48.27,0.00,316.46,2026-06-15,Paid
7248,2087,2026-06-01,2026-06-30,149.00,74.16,49.00,48.99,0.00,321.15,2026-07-15,Paid
7249,2087,2026-07-01,2026-07-31,149.00,74.08,49.00,48.97,0.00,321.05,2026-08-15,Paid
7250,2087,2026-08-01,2026-08-31,149.00,86.11,29.00,47.54,0.00,311.65,2026-09-15,Unpaid
7251,2088,2026-03-01,2026-03-31,949.00,81.99,19.00,189.00,0.00,1238.99,2026-04-15,Paid
7252,2088,2026-04-01,2026-04-30,949.00,83.66,19.00,189.30,0.00,1240.96,2026-05-15,Paid
7253,2088,2026-05-01,2026-05-31,949.00,42.49,0.00,178.47,0.00,1169.96,2026-06-15,Unpaid
7254,2088,2026-06-01,2026-06-30,949.00,32.42,19.00,180.08,0.00,1180.50,2026-07-15,Paid
7255,2088,2026-07-01,2026-07-31,949.00,68.66,49.00,192.00,0.00,1258.66,2026-08-15,Unpaid
7256,2088,2026-08-01,2026-08-31,949.00,87.64,0.00,186.60,0.00,1223.24,2026-09-15,Paid
7257,2095,2026-03-01,2026-03-31,179.00,68.41,19.00,47.95,0.00,314.36,2026-04-15,Paid
7258,2095,2026-04-01,2026-04-30,179.00,81.15,0.00,46.83,0.00,306.98,2026-05-15,Paid
7259,2095,2026-05-01,2026-05-31,179.00,67.86,49.00,53.25,0.00,349.11,2026-06-15,Paid
7260,2095,2026-06-01,2026-06-30,179.00,70.01,0.00,44.82,0.00,293.83,2026-07-15,Paid
7261,2095,2026-07-01,2026-07-31,179.00,92.65,0.00,48.90,0.00,320.55,2026-08-15,Paid
7262,2095,2026-08-01,2026-08-31,179.00,55.19,99.00,59.97,0.00,393.16,2026-09-15,Paid
7263,2097,2026-03-01,2026-03-31,479.00,25.63,0.00,90.83,0.00,595.46,2026-04-15,Paid
7264,2097,2026-04-01,2026-04-30,479.00,28.91,0.00,91.42,0.00,599.33,2026-05-15,Paid
7265,2097,2026-05-01,2026-05-31,479.00,27.33,0.00,91.14,0.00,597.47,2026-06-15,Paid
7266,2097,2026-06-01,2026-06-30,479.00,3.02,0.00,86.76,0.00,568.78,2026-07-15,Paid
7267,2097,2026-07-01,2026-07-31,479.00,31.52,0.00,91.89,0.00,602.41,2026-08-15,Paid
7268,2097,2026-08-01,2026-08-31,479.00,31.08,49.00,100.63,0.00,659.71,2026-09-15,Paid
7269,2099,2026-03-01,2026-03-31,199.00,67.03,99.00,65.71,49.09,479.83,2026-04-15,Overdue
7270,2099,2026-04-01,2026-04-30,199.00,22.53,0.00,39.88,0.00,261.41,2026-05-15,Paid
7271,2099,2026-05-01,2026-05-31,199.00,39.29,29.00,48.11,0.00,315.40,2026-06-15,Paid
7272,2099,2026-06-01,2026-06-30,199.00,53.32,19.00,48.84,93.26,413.42,2026-07-15,Overdue
7273,2099,2026-07-01,2026-07-31,199.00,33.18,0.00,41.79,0.00,273.97,2026-08-15,Unpaid
7274,2099,2026-08-01,2026-08-31,199.00,25.13,0.00,40.34,0.00,264.47,2026-09-15,Paid
7275,2100,2026-03-01,2026-03-31,849.00,13.77,0.00,155.30,0.00,1018.07,2026-04-15,Paid
7276,2100,2026-04-01,2026-04-30,849.00,1.42,0.00,153.08,70.42,1073.92,2026-05-15,Overdue
7277,2100,2026-05-01,2026-05-31,849.00,79.14,0.00,167.07,0.00,1095.21,2026-06-15,Paid
7278,2100,2026-06-01,2026-06-30,849.00,38.54,0.00,159.76,0.00,1047.30,2026-07-15,Paid
7279,2100,2026-07-01,2026-07-31,849.00,54.81,29.00,167.91,0.00,1100.72,2026-08-15,Paid
7280,2100,2026-08-01,2026-08-31,849.00,96.83,99.00,188.07,0.00,1232.90,2026-09-15,Unpaid
7281,2102,2026-03-01,2026-03-31,899.00,0.94,0.00,161.99,0.00,1061.93,2026-04-15,Paid
7282,2102,2026-04-01,2026-04-30,899.00,83.86,49.00,185.73,0.00,1217.59,2026-05-15,Paid
7283,2102,2026-05-01,2026-05-31,899.00,21.67,19.00,169.14,0.00,1108.81,2026-06-15,Paid
7284,2102,2026-06-01,2026-06-30,899.00,91.85,19.00,181.77,0.00,1191.62,2026-07-15,Unpaid
7285,2102,2026-07-01,2026-07-31,899.00,84.02,19.00,180.36,0.00,1182.38,2026-08-15,Unpaid
7286,2102,2026-08-01,2026-08-31,899.00,71.54,29.00,179.92,0.00,1179.46,2026-09-15,Unpaid
7287,2107,2026-03-01,2026-03-31,179.00,19.37,0.00,35.71,0.00,234.08,2026-04-15,Paid
7288,2107,2026-04-01,2026-04-30,179.00,27.49,49.00,45.99,0.00,301.48,2026-05-15,Paid
7289,2107,2026-05-01,2026-05-31,179.00,3.31,49.00,41.64,0.00,272.95,2026-06-15,Paid
7290,2107,2026-06-01,2026-06-30,179.00,12.84,99.00,52.35,0.00,343.19,2026-07-15,Paid
7291,2107,2026-07-01,2026-07-31,179.00,86.21,0.00,47.74,0.00,312.95,2026-08-15,Unpaid
7292,2107,2026-08-01,2026-08-31,179.00,20.26,0.00,35.87,0.00,235.13,2026-09-15,Unpaid
7293,2109,2026-03-01,2026-03-31,199.00,80.36,49.00,59.10,0.00,387.46,2026-04-15,Unpaid
7294,2109,2026-04-01,2026-04-30,199.00,94.44,29.00,58.04,76.47,456.95,2026-05-15,Overdue
7295,2109,2026-05-01,2026-05-31,199.00,17.39,0.00,38.95,0.00,255.34,2026-06-15,Paid
7296,2109,2026-06-01,2026-06-30,199.00,87.41,0.00,51.55,0.00,337.96,2026-07-15,Paid
7297,2109,2026-07-01,2026-07-31,199.00,33.06,29.00,46.99,0.00,308.05,2026-08-15,Paid
7298,2109,2026-08-01,2026-08-31,199.00,63.00,0.00,47.16,0.00,309.16,2026-09-15,Unpaid
7299,2113,2026-03-01,2026-03-31,899.00,39.47,49.00,177.74,0.00,1165.21,2026-04-15,Paid
7300,2113,2026-04-01,2026-04-30,899.00,21.90,0.00,165.76,0.00,1086.66,2026-05-15,Unpaid
7301,2113,2026-05-01,2026-05-31,899.00,24.00,19.00,169.56,0.00,1111.56,2026-06-15,Paid
7302,2113,2026-06-01,2026-06-30,899.00,29.62,19.00,170.57,0.00,1118.19,2026-07-15,Paid
7303,2113,2026-07-01,2026-07-31,899.00,10.80,0.00,163.76,0.00,1073.56,2026-08-15,Unpaid
7304,2113,2026-08-01,2026-08-31,899.00,84.88,29.00,182.32,0.00,1195.20,2026-09-15,Unpaid
7305,2114,2026-03-01,2026-03-31,799.00,72.19,19.00,160.23,0.00,1050.42,2026-04-15,Paid
7306,2114,2026-04-01,2026-04-30,799.00,24.18,19.00,151.59,59.05,1052.82,2026-05-15,Overdue
7307,2114,2026-05-01,2026-05-31,799.00,0.62,49.00,152.75,0.00,1001.37,2026-06-15,Paid
7308,2114,2026-06-01,2026-06-30,799.00,13.27,0.00,146.21,0.00,958.48,2026-07-15,Paid
7309,2114,2026-07-01,2026-07-31,799.00,47.78,29.00,157.64,0.00,1033.42,2026-08-15,Unpaid
7310,2114,2026-08-01,2026-08-31,799.00,9.71,99.00,163.39,0.00,1071.10,2026-09-15,Unpaid
7311,2116,2026-03-01,2026-03-31,949.00,55.32,99.00,198.60,56.47,1358.39,2026-04-15,Overdue
7312,2116,2026-04-01,2026-04-30,949.00,75.13,0.00,184.34,0.00,1208.47,2026-05-15,Paid
7313,2116,2026-05-01,2026-05-31,949.00,45.95,0.00,179.09,0.00,1174.04,2026-06-15,Paid
7314,2116,2026-06-01,2026-06-30,949.00,17.54,0.00,173.98,0.00,1140.52,2026-07-15,Paid
7315,2116,2026-07-01,2026-07-31,949.00,90.27,0.00,187.07,0.00,1226.34,2026-08-15,Paid
7316,2116,2026-08-01,2026-08-31,949.00,62.25,49.00,190.84,0.00,1251.09,2026-09-15,Paid
7317,2121,2026-03-01,2026-03-31,199.00,2.67,99.00,54.12,29.86,384.65,2026-04-15,Overdue
7318,2121,2026-04-01,2026-04-30,199.00,46.80,0.00,44.24,0.00,290.04,2026-05-15,Paid
7319,2121,2026-05-01,2026-05-31,199.00,3.65,0.00,36.48,0.00,239.13,2026-06-15,Unpaid
7320,2121,2026-06-01,2026-06-30,199.00,1.92,49.00,44.99,0.00,294.91,2026-07-15,Paid
7321,2121,2026-07-01,2026-07-31,199.00,56.70,0.00,46.03,0.00,301.73,2026-08-15,Paid
7322,2121,2026-08-01,2026-08-31,199.00,54.92,0.00,45.71,0.00,299.63,2026-09-15,Unpaid
7323,2129,2026-03-01,2026-03-31,399.00,33.82,49.00,86.73,0.00,568.55,2026-04-15,Unpaid
7324,2129,2026-04-01,2026-04-30,399.00,17.65,49.00,83.82,0.00,549.47,2026-05-15,Paid
7325,2129,2026-05-01,2026-05-31,399.00,22.90,29.00,81.16,0.00,532.06,2026-06-15,Paid
7326,2129,2026-06-01,2026-06-30,399.00,50.92,0.00,80.99,0.00,530.91,2026-07-15,Paid
7327,2129,2026-07-01,2026-07-31,399.00,46.03,0.00,80.11,0.00,525.14,2026-08-15,Unpaid
7328,2129,2026-08-01,2026-08-31,399.00,40.17,19.00,82.47,0.00,540.64,2026-09-15,Unpaid
7329,2135,2026-03-01,2026-03-31,99.00,96.43,0.00,35.18,0.00,230.61,2026-04-15,Paid
7330,2135,2026-04-01,2026-04-30,99.00,19.36,0.00,21.30,0.00,139.66,2026-05-15,Paid
7331,2135,2026-05-01,2026-05-31,99.00,71.81,29.00,35.97,0.00,235.78,2026-06-15,Paid
7332,2135,2026-06-01,2026-06-30,99.00,54.45,0.00,27.62,0.00,181.07,2026-07-15,Paid
7333,2135,2026-07-01,2026-07-31,99.00,31.17,29.00,28.65,0.00,187.82,2026-08-15,Paid
7334,2135,2026-08-01,2026-08-31,99.00,36.17,0.00,24.33,0.00,159.50,2026-09-15,Unpaid
7335,2136,2026-03-01,2026-03-31,399.00,81.93,0.00,86.57,0.00,567.50,2026-04-15,Unpaid
7336,2136,2026-04-01,2026-04-30,399.00,4.63,49.00,81.47,42.25,576.35,2026-05-15,Overdue
7337,2136,2026-05-01,2026-05-31,399.00,16.75,49.00,83.66,0.00,548.41,2026-06-15,Paid
7338,2136,2026-06-01,2026-06-30,399.00,67.40,99.00,101.77,0.00,667.17,2026-07-15,Paid
7339,2136,2026-07-01,2026-07-31,399.00,80.90,29.00,91.60,0.00,600.50,2026-08-15,Paid
7340,2136,2026-08-01,2026-08-31,399.00,26.80,29.00,81.86,0.00,536.66,2026-09-15,Paid
7341,2137,2026-03-01,2026-03-31,149.00,77.70,0.00,40.81,0.00,267.51,2026-04-15,Paid
7342,2137,2026-04-01,2026-04-30,149.00,18.80,0.00,30.20,0.00,198.00,2026-05-15,Paid
7343,2137,2026-05-01,2026-05-31,149.00,83.58,99.00,59.68,0.00,391.26,2026-06-15,Paid
7344,2137,2026-06-01,2026-06-30,149.00,63.35,29.00,43.44,0.00,284.79,2026-07-15,Paid
7345,2137,2026-07-01,2026-07-31,149.00,24.70,49.00,40.09,0.00,262.79,2026-08-15,Paid
7346,2137,2026-08-01,2026-08-31,149.00,22.84,0.00,30.93,0.00,202.77,2026-09-15,Unpaid
7347,2138,2026-03-01,2026-03-31,179.00,86.35,49.00,56.58,88.16,459.09,2026-04-15,Overdue
7348,2138,2026-04-01,2026-04-30,179.00,40.45,0.00,39.50,73.61,332.56,2026-05-15,Overdue
7349,2138,2026-05-01,2026-05-31,179.00,76.23,19.00,49.36,68.48,392.07,2026-06-15,Overdue
7350,2138,2026-06-01,2026-06-30,179.00,41.64,0.00,39.72,47.00,307.36,2026-07-15,Overdue
7351,2138,2026-07-01,2026-07-31,179.00,45.03,0.00,40.33,0.00,264.36,2026-08-15,Unpaid
7352,2138,2026-08-01,2026-08-31,179.00,7.84,19.00,37.05,0.00,242.89,2026-09-15,Unpaid
7353,2141,2026-03-01,2026-03-31,199.00,63.39,0.00,47.23,0.00,309.62,2026-04-15,Paid
7354,2141,2026-04-01,2026-04-30,199.00,41.72,99.00,61.15,0.00,400.87,2026-05-15,Paid
7355,2141,2026-05-01,2026-05-31,199.00,85.59,0.00,51.23,0.00,335.82,2026-06-15,Paid
7356,2141,2026-06-01,2026-06-30,199.00,19.41,0.00,39.31,0.00,257.72,2026-07-15,Paid
7357,2141,2026-07-01,2026-07-31,199.00,17.63,0.00,38.99,0.00,255.62,2026-08-15,Unpaid
7358,2141,2026-08-01,2026-08-31,199.00,1.99,0.00,36.18,0.00,237.17,2026-09-15,Unpaid
7359,2147,2026-03-01,2026-03-31,849.00,10.15,0.00,154.65,0.00,1013.80,2026-04-15,Paid
7360,2147,2026-04-01,2026-04-30,849.00,27.28,0.00,157.73,0.00,1034.01,2026-05-15,Paid
7361,2147,2026-05-01,2026-05-31,849.00,2.24,99.00,171.04,0.00,1121.28,2026-06-15,Unpaid
7362,2147,2026-06-01,2026-06-30,849.00,60.56,99.00,181.54,0.00,1190.10,2026-07-15,Paid
7363,2147,2026-07-01,2026-07-31,849.00,19.70,0.00,156.37,0.00,1025.07,2026-08-15,Unpaid
7364,2147,2026-08-01,2026-08-31,849.00,72.03,0.00,165.79,0.00,1086.82,2026-09-15,Unpaid
7365,2151,2026-03-01,2026-03-31,149.00,65.01,49.00,47.34,0.00,310.35,2026-04-15,Paid
7366,2151,2026-04-01,2026-04-30,149.00,85.45,0.00,42.20,0.00,276.65,2026-05-15,Paid
7367,2151,2026-05-01,2026-05-31,149.00,1.33,29.00,32.28,0.00,211.61,2026-06-15,Paid
7368,2151,2026-06-01,2026-06-30,149.00,79.56,0.00,41.14,65.22,334.92,2026-07-15,Overdue
7369,2151,2026-07-01,2026-07-31,149.00,30.27,0.00,32.27,0.00,211.54,2026-08-15,Paid
7370,2151,2026-08-01,2026-08-31,149.00,15.90,99.00,47.50,0.00,311.40,2026-09-15,Paid
7371,2155,2026-03-01,2026-03-31,949.00,45.31,49.00,187.80,0.00,1231.11,2026-04-15,Unpaid
7372,2155,2026-04-01,2026-04-30,949.00,5.73,0.00,171.85,0.00,1126.58,2026-05-15,Unpaid
7373,2155,2026-05-01,2026-05-31,949.00,77.73,49.00,193.63,68.38,1337.74,2026-06-15,Overdue
7374,2155,2026-06-01,2026-06-30,949.00,66.75,0.00,182.83,0.00,1198.58,2026-07-15,Paid
7375,2155,2026-07-01,2026-07-31,949.00,65.96,19.00,186.11,0.00,1220.07,2026-08-15,Unpaid
7376,2155,2026-08-01,2026-08-31,949.00,81.56,99.00,203.32,0.00,1332.88,2026-09-15,Unpaid
7377,2157,2026-03-01,2026-03-31,399.00,36.27,0.00,78.35,0.00,513.62,2026-04-15,Paid
7378,2157,2026-04-01,2026-04-30,399.00,64.82,99.00,101.31,0.00,664.13,2026-05-15,Paid
7379,2157,2026-05-01,2026-05-31,399.00,75.26,19.00,88.79,0.00,582.05,2026-06-15,Unpaid
7380,2157,2026-06-01,2026-06-30,399.00,78.18,19.00,89.31,0.00,585.49,2026-07-15,Paid
7381,2157,2026-07-01,2026-07-31,399.00,69.89,99.00,102.22,0.00,670.11,2026-08-15,Unpaid
7382,2157,2026-08-01,2026-08-31,399.00,45.43,0.00,80.00,0.00,524.43,2026-09-15,Paid
7383,2159,2026-03-01,2026-03-31,179.00,7.41,0.00,33.55,0.00,219.96,2026-04-15,Paid
7384,2159,2026-04-01,2026-04-30,179.00,8.54,29.00,38.98,0.00,255.52,2026-05-15,Paid
7385,2159,2026-05-01,2026-05-31,179.00,57.11,29.00,47.72,0.00,312.83,2026-06-15,Unpaid
7386,2159,2026-06-01,2026-06-30,179.00,34.46,29.00,43.64,0.00,286.10,2026-07-15,Paid
7387,2159,2026-07-01,2026-07-31,179.00,38.86,99.00,57.03,0.00,373.89,2026-08-15,Unpaid
7388,2159,2026-08-01,2026-08-31,179.00,68.12,0.00,44.48,0.00,291.60,2026-09-15,Paid
7389,2160,2026-03-01,2026-03-31,849.00,9.73,29.00,159.79,0.00,1047.52,2026-04-15,Paid
7390,2160,2026-04-01,2026-04-30,849.00,12.49,99.00,172.89,0.00,1133.38,2026-05-15,Paid
7391,2160,2026-05-01,2026-05-31,849.00,82.64,29.00,172.92,0.00,1133.56,2026-06-15,Paid
7392,2160,2026-06-01,2026-06-30,849.00,23.34,0.00,157.02,0.00,1029.36,2026-07-15,Paid
7393,2160,2026-07-01,2026-07-31,849.00,32.37,29.00,163.87,0.00,1074.24,2026-08-15,Paid
7394,2160,2026-08-01,2026-08-31,849.00,95.82,19.00,173.49,0.00,1137.31,2026-09-15,Paid
7395,2162,2026-03-01,2026-03-31,899.00,75.06,29.00,180.55,0.00,1183.61,2026-04-15,Paid
7396,2162,2026-04-01,2026-04-30,899.00,75.96,49.00,184.31,0.00,1208.27,2026-05-15,Unpaid
7397,2162,2026-05-01,2026-05-31,899.00,88.31,0.00,177.72,0.00,1165.03,2026-06-15,Paid
7398,2162,2026-06-01,2026-06-30,899.00,4.84,29.00,167.91,66.94,1167.69,2026-07-15,Overdue
7399,2162,2026-07-01,2026-07-31,899.00,96.67,49.00,188.04,0.00,1232.71,2026-08-15,Unpaid
7400,2162,2026-08-01,2026-08-31,899.00,50.56,29.00,176.14,0.00,1154.70,2026-09-15,Unpaid
7401,2163,2026-03-01,2026-03-31,2999.00,43.08,49.00,556.39,0.00,3647.47,2026-04-15,Paid
7402,2163,2026-04-01,2026-04-30,2999.00,96.93,99.00,575.09,0.00,3770.02,2026-05-15,Paid
7403,2163,2026-05-01,2026-05-31,2999.00,2.26,0.00,540.23,49.34,3590.83,2026-06-15,Overdue
7404,2163,2026-06-01,2026-06-30,2999.00,43.90,99.00,565.54,0.00,3707.44,2026-07-15,Paid
7405,2163,2026-07-01,2026-07-31,2999.00,25.93,0.00,544.49,0.00,3569.42,2026-08-15,Unpaid
7406,2163,2026-08-01,2026-08-31,2999.00,78.45,49.00,562.76,0.00,3689.21,2026-09-15,Unpaid
7407,2164,2026-03-01,2026-03-31,649.00,51.23,49.00,134.86,0.00,884.09,2026-04-15,Paid
7408,2164,2026-04-01,2026-04-30,649.00,89.72,49.00,141.79,0.00,929.51,2026-05-15,Paid
7409,2164,2026-05-01,2026-05-31,649.00,98.97,0.00,134.63,0.00,882.60,2026-06-15,Paid
7410,2164,2026-06-01,2026-06-30,649.00,10.84,49.00,127.59,0.00,836.43,2026-07-15,Paid
7411,2164,2026-07-01,2026-07-31,649.00,80.11,19.00,134.66,0.00,882.77,2026-08-15,Unpaid
7412,2164,2026-08-01,2026-08-31,649.00,97.93,0.00,134.45,0.00,881.38,2026-09-15,Paid
7413,2171,2026-03-01,2026-03-31,649.00,76.99,99.00,148.50,0.00,973.49,2026-04-15,Paid
7414,2171,2026-04-01,2026-04-30,649.00,56.14,29.00,132.15,0.00,866.29,2026-05-15,Paid
7415,2171,2026-05-01,2026-05-31,649.00,43.34,0.00,124.62,0.00,816.96,2026-06-15,Paid
7416,2171,2026-06-01,2026-06-30,649.00,4.80,19.00,121.10,0.00,793.90,2026-07-15,Paid
7417,2171,2026-07-01,2026-07-31,649.00,84.64,19.00,135.48,0.00,888.12,2026-08-15,Paid
7418,2171,2026-08-01,2026-08-31,649.00,97.27,99.00,152.15,0.00,997.42,2026-09-15,Unpaid
7419,2173,2026-03-01,2026-03-31,899.00,26.48,99.00,184.41,0.00,1208.89,2026-04-15,Paid
7420,2173,2026-04-01,2026-04-30,899.00,94.75,99.00,196.69,0.00,1289.44,2026-05-15,Paid
7421,2173,2026-05-01,2026-05-31,899.00,53.55,19.00,174.88,35.54,1181.97,2026-06-15,Overdue
7422,2173,2026-06-01,2026-06-30,899.00,59.43,0.00,172.52,31.63,1162.58,2026-07-15,Overdue
7423,2173,2026-07-01,2026-07-31,899.00,10.14,29.00,168.87,0.00,1107.01,2026-08-15,Paid
7424,2173,2026-08-01,2026-08-31,899.00,11.61,19.00,167.33,0.00,1096.94,2026-09-15,Paid
7425,2176,2026-03-01,2026-03-31,149.00,18.47,0.00,30.14,0.00,197.61,2026-04-15,Paid
7426,2176,2026-04-01,2026-04-30,149.00,59.02,29.00,42.66,58.95,338.63,2026-05-15,Overdue
7427,2176,2026-05-01,2026-05-31,149.00,5.66,29.00,33.06,0.00,216.72,2026-06-15,Paid
7428,2176,2026-06-01,2026-06-30,149.00,92.83,99.00,61.35,0.00,402.18,2026-07-15,Paid
7429,2176,2026-07-01,2026-07-31,149.00,19.10,49.00,39.08,0.00,256.18,2026-08-15,Paid
7430,2176,2026-08-01,2026-08-31,149.00,94.73,99.00,61.69,0.00,404.42,2026-09-15,Unpaid
7431,2179,2026-03-01,2026-03-31,249.00,55.03,0.00,54.73,0.00,358.76,2026-04-15,Paid
7432,2179,2026-04-01,2026-04-30,249.00,55.80,99.00,72.68,0.00,476.48,2026-05-15,Paid
7433,2179,2026-05-01,2026-05-31,249.00,35.82,0.00,51.27,0.00,336.09,2026-06-15,Paid
7434,2179,2026-06-01,2026-06-30,249.00,33.57,49.00,59.68,0.00,391.25,2026-07-15,Paid
7435,2179,2026-07-01,2026-07-31,249.00,98.06,0.00,62.47,0.00,409.53,2026-08-15,Unpaid
7436,2179,2026-08-01,2026-08-31,249.00,42.75,0.00,52.52,0.00,344.27,2026-09-15,Paid
7437,2180,2026-03-01,2026-03-31,849.00,36.78,0.00,159.44,0.00,1045.22,2026-04-15,Paid
7438,2180,2026-04-01,2026-04-30,849.00,45.16,49.00,169.77,0.00,1112.93,2026-05-15,Paid
7439,2180,2026-05-01,2026-05-31,849.00,51.22,19.00,165.46,0.00,1084.68,2026-06-15,Paid
7440,2180,2026-06-01,2026-06-30,849.00,52.05,0.00,162.19,0.00,1063.24,2026-07-15,Paid
7441,2180,2026-07-01,2026-07-31,849.00,2.36,19.00,156.66,0.00,1027.02,2026-08-15,Unpaid
7442,2180,2026-08-01,2026-08-31,849.00,32.60,19.00,162.11,0.00,1062.71,2026-09-15,Paid
7443,2183,2026-03-01,2026-03-31,949.00,50.41,0.00,179.89,0.00,1179.30,2026-04-15,Paid
7444,2183,2026-04-01,2026-04-30,949.00,50.19,0.00,179.85,40.00,1219.04,2026-05-15,Overdue
7445,2183,2026-05-01,2026-05-31,949.00,15.80,0.00,173.66,0.00,1138.46,2026-06-15,Paid
7446,2183,2026-06-01,2026-06-30,949.00,83.67,19.00,189.30,0.00,1240.97,2026-07-15,Paid
7447,2183,2026-07-01,2026-07-31,949.00,84.09,0.00,185.96,0.00,1219.05,2026-08-15,Unpaid
7448,2183,2026-08-01,2026-08-31,949.00,65.96,49.00,191.51,0.00,1255.47,2026-09-15,Unpaid
7449,2186,2026-03-01,2026-03-31,2999.00,34.69,0.00,546.06,0.00,3579.75,2026-04-15,Unpaid
7450,2186,2026-04-01,2026-04-30,2999.00,54.65,0.00,549.66,0.00,3603.31,2026-05-15,Paid
7451,2186,2026-05-01,2026-05-31,2999.00,34.19,0.00,545.97,0.00,3579.16,2026-06-15,Unpaid
7452,2186,2026-06-01,2026-06-30,2999.00,71.74,49.00,561.55,0.00,3681.29,2026-07-15,Unpaid
7453,2186,2026-07-01,2026-07-31,2999.00,61.06,0.00,550.81,0.00,3610.87,2026-08-15,Unpaid
7454,2186,2026-08-01,2026-08-31,2999.00,96.61,0.00,557.21,0.00,3652.82,2026-09-15,Unpaid
7455,2188,2026-03-01,2026-03-31,239.00,18.25,29.00,51.52,0.00,337.77,2026-04-15,Paid
7456,2188,2026-04-01,2026-04-30,239.00,48.11,0.00,51.68,0.00,338.79,2026-05-15,Unpaid
7457,2188,2026-05-01,2026-05-31,239.00,52.63,0.00,52.49,0.00,344.12,2026-06-15,Paid
7458,2188,2026-06-01,2026-06-30,239.00,59.85,29.00,59.01,0.00,386.86,2026-07-15,Paid
7459,2188,2026-07-01,2026-07-31,239.00,92.30,29.00,64.85,0.00,425.15,2026-08-15,Unpaid
7460,2188,2026-08-01,2026-08-31,239.00,52.92,0.00,52.55,0.00,344.47,2026-09-15,Paid
7461,2189,2026-03-01,2026-03-31,499.00,19.25,29.00,98.50,0.00,645.75,2026-04-15,Paid
7462,2189,2026-04-01,2026-04-30,499.00,30.83,99.00,113.19,86.42,828.44,2026-05-15,Overdue
7463,2189,2026-05-01,2026-05-31,499.00,66.22,29.00,106.96,0.00,701.18,2026-06-15,Paid
7464,2189,2026-06-01,2026-06-30,499.00,20.90,29.00,98.80,0.00,647.70,2026-07-15,Paid
7465,2189,2026-07-01,2026-07-31,499.00,20.74,99.00,111.37,0.00,730.11,2026-08-15,Paid
7466,2189,2026-08-01,2026-08-31,499.00,18.50,29.00,98.37,0.00,644.87,2026-09-15,Paid
7467,2190,2026-03-01,2026-03-31,179.00,66.46,29.00,49.40,0.00,323.86,2026-04-15,Paid
7468,2190,2026-04-01,2026-04-30,179.00,96.74,99.00,67.45,0.00,442.19,2026-05-15,Unpaid
7469,2190,2026-05-01,2026-05-31,179.00,84.07,19.00,50.77,0.00,332.84,2026-06-15,Paid
7470,2190,2026-06-01,2026-06-30,179.00,68.47,19.00,47.96,0.00,314.43,2026-07-15,Paid
7471,2190,2026-07-01,2026-07-31,179.00,19.54,49.00,44.56,0.00,292.10,2026-08-15,Unpaid
7472,2190,2026-08-01,2026-08-31,179.00,41.49,0.00,39.69,0.00,260.18,2026-09-15,Paid
7473,2192,2026-03-01,2026-03-31,239.00,27.07,29.00,53.11,0.00,348.18,2026-04-15,Paid
7474,2192,2026-04-01,2026-04-30,239.00,8.28,29.00,49.73,0.00,326.01,2026-05-15,Unpaid
7475,2192,2026-05-01,2026-05-31,239.00,68.27,0.00,55.31,0.00,362.58,2026-06-15,Paid
7476,2192,2026-06-01,2026-06-30,239.00,36.20,99.00,67.36,0.00,441.56,2026-07-15,Paid
7477,2192,2026-07-01,2026-07-31,239.00,59.35,19.00,57.12,0.00,374.47,2026-08-15,Paid
7478,2192,2026-08-01,2026-08-31,239.00,58.07,0.00,53.47,0.00,350.54,2026-09-15,Unpaid
7479,2198,2026-03-01,2026-03-31,849.00,2.38,0.00,153.25,0.00,1004.63,2026-04-15,Paid
7480,2198,2026-04-01,2026-04-30,849.00,68.69,29.00,170.40,0.00,1117.09,2026-05-15,Unpaid
7481,2198,2026-05-01,2026-05-31,849.00,78.32,19.00,170.34,99.47,1216.13,2026-06-15,Overdue
7482,2198,2026-06-01,2026-06-30,849.00,42.02,0.00,160.38,31.04,1082.44,2026-07-15,Overdue
7483,2198,2026-07-01,2026-07-31,849.00,63.27,0.00,164.21,0.00,1076.48,2026-08-15,Paid
7484,2198,2026-08-01,2026-08-31,849.00,23.39,19.00,160.45,0.00,1051.84,2026-09-15,Paid
7485,2200,2026-03-01,2026-03-31,899.00,88.46,0.00,177.74,0.00,1165.20,2026-04-15,Paid
7486,2200,2026-04-01,2026-04-30,899.00,59.64,0.00,172.56,0.00,1131.20,2026-05-15,Paid
7487,2200,2026-05-01,2026-05-31,899.00,56.18,0.00,171.93,0.00,1127.11,2026-06-15,Unpaid
7488,2200,2026-06-01,2026-06-30,899.00,6.81,19.00,166.47,63.21,1154.49,2026-07-15,Overdue
7489,2200,2026-07-01,2026-07-31,899.00,83.96,29.00,182.15,0.00,1194.11,2026-08-15,Paid
7490,2200,2026-08-01,2026-08-31,899.00,90.24,29.00,183.28,0.00,1201.52,2026-09-15,Paid
7491,2201,2026-03-01,2026-03-31,149.00,63.74,0.00,38.29,45.40,296.43,2026-04-15,Overdue
7492,2201,2026-04-01,2026-04-30,149.00,69.23,0.00,39.28,0.00,257.51,2026-05-15,Paid
7493,2201,2026-05-01,2026-05-31,149.00,68.74,99.00,57.01,0.00,373.75,2026-06-15,Paid
7494,2201,2026-06-01,2026-06-30,149.00,91.95,0.00,43.37,0.00,284.32,2026-07-15,Paid
7495,2201,2026-07-01,2026-07-31,149.00,67.39,29.00,44.17,0.00,289.56,2026-08-15,Unpaid
7496,2201,2026-08-01,2026-08-31,149.00,45.32,99.00,52.80,0.00,346.12,2026-09-15,Unpaid
7497,2203,2026-03-01,2026-03-31,179.00,17.44,99.00,53.18,0.00,348.62,2026-04-15,Paid
7498,2203,2026-04-01,2026-04-30,179.00,4.70,19.00,36.49,0.00,239.19,2026-05-15,Paid
7499,2203,2026-05-01,2026-05-31,179.00,22.48,29.00,41.49,0.00,271.97,2026-06-15,Paid
7500,2203,2026-06-01,2026-06-30,179.00,97.22,19.00,53.14,0.00,348.36,2026-07-15,Paid
7501,2203,2026-07-01,2026-07-31,179.00,80.73,99.00,64.57,0.00,423.30,2026-08-15,Unpaid
7502,2203,2026-08-01,2026-08-31,179.00,72.31,99.00,63.06,0.00,413.37,2026-09-15,Paid
7503,2204,2026-03-01,2026-03-31,699.00,12.54,99.00,145.90,0.00,956.44,2026-04-15,Paid
7504,2204,2026-04-01,2026-04-30,699.00,73.96,0.00,139.13,0.00,912.09,2026-05-15,Paid
7505,2204,2026-05-01,2026-05-31,699.00,16.67,0.00,128.82,0.00,844.49,2026-06-15,Paid
7506,2204,2026-06-01,2026-06-30,699.00,53.80,99.00,153.32,27.69,1032.81,2026-07-15,Overdue
7507,2204,2026-07-01,2026-07-31,699.00,12.01,29.00,133.20,0.00,873.21,2026-08-15,Unpaid
7508,2204,2026-08-01,2026-08-31,699.00,84.65,0.00,141.06,0.00,924.71,2026-09-15,Unpaid
7509,2207,2026-03-01,2026-03-31,239.00,89.02,0.00,59.04,0.00,387.06,2026-04-15,Paid
7510,2207,2026-04-01,2026-04-30,239.00,65.86,19.00,58.29,0.00,382.15,2026-05-15,Paid
7511,2207,2026-05-01,2026-05-31,239.00,73.08,99.00,73.99,0.00,485.07,2026-06-15,Paid
7512,2207,2026-06-01,2026-06-30,239.00,42.30,99.00,68.45,0.00,448.75,2026-07-15,Paid
7513,2207,2026-07-01,2026-07-31,239.00,55.77,49.00,61.88,0.00,405.65,2026-08-15,Paid
7514,2207,2026-08-01,2026-08-31,239.00,66.95,0.00,55.07,0.00,361.02,2026-09-15,Unpaid
7515,2210,2026-03-01,2026-03-31,149.00,18.17,0.00,30.09,0.00,197.26,2026-04-15,Paid
7516,2210,2026-04-01,2026-04-30,149.00,25.20,0.00,31.36,0.00,205.56,2026-05-15,Paid
7517,2210,2026-05-01,2026-05-31,149.00,23.11,99.00,48.80,0.00,319.91,2026-06-15,Paid
7518,2210,2026-06-01,2026-06-30,149.00,5.88,0.00,27.88,0.00,182.76,2026-07-15,Unpaid
7519,2210,2026-07-01,2026-07-31,149.00,30.38,0.00,32.29,0.00,211.67,2026-08-15,Unpaid
7520,2210,2026-08-01,2026-08-31,149.00,86.28,0.00,42.35,0.00,277.63,2026-09-15,Paid
7521,2214,2026-03-01,2026-03-31,199.00,61.16,0.00,46.83,0.00,306.99,2026-04-15,Paid
7522,2214,2026-04-01,2026-04-30,199.00,22.98,0.00,39.96,0.00,261.94,2026-05-15,Paid
7523,2214,2026-05-01,2026-05-31,199.00,29.04,99.00,58.87,0.00,385.91,2026-06-15,Paid
7524,2214,2026-06-01,2026-06-30,199.00,87.47,29.00,56.78,0.00,372.25,2026-07-15,Paid
7525,2214,2026-07-01,2026-07-31,199.00,46.86,49.00,53.07,0.00,347.93,2026-08-15,Paid
7526,2214,2026-08-01,2026-08-31,199.00,40.37,19.00,46.51,0.00,304.88,2026-09-15,Paid
7527,2219,2026-03-01,2026-03-31,179.00,88.04,0.00,48.07,0.00,315.11,2026-04-15,Paid
7528,2219,2026-04-01,2026-04-30,179.00,21.99,99.00,54.00,0.00,353.99,2026-05-15,Paid
7529,2219,2026-05-01,2026-05-31,179.00,32.19,19.00,41.43,0.00,271.62,2026-06-15,Paid
7530,2219,2026-06-01,2026-06-30,179.00,57.45,29.00,47.78,37.36,350.59,2026-07-15,Overdue
7531,2219,2026-07-01,2026-07-31,179.00,11.15,0.00,34.23,0.00,224.38,2026-08-15,Paid
7532,2219,2026-08-01,2026-08-31,179.00,57.37,0.00,42.55,0.00,278.92,2026-09-15,Paid
7533,2221,2026-03-01,2026-03-31,799.00,91.78,19.00,163.76,0.00,1073.54,2026-04-15,Paid
7534,2221,2026-04-01,2026-04-30,799.00,94.41,29.00,166.03,0.00,1088.44,2026-05-15,Paid
7535,2221,2026-05-01,2026-05-31,799.00,81.74,99.00,176.35,0.00,1156.09,2026-06-15,Paid
7536,2221,2026-06-01,2026-06-30,799.00,5.84,0.00,144.87,0.00,949.71,2026-07-15,Paid
7537,2221,2026-07-01,2026-07-31,799.00,2.99,0.00,144.36,0.00,946.35,2026-08-15,Paid
7538,2221,2026-08-01,2026-08-31,799.00,5.87,0.00,144.88,0.00,949.75,2026-09-15,Unpaid
7539,2223,2026-03-01,2026-03-31,399.00,11.86,0.00,73.95,0.00,484.81,2026-04-15,Unpaid
7540,2223,2026-04-01,2026-04-30,399.00,87.32,49.00,96.36,0.00,631.68,2026-05-15,Paid
7541,2223,2026-05-01,2026-05-31,399.00,54.06,0.00,81.55,0.00,534.61,2026-06-15,Paid
7542,2223,2026-06-01,2026-06-30,399.00,13.81,49.00,83.13,0.00,544.94,2026-07-15,Paid
7543,2223,2026-07-01,2026-07-31,399.00,87.75,0.00,87.61,0.00,574.36,2026-08-15,Unpaid
7544,2223,2026-08-01,2026-08-31,399.00,20.14,0.00,75.45,0.00,494.59,2026-09-15,Unpaid
7545,2225,2026-03-01,2026-03-31,949.00,61.67,19.00,185.34,0.00,1215.01,2026-04-15,Paid
7546,2225,2026-04-01,2026-04-30,949.00,93.80,0.00,187.70,0.00,1230.50,2026-05-15,Paid
7547,2225,2026-05-01,2026-05-31,949.00,72.53,29.00,189.10,0.00,1239.63,2026-06-15,Paid
7548,2225,2026-06-01,2026-06-30,949.00,26.40,19.00,178.99,0.00,1173.39,2026-07-15,Paid
7549,2225,2026-07-01,2026-07-31,949.00,57.27,19.00,184.55,0.00,1209.82,2026-08-15,Paid
7550,2225,2026-08-01,2026-08-31,949.00,45.81,0.00,179.07,0.00,1173.88,2026-09-15,Unpaid
7551,2226,2026-03-01,2026-03-31,849.00,23.62,0.00,157.07,20.90,1050.59,2026-04-15,Overdue
7552,2226,2026-04-01,2026-04-30,849.00,15.63,0.00,155.63,0.00,1020.26,2026-05-15,Paid
7553,2226,2026-05-01,2026-05-31,849.00,90.54,29.00,174.34,0.00,1142.88,2026-06-15,Unpaid
7554,2226,2026-06-01,2026-06-30,849.00,13.73,49.00,164.11,0.00,1075.84,2026-07-15,Paid
7555,2226,2026-07-01,2026-07-31,849.00,86.72,49.00,177.25,0.00,1161.97,2026-08-15,Unpaid
7556,2226,2026-08-01,2026-08-31,849.00,84.88,99.00,185.92,0.00,1218.80,2026-09-15,Unpaid
7557,2230,2026-03-01,2026-03-31,849.00,1.90,0.00,153.16,0.00,1004.06,2026-04-15,Paid
7558,2230,2026-04-01,2026-04-30,849.00,21.54,0.00,156.70,0.00,1027.24,2026-05-15,Unpaid
7559,2230,2026-05-01,2026-05-31,849.00,92.65,0.00,169.50,0.00,1111.15,2026-06-15,Paid
7560,2230,2026-06-01,2026-06-30,849.00,87.66,99.00,186.42,32.28,1254.36,2026-07-15,Overdue
7561,2230,2026-07-01,2026-07-31,849.00,93.33,19.00,173.04,0.00,1134.37,2026-08-15,Unpaid
7562,2230,2026-08-01,2026-08-31,849.00,65.89,0.00,164.68,0.00,1079.57,2026-09-15,Paid
7563,2231,2026-03-01,2026-03-31,199.00,53.49,19.00,48.87,0.00,320.36,2026-04-15,Unpaid
7564,2231,2026-04-01,2026-04-30,199.00,4.86,99.00,54.51,0.00,357.37,2026-05-15,Paid
7565,2231,2026-05-01,2026-05-31,199.00,8.95,19.00,40.85,37.36,305.16,2026-06-15,Overdue
7566,2231,2026-06-01,2026-06-30,199.00,34.56,0.00,42.04,0.00,275.60,2026-07-15,Paid
7567,2231,2026-07-01,2026-07-31,199.00,60.25,49.00,55.48,0.00,363.73,2026-08-15,Paid
7568,2231,2026-08-01,2026-08-31,199.00,48.65,0.00,44.58,0.00,292.23,2026-09-15,Unpaid
7569,2233,2026-03-01,2026-03-31,149.00,60.20,99.00,55.48,0.00,363.68,2026-04-15,Paid
7570,2233,2026-04-01,2026-04-30,149.00,8.73,49.00,37.21,0.00,243.94,2026-05-15,Paid
7571,2233,2026-05-01,2026-05-31,149.00,99.56,29.00,49.96,0.00,327.52,2026-06-15,Paid
7572,2233,2026-06-01,2026-06-30,149.00,50.43,19.00,39.32,0.00,257.75,2026-07-15,Paid
7573,2233,2026-07-01,2026-07-31,149.00,67.17,19.00,42.33,0.00,277.50,2026-08-15,Paid
7574,2233,2026-08-01,2026-08-31,149.00,85.69,0.00,42.24,0.00,276.93,2026-09-15,Paid
7575,2235,2026-03-01,2026-03-31,199.00,34.14,49.00,50.79,0.00,332.93,2026-04-15,Paid
7576,2235,2026-04-01,2026-04-30,199.00,99.25,29.00,58.91,0.00,386.16,2026-05-15,Paid
7577,2235,2026-05-01,2026-05-31,199.00,88.57,49.00,60.58,0.00,397.15,2026-06-15,Paid
7578,2235,2026-06-01,2026-06-30,199.00,69.53,0.00,48.34,0.00,316.87,2026-07-15,Unpaid
7579,2235,2026-07-01,2026-07-31,199.00,51.17,49.00,53.85,0.00,353.02,2026-08-15,Unpaid
7580,2235,2026-08-01,2026-08-31,199.00,76.73,29.00,54.85,0.00,359.58,2026-09-15,Unpaid
7581,2238,2026-03-01,2026-03-31,899.00,46.41,29.00,175.39,73.14,1222.94,2026-04-15,Overdue
7582,2238,2026-04-01,2026-04-30,899.00,72.58,49.00,183.70,0.00,1204.28,2026-05-15,Paid
7583,2238,2026-05-01,2026-05-31,899.00,88.39,99.00,195.55,0.00,1281.94,2026-06-15,Paid
7584,2238,2026-06-01,2026-06-30,899.00,96.26,99.00,196.97,0.00,1291.23,2026-07-15,Paid
7585,2238,2026-07-01,2026-07-31,899.00,9.15,0.00,163.47,0.00,1071.62,2026-08-15,Unpaid
7586,2238,2026-08-01,2026-08-31,899.00,83.62,29.00,182.09,0.00,1193.71,2026-09-15,Paid
7587,2239,2026-03-01,2026-03-31,949.00,15.29,0.00,173.57,0.00,1137.86,2026-04-15,Paid
7588,2239,2026-04-01,2026-04-30,949.00,48.07,19.00,182.89,0.00,1198.96,2026-05-15,Paid
7589,2239,2026-05-01,2026-05-31,949.00,6.28,19.00,175.37,0.00,1149.65,2026-06-15,Paid
7590,2239,2026-06-01,2026-06-30,949.00,31.35,0.00,176.46,0.00,1156.81,2026-07-15,Paid
7591,2239,2026-07-01,2026-07-31,949.00,64.71,0.00,182.47,0.00,1196.18,2026-08-15,Unpaid
7592,2239,2026-08-01,2026-08-31,949.00,80.19,29.00,190.47,0.00,1248.66,2026-09-15,Unpaid
7593,2243,2026-03-01,2026-03-31,849.00,83.83,29.00,173.13,0.00,1134.96,2026-04-15,Paid
7594,2243,2026-04-01,2026-04-30,849.00,98.68,19.00,174.00,0.00,1140.68,2026-05-15,Paid
7595,2243,2026-05-01,2026-05-31,849.00,99.44,29.00,175.94,81.68,1235.06,2026-06-15,Overdue
7596,2243,2026-06-01,2026-06-30,849.00,0.24,0.00,152.86,0.00,1002.10,2026-07-15,Paid
7597,2243,2026-07-01,2026-07-31,849.00,5.72,0.00,153.85,0.00,1008.57,2026-08-15,Unpaid
7598,2243,2026-08-01,2026-08-31,849.00,57.16,99.00,180.93,0.00,1186.09,2026-09-15,Paid
7599,2247,2026-03-01,2026-03-31,149.00,64.44,19.00,41.84,0.00,274.28,2026-04-15,Paid
7600,2247,2026-04-01,2026-04-30,149.00,87.04,99.00,60.31,0.00,395.35,2026-05-15,Paid
7601,2247,2026-05-01,2026-05-31,149.00,31.89,0.00,32.56,0.00,213.45,2026-06-15,Paid
7602,2247,2026-06-01,2026-06-30,149.00,75.13,0.00,40.34,0.00,264.47,2026-07-15,Paid
7603,2247,2026-07-01,2026-07-31,149.00,94.64,0.00,43.86,0.00,287.50,2026-08-15,Unpaid
7604,2247,2026-08-01,2026-08-31,149.00,73.03,0.00,39.97,0.00,262.00,2026-09-15,Paid
7605,2248,2026-03-01,2026-03-31,199.00,85.85,19.00,54.69,0.00,358.54,2026-04-15,Paid
7606,2248,2026-04-01,2026-04-30,199.00,66.26,99.00,65.57,0.00,429.83,2026-05-15,Paid
7607,2248,2026-05-01,2026-05-31,199.00,18.51,99.00,56.97,0.00,373.48,2026-06-15,Paid
7608,2248,2026-06-01,2026-06-30,199.00,97.48,19.00,56.79,0.00,372.27,2026-07-15,Paid
7609,2248,2026-07-01,2026-07-31,199.00,75.87,99.00,67.30,0.00,441.17,2026-08-15,Unpaid
7610,2248,2026-08-01,2026-08-31,199.00,11.59,0.00,37.91,0.00,248.50,2026-09-15,Unpaid
7611,2250,2026-03-01,2026-03-31,499.00,1.70,0.00,90.13,0.00,590.83,2026-04-15,Paid
7612,2250,2026-04-01,2026-04-30,499.00,99.31,29.00,112.92,0.00,740.23,2026-05-15,Paid
7613,2250,2026-05-01,2026-05-31,499.00,89.58,0.00,105.94,0.00,694.52,2026-06-15,Paid
7614,2250,2026-06-01,2026-06-30,499.00,39.43,0.00,96.92,52.83,688.18,2026-07-15,Overdue
7615,2250,2026-07-01,2026-07-31,499.00,86.87,99.00,123.28,0.00,808.15,2026-08-15,Unpaid
7616,2250,2026-08-01,2026-08-31,499.00,15.86,0.00,92.67,0.00,607.53,2026-09-15,Paid
7617,2253,2026-03-01,2026-03-31,399.00,82.26,19.00,90.05,0.00,590.31,2026-04-15,Paid
7618,2253,2026-04-01,2026-04-30,399.00,23.41,0.00,76.03,20.22,518.66,2026-05-15,Overdue
7619,2253,2026-05-01,2026-05-31,399.00,54.10,19.00,84.98,0.00,557.08,2026-06-15,Paid
7620,2253,2026-06-01,2026-06-30,399.00,29.01,19.00,80.46,0.00,527.47,2026-07-15,Paid
7621,2253,2026-07-01,2026-07-31,399.00,97.29,49.00,98.15,0.00,643.44,2026-08-15,Paid
7622,2253,2026-08-01,2026-08-31,399.00,90.04,49.00,96.85,0.00,634.89,2026-09-15,Paid
7623,2259,2026-03-01,2026-03-31,299.00,89.07,0.00,69.85,0.00,457.92,2026-04-15,Paid
7624,2259,2026-04-01,2026-04-30,299.00,70.33,0.00,66.48,0.00,435.81,2026-05-15,Paid
7625,2259,2026-05-01,2026-05-31,299.00,24.81,0.00,58.29,0.00,382.10,2026-06-15,Unpaid
7626,2259,2026-06-01,2026-06-30,299.00,3.46,0.00,54.44,0.00,356.90,2026-07-15,Paid
7627,2259,2026-07-01,2026-07-31,299.00,38.22,19.00,64.12,0.00,420.34,2026-08-15,Unpaid
7628,2259,2026-08-01,2026-08-31,299.00,84.04,49.00,77.77,0.00,509.81,2026-09-15,Paid
7629,2265,2026-03-01,2026-03-31,179.00,22.32,0.00,36.24,0.00,237.56,2026-04-15,Paid
7630,2265,2026-04-01,2026-04-30,179.00,48.40,49.00,49.75,0.00,326.15,2026-05-15,Paid
7631,2265,2026-05-01,2026-05-31,179.00,25.17,99.00,54.57,64.68,422.42,2026-06-15,Overdue
7632,2265,2026-06-01,2026-06-30,179.00,7.78,0.00,33.62,0.00,220.40,2026-07-15,Unpaid
7633,2265,2026-07-01,2026-07-31,179.00,49.78,0.00,41.18,0.00,269.96,2026-08-15,Unpaid
7634,2265,2026-08-01,2026-08-31,179.00,84.95,19.00,50.93,0.00,333.88,2026-09-15,Unpaid
7635,2266,2026-03-01,2026-03-31,179.00,82.99,99.00,64.98,0.00,425.97,2026-04-15,Unpaid
7636,2266,2026-04-01,2026-04-30,179.00,37.61,49.00,47.81,0.00,313.42,2026-05-15,Paid
7637,2266,2026-05-01,2026-05-31,179.00,97.08,19.00,53.11,83.47,431.66,2026-06-15,Overdue
7638,2266,2026-06-01,2026-06-30,179.00,71.11,0.00,45.02,0.00,295.13,2026-07-15,Paid
7639,2266,2026-07-01,2026-07-31,179.00,6.35,29.00,38.58,0.00,252.93,2026-08-15,Unpaid
7640,2266,2026-08-01,2026-08-31,179.00,38.89,99.00,57.04,0.00,373.93,2026-09-15,Unpaid
7641,2268,2026-03-01,2026-03-31,899.00,69.72,99.00,192.19,0.00,1259.91,2026-04-15,Unpaid
7642,2268,2026-04-01,2026-04-30,899.00,29.08,49.00,175.87,0.00,1152.95,2026-05-15,Paid
7643,2268,2026-05-01,2026-05-31,899.00,67.56,29.00,179.20,0.00,1174.76,2026-06-15,Paid
7644,2268,2026-06-01,2026-06-30,899.00,54.20,99.00,189.40,0.00,1241.60,2026-07-15,Paid
7645,2268,2026-07-01,2026-07-31,899.00,67.05,19.00,177.31,0.00,1162.36,2026-08-15,Unpaid
7646,2268,2026-08-01,2026-08-31,899.00,66.18,0.00,173.73,0.00,1138.91,2026-09-15,Paid
7647,2269,2026-03-01,2026-03-31,399.00,57.21,29.00,87.34,0.00,572.55,2026-04-15,Paid
7648,2269,2026-04-01,2026-04-30,399.00,14.90,49.00,83.32,0.00,546.22,2026-05-15,Paid
7649,2269,2026-05-01,2026-05-31,399.00,77.85,0.00,85.83,0.00,562.68,2026-06-15,Paid
7650,2269,2026-06-01,2026-06-30,399.00,87.50,99.00,105.39,0.00,690.89,2026-07-15,Paid
7651,2269,2026-07-01,2026-07-31,399.00,15.13,49.00,83.36,0.00,546.49,2026-08-15,Unpaid
7652,2269,2026-08-01,2026-08-31,399.00,78.65,0.00,85.98,0.00,563.63,2026-09-15,Unpaid
7653,2272,2026-03-01,2026-03-31,249.00,72.22,0.00,57.82,0.00,379.04,2026-04-15,Paid
7654,2272,2026-04-01,2026-04-30,249.00,82.11,0.00,59.60,0.00,390.71,2026-05-15,Paid
7655,2272,2026-05-01,2026-05-31,249.00,98.11,0.00,62.48,29.95,439.54,2026-06-15,Overdue
7656,2272,2026-06-01,2026-06-30,249.00,31.33,99.00,68.28,0.00,447.61,2026-07-15,Paid
7657,2272,2026-07-01,2026-07-31,249.00,18.03,0.00,48.07,0.00,315.10,2026-08-15,Paid
7658,2272,2026-08-01,2026-08-31,249.00,10.44,19.00,50.12,0.00,328.56,2026-09-15,Unpaid
7659,2273,2026-03-01,2026-03-31,149.00,54.00,0.00,36.54,0.00,239.54,2026-04-15,Paid
7660,2273,2026-04-01,2026-04-30,149.00,99.69,49.00,53.58,39.51,390.78,2026-05-15,Overdue
7661,2273,2026-05-01,2026-05-31,149.00,7.11,0.00,28.10,0.00,184.21,2026-06-15,Paid
7662,2273,2026-06-01,2026-06-30,149.00,52.75,0.00,36.31,0.00,238.06,2026-07-15,Paid
7663,2273,2026-07-01,2026-07-31,149.00,75.86,0.00,40.47,0.00,265.33,2026-08-15,Unpaid
7664,2273,2026-08-01,2026-08-31,149.00,28.98,29.00,37.26,0.00,244.24,2026-09-15,Unpaid
7665,2277,2026-03-01,2026-03-31,179.00,61.10,99.00,61.04,0.00,400.14,2026-04-15,Paid
7666,2277,2026-04-01,2026-04-30,179.00,17.23,29.00,40.54,0.00,265.77,2026-05-15,Paid
7667,2277,2026-05-01,2026-05-31,179.00,91.54,0.00,48.70,0.00,319.24,2026-06-15,Paid
7668,2277,2026-06-01,2026-06-30,179.00,53.36,0.00,41.82,82.42,356.60,2026-07-15,Overdue
7669,2277,2026-07-01,2026-07-31,179.00,44.56,29.00,45.46,0.00,298.02,2026-08-15,Unpaid
7670,2277,2026-08-01,2026-08-31,179.00,80.13,49.00,55.46,0.00,363.59,2026-09-15,Unpaid
7671,2278,2026-03-01,2026-03-31,99.00,35.96,0.00,24.29,74.20,233.45,2026-04-15,Overdue
7672,2278,2026-04-01,2026-04-30,99.00,10.39,49.00,28.51,0.00,186.90,2026-05-15,Paid
7673,2278,2026-05-01,2026-05-31,99.00,59.95,49.00,37.43,0.00,245.38,2026-06-15,Paid
7674,2278,2026-06-01,2026-06-30,99.00,11.54,99.00,37.72,0.00,247.26,2026-07-15,Paid
7675,2278,2026-07-01,2026-07-31,99.00,99.65,0.00,35.76,0.00,234.41,2026-08-15,Paid
7676,2278,2026-08-01,2026-08-31,99.00,63.69,29.00,34.50,0.00,226.19,2026-09-15,Unpaid
7677,2282,2026-03-01,2026-03-31,899.00,18.05,19.00,168.49,0.00,1104.54,2026-04-15,Paid
7678,2282,2026-04-01,2026-04-30,899.00,86.86,0.00,177.45,0.00,1163.31,2026-05-15,Paid
7679,2282,2026-05-01,2026-05-31,899.00,59.08,29.00,177.67,0.00,1164.75,2026-06-15,Paid
7680,2282,2026-06-01,2026-06-30,899.00,81.43,0.00,176.48,0.00,1156.91,2026-07-15,Paid
7681,2282,2026-07-01,2026-07-31,899.00,46.79,0.00,170.24,0.00,1116.03,2026-08-15,Unpaid
7682,2282,2026-08-01,2026-08-31,899.00,42.08,0.00,169.39,0.00,1110.47,2026-09-15,Unpaid
7683,2285,2026-03-01,2026-03-31,849.00,84.18,49.00,176.79,0.00,1158.97,2026-04-15,Paid
7684,2285,2026-04-01,2026-04-30,849.00,40.12,99.00,177.86,0.00,1165.98,2026-05-15,Paid
7685,2285,2026-05-01,2026-05-31,849.00,35.31,19.00,162.60,0.00,1065.91,2026-06-15,Paid
7686,2285,2026-06-01,2026-06-30,849.00,91.41,0.00,169.27,0.00,1109.68,2026-07-15,Paid
7687,2285,2026-07-01,2026-07-31,849.00,98.04,29.00,175.69,0.00,1151.73,2026-08-15,Unpaid
7688,2285,2026-08-01,2026-08-31,849.00,45.80,29.00,166.28,0.00,1090.08,2026-09-15,Unpaid
7689,2287,2026-03-01,2026-03-31,899.00,4.16,0.00,162.57,0.00,1065.73,2026-04-15,Paid
7690,2287,2026-04-01,2026-04-30,899.00,37.67,29.00,173.82,0.00,1139.49,2026-05-15,Paid
7691,2287,2026-05-01,2026-05-31,899.00,30.82,49.00,176.19,0.00,1155.01,2026-06-15,Paid
7692,2287,2026-06-01,2026-06-30,899.00,85.02,19.00,180.54,0.00,1183.56,2026-07-15,Paid
7693,2287,2026-07-01,2026-07-31,899.00,65.10,19.00,176.96,0.00,1160.06,2026-08-15,Paid
7694,2287,2026-08-01,2026-08-31,899.00,88.71,0.00,177.79,0.00,1165.50,2026-09-15,Unpaid
7695,2289,2026-03-01,2026-03-31,399.00,8.98,0.00,73.44,0.00,481.42,2026-04-15,Paid
7696,2289,2026-04-01,2026-04-30,399.00,18.47,49.00,83.96,0.00,550.43,2026-05-15,Paid
7697,2289,2026-05-01,2026-05-31,399.00,14.55,49.00,83.26,0.00,545.81,2026-06-15,Paid
7698,2289,2026-06-01,2026-06-30,399.00,77.36,0.00,85.74,0.00,562.10,2026-07-15,Unpaid
7699,2289,2026-07-01,2026-07-31,399.00,39.58,29.00,84.16,0.00,551.74,2026-08-15,Paid
7700,2289,2026-08-01,2026-08-31,399.00,13.67,0.00,74.28,0.00,486.95,2026-09-15,Unpaid
7701,2300,2026-03-01,2026-03-31,179.00,47.65,0.00,40.80,0.00,267.45,2026-04-15,Paid
7702,2300,2026-04-01,2026-04-30,179.00,45.64,99.00,58.26,0.00,381.90,2026-05-15,Paid
7703,2300,2026-05-01,2026-05-31,179.00,55.91,0.00,42.28,0.00,277.19,2026-06-15,Paid
7704,2300,2026-06-01,2026-06-30,179.00,26.07,0.00,36.91,0.00,241.98,2026-07-15,Paid
7705,2300,2026-07-01,2026-07-31,179.00,41.04,19.00,43.03,0.00,282.07,2026-08-15,Paid
7706,2300,2026-08-01,2026-08-31,179.00,76.43,99.00,63.80,0.00,418.23,2026-09-15,Unpaid
7707,2304,2026-03-01,2026-03-31,199.00,2.31,0.00,36.24,0.00,237.55,2026-04-15,Unpaid
7708,2304,2026-04-01,2026-04-30,199.00,99.23,0.00,53.68,0.00,351.91,2026-05-15,Paid
7709,2304,2026-05-01,2026-05-31,199.00,18.96,0.00,39.23,0.00,257.19,2026-06-15,Paid
7710,2304,2026-06-01,2026-06-30,199.00,22.65,0.00,39.90,0.00,261.55,2026-07-15,Paid
7711,2304,2026-07-01,2026-07-31,199.00,39.20,0.00,42.88,0.00,281.08,2026-08-15,Unpaid
7712,2304,2026-08-01,2026-08-31,199.00,94.72,0.00,52.87,0.00,346.59,2026-09-15,Paid
7713,2306,2026-03-01,2026-03-31,299.00,86.28,0.00,69.35,0.00,454.63,2026-04-15,Paid
7714,2306,2026-04-01,2026-04-30,299.00,20.94,99.00,75.41,0.00,494.35,2026-05-15,Paid
7715,2306,2026-05-01,2026-05-31,299.00,92.79,19.00,73.94,0.00,484.73,2026-06-15,Paid
7716,2306,2026-06-01,2026-06-30,299.00,61.66,19.00,68.34,0.00,448.00,2026-07-15,Paid
7717,2306,2026-07-01,2026-07-31,299.00,48.58,0.00,62.56,0.00,410.14,2026-08-15,Paid
7718,2306,2026-08-01,2026-08-31,299.00,75.97,0.00,67.49,0.00,442.46,2026-09-15,Unpaid
7719,2308,2026-03-01,2026-03-31,849.00,91.26,0.00,169.25,0.00,1109.51,2026-04-15,Paid
7720,2308,2026-04-01,2026-04-30,849.00,95.72,0.00,170.05,0.00,1114.77,2026-05-15,Paid
7721,2308,2026-05-01,2026-05-31,849.00,21.56,99.00,174.52,0.00,1144.08,2026-06-15,Paid
7722,2308,2026-06-01,2026-06-30,849.00,1.02,0.00,153.00,69.35,1072.37,2026-07-15,Overdue
7723,2308,2026-07-01,2026-07-31,849.00,22.11,99.00,174.62,0.00,1144.73,2026-08-15,Unpaid
7724,2308,2026-08-01,2026-08-31,849.00,8.75,29.00,159.61,0.00,1046.36,2026-09-15,Unpaid
7725,2311,2026-03-01,2026-03-31,399.00,97.04,0.00,89.29,0.00,585.33,2026-04-15,Paid
7726,2311,2026-04-01,2026-04-30,399.00,51.80,49.00,89.96,0.00,589.76,2026-05-15,Paid
7727,2311,2026-05-01,2026-05-31,399.00,16.62,0.00,74.81,0.00,490.43,2026-06-15,Paid
7728,2311,2026-06-01,2026-06-30,399.00,19.23,0.00,75.28,0.00,493.51,2026-07-15,Paid
7729,2311,2026-07-01,2026-07-31,399.00,67.08,0.00,83.89,0.00,549.97,2026-08-15,Unpaid
7730,2311,2026-08-01,2026-08-31,399.00,57.16,0.00,82.11,0.00,538.27,2026-09-15,Paid
7731,2317,2026-03-01,2026-03-31,299.00,92.54,0.00,70.48,82.57,544.59,2026-04-15,Overdue
7732,2317,2026-04-01,2026-04-30,299.00,33.70,49.00,68.71,64.64,515.05,2026-05-15,Overdue
7733,2317,2026-05-01,2026-05-31,299.00,22.41,19.00,61.27,27.55,429.23,2026-06-15,Overdue
7734,2317,2026-06-01,2026-06-30,299.00,13.84,49.00,65.13,0.00,426.97,2026-07-15,Paid
7735,2317,2026-07-01,2026-07-31,299.00,46.54,0.00,62.20,0.00,407.74,2026-08-15,Paid
7736,2317,2026-08-01,2026-08-31,299.00,30.57,0.00,59.32,0.00,388.89,2026-09-15,Unpaid
7737,2318,2026-03-01,2026-03-31,249.00,29.21,29.00,55.30,0.00,362.51,2026-04-15,Paid
7738,2318,2026-04-01,2026-04-30,249.00,29.04,0.00,50.05,0.00,328.09,2026-05-15,Paid
7739,2318,2026-05-01,2026-05-31,249.00,94.06,0.00,61.75,0.00,404.81,2026-06-15,Paid
7740,2318,2026-06-01,2026-06-30,249.00,14.35,19.00,50.82,0.00,333.17,2026-07-15,Paid
7741,2318,2026-07-01,2026-07-31,249.00,29.51,19.00,53.55,0.00,351.06,2026-08-15,Unpaid
7742,2318,2026-08-01,2026-08-31,249.00,91.76,0.00,61.34,0.00,402.10,2026-09-15,Unpaid
7743,2320,2026-03-01,2026-03-31,949.00,38.12,19.00,181.10,0.00,1187.22,2026-04-15,Unpaid
7744,2320,2026-04-01,2026-04-30,949.00,41.81,29.00,183.57,0.00,1203.38,2026-05-15,Unpaid
7745,2320,2026-05-01,2026-05-31,949.00,92.98,0.00,187.56,0.00,1229.54,2026-06-15,Paid
7746,2320,2026-06-01,2026-06-30,949.00,44.25,19.00,182.20,0.00,1194.45,2026-07-15,Paid
7747,2320,2026-07-01,2026-07-31,949.00,81.40,99.00,203.29,0.00,1332.69,2026-08-15,Unpaid
7748,2320,2026-08-01,2026-08-31,949.00,41.71,0.00,178.33,0.00,1169.04,2026-09-15,Paid
7749,2328,2026-03-01,2026-03-31,949.00,41.88,0.00,178.36,56.29,1225.53,2026-04-15,Overdue
7750,2328,2026-04-01,2026-04-30,949.00,4.75,99.00,189.50,0.00,1242.25,2026-05-15,Paid
7751,2328,2026-05-01,2026-05-31,949.00,62.61,99.00,199.91,52.08,1362.60,2026-06-15,Overdue
7752,2328,2026-06-01,2026-06-30,949.00,51.71,19.00,183.55,0.00,1203.26,2026-07-15,Paid
7753,2328,2026-07-01,2026-07-31,949.00,0.86,19.00,174.39,0.00,1143.25,2026-08-15,Unpaid
7754,2328,2026-08-01,2026-08-31,949.00,95.01,19.00,191.34,0.00,1254.35,2026-09-15,Unpaid
7755,2329,2026-03-01,2026-03-31,179.00,22.79,29.00,41.54,0.00,272.33,2026-04-15,Paid
7756,2329,2026-04-01,2026-04-30,179.00,11.05,99.00,52.03,0.00,341.08,2026-05-15,Paid
7757,2329,2026-05-01,2026-05-31,179.00,59.06,29.00,48.07,0.00,315.13,2026-06-15,Paid
7758,2329,2026-06-01,2026-06-30,179.00,81.36,99.00,64.68,68.88,492.92,2026-07-15,Overdue
7759,2329,2026-07-01,2026-07-31,179.00,60.69,99.00,60.96,0.00,399.65,2026-08-15,Unpaid
7760,2329,2026-08-01,2026-08-31,179.00,3.70,49.00,41.71,0.00,273.41,2026-09-15,Paid
7761,2336,2026-03-01,2026-03-31,649.00,37.38,0.00,123.55,0.00,809.93,2026-04-15,Paid
7762,2336,2026-04-01,2026-04-30,649.00,59.12,99.00,145.28,0.00,952.40,2026-05-15,Paid
7763,2336,2026-05-01,2026-05-31,649.00,79.22,49.00,139.90,0.00,917.12,2026-06-15,Paid
7764,2336,2026-06-01,2026-06-30,649.00,72.15,49.00,138.63,0.00,908.78,2026-07-15,Paid
7765,2336,2026-07-01,2026-07-31,649.00,50.47,0.00,125.90,0.00,825.37,2026-08-15,Unpaid
7766,2336,2026-08-01,2026-08-31,649.00,62.25,99.00,145.84,0.00,956.09,2026-09-15,Paid
7767,2337,2026-03-01,2026-03-31,299.00,85.80,29.00,74.48,0.00,488.28,2026-04-15,Paid
7768,2337,2026-04-01,2026-04-30,299.00,21.10,49.00,66.44,0.00,435.54,2026-05-15,Paid
7769,2337,2026-05-01,2026-05-31,299.00,62.15,0.00,65.01,0.00,426.16,2026-06-15,Paid
7770,2337,2026-06-01,2026-06-30,299.00,4.58,0.00,54.64,88.99,447.21,2026-07-15,Overdue
7771,2337,2026-07-01,2026-07-31,299.00,61.92,49.00,73.79,0.00,483.71,2026-08-15,Paid
7772,2337,2026-08-01,2026-08-31,299.00,89.51,0.00,69.93,0.00,458.44,2026-09-15,Unpaid
7773,2342,2026-03-01,2026-03-31,99.00,26.32,29.00,27.78,0.00,182.10,2026-04-15,Unpaid
7774,2342,2026-04-01,2026-04-30,99.00,29.79,49.00,32.00,0.00,209.79,2026-05-15,Paid
7775,2342,2026-05-01,2026-05-31,99.00,78.42,0.00,31.94,32.97,242.33,2026-06-15,Overdue
7776,2342,2026-06-01,2026-06-30,99.00,14.26,0.00,20.39,0.00,133.65,2026-07-15,Paid
7777,2342,2026-07-01,2026-07-31,99.00,19.95,0.00,21.41,0.00,140.36,2026-08-15,Unpaid
7778,2342,2026-08-01,2026-08-31,99.00,17.12,99.00,38.72,0.00,253.84,2026-09-15,Paid
7779,2347,2026-03-01,2026-03-31,849.00,33.75,0.00,158.89,0.00,1041.64,2026-04-15,Paid
7780,2347,2026-04-01,2026-04-30,849.00,82.04,99.00,185.41,0.00,1215.45,2026-05-15,Unpaid
7781,2347,2026-05-01,2026-05-31,849.00,49.40,99.00,179.53,0.00,1176.93,2026-06-15,Unpaid
7782,2347,2026-06-01,2026-06-30,849.00,60.24,0.00,163.66,0.00,1072.90,2026-07-15,Paid
7783,2347,2026-07-01,2026-07-31,849.00,70.60,99.00,183.35,0.00,1201.95,2026-08-15,Paid
7784,2347,2026-08-01,2026-08-31,849.00,24.58,19.00,160.66,0.00,1053.24,2026-09-15,Unpaid
7785,2353,2026-03-01,2026-03-31,399.00,93.83,0.00,88.71,0.00,581.54,2026-04-15,Paid
7786,2353,2026-04-01,2026-04-30,399.00,84.85,49.00,95.91,0.00,628.76,2026-05-15,Paid
7787,2353,2026-05-01,2026-05-31,399.00,85.20,49.00,95.98,0.00,629.18,2026-06-15,Paid
7788,2353,2026-06-01,2026-06-30,399.00,85.21,49.00,95.98,0.00,629.19,2026-07-15,Paid
7789,2353,2026-07-01,2026-07-31,399.00,71.01,0.00,84.60,0.00,554.61,2026-08-15,Unpaid
7790,2353,2026-08-01,2026-08-31,399.00,71.08,0.00,84.61,0.00,554.69,2026-09-15,Paid
7791,2357,2026-03-01,2026-03-31,799.00,64.61,29.00,160.67,0.00,1053.28,2026-04-15,Paid
7792,2357,2026-04-01,2026-04-30,799.00,40.33,29.00,156.30,0.00,1024.63,2026-05-15,Paid
7793,2357,2026-05-01,2026-05-31,799.00,79.05,29.00,163.27,0.00,1070.32,2026-06-15,Paid
7794,2357,2026-06-01,2026-06-30,799.00,2.50,19.00,147.69,0.00,968.19,2026-07-15,Paid
7795,2357,2026-07-01,2026-07-31,799.00,41.53,0.00,151.30,0.00,991.83,2026-08-15,Paid
7796,2357,2026-08-01,2026-08-31,799.00,43.45,0.00,151.64,0.00,994.09,2026-09-15,Unpaid
7797,2360,2026-03-01,2026-03-31,649.00,58.43,99.00,145.16,0.00,951.59,2026-04-15,Paid
7798,2360,2026-04-01,2026-04-30,649.00,94.84,0.00,133.89,0.00,877.73,2026-05-15,Paid
7799,2360,2026-05-01,2026-05-31,649.00,31.93,19.00,125.99,0.00,825.92,2026-06-15,Paid
7800,2360,2026-06-01,2026-06-30,649.00,90.12,0.00,133.04,32.71,904.87,2026-07-15,Overdue
7801,2360,2026-07-01,2026-07-31,649.00,55.66,0.00,126.84,0.00,831.50,2026-08-15,Unpaid
7802,2360,2026-08-01,2026-08-31,649.00,3.22,19.00,120.82,0.00,792.04,2026-09-15,Paid
7803,2361,2026-03-01,2026-03-31,479.00,63.22,49.00,106.42,0.00,697.64,2026-04-15,Paid
7804,2361,2026-04-01,2026-04-30,479.00,97.76,49.00,112.64,0.00,738.40,2026-05-15,Paid
7805,2361,2026-05-01,2026-05-31,479.00,67.11,99.00,116.12,0.00,761.23,2026-06-15,Paid
7806,2361,2026-06-01,2026-06-30,479.00,51.34,99.00,113.28,0.00,742.62,2026-07-15,Paid
7807,2361,2026-07-01,2026-07-31,479.00,59.28,49.00,105.71,0.00,692.99,2026-08-15,Unpaid
7808,2361,2026-08-01,2026-08-31,479.00,85.12,49.00,110.36,0.00,723.48,2026-09-15,Paid
7809,2367,2026-03-01,2026-03-31,149.00,93.49,19.00,47.07,27.16,335.72,2026-04-15,Overdue
7810,2367,2026-04-01,2026-04-30,149.00,54.12,29.00,41.78,0.00,273.90,2026-05-15,Paid
7811,2367,2026-05-01,2026-05-31,149.00,30.31,19.00,35.70,0.00,234.01,2026-06-15,Paid
7812,2367,2026-06-01,2026-06-30,149.00,9.54,0.00,28.54,20.91,207.99,2026-07-15,Overdue
7813,2367,2026-07-01,2026-07-31,149.00,20.61,49.00,39.35,0.00,257.96,2026-08-15,Paid
7814,2367,2026-08-01,2026-08-31,149.00,24.41,0.00,31.21,0.00,204.62,2026-09-15,Paid
7815,2374,2026-03-01,2026-03-31,149.00,28.21,0.00,31.90,0.00,209.11,2026-04-15,Unpaid
7816,2374,2026-04-01,2026-04-30,149.00,54.54,0.00,36.64,0.00,240.18,2026-05-15,Paid
7817,2374,2026-05-01,2026-05-31,149.00,28.32,29.00,37.14,0.00,243.46,2026-06-15,Unpaid
7818,2374,2026-06-01,2026-06-30,149.00,54.69,0.00,36.66,0.00,240.35,2026-07-15,Paid
7819,2374,2026-07-01,2026-07-31,149.00,85.96,0.00,42.29,0.00,277.25,2026-08-15,Unpaid
7820,2374,2026-08-01,2026-08-31,149.00,69.26,0.00,39.29,0.00,257.55,2026-09-15,Paid
7821,2381,2026-03-01,2026-03-31,199.00,36.66,99.00,60.24,64.16,459.06,2026-04-15,Overdue
7822,2381,2026-04-01,2026-04-30,199.00,89.14,0.00,51.87,0.00,340.01,2026-05-15,Paid
7823,2381,2026-05-01,2026-05-31,199.00,58.08,0.00,46.27,0.00,303.35,2026-06-15,Paid
7824,2381,2026-06-01,2026-06-30,199.00,6.69,29.00,42.24,0.00,276.93,2026-07-15,Paid
7825,2381,2026-07-01,2026-07-31,199.00,64.14,29.00,52.59,0.00,344.73,2026-08-15,Unpaid
7826,2381,2026-08-01,2026-08-31,199.00,94.59,0.00,52.85,0.00,346.44,2026-09-15,Paid
7827,2382,2026-03-01,2026-03-31,239.00,25.30,99.00,65.39,0.00,428.69,2026-04-15,Paid
7828,2382,2026-04-01,2026-04-30,239.00,24.12,99.00,65.18,0.00,427.30,2026-05-15,Paid
7829,2382,2026-05-01,2026-05-31,239.00,7.49,0.00,44.37,0.00,290.86,2026-06-15,Paid
7830,2382,2026-06-01,2026-06-30,239.00,25.48,0.00,47.61,0.00,312.09,2026-07-15,Paid
7831,2382,2026-07-01,2026-07-31,239.00,58.46,49.00,62.36,0.00,408.82,2026-08-15,Paid
7832,2382,2026-08-01,2026-08-31,239.00,51.67,19.00,55.74,0.00,365.41,2026-09-15,Paid
7833,2387,2026-03-01,2026-03-31,2999.00,81.76,29.00,559.76,0.00,3669.52,2026-04-15,Paid
7834,2387,2026-04-01,2026-04-30,2999.00,12.86,0.00,542.13,0.00,3553.99,2026-05-15,Paid
7835,2387,2026-05-01,2026-05-31,2999.00,26.14,29.00,549.75,0.00,3603.89,2026-06-15,Paid
7836,2387,2026-06-01,2026-06-30,2999.00,12.22,0.00,542.02,0.00,3553.24,2026-07-15,Paid
7837,2387,2026-07-01,2026-07-31,2999.00,96.06,29.00,562.33,0.00,3686.39,2026-08-15,Unpaid
7838,2387,2026-08-01,2026-08-31,2999.00,38.59,0.00,546.77,0.00,3584.36,2026-09-15,Paid
7839,2389,2026-03-01,2026-03-31,849.00,37.28,19.00,162.95,0.00,1068.23,2026-04-15,Paid
7840,2389,2026-04-01,2026-04-30,849.00,29.51,99.00,175.95,0.00,1153.46,2026-05-15,Paid
7841,2389,2026-05-01,2026-05-31,849.00,30.04,0.00,158.23,63.04,1100.31,2026-06-15,Overdue
7842,2389,2026-06-01,2026-06-30,849.00,32.31,99.00,176.46,63.46,1220.23,2026-07-15,Overdue
7843,2389,2026-07-01,2026-07-31,849.00,9.51,99.00,172.35,0.00,1129.86,2026-08-15,Paid
7844,2389,2026-08-01,2026-08-31,849.00,41.61,99.00,178.13,0.00,1167.74,2026-09-15,Unpaid
7845,2393,2026-03-01,2026-03-31,649.00,71.89,29.00,134.98,0.00,884.87,2026-04-15,Paid
7846,2393,2026-04-01,2026-04-30,649.00,19.17,99.00,138.09,43.70,948.96,2026-05-15,Overdue
7847,2393,2026-05-01,2026-05-31,649.00,32.00,19.00,126.00,0.00,826.00,2026-06-15,Paid
7848,2393,2026-06-01,2026-06-30,649.00,14.57,0.00,119.44,0.00,783.01,2026-07-15,Paid
7849,2393,2026-07-01,2026-07-31,649.00,31.00,0.00,122.40,0.00,802.40,2026-08-15,Unpaid
7850,2393,2026-08-01,2026-08-31,649.00,77.22,99.00,148.54,0.00,973.76,2026-09-15,Paid
7851,2394,2026-03-01,2026-03-31,949.00,27.39,19.00,179.17,66.62,1241.18,2026-04-15,Overdue
7852,2394,2026-04-01,2026-04-30,949.00,54.84,0.00,180.69,0.00,1184.53,2026-05-15,Paid
7853,2394,2026-05-01,2026-05-31,949.00,17.76,0.00,174.02,0.00,1140.78,2026-06-15,Paid
7854,2394,2026-06-01,2026-06-30,949.00,58.89,29.00,186.64,0.00,1223.53,2026-07-15,Paid
7855,2394,2026-07-01,2026-07-31,949.00,12.21,0.00,173.02,0.00,1134.23,2026-08-15,Unpaid
7856,2394,2026-08-01,2026-08-31,949.00,92.43,29.00,192.68,0.00,1263.11,2026-09-15,Unpaid
7857,2396,2026-03-01,2026-03-31,199.00,56.27,0.00,45.95,0.00,301.22,2026-04-15,Unpaid
7858,2396,2026-04-01,2026-04-30,199.00,31.82,19.00,44.97,0.00,294.79,2026-05-15,Paid
7859,2396,2026-05-01,2026-05-31,199.00,65.91,29.00,52.90,71.89,418.70,2026-06-15,Overdue
7860,2396,2026-06-01,2026-06-30,199.00,86.94,49.00,60.29,0.00,395.23,2026-07-15,Unpaid
7861,2396,2026-07-01,2026-07-31,199.00,90.89,0.00,52.18,0.00,342.07,2026-08-15,Unpaid
7862,2396,2026-08-01,2026-08-31,199.00,59.01,99.00,64.26,0.00,421.27,2026-09-15,Paid
7863,2397,2026-03-01,2026-03-31,179.00,87.97,49.00,56.87,0.00,372.84,2026-04-15,Paid
7864,2397,2026-04-01,2026-04-30,179.00,10.48,29.00,39.33,0.00,257.81,2026-05-15,Paid
7865,2397,2026-05-01,2026-05-31,179.00,68.53,99.00,62.38,0.00,408.91,2026-06-15,Paid
7866,2397,2026-06-01,2026-06-30,179.00,55.87,99.00,60.10,27.75,421.72,2026-07-15,Overdue
7867,2397,2026-07-01,2026-07-31,179.00,20.01,0.00,35.82,0.00,234.83,2026-08-15,Paid
7868,2397,2026-08-01,2026-08-31,179.00,2.33,0.00,32.64,0.00,213.97,2026-09-15,Unpaid
7869,2403,2026-03-01,2026-03-31,699.00,17.43,99.00,146.78,0.00,962.21,2026-04-15,Paid
7870,2403,2026-04-01,2026-04-30,699.00,24.87,29.00,135.52,0.00,888.39,2026-05-15,Paid
7871,2403,2026-05-01,2026-05-31,699.00,40.41,49.00,141.91,0.00,930.32,2026-06-15,Paid
7872,2403,2026-06-01,2026-06-30,699.00,53.12,19.00,138.80,0.00,909.92,2026-07-15,Paid
7873,2403,2026-07-01,2026-07-31,699.00,92.10,0.00,142.40,0.00,933.50,2026-08-15,Unpaid
7874,2403,2026-08-01,2026-08-31,699.00,96.24,49.00,151.96,0.00,996.20,2026-09-15,Paid
7875,2406,2026-03-01,2026-03-31,149.00,69.45,19.00,42.74,0.00,280.19,2026-04-15,Paid
7876,2406,2026-04-01,2026-04-30,149.00,88.91,49.00,51.64,0.00,338.55,2026-05-15,Paid
7877,2406,2026-05-01,2026-05-31,149.00,43.34,19.00,38.04,35.38,284.76,2026-06-15,Overdue
7878,2406,2026-06-01,2026-06-30,149.00,7.75,19.00,31.63,0.00,207.38,2026-07-15,Paid
7879,2406,2026-07-01,2026-07-31,149.00,5.32,49.00,36.60,0.00,239.92,2026-08-15,Unpaid
7880,2406,2026-08-01,2026-08-31,149.00,97.87,0.00,44.44,0.00,291.31,2026-09-15,Paid
7881,2407,2026-03-01,2026-03-31,149.00,73.98,19.00,43.56,0.00,285.54,2026-04-15,Paid
7882,2407,2026-04-01,2026-04-30,149.00,49.74,0.00,35.77,0.00,234.51,2026-05-15,Paid
7883,2407,2026-05-01,2026-05-31,149.00,32.71,0.00,32.71,0.00,214.42,2026-06-15,Paid
7884,2407,2026-06-01,2026-06-30,149.00,62.12,99.00,55.82,0.00,365.94,2026-07-15,Paid
7885,2407,2026-07-01,2026-07-31,149.00,10.57,0.00,28.72,0.00,188.29,2026-08-15,Unpaid
7886,2407,2026-08-01,2026-08-31,149.00,70.73,0.00,39.55,0.00,259.28,2026-09-15,Unpaid
7887,2409,2026-03-01,2026-03-31,2999.00,31.80,19.00,548.96,0.00,3598.76,2026-04-15,Paid
7888,2409,2026-04-01,2026-04-30,2999.00,70.25,49.00,561.28,0.00,3679.53,2026-05-15,Paid
7889,2409,2026-05-01,2026-05-31,2999.00,44.14,19.00,551.19,0.00,3613.33,2026-06-15,Paid
7890,2409,2026-06-01,2026-06-30,2999.00,6.22,0.00,540.94,54.64,3600.80,2026-07-15,Overdue
7891,2409,2026-07-01,2026-07-31,2999.00,56.56,49.00,558.82,0.00,3663.38,2026-08-15,Paid
7892,2409,2026-08-01,2026-08-31,2999.00,46.70,29.00,553.45,0.00,3628.15,2026-09-15,Unpaid
7893,2410,2026-03-01,2026-03-31,399.00,77.47,49.00,94.58,79.12,699.17,2026-04-15,Overdue
7894,2410,2026-04-01,2026-04-30,399.00,97.49,19.00,92.79,0.00,608.28,2026-05-15,Unpaid
7895,2410,2026-05-01,2026-05-31,399.00,8.88,19.00,76.84,38.46,542.18,2026-06-15,Overdue
7896,2410,2026-06-01,2026-06-30,399.00,40.92,0.00,79.19,0.00,519.11,2026-07-15,Unpaid
7897,2410,2026-07-01,2026-07-31,399.00,9.54,0.00,73.54,0.00,482.08,2026-08-15,Unpaid
7898,2410,2026-08-01,2026-08-31,399.00,77.37,0.00,85.75,0.00,562.12,2026-09-15,Paid
7899,2411,2026-03-01,2026-03-31,649.00,56.76,49.00,135.86,0.00,890.62,2026-04-15,Paid
7900,2411,2026-04-01,2026-04-30,649.00,37.41,19.00,126.97,0.00,832.38,2026-05-15,Paid
7901,2411,2026-05-01,2026-05-31,649.00,61.81,19.00,131.37,0.00,861.18,2026-06-15,Paid
7902,2411,2026-06-01,2026-06-30,649.00,29.64,0.00,122.16,0.00,800.80,2026-07-15,Paid
7903,2411,2026-07-01,2026-07-31,649.00,23.64,99.00,138.90,0.00,910.54,2026-08-15,Unpaid
7904,2411,2026-08-01,2026-08-31,649.00,70.68,99.00,147.36,0.00,966.04,2026-09-15,Unpaid
7905,2412,2026-03-01,2026-03-31,149.00,77.72,0.00,40.81,0.00,267.53,2026-04-15,Paid
7906,2412,2026-04-01,2026-04-30,149.00,44.13,49.00,43.58,0.00,285.71,2026-05-15,Paid
7907,2412,2026-05-01,2026-05-31,149.00,80.59,0.00,41.33,75.08,346.00,2026-06-15,Overdue
7908,2412,2026-06-01,2026-06-30,149.00,5.69,0.00,27.84,0.00,182.53,2026-07-15,Paid
7909,2412,2026-07-01,2026-07-31,149.00,23.92,49.00,39.95,0.00,261.87,2026-08-15,Unpaid
7910,2412,2026-08-01,2026-08-31,149.00,33.69,0.00,32.88,0.00,215.57,2026-09-15,Unpaid
7911,2419,2026-03-01,2026-03-31,399.00,18.97,0.00,75.23,0.00,493.20,2026-04-15,Paid
7912,2419,2026-04-01,2026-04-30,399.00,41.28,0.00,79.25,0.00,519.53,2026-05-15,Paid
7913,2419,2026-05-01,2026-05-31,399.00,41.10,0.00,79.22,0.00,519.32,2026-06-15,Paid
7914,2419,2026-06-01,2026-06-30,399.00,92.97,0.00,88.55,83.67,664.19,2026-07-15,Overdue
7915,2419,2026-07-01,2026-07-31,399.00,79.27,0.00,86.09,0.00,564.36,2026-08-15,Unpaid
7916,2419,2026-08-01,2026-08-31,399.00,62.18,99.00,100.83,0.00,661.01,2026-09-15,Unpaid
7917,2428,2026-03-01,2026-03-31,249.00,40.67,99.00,69.96,84.59,543.22,2026-04-15,Overdue
7918,2428,2026-04-01,2026-04-30,249.00,13.46,0.00,47.24,0.00,309.70,2026-05-15,Paid
7919,2428,2026-05-01,2026-05-31,249.00,51.40,19.00,57.49,21.68,398.57,2026-06-15,Overdue
7920,2428,2026-06-01,2026-06-30,249.00,95.61,0.00,62.03,0.00,406.64,2026-07-15,Paid
7921,2428,2026-07-01,2026-07-31,249.00,94.09,99.00,79.58,0.00,521.67,2026-08-15,Unpaid
7922,2428,2026-08-01,2026-08-31,249.00,47.86,0.00,53.43,0.00,350.29,2026-09-15,Paid
7923,2429,2026-03-01,2026-03-31,179.00,35.99,0.00,38.70,0.00,253.69,2026-04-15,Paid
7924,2429,2026-04-01,2026-04-30,179.00,90.13,0.00,48.44,0.00,317.57,2026-05-15,Paid
7925,2429,2026-05-01,2026-05-31,179.00,38.97,29.00,44.45,0.00,291.42,2026-06-15,Paid
7926,2429,2026-06-01,2026-06-30,179.00,40.57,99.00,57.34,0.00,375.91,2026-07-15,Unpaid
7927,2429,2026-07-01,2026-07-31,179.00,30.08,29.00,42.85,0.00,280.93,2026-08-15,Paid
7928,2429,2026-08-01,2026-08-31,179.00,81.05,99.00,64.63,0.00,423.68,2026-09-15,Unpaid
7929,2432,2026-03-01,2026-03-31,649.00,45.13,0.00,124.94,0.00,819.07,2026-04-15,Paid
7930,2432,2026-04-01,2026-04-30,649.00,92.49,0.00,133.47,0.00,874.96,2026-05-15,Paid
7931,2432,2026-05-01,2026-05-31,649.00,15.65,0.00,119.64,0.00,784.29,2026-06-15,Paid
7932,2432,2026-06-01,2026-06-30,649.00,39.38,49.00,132.73,0.00,870.11,2026-07-15,Unpaid
7933,2432,2026-07-01,2026-07-31,649.00,69.94,0.00,129.41,0.00,848.35,2026-08-15,Paid
7934,2432,2026-08-01,2026-08-31,649.00,2.69,0.00,117.30,0.00,768.99,2026-09-15,Unpaid
7935,2438,2026-03-01,2026-03-31,899.00,98.84,0.00,179.61,41.52,1218.97,2026-04-15,Overdue
7936,2438,2026-04-01,2026-04-30,899.00,88.79,49.00,186.62,0.00,1223.41,2026-05-15,Unpaid
7937,2438,2026-05-01,2026-05-31,899.00,33.89,0.00,167.92,0.00,1100.81,2026-06-15,Paid
7938,2438,2026-06-01,2026-06-30,899.00,53.67,0.00,171.48,0.00,1124.15,2026-07-15,Paid
7939,2438,2026-07-01,2026-07-31,899.00,82.30,0.00,176.63,0.00,1157.93,2026-08-15,Unpaid
7940,2438,2026-08-01,2026-08-31,899.00,49.75,0.00,170.78,0.00,1119.53,2026-09-15,Unpaid
7941,2440,2026-03-01,2026-03-31,499.00,77.03,29.00,108.91,0.00,713.94,2026-04-15,Paid
7942,2440,2026-04-01,2026-04-30,499.00,99.36,0.00,107.70,0.00,706.06,2026-05-15,Paid
7943,2440,2026-05-01,2026-05-31,499.00,13.68,0.00,92.28,0.00,604.96,2026-06-15,Paid
7944,2440,2026-06-01,2026-06-30,499.00,97.65,49.00,116.22,0.00,761.87,2026-07-15,Paid
7945,2440,2026-07-01,2026-07-31,499.00,30.04,0.00,95.23,0.00,624.27,2026-08-15,Paid
7946,2440,2026-08-01,2026-08-31,499.00,25.39,49.00,103.21,0.00,676.60,2026-09-15,Unpaid
7947,2449,2026-03-01,2026-03-31,179.00,51.29,29.00,46.67,86.56,392.52,2026-04-15,Overdue
7948,2449,2026-04-01,2026-04-30,179.00,45.13,99.00,58.16,0.00,381.29,2026-05-15,Paid
7949,2449,2026-05-01,2026-05-31,179.00,93.72,19.00,52.51,69.51,413.74,2026-06-15,Overdue
7950,2449,2026-06-01,2026-06-30,179.00,85.91,0.00,47.68,0.00,312.59,2026-07-15,Paid
7951,2449,2026-07-01,2026-07-31,179.00,65.79,0.00,44.06,0.00,288.85,2026-08-15,Unpaid
7952,2449,2026-08-01,2026-08-31,179.00,22.19,99.00,54.03,0.00,354.22,2026-09-15,Unpaid
7953,2450,2026-03-01,2026-03-31,179.00,20.59,29.00,41.15,0.00,269.74,2026-04-15,Paid
7954,2450,2026-04-01,2026-04-30,179.00,58.42,0.00,42.74,0.00,280.16,2026-05-15,Paid
7955,2450,2026-05-01,2026-05-31,179.00,56.89,0.00,42.46,0.00,278.35,2026-06-15,Paid
7956,2450,2026-06-01,2026-06-30,179.00,51.84,49.00,50.37,0.00,330.21,2026-07-15,Paid
7957,2450,2026-07-01,2026-07-31,179.00,83.13,0.00,47.18,0.00,309.31,2026-08-15,Unpaid
7958,2450,2026-08-01,2026-08-31,179.00,20.01,0.00,35.82,0.00,234.83,2026-09-15,Unpaid
7959,2452,2026-03-01,2026-03-31,399.00,8.99,0.00,73.44,0.00,481.43,2026-04-15,Paid
7960,2452,2026-04-01,2026-04-30,399.00,60.90,0.00,82.78,0.00,542.68,2026-05-15,Unpaid
7961,2452,2026-05-01,2026-05-31,399.00,9.24,0.00,73.48,0.00,481.72,2026-06-15,Paid
7962,2452,2026-06-01,2026-06-30,399.00,48.11,0.00,80.48,0.00,527.59,2026-07-15,Paid
7963,2452,2026-07-01,2026-07-31,399.00,10.49,0.00,73.71,0.00,483.20,2026-08-15,Paid
7964,2452,2026-08-01,2026-08-31,399.00,18.92,29.00,80.45,0.00,527.37,2026-09-15,Unpaid
7965,2455,2026-03-01,2026-03-31,249.00,55.22,0.00,54.76,0.00,358.98,2026-04-15,Unpaid
7966,2455,2026-04-01,2026-04-30,249.00,24.55,99.00,67.06,0.00,439.61,2026-05-15,Paid
7967,2455,2026-05-01,2026-05-31,249.00,19.93,0.00,48.41,0.00,317.34,2026-06-15,Paid
7968,2455,2026-06-01,2026-06-30,249.00,13.03,29.00,52.39,0.00,343.42,2026-07-15,Paid
7969,2455,2026-07-01,2026-07-31,249.00,42.01,99.00,70.20,0.00,460.21,2026-08-15,Unpaid
7970,2455,2026-08-01,2026-08-31,249.00,63.69,29.00,61.50,0.00,403.19,2026-09-15,Paid
7971,2456,2026-03-01,2026-03-31,399.00,41.15,49.00,88.05,0.00,577.20,2026-04-15,Paid
7972,2456,2026-04-01,2026-04-30,399.00,82.07,0.00,86.59,88.58,656.24,2026-05-15,Overdue
7973,2456,2026-05-01,2026-05-31,399.00,64.17,0.00,83.37,35.42,581.96,2026-06-15,Overdue
7974,2456,2026-06-01,2026-06-30,399.00,98.08,19.00,92.89,0.00,608.97,2026-07-15,Paid
7975,2456,2026-07-01,2026-07-31,399.00,94.91,19.00,92.32,0.00,605.23,2026-08-15,Unpaid
7976,2456,2026-08-01,2026-08-31,399.00,66.79,99.00,101.66,0.00,666.45,2026-09-15,Unpaid
7977,2459,2026-03-01,2026-03-31,899.00,54.99,0.00,171.72,35.50,1161.21,2026-04-15,Overdue
7978,2459,2026-04-01,2026-04-30,899.00,94.63,29.00,184.07,0.00,1206.70,2026-05-15,Unpaid
7979,2459,2026-05-01,2026-05-31,899.00,97.91,49.00,188.26,0.00,1234.17,2026-06-15,Paid
7980,2459,2026-06-01,2026-06-30,899.00,20.44,19.00,168.92,0.00,1107.36,2026-07-15,Paid
7981,2459,2026-07-01,2026-07-31,899.00,81.72,0.00,176.53,0.00,1157.25,2026-08-15,Paid
7982,2459,2026-08-01,2026-08-31,899.00,48.30,99.00,188.33,0.00,1234.63,2026-09-15,Unpaid
7983,2463,2026-03-01,2026-03-31,699.00,88.74,29.00,147.01,0.00,963.75,2026-04-15,Paid
7984,2463,2026-04-01,2026-04-30,699.00,24.66,99.00,148.08,0.00,970.74,2026-05-15,Paid
7985,2463,2026-05-01,2026-05-31,699.00,64.03,19.00,140.77,0.00,922.80,2026-06-15,Unpaid
7986,2463,2026-06-01,2026-06-30,699.00,55.56,29.00,141.04,34.84,959.44,2026-07-15,Overdue
7987,2463,2026-07-01,2026-07-31,699.00,76.98,0.00,139.68,0.00,915.66,2026-08-15,Unpaid
7988,2463,2026-08-01,2026-08-31,699.00,45.33,49.00,142.80,0.00,936.13,2026-09-15,Unpaid
7989,2466,2026-03-01,2026-03-31,399.00,11.00,99.00,91.62,0.00,600.62,2026-04-15,Paid
7990,2466,2026-04-01,2026-04-30,399.00,67.87,49.00,92.86,46.57,655.30,2026-05-15,Overdue
7991,2466,2026-05-01,2026-05-31,399.00,93.57,49.00,97.48,0.00,639.05,2026-06-15,Paid
7992,2466,2026-06-01,2026-06-30,399.00,62.00,0.00,82.98,0.00,543.98,2026-07-15,Paid
7993,2466,2026-07-01,2026-07-31,399.00,77.38,0.00,85.75,0.00,562.13,2026-08-15,Paid
7994,2466,2026-08-01,2026-08-31,399.00,66.07,49.00,92.53,0.00,606.60,2026-09-15,Unpaid
7995,2469,2026-03-01,2026-03-31,2999.00,49.14,0.00,548.67,0.00,3596.81,2026-04-15,Paid
7996,2469,2026-04-01,2026-04-30,2999.00,21.24,0.00,543.64,0.00,3563.88,2026-05-15,Paid
7997,2469,2026-05-01,2026-05-31,2999.00,42.37,19.00,550.87,0.00,3611.24,2026-06-15,Paid
7998,2469,2026-06-01,2026-06-30,2999.00,59.33,0.00,550.50,0.00,3608.83,2026-07-15,Paid
7999,2469,2026-07-01,2026-07-31,2999.00,72.32,29.00,558.06,0.00,3658.38,2026-08-15,Paid
8000,2469,2026-08-01,2026-08-31,2999.00,98.28,49.00,566.33,0.00,3712.61,2026-09-15,Paid
8001,2471,2026-03-01,2026-03-31,99.00,28.07,19.00,26.29,58.24,230.60,2026-04-15,Overdue
8002,2471,2026-04-01,2026-04-30,99.00,64.66,49.00,38.28,0.00,250.94,2026-05-15,Unpaid
8003,2471,2026-05-01,2026-05-31,99.00,0.85,29.00,23.19,0.00,152.04,2026-06-15,Paid
8004,2471,2026-06-01,2026-06-30,99.00,30.45,0.00,23.30,0.00,152.75,2026-07-15,Unpaid
8005,2471,2026-07-01,2026-07-31,99.00,36.32,99.00,42.18,0.00,276.50,2026-08-15,Paid
8006,2471,2026-08-01,2026-08-31,99.00,24.64,0.00,22.26,0.00,145.90,2026-09-15,Paid
8007,2474,2026-03-01,2026-03-31,849.00,50.93,19.00,165.41,0.00,1084.34,2026-04-15,Unpaid
8008,2474,2026-04-01,2026-04-30,849.00,71.65,19.00,169.14,0.00,1108.79,2026-05-15,Paid
8009,2474,2026-05-01,2026-05-31,849.00,14.03,19.00,158.77,0.00,1040.80,2026-06-15,Unpaid
8010,2474,2026-06-01,2026-06-30,849.00,52.38,29.00,167.47,38.58,1136.43,2026-07-15,Overdue
8011,2474,2026-07-01,2026-07-31,849.00,16.87,0.00,155.86,0.00,1021.73,2026-08-15,Unpaid
8012,2474,2026-08-01,2026-08-31,849.00,61.43,0.00,163.88,0.00,1074.31,2026-09-15,Unpaid
8013,2477,2026-03-01,2026-03-31,179.00,27.55,99.00,55.00,0.00,360.55,2026-04-15,Paid
8014,2477,2026-04-01,2026-04-30,179.00,28.41,99.00,55.15,91.47,453.03,2026-05-15,Overdue
8015,2477,2026-05-01,2026-05-31,179.00,89.07,0.00,48.25,97.87,414.19,2026-06-15,Overdue
8016,2477,2026-06-01,2026-06-30,179.00,4.43,0.00,33.02,0.00,216.45,2026-07-15,Paid
8017,2477,2026-07-01,2026-07-31,179.00,72.56,0.00,45.28,0.00,296.84,2026-08-15,Unpaid
8018,2477,2026-08-01,2026-08-31,179.00,8.37,0.00,33.73,0.00,221.10,2026-09-15,Unpaid
8019,2480,2026-03-01,2026-03-31,149.00,66.42,49.00,47.60,0.00,312.02,2026-04-15,Paid
8020,2480,2026-04-01,2026-04-30,149.00,68.61,19.00,42.59,0.00,279.20,2026-05-15,Paid
8021,2480,2026-05-01,2026-05-31,149.00,80.00,49.00,50.04,0.00,328.04,2026-06-15,Paid
8022,2480,2026-06-01,2026-06-30,149.00,44.81,0.00,34.89,0.00,228.70,2026-07-15,Unpaid
8023,2480,2026-07-01,2026-07-31,149.00,95.69,99.00,61.86,0.00,405.55,2026-08-15,Unpaid
8024,2480,2026-08-01,2026-08-31,149.00,83.10,19.00,45.20,0.00,296.30,2026-09-15,Paid
8025,2491,2026-03-01,2026-03-31,949.00,48.84,29.00,184.83,0.00,1211.67,2026-04-15,Paid
8026,2491,2026-04-01,2026-04-30,949.00,54.93,0.00,180.71,0.00,1184.64,2026-05-15,Paid
8027,2491,2026-05-01,2026-05-31,949.00,39.18,19.00,181.29,0.00,1188.47,2026-06-15,Paid
8028,2491,2026-06-01,2026-06-30,949.00,68.04,0.00,183.07,0.00,1200.11,2026-07-15,Paid
8029,2491,2026-07-01,2026-07-31,949.00,1.66,0.00,171.12,0.00,1121.78,2026-08-15,Unpaid
8030,2491,2026-08-01,2026-08-31,949.00,39.18,19.00,181.29,0.00,1188.47,2026-09-15,Unpaid
8031,2492,2026-03-01,2026-03-31,199.00,17.14,29.00,44.13,0.00,289.27,2026-04-15,Paid
8032,2492,2026-04-01,2026-04-30,199.00,49.80,0.00,44.78,0.00,293.58,2026-05-15,Paid
8033,2492,2026-05-01,2026-05-31,199.00,68.42,99.00,65.96,0.00,432.38,2026-06-15,Paid
8034,2492,2026-06-01,2026-06-30,199.00,89.33,0.00,51.90,0.00,340.23,2026-07-15,Paid
8035,2492,2026-07-01,2026-07-31,199.00,52.00,49.00,54.00,0.00,354.00,2026-08-15,Unpaid
8036,2492,2026-08-01,2026-08-31,199.00,17.38,49.00,47.77,0.00,313.15,2026-09-15,Unpaid
8037,2500,2026-03-01,2026-03-31,899.00,19.41,0.00,165.31,0.00,1083.72,2026-04-15,Paid
8038,2500,2026-04-01,2026-04-30,899.00,42.34,49.00,178.26,0.00,1168.60,2026-05-15,Unpaid
8039,2500,2026-05-01,2026-05-31,899.00,18.02,29.00,170.28,80.36,1196.66,2026-06-15,Overdue
8040,2500,2026-06-01,2026-06-30,899.00,13.33,19.00,167.64,0.00,1098.97,2026-07-15,Paid
8041,2500,2026-07-01,2026-07-31,899.00,28.24,0.00,166.90,0.00,1094.14,2026-08-15,Paid
8042,2500,2026-08-01,2026-08-31,899.00,61.57,29.00,178.12,0.00,1167.69,2026-09-15,Unpaid
8043,2501,2026-03-01,2026-03-31,199.00,33.09,29.00,47.00,0.00,308.09,2026-04-15,Paid
8044,2501,2026-04-01,2026-04-30,199.00,15.43,29.00,43.82,0.00,287.25,2026-05-15,Paid
8045,2501,2026-05-01,2026-05-31,199.00,24.26,99.00,58.01,0.00,380.27,2026-06-15,Paid
8046,2501,2026-06-01,2026-06-30,199.00,26.48,29.00,45.81,0.00,300.29,2026-07-15,Paid
8047,2501,2026-07-01,2026-07-31,199.00,91.22,99.00,70.06,0.00,459.28,2026-08-15,Paid
8048,2501,2026-08-01,2026-08-31,199.00,56.54,99.00,63.82,0.00,418.36,2026-09-15,Unpaid
8049,2504,2026-03-01,2026-03-31,299.00,8.60,49.00,64.19,0.00,420.79,2026-04-15,Paid
8050,2504,2026-04-01,2026-04-30,299.00,5.42,0.00,54.80,0.00,359.22,2026-05-15,Paid
8051,2504,2026-05-01,2026-05-31,299.00,72.79,0.00,66.92,86.37,525.08,2026-06-15,Overdue
8052,2504,2026-06-01,2026-06-30,299.00,18.48,99.00,74.97,0.00,491.45,2026-07-15,Paid
8053,2504,2026-07-01,2026-07-31,299.00,61.71,99.00,82.75,0.00,542.46,2026-08-15,Unpaid
8054,2504,2026-08-01,2026-08-31,299.00,24.56,49.00,67.06,0.00,439.62,2026-09-15,Unpaid
8055,2507,2026-03-01,2026-03-31,699.00,60.14,0.00,136.65,0.00,895.79,2026-04-15,Paid
8056,2507,2026-04-01,2026-04-30,699.00,35.24,19.00,135.58,62.14,950.96,2026-05-15,Overdue
8057,2507,2026-05-01,2026-05-31,699.00,2.54,0.00,126.28,0.00,827.82,2026-06-15,Paid
8058,2507,2026-06-01,2026-06-30,699.00,60.66,19.00,140.16,0.00,918.82,2026-07-15,Paid
8059,2507,2026-07-01,2026-07-31,699.00,61.43,49.00,145.70,0.00,955.13,2026-08-15,Paid
8060,2507,2026-08-01,2026-08-31,699.00,4.45,99.00,144.44,0.00,946.89,2026-09-15,Unpaid
8061,2508,2026-03-01,2026-03-31,899.00,11.69,0.00,163.92,0.00,1074.61,2026-04-15,Paid
8062,2508,2026-04-01,2026-04-30,899.00,47.93,49.00,179.27,57.32,1232.52,2026-05-15,Overdue
8063,2508,2026-05-01,2026-05-31,899.00,85.63,0.00,177.23,0.00,1161.86,2026-06-15,Unpaid
8064,2508,2026-06-01,2026-06-30,899.00,88.24,0.00,177.70,0.00,1164.94,2026-07-15,Unpaid
8065,2508,2026-07-01,2026-07-31,899.00,28.50,29.00,172.17,0.00,1128.67,2026-08-15,Paid
8066,2508,2026-08-01,2026-08-31,899.00,11.01,0.00,163.80,0.00,1073.81,2026-09-15,Paid
8067,2511,2026-03-01,2026-03-31,99.00,1.37,19.00,21.49,0.00,140.86,2026-04-15,Paid
8068,2511,2026-04-01,2026-04-30,99.00,34.14,99.00,41.79,0.00,273.93,2026-05-15,Paid
8069,2511,2026-05-01,2026-05-31,99.00,99.37,0.00,35.71,0.00,234.08,2026-06-15,Paid
8070,2511,2026-06-01,2026-06-30,99.00,82.50,99.00,50.49,0.00,330.99,2026-07-15,Paid
8071,2511,2026-07-01,2026-07-31,99.00,85.63,0.00,33.23,0.00,217.86,2026-08-15,Paid
8072,2511,2026-08-01,2026-08-31,99.00,45.52,0.00,26.01,0.00,170.53,2026-09-15,Unpaid
8073,2513,2026-03-01,2026-03-31,199.00,66.75,0.00,47.84,0.00,313.59,2026-04-15,Paid
8074,2513,2026-04-01,2026-04-30,199.00,16.73,99.00,56.65,0.00,371.38,2026-05-15,Paid
8075,2513,2026-05-01,2026-05-31,199.00,72.98,99.00,66.78,0.00,437.76,2026-06-15,Paid
8076,2513,2026-06-01,2026-06-30,199.00,20.39,99.00,57.31,0.00,375.70,2026-07-15,Paid
8077,2513,2026-07-01,2026-07-31,199.00,6.01,0.00,36.90,0.00,241.91,2026-08-15,Paid
8078,2513,2026-08-01,2026-08-31,199.00,75.73,29.00,54.67,0.00,358.40,2026-09-15,Unpaid
8079,2516,2026-03-01,2026-03-31,149.00,99.91,0.00,44.80,0.00,293.71,2026-04-15,Paid
8080,2516,2026-04-01,2026-04-30,149.00,71.97,29.00,44.99,59.92,354.88,2026-05-15,Overdue
8081,2516,2026-05-01,2026-05-31,149.00,37.81,0.00,33.63,0.00,220.44,2026-06-15,Paid
8082,2516,2026-06-01,2026-06-30,149.00,49.30,0.00,35.69,0.00,233.99,2026-07-15,Paid
8083,2516,2026-07-01,2026-07-31,149.00,78.06,0.00,40.87,0.00,267.93,2026-08-15,Paid
8084,2516,2026-08-01,2026-08-31,149.00,81.92,99.00,59.39,0.00,389.31,2026-09-15,Paid
8085,2523,2026-03-01,2026-03-31,249.00,68.94,99.00,75.05,0.00,491.99,2026-04-15,Paid
8086,2523,2026-04-01,2026-04-30,249.00,68.59,99.00,74.99,0.00,491.58,2026-05-15,Paid
8087,2523,2026-05-01,2026-05-31,249.00,53.48,0.00,54.45,0.00,356.93,2026-06-15,Paid
8088,2523,2026-06-01,2026-06-30,249.00,15.48,29.00,52.83,51.58,397.89,2026-07-15,Overdue
8089,2523,2026-07-01,2026-07-31,249.00,42.28,49.00,61.25,0.00,401.53,2026-08-15,Paid
8090,2523,2026-08-01,2026-08-31,249.00,87.53,49.00,69.40,0.00,454.93,2026-09-15,Paid
8091,2524,2026-03-01,2026-03-31,849.00,44.16,0.00,160.77,0.00,1053.93,2026-04-15,Unpaid
8092,2524,2026-04-01,2026-04-30,849.00,19.00,29.00,161.46,0.00,1058.46,2026-05-15,Paid
8093,2524,2026-05-01,2026-05-31,849.00,85.15,49.00,176.97,0.00,1160.12,2026-06-15,Paid
8094,2524,2026-06-01,2026-06-30,849.00,49.68,99.00,179.58,0.00,1177.26,2026-07-15,Paid
8095,2524,2026-07-01,2026-07-31,849.00,71.83,0.00,165.75,0.00,1086.58,2026-08-15,Unpaid
8096,2524,2026-08-01,2026-08-31,849.00,34.04,0.00,158.95,0.00,1041.99,2026-09-15,Unpaid
8097,2526,2026-03-01,2026-03-31,479.00,60.99,99.00,115.02,70.57,824.58,2026-04-15,Overdue
8098,2526,2026-04-01,2026-04-30,479.00,38.25,0.00,93.10,0.00,610.35,2026-05-15,Paid
8099,2526,2026-05-01,2026-05-31,479.00,58.09,99.00,114.50,0.00,750.59,2026-06-15,Paid
8100,2526,2026-06-01,2026-06-30,479.00,77.68,0.00,100.20,0.00,656.88,2026-07-15,Paid
8101,2526,2026-07-01,2026-07-31,479.00,31.27,29.00,97.07,0.00,636.34,2026-08-15,Unpaid
8102,2526,2026-08-01,2026-08-31,479.00,41.70,0.00,93.73,0.00,614.43,2026-09-15,Unpaid
8103,2527,2026-03-01,2026-03-31,899.00,49.26,29.00,175.91,0.00,1153.17,2026-04-15,Paid
8104,2527,2026-04-01,2026-04-30,899.00,34.68,19.00,171.48,68.74,1192.90,2026-05-15,Overdue
8105,2527,2026-05-01,2026-05-31,899.00,27.43,99.00,184.58,0.00,1210.01,2026-06-15,Paid
8106,2527,2026-06-01,2026-06-30,899.00,3.19,49.00,171.21,0.00,1122.40,2026-07-15,Paid
8107,2527,2026-07-01,2026-07-31,899.00,58.43,19.00,175.76,0.00,1152.19,2026-08-15,Unpaid
8108,2527,2026-08-01,2026-08-31,899.00,38.08,0.00,168.67,0.00,1105.75,2026-09-15,Paid
8109,2528,2026-03-01,2026-03-31,479.00,48.33,19.00,98.34,0.00,644.67,2026-04-15,Paid
8110,2528,2026-04-01,2026-04-30,479.00,44.92,99.00,112.13,0.00,735.05,2026-05-15,Paid
8111,2528,2026-05-01,2026-05-31,479.00,90.13,0.00,102.44,0.00,671.57,2026-06-15,Paid
8112,2528,2026-06-01,2026-06-30,479.00,6.41,29.00,92.59,0.00,607.00,2026-07-15,Paid
8113,2528,2026-07-01,2026-07-31,479.00,44.74,0.00,94.27,0.00,618.01,2026-08-15,Paid
8114,2528,2026-08-01,2026-08-31,479.00,51.87,0.00,95.56,0.00,626.43,2026-09-15,Paid
8115,2534,2026-03-01,2026-03-31,399.00,31.15,29.00,82.65,0.00,541.80,2026-04-15,Paid
8116,2534,2026-04-01,2026-04-30,399.00,12.00,29.00,79.20,0.00,519.20,2026-05-15,Paid
8117,2534,2026-05-01,2026-05-31,399.00,41.78,0.00,79.34,0.00,520.12,2026-06-15,Paid
8118,2534,2026-06-01,2026-06-30,399.00,75.62,0.00,85.43,0.00,560.05,2026-07-15,Paid
8119,2534,2026-07-01,2026-07-31,399.00,8.78,49.00,82.22,0.00,539.00,2026-08-15,Unpaid
8120,2534,2026-08-01,2026-08-31,399.00,21.33,0.00,75.66,0.00,495.99,2026-09-15,Unpaid
8121,2535,2026-03-01,2026-03-31,99.00,42.94,0.00,25.55,0.00,167.49,2026-04-15,Paid
8122,2535,2026-04-01,2026-04-30,99.00,79.79,0.00,32.18,0.00,210.97,2026-05-15,Paid
8123,2535,2026-05-01,2026-05-31,99.00,61.43,19.00,32.30,0.00,211.73,2026-06-15,Paid
8124,2535,2026-06-01,2026-06-30,99.00,19.39,0.00,21.31,0.00,139.70,2026-07-15,Unpaid
8125,2535,2026-07-01,2026-07-31,99.00,39.37,29.00,30.13,0.00,197.50,2026-08-15,Unpaid
8126,2535,2026-08-01,2026-08-31,99.00,95.84,0.00,35.07,0.00,229.91,2026-09-15,Paid
8127,2540,2026-03-01,2026-03-31,99.00,68.84,19.00,33.63,99.83,320.30,2026-04-15,Overdue
8128,2540,2026-04-01,2026-04-30,99.00,56.27,49.00,36.77,0.00,241.04,2026-05-15,Paid
8129,2540,2026-05-01,2026-05-31,99.00,91.63,0.00,34.31,65.77,290.71,2026-06-15,Overdue
8130,2540,2026-06-01,2026-06-30,99.00,53.64,99.00,45.30,0.00,296.94,2026-07-15,Paid
8131,2540,2026-07-01,2026-07-31,99.00,75.11,0.00,31.34,0.00,205.45,2026-08-15,Unpaid
8132,2540,2026-08-01,2026-08-31,99.00,40.10,19.00,28.46,0.00,186.56,2026-09-15,Unpaid
8133,2541,2026-03-01,2026-03-31,299.00,87.35,0.00,69.54,0.00,455.89,2026-04-15,Paid
8134,2541,2026-04-01,2026-04-30,299.00,90.08,0.00,70.03,0.00,459.11,2026-05-15,Paid
8135,2541,2026-05-01,2026-05-31,299.00,49.37,0.00,62.71,0.00,411.08,2026-06-15,Unpaid
8136,2541,2026-06-01,2026-06-30,299.00,11.95,29.00,61.19,0.00,401.14,2026-07-15,Paid
8137,2541,2026-07-01,2026-07-31,299.00,68.22,0.00,66.10,0.00,433.32,2026-08-15,Unpaid
8138,2541,2026-08-01,2026-08-31,299.00,80.21,0.00,68.26,0.00,447.47,2026-09-15,Paid
8139,2554,2026-03-01,2026-03-31,179.00,56.92,19.00,45.89,0.00,300.81,2026-04-15,Paid
8140,2554,2026-04-01,2026-04-30,179.00,76.89,0.00,46.06,30.69,332.64,2026-05-15,Overdue
8141,2554,2026-05-01,2026-05-31,179.00,40.91,99.00,57.40,0.00,376.31,2026-06-15,Unpaid
8142,2554,2026-06-01,2026-06-30,179.00,74.08,0.00,45.55,0.00,298.63,2026-07-15,Paid
8143,2554,2026-07-01,2026-07-31,179.00,75.16,99.00,63.57,0.00,416.73,2026-08-15,Unpaid
8144,2554,2026-08-01,2026-08-31,179.00,52.73,19.00,45.13,0.00,295.86,2026-09-15,Unpaid
8145,2556,2026-03-01,2026-03-31,849.00,29.12,0.00,158.06,28.14,1064.32,2026-04-15,Overdue
8146,2556,2026-04-01,2026-04-30,849.00,98.72,99.00,188.41,0.00,1235.13,2026-05-15,Paid
8147,2556,2026-05-01,2026-05-31,849.00,6.79,0.00,154.04,95.86,1105.69,2026-06-15,Overdue
8148,2556,2026-06-01,2026-06-30,849.00,69.86,49.00,174.21,0.00,1142.07,2026-07-15,Paid
8149,2556,2026-07-01,2026-07-31,849.00,4.90,0.00,153.70,0.00,1007.60,2026-08-15,Unpaid
8150,2556,2026-08-01,2026-08-31,849.00,21.03,0.00,156.61,0.00,1026.64,2026-09-15,Paid
8151,2563,2026-03-01,2026-03-31,849.00,73.56,19.00,169.48,0.00,1111.04,2026-04-15,Unpaid
8152,2563,2026-04-01,2026-04-30,849.00,56.19,0.00,162.93,0.00,1068.12,2026-05-15,Unpaid
8153,2563,2026-05-01,2026-05-31,849.00,90.59,29.00,174.35,54.44,1197.38,2026-06-15,Overdue
8154,2563,2026-06-01,2026-06-30,849.00,15.96,19.00,159.11,0.00,1043.07,2026-07-15,Paid
8155,2563,2026-07-01,2026-07-31,849.00,80.76,0.00,167.36,0.00,1097.12,2026-08-15,Unpaid
8156,2563,2026-08-01,2026-08-31,849.00,59.10,0.00,163.46,0.00,1071.56,2026-09-15,Paid
8157,2566,2026-03-01,2026-03-31,479.00,34.57,0.00,92.44,0.00,606.01,2026-04-15,Paid
8158,2566,2026-04-01,2026-04-30,479.00,18.00,0.00,89.46,0.00,586.46,2026-05-15,Paid
8159,2566,2026-05-01,2026-05-31,479.00,71.98,29.00,104.40,0.00,684.38,2026-06-15,Paid
8160,2566,2026-06-01,2026-06-30,479.00,87.63,99.00,119.81,0.00,785.44,2026-07-15,Paid
8161,2566,2026-07-01,2026-07-31,479.00,40.18,99.00,111.27,0.00,729.45,2026-08-15,Paid
8162,2566,2026-08-01,2026-08-31,479.00,27.37,19.00,94.57,0.00,619.94,2026-09-15,Paid
8163,2570,2026-03-01,2026-03-31,499.00,88.92,29.00,111.05,68.14,796.11,2026-04-15,Overdue
8164,2570,2026-04-01,2026-04-30,499.00,81.75,0.00,104.53,0.00,685.28,2026-05-15,Paid
8165,2570,2026-05-01,2026-05-31,499.00,21.08,49.00,102.43,0.00,671.51,2026-06-15,Paid
8166,2570,2026-06-01,2026-06-30,499.00,78.88,0.00,104.02,0.00,681.90,2026-07-15,Paid
8167,2570,2026-07-01,2026-07-31,499.00,35.52,99.00,114.03,0.00,747.55,2026-08-15,Paid
8168,2570,2026-08-01,2026-08-31,499.00,65.61,19.00,105.05,0.00,688.66,2026-09-15,Paid
8169,2573,2026-03-01,2026-03-31,479.00,98.86,49.00,112.83,0.00,739.69,2026-04-15,Paid
8170,2573,2026-04-01,2026-04-30,479.00,93.87,99.00,120.94,0.00,792.81,2026-05-15,Paid
8171,2573,2026-05-01,2026-05-31,479.00,82.25,29.00,106.24,65.39,761.88,2026-06-15,Overdue
8172,2573,2026-06-01,2026-06-30,479.00,74.12,19.00,102.98,0.00,675.10,2026-07-15,Paid
8173,2573,2026-07-01,2026-07-31,479.00,99.81,0.00,104.19,0.00,683.00,2026-08-15,Unpaid
8174,2573,2026-08-01,2026-08-31,479.00,13.03,0.00,88.57,0.00,580.60,2026-09-15,Unpaid
8175,2574,2026-03-01,2026-03-31,239.00,71.94,49.00,64.79,0.00,424.73,2026-04-15,Paid
8176,2574,2026-04-01,2026-04-30,239.00,93.83,29.00,65.13,0.00,426.96,2026-05-15,Paid
8177,2574,2026-05-01,2026-05-31,239.00,31.28,99.00,66.47,75.92,511.67,2026-06-15,Overdue
8178,2574,2026-06-01,2026-06-30,239.00,99.85,0.00,60.99,0.00,399.84,2026-07-15,Paid
8179,2574,2026-07-01,2026-07-31,239.00,10.80,0.00,44.96,0.00,294.76,2026-08-15,Unpaid
8180,2574,2026-08-01,2026-08-31,239.00,13.34,19.00,48.84,0.00,320.18,2026-09-15,Unpaid
8181,2577,2026-03-01,2026-03-31,479.00,46.08,0.00,94.51,0.00,619.59,2026-04-15,Paid
8182,2577,2026-04-01,2026-04-30,479.00,76.27,0.00,99.95,86.72,741.94,2026-05-15,Overdue
8183,2577,2026-05-01,2026-05-31,479.00,78.99,0.00,100.44,0.00,658.43,2026-06-15,Paid
8184,2577,2026-06-01,2026-06-30,479.00,99.94,0.00,104.21,0.00,683.15,2026-07-15,Paid
8185,2577,2026-07-01,2026-07-31,479.00,33.25,19.00,95.62,0.00,626.87,2026-08-15,Paid
8186,2577,2026-08-01,2026-08-31,479.00,37.75,0.00,93.02,0.00,609.77,2026-09-15,Paid
8187,2578,2026-03-01,2026-03-31,149.00,68.59,19.00,42.59,64.75,343.93,2026-04-15,Overdue
8188,2578,2026-04-01,2026-04-30,149.00,34.06,0.00,32.95,0.00,216.01,2026-05-15,Paid
8189,2578,2026-05-01,2026-05-31,149.00,79.18,99.00,58.89,21.66,407.73,2026-06-15,Overdue
8190,2578,2026-06-01,2026-06-30,149.00,50.23,29.00,41.08,0.00,269.31,2026-07-15,Paid
8191,2578,2026-07-01,2026-07-31,149.00,87.69,0.00,42.60,0.00,279.29,2026-08-15,Paid
8192,2578,2026-08-01,2026-08-31,149.00,12.47,99.00,46.88,0.00,307.35,2026-09-15,Unpaid
8193,2579,2026-03-01,2026-03-31,699.00,89.66,0.00,141.96,0.00,930.62,2026-04-15,Paid
8194,2579,2026-04-01,2026-04-30,699.00,96.27,0.00,143.15,0.00,938.42,2026-05-15,Paid
8195,2579,2026-05-01,2026-05-31,699.00,56.20,0.00,135.94,26.31,917.45,2026-06-15,Overdue
8196,2579,2026-06-01,2026-06-30,699.00,45.97,49.00,142.91,0.00,936.88,2026-07-15,Paid
8197,2579,2026-07-01,2026-07-31,699.00,36.46,0.00,132.38,0.00,867.84,2026-08-15,Unpaid
8198,2579,2026-08-01,2026-08-31,699.00,29.41,19.00,134.53,0.00,881.94,2026-09-15,Paid
8199,2581,2026-03-01,2026-03-31,949.00,36.99,49.00,186.30,0.00,1221.29,2026-04-15,Unpaid
8200,2581,2026-04-01,2026-04-30,949.00,5.63,19.00,175.25,0.00,1148.88,2026-05-15,Paid
8201,2581,2026-05-01,2026-05-31,949.00,66.37,49.00,191.59,0.00,1255.96,2026-06-15,Paid
8202,2581,2026-06-01,2026-06-30,949.00,13.33,0.00,173.22,0.00,1135.55,2026-07-15,Paid
8203,2581,2026-07-01,2026-07-31,949.00,4.04,99.00,189.37,0.00,1241.41,2026-08-15,Unpaid
8204,2581,2026-08-01,2026-08-31,949.00,99.23,0.00,188.68,0.00,1236.91,2026-09-15,Paid
8205,2582,2026-03-01,2026-03-31,849.00,49.77,99.00,179.60,0.00,1177.37,2026-04-15,Paid
8206,2582,2026-04-01,2026-04-30,849.00,73.12,0.00,165.98,0.00,1088.10,2026-05-15,Paid
8207,2582,2026-05-01,2026-05-31,849.00,67.59,0.00,164.99,0.00,1081.58,2026-06-15,Paid
8208,2582,2026-06-01,2026-06-30,849.00,48.82,0.00,161.61,0.00,1059.43,2026-07-15,Paid
8209,2582,2026-07-01,2026-07-31,849.00,34.33,29.00,164.22,0.00,1076.55,2026-08-15,Paid
8210,2582,2026-08-01,2026-08-31,849.00,45.94,0.00,161.09,0.00,1056.03,2026-09-15,Paid
8211,2590,2026-03-01,2026-03-31,149.00,86.64,99.00,60.24,0.00,394.88,2026-04-15,Paid
8212,2590,2026-04-01,2026-04-30,149.00,10.12,0.00,28.64,0.00,187.76,2026-05-15,Paid
8213,2590,2026-05-01,2026-05-31,149.00,58.15,0.00,37.29,42.68,287.12,2026-06-15,Overdue
8214,2590,2026-06-01,2026-06-30,149.00,90.55,0.00,43.12,0.00,282.67,2026-07-15,Paid
8215,2590,2026-07-01,2026-07-31,149.00,55.81,0.00,36.87,0.00,241.68,2026-08-15,Paid
8216,2590,2026-08-01,2026-08-31,149.00,98.11,49.00,53.30,0.00,349.41,2026-09-15,Unpaid
8217,2594,2026-03-01,2026-03-31,949.00,53.86,0.00,180.51,0.00,1183.37,2026-04-15,Paid
8218,2594,2026-04-01,2026-04-30,949.00,63.72,0.00,182.29,0.00,1195.01,2026-05-15,Paid
8219,2594,2026-05-01,2026-05-31,949.00,19.62,0.00,174.35,0.00,1142.97,2026-06-15,Paid
8220,2594,2026-06-01,2026-06-30,949.00,84.87,0.00,186.10,0.00,1219.97,2026-07-15,Paid
8221,2594,2026-07-01,2026-07-31,949.00,3.39,99.00,189.25,0.00,1240.64,2026-08-15,Unpaid
8222,2594,2026-08-01,2026-08-31,949.00,87.88,49.00,195.46,0.00,1281.34,2026-09-15,Paid
8223,2595,2026-03-01,2026-03-31,699.00,87.67,0.00,141.60,0.00,928.27,2026-04-15,Paid
8224,2595,2026-04-01,2026-04-30,699.00,56.12,29.00,141.14,0.00,925.26,2026-05-15,Paid
8225,2595,2026-05-01,2026-05-31,699.00,50.64,49.00,143.76,0.00,942.40,2026-06-15,Paid
8226,2595,2026-06-01,2026-06-30,699.00,56.50,49.00,144.81,0.00,949.31,2026-07-15,Paid
8227,2595,2026-07-01,2026-07-31,699.00,78.05,0.00,139.87,0.00,916.92,2026-08-15,Paid
8228,2595,2026-08-01,2026-08-31,699.00,79.79,0.00,140.18,0.00,918.97,2026-09-15,Paid
8229,2596,2026-03-01,2026-03-31,149.00,4.79,0.00,27.68,0.00,181.47,2026-04-15,Paid
8230,2596,2026-04-01,2026-04-30,149.00,66.85,19.00,42.27,0.00,277.12,2026-05-15,Unpaid
8231,2596,2026-05-01,2026-05-31,149.00,78.82,19.00,44.43,0.00,291.25,2026-06-15,Unpaid
8232,2596,2026-06-01,2026-06-30,149.00,26.36,0.00,31.56,0.00,206.92,2026-07-15,Paid
8233,2596,2026-07-01,2026-07-31,149.00,95.33,99.00,61.80,0.00,405.13,2026-08-15,Paid
8234,2596,2026-08-01,2026-08-31,149.00,72.76,19.00,43.34,0.00,284.10,2026-09-15,Paid
8235,2599,2026-03-01,2026-03-31,199.00,94.24,29.00,58.00,0.00,380.24,2026-04-15,Paid
8236,2599,2026-04-01,2026-04-30,199.00,45.39,0.00,43.99,0.00,288.38,2026-05-15,Paid
8237,2599,2026-05-01,2026-05-31,199.00,32.90,49.00,50.56,0.00,331.46,2026-06-15,Paid
8238,2599,2026-06-01,2026-06-30,199.00,50.50,0.00,44.91,0.00,294.41,2026-07-15,Paid
8239,2599,2026-07-01,2026-07-31,199.00,16.08,49.00,47.53,0.00,311.61,2026-08-15,Unpaid
8240,2599,2026-08-01,2026-08-31,199.00,36.87,29.00,47.68,0.00,312.55,2026-09-15,Paid
8241,2601,2026-03-01,2026-03-31,849.00,85.27,49.00,176.99,0.00,1160.26,2026-04-15,Paid
8242,2601,2026-04-01,2026-04-30,849.00,58.03,0.00,163.27,0.00,1070.30,2026-05-15,Paid
8243,2601,2026-05-01,2026-05-31,849.00,6.57,0.00,154.00,72.20,1081.77,2026-06-15,Overdue
8244,2601,2026-06-01,2026-06-30,849.00,68.31,99.00,182.94,0.00,1199.25,2026-07-15,Paid
8245,2601,2026-07-01,2026-07-31,849.00,13.62,19.00,158.69,0.00,1040.31,2026-08-15,Unpaid
8246,2601,2026-08-01,2026-08-31,849.00,86.32,0.00,168.36,0.00,1103.68,2026-09-15,Unpaid
8247,2603,2026-03-01,2026-03-31,239.00,76.65,99.00,74.64,0.00,489.29,2026-04-15,Unpaid
8248,2603,2026-04-01,2026-04-30,239.00,24.01,29.00,52.56,0.00,344.57,2026-05-15,Paid
8249,2603,2026-05-01,2026-05-31,239.00,15.89,0.00,45.88,72.92,373.69,2026-06-15,Overdue
8250,2603,2026-06-01,2026-06-30,239.00,68.93,49.00,64.25,0.00,421.18,2026-07-15,Paid
8251,2603,2026-07-01,2026-07-31,239.00,3.82,0.00,43.71,0.00,286.53,2026-08-15,Unpaid
8252,2603,2026-08-01,2026-08-31,239.00,96.09,99.00,78.14,0.00,512.23,2026-09-15,Unpaid
8253,2604,2026-03-01,2026-03-31,949.00,55.99,99.00,198.72,41.62,1344.33,2026-04-15,Overdue
8254,2604,2026-04-01,2026-04-30,949.00,35.40,0.00,177.19,39.22,1200.81,2026-05-15,Overdue
8255,2604,2026-05-01,2026-05-31,949.00,41.10,49.00,187.04,0.00,1226.14,2026-06-15,Paid
8256,2604,2026-06-01,2026-06-30,949.00,82.84,49.00,194.55,0.00,1275.39,2026-07-15,Unpaid
8257,2604,2026-07-01,2026-07-31,949.00,7.59,99.00,190.01,0.00,1245.60,2026-08-15,Unpaid
8258,2604,2026-08-01,2026-08-31,949.00,79.80,29.00,190.40,0.00,1248.20,2026-09-15,Unpaid
8259,2616,2026-03-01,2026-03-31,399.00,83.61,49.00,95.69,99.59,726.89,2026-04-15,Overdue
8260,2616,2026-04-01,2026-04-30,399.00,47.61,0.00,80.39,0.00,527.00,2026-05-15,Paid
8261,2616,2026-05-01,2026-05-31,399.00,61.98,99.00,100.80,66.36,727.14,2026-06-15,Overdue
8262,2616,2026-06-01,2026-06-30,399.00,0.05,99.00,89.65,26.64,614.34,2026-07-15,Overdue
8263,2616,2026-07-01,2026-07-31,399.00,24.52,0.00,76.23,0.00,499.75,2026-08-15,Unpaid
8264,2616,2026-08-01,2026-08-31,399.00,38.06,0.00,78.67,0.00,515.73,2026-09-15,Unpaid
8265,2623,2026-03-01,2026-03-31,249.00,93.95,0.00,61.73,0.00,404.68,2026-04-15,Paid
8266,2623,2026-04-01,2026-04-30,249.00,98.77,0.00,62.60,0.00,410.37,2026-05-15,Paid
8267,2623,2026-05-01,2026-05-31,249.00,35.95,0.00,51.29,0.00,336.24,2026-06-15,Paid
8268,2623,2026-06-01,2026-06-30,249.00,89.16,29.00,66.09,0.00,433.25,2026-07-15,Paid
8269,2623,2026-07-01,2026-07-31,249.00,54.39,0.00,54.61,0.00,358.00,2026-08-15,Unpaid
8270,2623,2026-08-01,2026-08-31,249.00,57.21,19.00,58.54,0.00,383.75,2026-09-15,Paid
8271,2627,2026-03-01,2026-03-31,2999.00,75.53,19.00,556.84,0.00,3650.37,2026-04-15,Paid
8272,2627,2026-04-01,2026-04-30,2999.00,69.71,49.00,561.19,0.00,3678.90,2026-05-15,Paid
8273,2627,2026-05-01,2026-05-31,2999.00,5.25,0.00,540.76,40.77,3585.78,2026-06-15,Overdue
8274,2627,2026-06-01,2026-06-30,2999.00,16.48,29.00,548.01,93.30,3685.79,2026-07-15,Overdue
8275,2627,2026-07-01,2026-07-31,2999.00,58.42,99.00,568.16,0.00,3724.58,2026-08-15,Unpaid
8276,2627,2026-08-01,2026-08-31,2999.00,79.97,99.00,572.03,0.00,3750.00,2026-09-15,Paid
8277,2628,2026-03-01,2026-03-31,2999.00,21.01,99.00,561.42,0.00,3680.43,2026-04-15,Paid
8278,2628,2026-04-01,2026-04-30,2999.00,37.92,99.00,564.47,0.00,3700.39,2026-05-15,Paid
8279,2628,2026-05-01,2026-05-31,2999.00,48.54,29.00,553.78,0.00,3630.32,2026-06-15,Paid
8280,2628,2026-06-01,2026-06-30,2999.00,22.62,0.00,543.89,0.00,3565.51,2026-07-15,Paid
8281,2628,2026-07-01,2026-07-31,2999.00,91.89,49.00,565.18,0.00,3705.07,2026-08-15,Paid
8282,2628,2026-08-01,2026-08-31,2999.00,99.21,29.00,562.90,0.00,3690.11,2026-09-15,Paid
8283,2630,2026-03-01,2026-03-31,149.00,51.34,0.00,36.06,26.28,262.68,2026-04-15,Overdue
8284,2630,2026-04-01,2026-04-30,149.00,32.80,0.00,32.72,0.00,214.52,2026-05-15,Paid
8285,2630,2026-05-01,2026-05-31,149.00,54.21,29.00,41.80,0.00,274.01,2026-06-15,Paid
8286,2630,2026-06-01,2026-06-30,149.00,64.03,0.00,38.35,0.00,251.38,2026-07-15,Paid
8287,2630,2026-07-01,2026-07-31,149.00,78.76,19.00,44.42,0.00,291.18,2026-08-15,Paid
8288,2630,2026-08-01,2026-08-31,149.00,39.84,99.00,51.81,0.00,339.65,2026-09-15,Unpaid
8289,2638,2026-03-01,2026-03-31,499.00,72.22,0.00,102.82,0.00,674.04,2026-04-15,Paid
8290,2638,2026-04-01,2026-04-30,499.00,78.04,0.00,103.87,0.00,680.91,2026-05-15,Paid
8291,2638,2026-05-01,2026-05-31,499.00,15.66,0.00,92.64,0.00,607.30,2026-06-15,Paid
8292,2638,2026-06-01,2026-06-30,499.00,10.43,99.00,109.52,0.00,717.95,2026-07-15,Paid
8293,2638,2026-07-01,2026-07-31,499.00,36.67,19.00,99.84,0.00,654.51,2026-08-15,Paid
8294,2638,2026-08-01,2026-08-31,499.00,14.19,0.00,92.37,0.00,605.56,2026-09-15,Paid
8295,2639,2026-03-01,2026-03-31,699.00,73.59,0.00,139.07,0.00,911.66,2026-04-15,Paid
8296,2639,2026-04-01,2026-04-30,699.00,67.20,0.00,137.92,0.00,904.12,2026-05-15,Paid
8297,2639,2026-05-01,2026-05-31,699.00,73.06,0.00,138.97,0.00,911.03,2026-06-15,Paid
8298,2639,2026-06-01,2026-06-30,699.00,79.85,0.00,140.19,0.00,919.04,2026-07-15,Paid
8299,2639,2026-07-01,2026-07-31,699.00,41.63,0.00,133.31,0.00,873.94,2026-08-15,Paid
8300,2639,2026-08-01,2026-08-31,699.00,90.72,0.00,142.15,0.00,931.87,2026-09-15,Unpaid
8301,2640,2026-03-01,2026-03-31,299.00,30.67,19.00,62.76,0.00,411.43,2026-04-15,Paid
8302,2640,2026-04-01,2026-04-30,299.00,54.78,0.00,63.68,0.00,417.46,2026-05-15,Paid
8303,2640,2026-05-01,2026-05-31,299.00,91.76,99.00,88.16,0.00,577.92,2026-06-15,Paid
8304,2640,2026-06-01,2026-06-30,299.00,61.60,0.00,64.91,0.00,425.51,2026-07-15,Paid
8305,2640,2026-07-01,2026-07-31,299.00,57.79,99.00,82.04,0.00,537.83,2026-08-15,Unpaid
8306,2640,2026-08-01,2026-08-31,299.00,66.73,19.00,69.25,0.00,453.98,2026-09-15,Paid
8307,2641,2026-03-01,2026-03-31,149.00,3.82,0.00,27.51,0.00,180.33,2026-04-15,Paid
8308,2641,2026-04-01,2026-04-30,149.00,69.89,19.00,42.82,0.00,280.71,2026-05-15,Unpaid
8309,2641,2026-05-01,2026-05-31,149.00,33.25,29.00,38.02,0.00,249.27,2026-06-15,Paid
8310,2641,2026-06-01,2026-06-30,149.00,40.13,29.00,39.26,0.00,257.39,2026-07-15,Unpaid
8311,2641,2026-07-01,2026-07-31,149.00,13.17,19.00,32.61,0.00,213.78,2026-08-15,Unpaid
8312,2641,2026-08-01,2026-08-31,149.00,57.64,0.00,37.20,0.00,243.84,2026-09-15,Unpaid
8313,2652,2026-03-01,2026-03-31,149.00,25.59,19.00,34.85,0.00,228.44,2026-04-15,Unpaid
8314,2652,2026-04-01,2026-04-30,149.00,25.16,29.00,36.57,0.00,239.73,2026-05-15,Paid
8315,2652,2026-05-01,2026-05-31,149.00,15.53,29.00,34.84,0.00,228.37,2026-06-15,Paid
8316,2652,2026-06-01,2026-06-30,149.00,44.07,99.00,52.57,0.00,344.64,2026-07-15,Paid
8317,2652,2026-07-01,2026-07-31,149.00,62.46,99.00,55.88,0.00,366.34,2026-08-15,Paid
8318,2652,2026-08-01,2026-08-31,149.00,0.81,0.00,26.97,0.00,176.78,2026-09-15,Paid
8319,2654,2026-03-01,2026-03-31,499.00,20.56,0.00,93.52,0.00,613.08,2026-04-15,Paid
8320,2654,2026-04-01,2026-04-30,499.00,39.89,29.00,102.22,0.00,670.11,2026-05-15,Unpaid
8321,2654,2026-05-01,2026-05-31,499.00,90.59,29.00,111.35,0.00,729.94,2026-06-15,Paid
8322,2654,2026-06-01,2026-06-30,499.00,75.58,0.00,103.42,0.00,678.00,2026-07-15,Paid
8323,2654,2026-07-01,2026-07-31,499.00,85.82,0.00,105.27,0.00,690.09,2026-08-15,Paid
8324,2654,2026-08-01,2026-08-31,499.00,49.57,0.00,98.74,0.00,647.31,2026-09-15,Paid
8325,2656,2026-03-01,2026-03-31,499.00,0.78,0.00,89.96,0.00,589.74,2026-04-15,Paid
8326,2656,2026-04-01,2026-04-30,499.00,34.68,0.00,96.06,0.00,629.74,2026-05-15,Paid
8327,2656,2026-05-01,2026-05-31,499.00,68.28,19.00,105.53,35.29,727.10,2026-06-15,Overdue
8328,2656,2026-06-01,2026-06-30,499.00,91.27,19.00,109.67,0.00,718.94,2026-07-15,Paid
8329,2656,2026-07-01,2026-07-31,499.00,78.93,29.00,109.25,0.00,716.18,2026-08-15,Unpaid
8330,2656,2026-08-01,2026-08-31,499.00,5.29,29.00,95.99,0.00,629.28,2026-09-15,Paid
8331,2657,2026-03-01,2026-03-31,179.00,13.50,19.00,38.07,0.00,249.57,2026-04-15,Paid
8332,2657,2026-04-01,2026-04-30,179.00,58.56,49.00,51.58,92.16,430.30,2026-05-15,Overdue
8333,2657,2026-05-01,2026-05-31,179.00,0.72,0.00,32.35,0.00,212.07,2026-06-15,Paid
8334,2657,2026-06-01,2026-06-30,179.00,32.01,49.00,46.80,0.00,306.81,2026-07-15,Unpaid
8335,2657,2026-07-01,2026-07-31,179.00,69.61,99.00,62.57,0.00,410.18,2026-08-15,Paid
8336,2657,2026-08-01,2026-08-31,179.00,59.57,49.00,51.76,0.00,339.33,2026-09-15,Unpaid
8337,2666,2026-03-01,2026-03-31,149.00,13.31,19.00,32.64,25.18,239.13,2026-04-15,Overdue
8338,2666,2026-04-01,2026-04-30,149.00,5.04,0.00,27.73,0.00,181.77,2026-05-15,Paid
8339,2666,2026-05-01,2026-05-31,149.00,39.93,99.00,51.83,0.00,339.76,2026-06-15,Paid
8340,2666,2026-06-01,2026-06-30,149.00,35.26,0.00,33.17,0.00,217.43,2026-07-15,Paid
8341,2666,2026-07-01,2026-07-31,149.00,98.66,49.00,53.40,0.00,350.06,2026-08-15,Paid
8342,2666,2026-08-01,2026-08-31,149.00,0.09,0.00,26.84,0.00,175.93,2026-09-15,Paid
8343,2669,2026-03-01,2026-03-31,799.00,28.00,0.00,148.86,0.00,975.86,2026-04-15,Paid
8344,2669,2026-04-01,2026-04-30,799.00,52.30,0.00,153.23,0.00,1004.53,2026-05-15,Unpaid
8345,2669,2026-05-01,2026-05-31,799.00,7.28,0.00,145.13,56.13,1007.54,2026-06-15,Overdue
8346,2669,2026-06-01,2026-06-30,799.00,47.00,0.00,152.28,0.00,998.28,2026-07-15,Paid
8347,2669,2026-07-01,2026-07-31,799.00,73.69,29.00,162.30,0.00,1063.99,2026-08-15,Unpaid
8348,2669,2026-08-01,2026-08-31,799.00,74.10,29.00,162.38,0.00,1064.48,2026-09-15,Unpaid
8349,2671,2026-03-01,2026-03-31,149.00,99.49,19.00,48.15,0.00,315.64,2026-04-15,Paid
8350,2671,2026-04-01,2026-04-30,149.00,4.90,29.00,32.92,0.00,215.82,2026-05-15,Unpaid
8351,2671,2026-05-01,2026-05-31,149.00,55.56,19.00,40.24,0.00,263.80,2026-06-15,Paid
8352,2671,2026-06-01,2026-06-30,149.00,90.40,19.00,46.51,76.14,381.05,2026-07-15,Overdue
8353,2671,2026-07-01,2026-07-31,149.00,30.82,99.00,50.19,0.00,329.01,2026-08-15,Paid
8354,2671,2026-08-01,2026-08-31,149.00,80.37,29.00,46.51,0.00,304.88,2026-09-15,Unpaid
8355,2674,2026-03-01,2026-03-31,199.00,91.11,0.00,52.22,0.00,342.33,2026-04-15,Paid
8356,2674,2026-04-01,2026-04-30,199.00,18.40,19.00,42.55,0.00,278.95,2026-05-15,Unpaid
8357,2674,2026-05-01,2026-05-31,199.00,78.67,0.00,49.98,0.00,327.65,2026-06-15,Paid
8358,2674,2026-06-01,2026-06-30,199.00,79.46,99.00,67.94,55.27,500.67,2026-07-15,Overdue
8359,2674,2026-07-01,2026-07-31,199.00,98.30,99.00,71.33,0.00,467.63,2026-08-15,Paid
8360,2674,2026-08-01,2026-08-31,199.00,17.85,0.00,39.03,0.00,255.88,2026-09-15,Paid
8361,2677,2026-03-01,2026-03-31,799.00,7.12,19.00,148.52,0.00,973.64,2026-04-15,Unpaid
8362,2677,2026-04-01,2026-04-30,799.00,78.76,0.00,158.00,43.16,1078.92,2026-05-15,Overdue
8363,2677,2026-05-01,2026-05-31,799.00,46.05,19.00,155.53,0.00,1019.58,2026-06-15,Paid
8364,2677,2026-06-01,2026-06-30,799.00,64.03,99.00,173.17,0.00,1135.20,2026-07-15,Unpaid
8365,2677,2026-07-01,2026-07-31,799.00,27.65,19.00,152.22,0.00,997.87,2026-08-15,Unpaid
8366,2677,2026-08-01,2026-08-31,799.00,81.76,0.00,158.54,0.00,1039.30,2026-09-15,Paid
8367,2682,2026-03-01,2026-03-31,499.00,88.05,29.00,110.89,0.00,726.94,2026-04-15,Paid
8368,2682,2026-04-01,2026-04-30,499.00,27.76,49.00,103.64,0.00,679.40,2026-05-15,Paid
8369,2682,2026-05-01,2026-05-31,499.00,73.62,19.00,106.49,0.00,698.11,2026-06-15,Paid
8370,2682,2026-06-01,2026-06-30,499.00,37.19,0.00,96.51,0.00,632.70,2026-07-15,Paid
8371,2682,2026-07-01,2026-07-31,499.00,34.95,19.00,99.53,0.00,652.48,2026-08-15,Unpaid
8372,2682,2026-08-01,2026-08-31,499.00,86.26,0.00,105.35,0.00,690.61,2026-09-15,Unpaid
8373,2684,2026-03-01,2026-03-31,699.00,60.55,49.00,145.54,0.00,954.09,2026-04-15,Unpaid
8374,2684,2026-04-01,2026-04-30,699.00,81.74,0.00,140.53,0.00,921.27,2026-05-15,Paid
8375,2684,2026-05-01,2026-05-31,699.00,10.79,19.00,131.18,0.00,859.97,2026-06-15,Paid
8376,2684,2026-06-01,2026-06-30,699.00,37.80,0.00,132.62,90.81,960.23,2026-07-15,Overdue
8377,2684,2026-07-01,2026-07-31,699.00,46.37,99.00,151.99,0.00,996.36,2026-08-15,Unpaid
8378,2684,2026-08-01,2026-08-31,699.00,8.86,99.00,145.23,0.00,952.09,2026-09-15,Unpaid
8379,2685,2026-03-01,2026-03-31,849.00,97.64,0.00,170.40,0.00,1117.04,2026-04-15,Unpaid
8380,2685,2026-04-01,2026-04-30,849.00,10.27,0.00,154.67,0.00,1013.94,2026-05-15,Unpaid
8381,2685,2026-05-01,2026-05-31,849.00,20.18,19.00,159.87,33.62,1081.67,2026-06-15,Overdue
8382,2685,2026-06-01,2026-06-30,849.00,85.33,19.00,171.60,0.00,1124.93,2026-07-15,Unpaid
8383,2685,2026-07-01,2026-07-31,849.00,67.95,99.00,182.87,0.00,1198.82,2026-08-15,Paid
8384,2685,2026-08-01,2026-08-31,849.00,5.09,0.00,153.74,0.00,1007.83,2026-09-15,Paid
8385,2686,2026-03-01,2026-03-31,499.00,52.88,0.00,99.34,0.00,651.22,2026-04-15,Paid
8386,2686,2026-04-01,2026-04-30,499.00,42.45,19.00,100.88,0.00,661.33,2026-05-15,Paid
8387,2686,2026-05-01,2026-05-31,499.00,93.65,0.00,106.68,0.00,699.33,2026-06-15,Paid
8388,2686,2026-06-01,2026-06-30,499.00,14.79,0.00,92.48,0.00,606.27,2026-07-15,Paid
8389,2686,2026-07-01,2026-07-31,499.00,10.84,0.00,91.77,0.00,601.61,2026-08-15,Paid
8390,2686,2026-08-01,2026-08-31,499.00,98.35,19.00,110.94,0.00,727.29,2026-09-15,Unpaid
8391,2690,2026-03-01,2026-03-31,149.00,60.88,0.00,37.78,0.00,247.66,2026-04-15,Paid
8392,2690,2026-04-01,2026-04-30,149.00,40.13,0.00,34.04,0.00,223.17,2026-05-15,Paid
8393,2690,2026-05-01,2026-05-31,149.00,5.59,99.00,45.65,0.00,299.24,2026-06-15,Paid
8394,2690,2026-06-01,2026-06-30,149.00,61.47,29.00,43.10,0.00,282.57,2026-07-15,Paid
8395,2690,2026-07-01,2026-07-31,149.00,19.43,19.00,33.74,0.00,221.17,2026-08-15,Paid
8396,2690,2026-08-01,2026-08-31,149.00,15.56,29.00,34.84,0.00,228.40,2026-09-15,Unpaid
8397,2695,2026-03-01,2026-03-31,149.00,14.12,19.00,32.78,0.00,214.90,2026-04-15,Unpaid
8398,2695,2026-04-01,2026-04-30,149.00,64.14,0.00,38.37,0.00,251.51,2026-05-15,Paid
8399,2695,2026-05-01,2026-05-31,149.00,81.50,19.00,44.91,0.00,294.41,2026-06-15,Paid
8400,2695,2026-06-01,2026-06-30,149.00,37.25,0.00,33.52,0.00,219.77,2026-07-15,Paid
8401,2695,2026-07-01,2026-07-31,149.00,36.59,0.00,33.41,0.00,219.00,2026-08-15,Unpaid
8402,2695,2026-08-01,2026-08-31,149.00,34.40,29.00,38.23,0.00,250.63,2026-09-15,Unpaid
8403,2699,2026-03-01,2026-03-31,299.00,87.03,29.00,74.71,0.00,489.74,2026-04-15,Paid
8404,2699,2026-04-01,2026-04-30,299.00,62.29,0.00,65.03,0.00,426.32,2026-05-15,Paid
8405,2699,2026-05-01,2026-05-31,299.00,86.87,0.00,69.46,0.00,455.33,2026-06-15,Paid
8406,2699,2026-06-01,2026-06-30,299.00,67.95,19.00,69.47,0.00,455.42,2026-07-15,Paid
8407,2699,2026-07-01,2026-07-31,299.00,69.01,0.00,66.24,0.00,434.25,2026-08-15,Unpaid
8408,2699,2026-08-01,2026-08-31,299.00,4.21,0.00,54.58,0.00,357.79,2026-09-15,Unpaid
8409,2706,2026-03-01,2026-03-31,299.00,27.73,0.00,58.81,0.00,385.54,2026-04-15,Paid
8410,2706,2026-04-01,2026-04-30,299.00,95.36,49.00,79.80,0.00,523.16,2026-05-15,Paid
8411,2706,2026-05-01,2026-05-31,299.00,0.88,0.00,53.98,0.00,353.86,2026-06-15,Paid
8412,2706,2026-06-01,2026-06-30,299.00,66.12,29.00,70.94,0.00,465.06,2026-07-15,Paid
8413,2706,2026-07-01,2026-07-31,299.00,97.51,0.00,71.37,0.00,467.88,2026-08-15,Unpaid
8414,2706,2026-08-01,2026-08-31,299.00,17.21,0.00,56.92,0.00,373.13,2026-09-15,Paid
8415,2707,2026-03-01,2026-03-31,149.00,8.02,99.00,46.08,0.00,302.10,2026-04-15,Paid
8416,2707,2026-04-01,2026-04-30,149.00,54.15,49.00,45.39,0.00,297.54,2026-05-15,Paid
8417,2707,2026-05-01,2026-05-31,149.00,20.56,0.00,30.52,0.00,200.08,2026-06-15,Paid
8418,2707,2026-06-01,2026-06-30,149.00,41.89,0.00,34.36,0.00,225.25,2026-07-15,Paid
8419,2707,2026-07-01,2026-07-31,149.00,99.95,99.00,62.63,0.00,410.58,2026-08-15,Unpaid
8420,2707,2026-08-01,2026-08-31,149.00,13.10,19.00,32.60,0.00,213.70,2026-09-15,Unpaid
8421,2710,2026-03-01,2026-03-31,179.00,14.14,49.00,43.59,0.00,285.73,2026-04-15,Paid
8422,2710,2026-04-01,2026-04-30,179.00,57.71,0.00,42.61,0.00,279.32,2026-05-15,Paid
8423,2710,2026-05-01,2026-05-31,179.00,82.04,0.00,46.99,0.00,308.03,2026-06-15,Paid
8424,2710,2026-06-01,2026-06-30,179.00,74.27,0.00,45.59,0.00,298.86,2026-07-15,Paid
8425,2710,2026-07-01,2026-07-31,179.00,77.34,0.00,46.14,0.00,302.48,2026-08-15,Paid
8426,2710,2026-08-01,2026-08-31,179.00,91.09,99.00,66.44,0.00,435.53,2026-09-15,Unpaid
8427,2719,2026-03-01,2026-03-31,949.00,29.69,0.00,176.16,80.50,1235.35,2026-04-15,Overdue
8428,2719,2026-04-01,2026-04-30,949.00,12.73,19.00,176.53,87.04,1244.30,2026-05-15,Overdue
8429,2719,2026-05-01,2026-05-31,949.00,23.79,29.00,180.32,79.91,1262.02,2026-06-15,Overdue
8430,2719,2026-06-01,2026-06-30,949.00,18.65,29.00,179.40,0.00,1176.05,2026-07-15,Unpaid
8431,2719,2026-07-01,2026-07-31,949.00,76.31,0.00,184.56,0.00,1209.87,2026-08-15,Unpaid
8432,2719,2026-08-01,2026-08-31,949.00,75.86,19.00,187.89,0.00,1231.75,2026-09-15,Unpaid
8433,2722,2026-03-01,2026-03-31,239.00,30.63,0.00,48.53,0.00,318.16,2026-04-15,Paid
8434,2722,2026-04-01,2026-04-30,239.00,52.41,0.00,52.45,0.00,343.86,2026-05-15,Paid
8435,2722,2026-05-01,2026-05-31,239.00,87.65,29.00,64.02,0.00,419.67,2026-06-15,Paid
8436,2722,2026-06-01,2026-06-30,239.00,1.41,29.00,48.49,36.21,354.11,2026-07-15,Overdue
8437,2722,2026-07-01,2026-07-31,239.00,80.43,0.00,57.50,0.00,376.93,2026-08-15,Unpaid
8438,2722,2026-08-01,2026-08-31,239.00,35.30,29.00,54.59,0.00,357.89,2026-09-15,Paid
8439,2725,2026-03-01,2026-03-31,899.00,18.23,0.00,165.10,0.00,1082.33,2026-04-15,Paid
8440,2725,2026-04-01,2026-04-30,899.00,9.07,99.00,181.27,0.00,1188.34,2026-05-15,Unpaid
8441,2725,2026-05-01,2026-05-31,899.00,60.15,99.00,190.47,0.00,1248.62,2026-06-15,Paid
8442,2725,2026-06-01,2026-06-30,899.00,17.54,99.00,182.80,0.00,1198.34,2026-07-15,Paid
8443,2725,2026-07-01,2026-07-31,899.00,71.50,0.00,174.69,0.00,1145.19,2026-08-15,Paid
8444,2725,2026-08-01,2026-08-31,899.00,32.82,0.00,167.73,0.00,1099.55,2026-09-15,Unpaid
8445,2726,2026-03-01,2026-03-31,179.00,68.45,0.00,44.54,0.00,291.99,2026-04-15,Paid
8446,2726,2026-04-01,2026-04-30,179.00,77.38,0.00,46.15,0.00,302.53,2026-05-15,Paid
8447,2726,2026-05-01,2026-05-31,179.00,7.99,49.00,42.48,0.00,278.47,2026-06-15,Paid
8448,2726,2026-06-01,2026-06-30,179.00,47.46,19.00,44.18,0.00,289.64,2026-07-15,Unpaid
8449,2726,2026-07-01,2026-07-31,179.00,71.94,19.00,48.59,0.00,318.53,2026-08-15,Unpaid
8450,2726,2026-08-01,2026-08-31,179.00,3.71,0.00,32.89,0.00,215.60,2026-09-15,Unpaid
8451,2728,2026-03-01,2026-03-31,2999.00,58.58,99.00,568.18,0.00,3724.76,2026-04-15,Unpaid
8452,2728,2026-04-01,2026-04-30,2999.00,18.12,49.00,551.90,81.99,3700.01,2026-05-15,Overdue
8453,2728,2026-05-01,2026-05-31,2999.00,57.25,19.00,553.54,0.00,3628.79,2026-06-15,Paid
8454,2728,2026-06-01,2026-06-30,2999.00,40.99,49.00,556.02,0.00,3645.01,2026-07-15,Paid
8455,2728,2026-07-01,2026-07-31,2999.00,59.68,0.00,550.56,0.00,3609.24,2026-08-15,Unpaid
8456,2728,2026-08-01,2026-08-31,2999.00,67.06,29.00,557.11,0.00,3652.17,2026-09-15,Paid
8457,2729,2026-03-01,2026-03-31,949.00,40.90,0.00,178.18,0.00,1168.08,2026-04-15,Paid
8458,2729,2026-04-01,2026-04-30,949.00,58.43,29.00,186.56,0.00,1222.99,2026-05-15,Paid
8459,2729,2026-05-01,2026-05-31,949.00,3.66,0.00,171.48,0.00,1124.14,2026-06-15,Paid
8460,2729,2026-06-01,2026-06-30,949.00,4.08,0.00,171.55,0.00,1124.63,2026-07-15,Paid
8461,2729,2026-07-01,2026-07-31,949.00,25.78,0.00,175.46,0.00,1150.24,2026-08-15,Unpaid
8462,2729,2026-08-01,2026-08-31,949.00,79.69,29.00,190.38,0.00,1248.07,2026-09-15,Paid
8463,2736,2026-03-01,2026-03-31,179.00,0.66,49.00,41.16,0.00,269.82,2026-04-15,Paid
8464,2736,2026-04-01,2026-04-30,179.00,76.52,99.00,63.81,0.00,418.33,2026-05-15,Paid
8465,2736,2026-05-01,2026-05-31,179.00,45.20,49.00,49.18,36.85,359.23,2026-06-15,Overdue
8466,2736,2026-06-01,2026-06-30,179.00,28.62,0.00,37.37,0.00,244.99,2026-07-15,Paid
8467,2736,2026-07-01,2026-07-31,179.00,28.30,19.00,40.73,0.00,267.03,2026-08-15,Unpaid
8468,2736,2026-08-01,2026-08-31,179.00,58.73,0.00,42.79,0.00,280.52,2026-09-15,Unpaid
8469,2738,2026-03-01,2026-03-31,179.00,85.85,49.00,56.49,0.00,370.34,2026-04-15,Paid
8470,2738,2026-04-01,2026-04-30,179.00,53.02,99.00,59.58,0.00,390.60,2026-05-15,Paid
8471,2738,2026-05-01,2026-05-31,179.00,30.73,0.00,37.75,0.00,247.48,2026-06-15,Paid
8472,2738,2026-06-01,2026-06-30,179.00,20.40,19.00,39.31,0.00,257.71,2026-07-15,Paid
8473,2738,2026-07-01,2026-07-31,179.00,52.74,0.00,41.71,0.00,273.45,2026-08-15,Unpaid
8474,2738,2026-08-01,2026-08-31,179.00,87.43,0.00,47.96,0.00,314.39,2026-09-15,Unpaid
8475,2740,2026-03-01,2026-03-31,649.00,79.84,49.00,140.01,0.00,917.85,2026-04-15,Paid
8476,2740,2026-04-01,2026-04-30,649.00,44.66,49.00,133.68,59.84,936.18,2026-05-15,Overdue
8477,2740,2026-05-01,2026-05-31,649.00,54.10,29.00,131.78,0.00,863.88,2026-06-15,Paid
8478,2740,2026-06-01,2026-06-30,649.00,35.94,99.00,141.11,0.00,925.05,2026-07-15,Paid
8479,2740,2026-07-01,2026-07-31,649.00,65.74,29.00,133.87,0.00,877.61,2026-08-15,Paid
8480,2740,2026-08-01,2026-08-31,649.00,93.89,0.00,133.72,0.00,876.61,2026-09-15,Paid
8481,2741,2026-03-01,2026-03-31,239.00,73.48,0.00,56.25,0.00,368.73,2026-04-15,Paid
8482,2741,2026-04-01,2026-04-30,239.00,48.24,29.00,56.92,0.00,373.16,2026-05-15,Paid
8483,2741,2026-05-01,2026-05-31,239.00,39.02,0.00,50.04,0.00,328.06,2026-06-15,Paid
8484,2741,2026-06-01,2026-06-30,239.00,92.78,19.00,63.14,0.00,413.92,2026-07-15,Paid
8485,2741,2026-07-01,2026-07-31,239.00,75.92,0.00,56.69,0.00,371.61,2026-08-15,Unpaid
8486,2741,2026-08-01,2026-08-31,239.00,72.94,49.00,64.97,0.00,425.91,2026-09-15,Unpaid
8487,2743,2026-03-01,2026-03-31,149.00,37.67,29.00,38.82,0.00,254.49,2026-04-15,Paid
8488,2743,2026-04-01,2026-04-30,149.00,74.19,49.00,48.99,0.00,321.18,2026-05-15,Paid
8489,2743,2026-05-01,2026-05-31,149.00,51.33,29.00,41.28,0.00,270.61,2026-06-15,Paid
8490,2743,2026-06-01,2026-06-30,149.00,14.87,49.00,38.32,0.00,251.19,2026-07-15,Paid
8491,2743,2026-07-01,2026-07-31,149.00,29.75,49.00,40.99,0.00,268.74,2026-08-15,Paid
8492,2743,2026-08-01,2026-08-31,149.00,28.04,19.00,35.29,0.00,231.33,2026-09-15,Unpaid
8493,2745,2026-03-01,2026-03-31,199.00,54.23,0.00,45.58,0.00,298.81,2026-04-15,Paid
8494,2745,2026-04-01,2026-04-30,199.00,41.08,49.00,52.03,0.00,341.11,2026-05-15,Paid
8495,2745,2026-05-01,2026-05-31,199.00,10.47,99.00,55.52,0.00,363.99,2026-06-15,Paid
8496,2745,2026-06-01,2026-06-30,199.00,93.93,49.00,61.55,31.46,434.94,2026-07-15,Overdue
8497,2745,2026-07-01,2026-07-31,199.00,61.02,0.00,46.80,0.00,306.82,2026-08-15,Paid
8498,2745,2026-08-01,2026-08-31,199.00,73.85,0.00,49.11,0.00,321.96,2026-09-15,Unpaid
8499,2749,2026-03-01,2026-03-31,199.00,30.41,19.00,44.71,58.43,351.55,2026-04-15,Overdue
8500,2749,2026-04-01,2026-04-30,199.00,68.45,29.00,53.36,0.00,349.81,2026-05-15,Unpaid
8501,2749,2026-05-01,2026-05-31,199.00,30.33,29.00,46.50,0.00,304.83,2026-06-15,Paid
8502,2749,2026-06-01,2026-06-30,199.00,14.09,0.00,38.36,0.00,251.45,2026-07-15,Paid
8503,2749,2026-07-01,2026-07-31,199.00,25.20,0.00,40.36,0.00,264.56,2026-08-15,Unpaid
8504,2749,2026-08-01,2026-08-31,199.00,84.16,19.00,54.39,0.00,356.55,2026-09-15,Paid
8505,2753,2026-03-01,2026-03-31,399.00,39.43,99.00,96.74,0.00,634.17,2026-04-15,Paid
8506,2753,2026-04-01,2026-04-30,399.00,69.22,99.00,102.10,88.23,757.55,2026-05-15,Overdue
8507,2753,2026-05-01,2026-05-31,399.00,86.53,0.00,87.40,0.00,572.93,2026-06-15,Paid
8508,2753,2026-06-01,2026-06-30,399.00,4.11,99.00,90.38,0.00,592.49,2026-07-15,Unpaid
8509,2753,2026-07-01,2026-07-31,399.00,50.98,29.00,86.22,0.00,565.20,2026-08-15,Unpaid
8510,2753,2026-08-01,2026-08-31,399.00,15.02,29.00,79.74,0.00,522.76,2026-09-15,Unpaid
8511,2754,2026-03-01,2026-03-31,499.00,38.85,49.00,105.63,0.00,692.48,2026-04-15,Paid
8512,2754,2026-04-01,2026-04-30,499.00,67.55,49.00,110.80,0.00,726.35,2026-05-15,Paid
8513,2754,2026-05-01,2026-05-31,499.00,49.78,99.00,116.60,0.00,764.38,2026-06-15,Paid
8514,2754,2026-06-01,2026-06-30,499.00,29.50,19.00,98.55,0.00,646.05,2026-07-15,Paid
8515,2754,2026-07-01,2026-07-31,499.00,10.88,99.00,109.60,0.00,718.48,2026-08-15,Unpaid
8516,2754,2026-08-01,2026-08-31,499.00,33.93,0.00,95.93,0.00,628.86,2026-09-15,Paid
8517,2755,2026-03-01,2026-03-31,179.00,63.05,99.00,61.39,0.00,402.44,2026-04-15,Paid
8518,2755,2026-04-01,2026-04-30,179.00,5.34,29.00,38.40,0.00,251.74,2026-05-15,Paid
8519,2755,2026-05-01,2026-05-31,179.00,43.65,0.00,40.08,0.00,262.73,2026-06-15,Paid
8520,2755,2026-06-01,2026-06-30,179.00,20.59,99.00,53.75,97.69,450.03,2026-07-15,Overdue
8521,2755,2026-07-01,2026-07-31,179.00,58.15,0.00,42.69,0.00,279.84,2026-08-15,Unpaid
8522,2755,2026-08-01,2026-08-31,179.00,83.03,29.00,52.39,0.00,343.42,2026-09-15,Unpaid
8523,2758,2026-03-01,2026-03-31,149.00,58.58,99.00,55.18,23.37,385.13,2026-04-15,Overdue
8524,2758,2026-04-01,2026-04-30,149.00,52.82,0.00,36.33,99.06,337.21,2026-05-15,Overdue
8525,2758,2026-05-01,2026-05-31,149.00,20.60,19.00,33.95,0.00,222.55,2026-06-15,Paid
8526,2758,2026-06-01,2026-06-30,149.00,17.48,19.00,33.39,0.00,218.87,2026-07-15,Paid
8527,2758,2026-07-01,2026-07-31,149.00,25.13,29.00,36.56,0.00,239.69,2026-08-15,Unpaid
8528,2758,2026-08-01,2026-08-31,149.00,20.23,0.00,30.46,0.00,199.69,2026-09-15,Unpaid
8529,2766,2026-03-01,2026-03-31,699.00,55.09,99.00,153.56,0.00,1006.65,2026-04-15,Unpaid
8530,2766,2026-04-01,2026-04-30,699.00,42.91,49.00,142.36,0.00,933.27,2026-05-15,Paid
8531,2766,2026-05-01,2026-05-31,699.00,79.55,0.00,140.14,0.00,918.69,2026-06-15,Unpaid
8532,2766,2026-06-01,2026-06-30,699.00,29.61,49.00,139.97,0.00,917.58,2026-07-15,Paid
8533,2766,2026-07-01,2026-07-31,699.00,81.03,49.00,149.23,0.00,978.26,2026-08-15,Paid
8534,2766,2026-08-01,2026-08-31,699.00,18.85,99.00,147.03,0.00,963.88,2026-09-15,Unpaid
8535,2767,2026-03-01,2026-03-31,399.00,26.48,0.00,76.59,0.00,502.07,2026-04-15,Paid
8536,2767,2026-04-01,2026-04-30,399.00,15.14,0.00,74.55,0.00,488.69,2026-05-15,Paid
8537,2767,2026-05-01,2026-05-31,399.00,65.68,0.00,83.64,0.00,548.32,2026-06-15,Unpaid
8538,2767,2026-06-01,2026-06-30,399.00,54.73,49.00,90.49,0.00,593.22,2026-07-15,Paid
8539,2767,2026-07-01,2026-07-31,399.00,25.61,0.00,76.43,0.00,501.04,2026-08-15,Paid
8540,2767,2026-08-01,2026-08-31,399.00,59.46,19.00,85.94,0.00,563.40,2026-09-15,Paid
8541,2769,2026-03-01,2026-03-31,499.00,79.57,19.00,107.56,0.00,705.13,2026-04-15,Unpaid
8542,2769,2026-04-01,2026-04-30,499.00,99.55,0.00,107.74,0.00,706.29,2026-05-15,Paid
8543,2769,2026-05-01,2026-05-31,499.00,61.46,99.00,118.70,0.00,778.16,2026-06-15,Paid
8544,2769,2026-06-01,2026-06-30,499.00,49.17,29.00,103.89,0.00,681.06,2026-07-15,Paid
8545,2769,2026-07-01,2026-07-31,499.00,1.26,0.00,90.05,0.00,590.31,2026-08-15,Paid
8546,2769,2026-08-01,2026-08-31,499.00,49.71,99.00,116.59,0.00,764.30,2026-09-15,Unpaid
8547,2771,2026-03-01,2026-03-31,849.00,18.17,0.00,156.09,0.00,1023.26,2026-04-15,Paid
8548,2771,2026-04-01,2026-04-30,849.00,9.69,49.00,163.38,0.00,1071.07,2026-05-15,Paid
8549,2771,2026-05-01,2026-05-31,849.00,59.05,19.00,166.87,0.00,1093.92,2026-06-15,Paid
8550,2771,2026-06-01,2026-06-30,849.00,13.15,0.00,155.19,0.00,1017.34,2026-07-15,Unpaid
8551,2771,2026-07-01,2026-07-31,849.00,37.56,0.00,159.58,0.00,1046.14,2026-08-15,Unpaid
8552,2771,2026-08-01,2026-08-31,849.00,36.94,29.00,164.69,0.00,1079.63,2026-09-15,Unpaid
8553,2774,2026-03-01,2026-03-31,949.00,84.96,19.00,189.53,0.00,1242.49,2026-04-15,Unpaid
8554,2774,2026-04-01,2026-04-30,949.00,98.56,19.00,191.98,0.00,1258.54,2026-05-15,Paid
8555,2774,2026-05-01,2026-05-31,949.00,27.56,19.00,179.20,0.00,1174.76,2026-06-15,Unpaid
8556,2774,2026-06-01,2026-06-30,949.00,69.13,99.00,201.08,0.00,1318.21,2026-07-15,Paid
8557,2774,2026-07-01,2026-07-31,949.00,42.02,19.00,181.80,0.00,1191.82,2026-08-15,Unpaid
8558,2774,2026-08-01,2026-08-31,949.00,1.53,19.00,174.52,0.00,1144.05,2026-09-15,Unpaid
8559,2776,2026-03-01,2026-03-31,849.00,32.73,49.00,167.53,87.39,1185.65,2026-04-15,Overdue
8560,2776,2026-04-01,2026-04-30,849.00,56.32,0.00,162.96,0.00,1068.28,2026-05-15,Paid
8561,2776,2026-05-01,2026-05-31,849.00,45.36,19.00,164.40,0.00,1077.76,2026-06-15,Paid
8562,2776,2026-06-01,2026-06-30,849.00,66.79,0.00,164.84,0.00,1080.63,2026-07-15,Paid
8563,2776,2026-07-01,2026-07-31,849.00,38.90,0.00,159.82,0.00,1047.72,2026-08-15,Paid
8564,2776,2026-08-01,2026-08-31,849.00,96.60,19.00,173.63,0.00,1138.23,2026-09-15,Unpaid
8565,2785,2026-03-01,2026-03-31,949.00,47.68,29.00,184.62,0.00,1210.30,2026-04-15,Paid
8566,2785,2026-04-01,2026-04-30,949.00,42.45,49.00,187.28,0.00,1227.73,2026-05-15,Paid
8567,2785,2026-05-01,2026-05-31,949.00,4.23,29.00,176.80,0.00,1159.03,2026-06-15,Paid
8568,2785,2026-06-01,2026-06-30,949.00,45.70,0.00,179.05,76.19,1249.94,2026-07-15,Overdue
8569,2785,2026-07-01,2026-07-31,949.00,84.85,49.00,194.91,0.00,1277.76,2026-08-15,Unpaid
8570,2785,2026-08-01,2026-08-31,949.00,66.87,0.00,182.86,0.00,1198.73,2026-09-15,Unpaid
8571,2786,2026-03-01,2026-03-31,199.00,39.08,99.00,60.67,0.00,397.75,2026-04-15,Paid
8572,2786,2026-04-01,2026-04-30,199.00,93.40,19.00,56.05,22.37,389.82,2026-05-15,Overdue
8573,2786,2026-05-01,2026-05-31,199.00,6.96,0.00,37.07,0.00,243.03,2026-06-15,Paid
8574,2786,2026-06-01,2026-06-30,199.00,80.22,19.00,53.68,0.00,351.90,2026-07-15,Paid
8575,2786,2026-07-01,2026-07-31,199.00,24.16,0.00,40.17,0.00,263.33,2026-08-15,Unpaid
8576,2786,2026-08-01,2026-08-31,199.00,84.92,49.00,59.93,0.00,392.85,2026-09-15,Unpaid
8577,2788,2026-03-01,2026-03-31,399.00,11.88,19.00,77.38,0.00,507.26,2026-04-15,Paid
8578,2788,2026-04-01,2026-04-30,399.00,1.89,0.00,72.16,37.74,510.79,2026-05-15,Overdue
8579,2788,2026-05-01,2026-05-31,399.00,36.11,99.00,96.14,0.00,630.25,2026-06-15,Paid
8580,2788,2026-06-01,2026-06-30,399.00,23.64,0.00,76.08,30.22,528.94,2026-07-15,Overdue
8581,2788,2026-07-01,2026-07-31,399.00,47.06,49.00,89.11,0.00,584.17,2026-08-15,Paid
8582,2788,2026-08-01,2026-08-31,399.00,65.61,49.00,92.45,0.00,606.06,2026-09-15,Unpaid
8583,2791,2026-03-01,2026-03-31,699.00,50.88,0.00,134.98,0.00,884.86,2026-04-15,Paid
8584,2791,2026-04-01,2026-04-30,699.00,53.58,99.00,153.28,0.00,1004.86,2026-05-15,Paid
8585,2791,2026-05-01,2026-05-31,699.00,16.45,29.00,134.00,0.00,878.45,2026-06-15,Paid
8586,2791,2026-06-01,2026-06-30,699.00,47.35,29.00,139.56,0.00,914.91,2026-07-15,Paid
8587,2791,2026-07-01,2026-07-31,699.00,11.14,0.00,127.83,0.00,837.97,2026-08-15,Paid
8588,2791,2026-08-01,2026-08-31,699.00,95.55,19.00,146.44,0.00,959.99,2026-09-15,Unpaid
8589,2799,2026-03-01,2026-03-31,99.00,89.06,0.00,33.85,0.00,221.91,2026-04-15,Paid
8590,2799,2026-04-01,2026-04-30,99.00,67.80,0.00,30.02,0.00,196.82,2026-05-15,Paid
8591,2799,2026-05-01,2026-05-31,99.00,56.11,49.00,36.74,0.00,240.85,2026-06-15,Paid
8592,2799,2026-06-01,2026-06-30,99.00,3.65,49.00,27.30,0.00,178.95,2026-07-15,Paid
8593,2799,2026-07-01,2026-07-31,99.00,12.32,49.00,28.86,0.00,189.18,2026-08-15,Unpaid
8594,2799,2026-08-01,2026-08-31,99.00,25.83,0.00,22.47,0.00,147.30,2026-09-15,Paid
8595,2800,2026-03-01,2026-03-31,479.00,85.61,99.00,119.45,0.00,783.06,2026-04-15,Paid
8596,2800,2026-04-01,2026-04-30,479.00,70.37,0.00,98.89,0.00,648.26,2026-05-15,Paid
8597,2800,2026-05-01,2026-05-31,479.00,61.89,0.00,97.36,0.00,638.25,2026-06-15,Paid
8598,2800,2026-06-01,2026-06-30,479.00,0.34,99.00,104.10,0.00,682.44,2026-07-15,Paid
8599,2800,2026-07-01,2026-07-31,479.00,99.30,29.00,109.31,0.00,716.61,2026-08-15,Paid
8600,2800,2026-08-01,2026-08-31,479.00,97.57,0.00,103.78,0.00,680.35,2026-09-15,Unpaid
8601,2803,2026-03-01,2026-03-31,899.00,64.73,29.00,178.69,0.00,1171.42,2026-04-15,Paid
8602,2803,2026-04-01,2026-04-30,899.00,17.35,0.00,164.94,0.00,1081.29,2026-05-15,Paid
8603,2803,2026-05-01,2026-05-31,899.00,43.28,29.00,174.83,0.00,1146.11,2026-06-15,Unpaid
8604,2803,2026-06-01,2026-06-30,899.00,56.22,0.00,171.94,0.00,1127.16,2026-07-15,Paid
8605,2803,2026-07-01,2026-07-31,899.00,35.86,0.00,168.27,0.00,1103.13,2026-08-15,Unpaid
8606,2803,2026-08-01,2026-08-31,899.00,95.20,29.00,184.18,0.00,1207.38,2026-09-15,Paid
8607,2806,2026-03-01,2026-03-31,899.00,29.54,19.00,170.56,0.00,1118.10,2026-04-15,Paid
8608,2806,2026-04-01,2026-04-30,899.00,0.04,0.00,161.83,0.00,1060.87,2026-05-15,Paid
8609,2806,2026-05-01,2026-05-31,899.00,17.09,0.00,164.90,0.00,1080.99,2026-06-15,Unpaid
8610,2806,2026-06-01,2026-06-30,899.00,98.65,99.00,197.40,54.81,1348.86,2026-07-15,Overdue
8611,2806,2026-07-01,2026-07-31,899.00,14.10,29.00,169.58,0.00,1111.68,2026-08-15,Paid
8612,2806,2026-08-01,2026-08-31,899.00,6.16,0.00,162.93,0.00,1068.09,2026-09-15,Paid
8613,2808,2026-03-01,2026-03-31,199.00,2.23,99.00,54.04,0.00,354.27,2026-04-15,Paid
8614,2808,2026-04-01,2026-04-30,199.00,39.19,0.00,42.87,0.00,281.06,2026-05-15,Paid
8615,2808,2026-05-01,2026-05-31,199.00,31.84,0.00,41.55,0.00,272.39,2026-06-15,Paid
8616,2808,2026-06-01,2026-06-30,199.00,30.98,0.00,41.40,0.00,271.38,2026-07-15,Paid
8617,2808,2026-07-01,2026-07-31,199.00,67.39,49.00,56.77,0.00,372.16,2026-08-15,Unpaid
8618,2808,2026-08-01,2026-08-31,199.00,4.74,49.00,45.49,0.00,298.23,2026-09-15,Unpaid
8619,2809,2026-03-01,2026-03-31,949.00,59.11,19.00,184.88,67.77,1279.76,2026-04-15,Overdue
8620,2809,2026-04-01,2026-04-30,949.00,49.16,0.00,179.67,0.00,1177.83,2026-05-15,Paid
8621,2809,2026-05-01,2026-05-31,949.00,78.80,29.00,190.22,89.54,1336.56,2026-06-15,Overdue
8622,2809,2026-06-01,2026-06-30,949.00,61.83,0.00,181.95,0.00,1192.78,2026-07-15,Paid
8623,2809,2026-07-01,2026-07-31,949.00,51.76,49.00,188.96,0.00,1238.72,2026-08-15,Paid
8624,2809,2026-08-01,2026-08-31,949.00,43.63,49.00,187.49,0.00,1229.12,2026-09-15,Unpaid
