alarm_id,site_id,alarm_type,severity,raised_at,cleared_at,root_cause
10001,9104,Link Down,Critical,2024-10-20 15:00:00,2024-10-22 21:00:00,Configuration Error
10002,9118,Congestion,Minor,2024-10-17 14:00:00,2024-10-19 12:00:00,Fiber Cut
10003,9110,Fiber Cut,Major,2025-08-31 01:00:00,2025-08-31 07:00:00,
10004,9124,Battery Low,Major,2026-01-17 12:00:00,2026-01-19 17:00:00,Scheduled Maintenance
10005,9030,Power Failure,Major,2025-12-15 11:00:00,2025-12-17 15:00:00,Equipment Failure
10006,9026,Link Down,Minor,2025-03-07 22:00:00,2025-03-10 18:00:00,Configuration Error
10007,9017,Battery Low,Major,2024-10-17 05:00:00,2024-10-19 14:00:00,Fiber Cut
10008,9130,Link Down,Major,2026-03-04 12:00:00,2026-03-06 02:00:00,Weather Damage
10009,9046,Link Down,Minor,2025-02-27 01:00:00,2025-03-02 01:00:00,Fiber Cut
10010,9150,Fiber Cut,Minor,2026-05-22 17:00:00,,Unknown
10011,9011,Link Down,Major,2025-06-03 07:00:00,2025-06-04 08:00:00,Weather Damage
10012,9076,Power Failure,Major,2026-03-31 03:00:00,2026-03-31 21:00:00,Equipment Failure
10013,9111,Battery Low,Critical,2025-08-07 09:00:00,2025-08-09 02:00:00,Scheduled Maintenance
10014,9049,Software Crash,Minor,2025-10-10 21:00:00,2025-10-11 16:00:00,Fiber Cut
10015,9082,Fiber Cut,Minor,2026-02-01 00:00:00,2026-02-02 03:00:00,Power Outage
10016,9066,Congestion,Minor,2026-02-18 09:00:00,2026-02-21 04:00:00,Fiber Cut
10017,9051,Link Down,Major,2025-02-22 07:00:00,2025-02-22 15:00:00,Equipment Failure
10018,9038,Congestion,Critical,2026-04-10 00:00:00,2026-04-11 09:00:00,Configuration Error
10019,9008,Fiber Cut,Major,2026-04-22 09:00:00,2026-04-23 14:00:00,Weather Damage
10020,9027,Battery Low,Critical,2025-04-17 21:00:00,2025-04-20 10:00:00,Unknown
10021,9093,Power Failure,Minor,2026-08-02 00:00:00,,Power Outage
10022,9136,Hardware Fault,Minor,2025-08-17 22:00:00,2025-08-18 00:00:00,Power Outage
10023,9136,Congestion,Major,2025-12-09 11:00:00,,Power Outage
10024,9122,Hardware Fault,Minor,2025-04-04 02:00:00,2025-04-06 04:00:00,Unknown
10025,9073,Congestion,Minor,2024-11-21 02:00:00,2024-11-22 19:00:00,Power Outage
10026,9021,Congestion,Major,2025-04-23 04:00:00,2025-04-25 15:00:00,Power Outage
10027,9031,Fiber Cut,Major,2025-01-01 19:00:00,2025-01-04 00:00:00,Power Outage
10028,9077,Battery Low,Major,2024-08-29 05:00:00,2024-09-01 03:00:00,
10029,9056,Power Failure,Major,2024-09-03 08:00:00,2024-09-03 14:00:00,
10030,9034,Link Down,Major,2026-07-19 04:00:00,2026-07-19 13:00:00,Weather Damage
10031,9135,Fiber Cut,Major,2025-04-20 17:00:00,,Fiber Cut
10032,9048,Software Crash,Major,2025-05-27 00:00:00,2025-05-29 07:00:00,Scheduled Maintenance
10033,9124,Software Crash,Critical,2025-05-24 02:00:00,2025-05-24 18:00:00,Unknown
10034,9017,Battery Low,Major,2025-10-26 22:00:00,2025-10-28 18:00:00,Configuration Error
10035,9066,Fiber Cut,Minor,2026-08-06 10:00:00,2026-08-09 09:00:00,Configuration Error
10036,9130,Power Failure,Minor,2024-08-26 22:00:00,2024-08-28 11:00:00,Configuration Error
10037,9121,Link Down,Major,2026-07-14 12:00:00,2026-07-16 07:00:00,
10038,9067,Software Crash,Major,2025-12-30 22:00:00,2026-01-01 03:00:00,Fiber Cut
10039,9143,Power Failure,Critical,2026-01-16 11:00:00,2026-01-17 14:00:00,Weather Damage
10040,9147,Hardware Fault,Critical,2025-02-23 12:00:00,2025-02-26 08:00:00,Configuration Error
10041,9114,Hardware Fault,Minor,2025-02-02 13:00:00,2025-02-05 12:00:00,Scheduled Maintenance
10042,9124,Link Down,Minor,2025-10-26 03:00:00,2025-10-26 10:00:00,Fiber Cut
10043,9117,Link Down,Major,2024-11-17 20:00:00,2024-11-18 20:00:00,Unknown
10044,9020,Hardware Fault,Major,2026-02-01 20:00:00,2026-02-02 22:00:00,Power Outage
10045,9056,Software Crash,Major,2026-06-11 18:00:00,2026-06-14 02:00:00,Unknown
10046,9082,Power Failure,Critical,2025-03-18 05:00:00,2025-03-21 04:00:00,Equipment Failure
10047,9097,Hardware Fault,Minor,2025-01-16 21:00:00,,Unknown
10048,9002,Link Down,Minor,2025-03-29 23:00:00,2025-03-30 21:00:00,Scheduled Maintenance
10049,9078,Link Down,Major,2025-10-10 16:00:00,2025-10-11 18:00:00,Power Outage
10050,9032,Software Crash,Minor,2025-02-23 18:00:00,2025-02-26 18:00:00,Power Outage
10051,9103,Software Crash,Critical,2026-03-14 01:00:00,2026-03-15 10:00:00,Weather Damage
10052,9039,Fiber Cut,Major,2024-08-17 16:00:00,2024-08-19 05:00:00,Unknown
10053,9022,Link Down,Major,2024-10-05 09:00:00,2024-10-06 21:00:00,Weather Damage
10054,9081,Software Crash,Major,2025-04-21 12:00:00,2025-04-21 14:00:00,Power Outage
10055,9088,Power Failure,Major,2025-07-01 10:00:00,2025-07-04 00:00:00,Unknown
10056,9117,Link Down,Major,2026-07-13 17:00:00,2026-07-15 16:00:00,Configuration Error
10057,9103,Hardware Fault,Major,2026-04-15 04:00:00,,
10058,9094,Software Crash,Minor,2025-11-25 07:00:00,2025-11-27 22:00:00,Weather Damage
10059,9078,Battery Low,Critical,2025-01-19 00:00:00,2025-01-21 19:00:00,Equipment Failure
10060,9022,Link Down,Major,2024-08-12 22:00:00,2024-08-14 22:00:00,Weather Damage
10061,9064,Hardware Fault,Major,2025-07-01 15:00:00,2025-07-02 06:00:00,Fiber Cut
10062,9140,Power Failure,Minor,2026-03-29 02:00:00,2026-03-30 03:00:00,Fiber Cut
10063,9051,Hardware Fault,Minor,2024-11-07 01:00:00,2024-11-09 06:00:00,
10064,9071,Battery Low,Minor,2025-12-08 11:00:00,2025-12-11 02:00:00,Power Outage
10065,9089,Congestion,Major,2024-11-06 11:00:00,2024-11-06 19:00:00,Equipment Failure
10066,9130,Fiber Cut,Minor,2024-10-29 05:00:00,2024-10-31 08:00:00,Power Outage
10067,9041,Hardware Fault,Critical,2025-12-25 22:00:00,2025-12-26 09:00:00,Scheduled Maintenance
10068,9133,Battery Low,Minor,2026-07-24 08:00:00,2026-07-26 00:00:00,Equipment Failure
10069,9050,Software Crash,Major,2025-09-22 17:00:00,2025-09-23 08:00:00,Unknown
10070,9066,Power Failure,Minor,2026-05-17 08:00:00,2026-05-17 15:00:00,Power Outage
10071,9018,Power Failure,Critical,2026-03-30 17:00:00,2026-04-01 01:00:00,Equipment Failure
10072,9095,Power Failure,Major,2024-12-19 06:00:00,2024-12-20 03:00:00,Scheduled Maintenance
10073,9016,Fiber Cut,Minor,2026-04-24 03:00:00,2026-04-26 18:00:00,Scheduled Maintenance
10074,9086,Fiber Cut,Minor,2026-06-11 18:00:00,2026-06-14 15:00:00,Weather Damage
10075,9078,Power Failure,Minor,2025-11-15 03:00:00,,Equipment Failure
10076,9015,Power Failure,Minor,2026-07-22 13:00:00,2026-07-24 14:00:00,Scheduled Maintenance
10077,9097,Power Failure,Minor,2025-12-25 23:00:00,2025-12-27 23:00:00,Weather Damage
10078,9021,Battery Low,Major,2024-10-09 01:00:00,,Power Outage
10079,9150,Link Down,Major,2025-06-18 06:00:00,,Power Outage
10080,9117,Power Failure,Major,2026-08-06 00:00:00,2026-08-06 23:00:00,Scheduled Maintenance
10081,9048,Congestion,Minor,2025-09-20 08:00:00,2025-09-22 14:00:00,Scheduled Maintenance
10082,9048,Link Down,Critical,2025-06-26 16:00:00,2025-06-26 21:00:00,Configuration Error
10083,9070,Battery Low,Minor,2025-09-28 19:00:00,2025-09-29 07:00:00,Weather Damage
10084,9001,Congestion,Minor,2026-06-07 05:00:00,2026-06-08 03:00:00,Power Outage
10085,9036,Software Crash,Minor,2025-04-10 11:00:00,2025-04-11 05:00:00,Configuration Error
10086,9102,Battery Low,Major,2025-01-14 11:00:00,,Fiber Cut
10087,9130,Fiber Cut,Minor,2024-08-16 23:00:00,2024-08-17 15:00:00,Power Outage
10088,9087,Software Crash,Major,2024-08-22 15:00:00,2024-08-23 04:00:00,Unknown
10089,9060,Congestion,Minor,2026-06-10 22:00:00,2026-06-13 18:00:00,Weather Damage
10090,9047,Hardware Fault,Minor,2024-11-06 09:00:00,2024-11-07 05:00:00,Configuration Error
10091,9025,Power Failure,Minor,2025-06-09 23:00:00,2025-06-10 21:00:00,Power Outage
10092,9131,Link Down,Minor,2025-03-27 08:00:00,,Unknown
10093,9129,Software Crash,Critical,2024-11-19 03:00:00,2024-11-21 20:00:00,Equipment Failure
10094,9110,Power Failure,Minor,2025-03-06 13:00:00,,
10095,9081,Power Failure,Major,2024-11-05 17:00:00,2024-11-06 22:00:00,Equipment Failure
10096,9145,Software Crash,Major,2025-06-19 04:00:00,2025-06-21 06:00:00,Weather Damage
10097,9067,Hardware Fault,Minor,2026-04-22 00:00:00,2026-04-23 16:00:00,Configuration Error
10098,9148,Power Failure,Major,2024-11-13 20:00:00,2024-11-14 21:00:00,Configuration Error
10099,9028,Software Crash,Minor,2026-07-29 23:00:00,2026-07-31 14:00:00,Equipment Failure
10100,9100,Battery Low,Major,2025-01-16 23:00:00,2025-01-17 08:00:00,
10101,9083,Congestion,Major,2024-10-16 07:00:00,2024-10-18 06:00:00,Weather Damage
10102,9063,Battery Low,Minor,2025-08-28 21:00:00,2025-08-29 20:00:00,Weather Damage
10103,9084,Battery Low,Critical,2025-05-21 23:00:00,2025-05-24 23:00:00,Equipment Failure
10104,9055,Fiber Cut,Minor,2025-11-30 01:00:00,2025-12-01 21:00:00,
10105,9009,Fiber Cut,Critical,2025-11-30 02:00:00,2025-12-01 15:00:00,Scheduled Maintenance
10106,9025,Software Crash,Major,2024-09-02 08:00:00,2024-09-04 16:00:00,Scheduled Maintenance
10107,9132,Hardware Fault,Critical,2026-07-29 02:00:00,2026-07-31 20:00:00,
10108,9083,Software Crash,Critical,2024-12-28 05:00:00,2024-12-29 11:00:00,Configuration Error
10109,9084,Power Failure,Minor,2024-09-13 11:00:00,2024-09-13 16:00:00,Scheduled Maintenance
10110,9012,Link Down,Major,2024-11-11 01:00:00,2024-11-11 08:00:00,Fiber Cut
10111,9024,Hardware Fault,Minor,2026-07-27 06:00:00,2026-07-28 20:00:00,Fiber Cut
10112,9053,Software Crash,Minor,2026-01-13 04:00:00,2026-01-15 03:00:00,Fiber Cut
10113,9038,Hardware Fault,Minor,2026-01-23 09:00:00,2026-01-24 20:00:00,Fiber Cut
10114,9009,Power Failure,Critical,2024-10-10 15:00:00,2024-10-13 13:00:00,Weather Damage
10115,9086,Hardware Fault,Minor,2026-07-17 16:00:00,2026-07-20 00:00:00,Equipment Failure
10116,9009,Link Down,Minor,2025-04-19 06:00:00,2025-04-22 03:00:00,Fiber Cut
10117,9128,Congestion,Major,2025-09-03 14:00:00,2025-09-06 14:00:00,Weather Damage
10118,9019,Power Failure,Minor,2026-04-09 22:00:00,2026-04-10 15:00:00,Fiber Cut
10119,9047,Fiber Cut,Minor,2025-09-25 09:00:00,,Unknown
10120,9118,Hardware Fault,Major,2026-04-20 03:00:00,2026-04-22 11:00:00,Scheduled Maintenance
10121,9137,Congestion,Major,2024-09-29 18:00:00,2024-10-01 16:00:00,Power Outage
10122,9102,Hardware Fault,Critical,2024-11-30 01:00:00,2024-12-01 01:00:00,
10123,9106,Power Failure,Minor,2025-05-07 06:00:00,2025-05-08 09:00:00,Equipment Failure
10124,9025,Power Failure,Minor,2025-04-09 14:00:00,,Equipment Failure
10125,9095,Link Down,Minor,2024-09-02 13:00:00,2024-09-02 19:00:00,Scheduled Maintenance
10126,9116,Battery Low,Minor,2024-08-16 21:00:00,2024-08-18 01:00:00,Fiber Cut
10127,9122,Fiber Cut,Major,2026-04-13 11:00:00,2026-04-13 22:00:00,
10128,9087,Hardware Fault,Minor,2025-02-08 17:00:00,2025-02-10 11:00:00,Configuration Error
10129,9081,Software Crash,Minor,2026-04-12 06:00:00,2026-04-14 23:00:00,Unknown
10130,9061,Fiber Cut,Minor,2025-07-30 00:00:00,2025-08-01 15:00:00,Fiber Cut
10131,9148,Software Crash,Minor,2026-02-25 17:00:00,2026-02-26 01:00:00,Fiber Cut
10132,9094,Link Down,Major,2025-05-26 05:00:00,2025-05-28 09:00:00,Weather Damage
10133,9067,Fiber Cut,Minor,2024-12-20 17:00:00,2024-12-22 12:00:00,Configuration Error
10134,9025,Hardware Fault,Minor,2026-02-14 11:00:00,2026-02-15 22:00:00,Equipment Failure
10135,9105,Fiber Cut,Minor,2025-05-28 17:00:00,2025-05-31 17:00:00,Unknown
10136,9115,Congestion,Minor,2025-10-26 12:00:00,2025-10-27 18:00:00,Fiber Cut
10137,9151,Power Failure,Critical,2025-08-13 11:00:00,2025-08-15 05:00:00,Power Outage
10138,9122,Fiber Cut,Minor,2025-07-13 05:00:00,2025-07-15 05:00:00,Fiber Cut
10139,9149,Software Crash,Minor,2026-06-03 23:00:00,2026-06-05 23:00:00,Equipment Failure
10140,9112,Battery Low,Major,2025-11-09 03:00:00,2025-11-12 03:00:00,Weather Damage
10141,9017,Hardware Fault,Minor,2025-04-21 00:00:00,,Fiber Cut
10142,9016,Battery Low,Minor,2025-03-10 23:00:00,,Configuration Error
10143,9059,Battery Low,Minor,2026-01-31 09:00:00,,Equipment Failure
10144,9146,Hardware Fault,Major,2025-05-18 19:00:00,2025-05-19 07:00:00,Fiber Cut
10145,9071,Congestion,Minor,2026-05-06 02:00:00,2026-05-08 13:00:00,Power Outage
10146,9025,Power Failure,Major,2024-12-27 23:00:00,2024-12-30 00:00:00,Weather Damage
10147,9124,Congestion,Minor,2025-08-20 08:00:00,2025-08-22 08:00:00,Equipment Failure
10148,9131,Battery Low,Minor,2026-03-31 02:00:00,2026-04-02 17:00:00,Fiber Cut
10149,9116,Hardware Fault,Major,2025-07-12 16:00:00,2025-07-14 12:00:00,Equipment Failure
10150,9086,Congestion,Major,2026-03-05 00:00:00,2026-03-06 10:00:00,Scheduled Maintenance
10151,9124,Link Down,Critical,2025-10-16 15:00:00,2025-10-17 15:00:00,Equipment Failure
10152,9132,Power Failure,Minor,2026-05-20 01:00:00,2026-05-20 03:00:00,Fiber Cut
10153,9061,Software Crash,Critical,2024-10-26 02:00:00,2024-10-27 21:00:00,Unknown
10154,9016,Congestion,Minor,2026-02-23 19:00:00,2026-02-25 02:00:00,Scheduled Maintenance
10155,9123,Congestion,Minor,2025-02-23 05:00:00,2025-02-23 09:00:00,Equipment Failure
10156,9042,Battery Low,Major,2024-08-28 00:00:00,2024-08-28 13:00:00,Fiber Cut
10157,9105,Hardware Fault,Major,2026-02-17 04:00:00,2026-02-20 03:00:00,Configuration Error
10158,9096,Software Crash,Critical,2026-02-04 12:00:00,2026-02-06 12:00:00,Power Outage
10159,9027,Power Failure,Minor,2025-07-24 20:00:00,2025-07-26 11:00:00,Power Outage
10160,9026,Congestion,Major,2025-02-11 05:00:00,2025-02-13 07:00:00,Weather Damage
10161,9036,Fiber Cut,Minor,2026-07-20 15:00:00,2026-07-21 10:00:00,Configuration Error
10162,9043,Battery Low,Minor,2025-11-07 16:00:00,2025-11-09 21:00:00,Unknown
10163,9013,Link Down,Minor,2025-12-31 12:00:00,2026-01-03 07:00:00,Power Outage
10164,9111,Fiber Cut,Minor,2025-07-01 23:00:00,2025-07-04 01:00:00,
10165,9072,Software Crash,Minor,2025-08-03 13:00:00,2025-08-06 02:00:00,Fiber Cut
10166,9053,Power Failure,Minor,2024-09-01 08:00:00,2024-09-04 08:00:00,Power Outage
10167,9063,Power Failure,Minor,2025-06-29 22:00:00,2025-07-01 16:00:00,
10168,9099,Hardware Fault,Major,2025-12-21 05:00:00,2025-12-23 04:00:00,Power Outage
10169,9151,Software Crash,Minor,2025-09-15 02:00:00,2025-09-15 10:00:00,Fiber Cut
10170,9042,Congestion,Minor,2025-10-03 14:00:00,2025-10-05 02:00:00,Weather Damage
10171,9083,Battery Low,Minor,2025-08-06 19:00:00,2025-08-08 18:00:00,Power Outage
10172,9041,Software Crash,Minor,2026-06-07 20:00:00,2026-06-09 23:00:00,Equipment Failure
10173,9032,Congestion,Minor,2025-05-20 09:00:00,2025-05-22 11:00:00,Weather Damage
10174,9066,Fiber Cut,Minor,2025-01-23 16:00:00,2025-01-23 19:00:00,Equipment Failure
10175,9001,Link Down,Minor,2025-06-15 00:00:00,2025-06-15 09:00:00,Scheduled Maintenance
10176,9060,Power Failure,Major,2025-05-12 23:00:00,2025-05-14 19:00:00,Configuration Error
10177,9084,Software Crash,Minor,2025-05-11 09:00:00,2025-05-12 11:00:00,Fiber Cut
10178,9117,Hardware Fault,Critical,2024-12-20 06:00:00,2024-12-20 20:00:00,Unknown
10179,9139,Power Failure,Major,2025-08-18 04:00:00,2025-08-19 23:00:00,Equipment Failure
10180,9039,Congestion,Minor,2024-08-12 19:00:00,2024-08-13 04:00:00,Scheduled Maintenance
10181,9130,Link Down,Major,2024-12-03 09:00:00,2024-12-05 17:00:00,
10182,9107,Battery Low,Minor,2026-05-31 10:00:00,2026-06-01 12:00:00,Weather Damage
10183,9007,Link Down,Minor,2026-07-09 07:00:00,2026-07-10 22:00:00,Configuration Error
10184,9039,Software Crash,Major,2025-06-12 09:00:00,2025-06-13 16:00:00,Unknown
10185,9100,Battery Low,Minor,2026-03-28 18:00:00,2026-03-31 04:00:00,Unknown
10186,9145,Battery Low,Minor,2025-12-06 22:00:00,2025-12-08 10:00:00,Weather Damage
10187,9111,Battery Low,Minor,2026-04-26 19:00:00,,Unknown
10188,9113,Hardware Fault,Minor,2025-12-31 21:00:00,2026-01-02 09:00:00,Fiber Cut
10189,9055,Fiber Cut,Minor,2025-06-29 10:00:00,2025-07-01 10:00:00,Power Outage
10190,9136,Battery Low,Minor,2026-02-10 10:00:00,2026-02-11 17:00:00,Weather Damage
10191,9070,Link Down,Major,2026-02-27 04:00:00,2026-03-01 16:00:00,Weather Damage
10192,9070,Software Crash,Major,2025-09-11 03:00:00,2025-09-11 07:00:00,Equipment Failure
10193,9068,Fiber Cut,Major,2024-09-30 04:00:00,2024-09-30 16:00:00,Weather Damage
10194,9069,Power Failure,Major,2026-04-25 04:00:00,2026-04-27 01:00:00,Unknown
10195,9017,Battery Low,Minor,2026-01-07 02:00:00,2026-01-09 13:00:00,Fiber Cut
10196,9076,Hardware Fault,Major,2026-06-14 12:00:00,2026-06-15 03:00:00,Fiber Cut
10197,9020,Power Failure,Major,2024-11-14 08:00:00,2024-11-15 16:00:00,Weather Damage
10198,9129,Hardware Fault,Major,2024-10-20 12:00:00,2024-10-21 01:00:00,Scheduled Maintenance
10199,9082,Link Down,Minor,2025-05-27 20:00:00,2025-05-30 10:00:00,Weather Damage
10200,9017,Software Crash,Critical,2024-10-12 11:00:00,2024-10-13 11:00:00,Scheduled Maintenance
10201,9094,Fiber Cut,Minor,2025-10-05 09:00:00,2025-10-06 18:00:00,Scheduled Maintenance
10202,9067,Link Down,Minor,2024-11-24 13:00:00,2024-11-26 16:00:00,Scheduled Maintenance
10203,9099,Congestion,Major,2024-08-19 21:00:00,2024-08-22 19:00:00,Power Outage
10204,9070,Battery Low,Minor,2024-10-31 03:00:00,2024-11-02 05:00:00,Weather Damage
10205,9022,Power Failure,Critical,2024-10-13 01:00:00,2024-10-13 20:00:00,Weather Damage
10206,9096,Hardware Fault,Minor,2025-10-22 16:00:00,2025-10-24 19:00:00,Scheduled Maintenance
10207,9104,Battery Low,Minor,2025-08-27 23:00:00,2025-08-30 21:00:00,Equipment Failure
10208,9136,Fiber Cut,Critical,2025-02-05 02:00:00,2025-02-05 11:00:00,Equipment Failure
10209,9040,Hardware Fault,Minor,2025-02-09 02:00:00,2025-02-11 18:00:00,Power Outage
10210,9142,Congestion,Critical,2025-01-06 06:00:00,2025-01-06 13:00:00,Configuration Error
10211,9018,Battery Low,Major,2025-01-11 19:00:00,2025-01-12 00:00:00,Fiber Cut
10212,9120,Fiber Cut,Major,2024-12-12 04:00:00,2024-12-13 07:00:00,Power Outage
10213,9034,Congestion,Major,2024-10-13 06:00:00,2024-10-14 02:00:00,Weather Damage
10214,9142,Hardware Fault,Major,2024-12-18 00:00:00,2024-12-20 14:00:00,Unknown
10215,9138,Fiber Cut,Major,2024-09-06 04:00:00,2024-09-08 22:00:00,Fiber Cut
10216,9108,Congestion,Critical,2026-07-28 00:00:00,2026-07-28 20:00:00,Configuration Error
10217,9047,Link Down,Major,2025-10-16 22:00:00,2025-10-17 02:00:00,Unknown
10218,9056,Congestion,Minor,2025-10-14 07:00:00,2025-10-17 02:00:00,Scheduled Maintenance
10219,9112,Power Failure,Major,2024-11-21 14:00:00,2024-11-24 08:00:00,Scheduled Maintenance
10220,9014,Software Crash,Major,2025-04-01 08:00:00,2025-04-04 05:00:00,Fiber Cut
10221,9018,Hardware Fault,Critical,2024-11-19 13:00:00,2024-11-21 20:00:00,Fiber Cut
10222,9063,Link Down,Minor,2025-03-21 03:00:00,2025-03-22 03:00:00,Equipment Failure
10223,9014,Hardware Fault,Major,2025-05-27 05:00:00,2025-05-29 07:00:00,Unknown
10224,9121,Hardware Fault,Minor,2026-02-19 06:00:00,2026-02-21 06:00:00,Fiber Cut
10225,9127,Power Failure,Major,2024-09-09 13:00:00,2024-09-11 04:00:00,Configuration Error
10226,9097,Congestion,Minor,2026-03-26 06:00:00,2026-03-28 11:00:00,Equipment Failure
10227,9107,Power Failure,Minor,2026-04-30 05:00:00,2026-05-01 13:00:00,Configuration Error
10228,9120,Fiber Cut,Major,2026-01-14 21:00:00,2026-01-16 12:00:00,Scheduled Maintenance
10229,9068,Hardware Fault,Minor,2026-02-25 20:00:00,2026-02-26 08:00:00,
10230,9142,Battery Low,Minor,2025-02-21 07:00:00,2025-02-21 12:00:00,Unknown
10231,9031,Power Failure,Minor,2025-12-16 19:00:00,2025-12-17 03:00:00,Weather Damage
10232,9092,Software Crash,Minor,2025-09-29 21:00:00,2025-10-01 18:00:00,Weather Damage
10233,9133,Hardware Fault,Major,2026-03-02 03:00:00,2026-03-03 19:00:00,Scheduled Maintenance
10234,9042,Power Failure,Minor,2025-05-02 05:00:00,2025-05-05 05:00:00,Configuration Error
10235,9055,Power Failure,Major,2024-08-30 11:00:00,,Power Outage
10236,9126,Software Crash,Minor,2026-01-05 14:00:00,2026-01-06 06:00:00,Configuration Error
10237,9033,Congestion,Minor,2025-12-23 00:00:00,2025-12-25 03:00:00,Fiber Cut
10238,9128,Hardware Fault,Critical,2025-09-29 07:00:00,2025-09-30 18:00:00,Scheduled Maintenance
10239,9008,Hardware Fault,Major,2025-01-08 20:00:00,2025-01-10 10:00:00,Power Outage
10240,9082,Power Failure,Minor,2025-09-18 20:00:00,2025-09-20 02:00:00,Scheduled Maintenance
10241,9095,Congestion,Major,2025-07-13 10:00:00,2025-07-13 22:00:00,
10242,9010,Hardware Fault,Major,2026-01-03 05:00:00,2026-01-06 04:00:00,Equipment Failure
10243,9020,Power Failure,Major,2024-09-19 03:00:00,2024-09-19 16:00:00,Scheduled Maintenance
10244,9073,Congestion,Major,2025-03-07 10:00:00,2025-03-08 16:00:00,Scheduled Maintenance
10245,9102,Fiber Cut,Critical,2024-12-19 16:00:00,2024-12-22 04:00:00,Equipment Failure
10246,9090,Fiber Cut,Minor,2025-03-04 01:00:00,,Power Outage
10247,9004,Hardware Fault,Major,2024-09-13 17:00:00,,Unknown
10248,9123,Battery Low,Minor,2024-12-12 23:00:00,2024-12-13 01:00:00,Unknown
10249,9127,Power Failure,Minor,2026-03-13 05:00:00,2026-03-15 11:00:00,
10250,9034,Link Down,Minor,2024-10-05 14:00:00,2024-10-07 03:00:00,Scheduled Maintenance
10251,9080,Hardware Fault,Minor,2026-05-23 06:00:00,2026-05-24 07:00:00,Scheduled Maintenance
10252,9145,Power Failure,Minor,2024-12-15 16:00:00,2024-12-17 18:00:00,Fiber Cut
10253,9044,Power Failure,Minor,2025-01-19 09:00:00,2025-01-19 22:00:00,Scheduled Maintenance
10254,9033,Hardware Fault,Minor,2024-12-18 15:00:00,2024-12-20 07:00:00,Scheduled Maintenance
10255,9079,Link Down,Minor,2025-05-23 13:00:00,2025-05-24 07:00:00,Unknown
10256,9085,Software Crash,Minor,2024-08-09 07:00:00,2024-08-10 06:00:00,Fiber Cut
10257,9146,Battery Low,Minor,2025-03-07 02:00:00,2025-03-09 02:00:00,Unknown
10258,9022,Hardware Fault,Major,2026-03-15 20:00:00,2026-03-16 06:00:00,Scheduled Maintenance
10259,9092,Congestion,Critical,2025-09-18 12:00:00,2025-09-20 00:00:00,Configuration Error
10260,9055,Link Down,Minor,2026-03-02 21:00:00,2026-03-05 17:00:00,Fiber Cut
10261,9014,Link Down,Minor,2025-11-30 04:00:00,2025-12-01 21:00:00,Configuration Error
10262,9003,Hardware Fault,Minor,2025-09-13 17:00:00,2025-09-15 21:00:00,Power Outage
10263,9090,Congestion,Minor,2025-05-05 03:00:00,2025-05-05 17:00:00,
10264,9013,Congestion,Minor,2026-05-17 01:00:00,2026-05-18 19:00:00,Scheduled Maintenance
10265,9088,Link Down,Minor,2025-08-13 21:00:00,2025-08-14 13:00:00,Weather Damage
10266,9029,Link Down,Major,2025-03-19 04:00:00,2025-03-20 21:00:00,Weather Damage
10267,9133,Software Crash,Major,2024-11-08 15:00:00,2024-11-08 21:00:00,Fiber Cut
10268,9014,Hardware Fault,Minor,2025-08-04 21:00:00,,Power Outage
10269,9009,Fiber Cut,Critical,2026-04-21 06:00:00,2026-04-24 04:00:00,Unknown
10270,9126,Congestion,Major,2026-06-19 11:00:00,2026-06-20 08:00:00,Scheduled Maintenance
10271,9001,Congestion,Minor,2025-10-17 19:00:00,2025-10-20 17:00:00,Power Outage
10272,9149,Power Failure,Minor,2025-11-10 05:00:00,2025-11-10 21:00:00,Weather Damage
10273,9148,Software Crash,Minor,2025-08-04 12:00:00,2025-08-06 20:00:00,Power Outage
10274,9059,Power Failure,Major,2025-06-16 14:00:00,2025-06-18 22:00:00,Equipment Failure
10275,9147,Power Failure,Critical,2024-11-13 00:00:00,,Fiber Cut
10276,9086,Link Down,Minor,2025-03-07 15:00:00,,Unknown
10277,9086,Hardware Fault,Major,2025-09-18 12:00:00,2025-09-20 05:00:00,Scheduled Maintenance
10278,9112,Hardware Fault,Minor,2025-03-28 17:00:00,2025-03-31 12:00:00,Scheduled Maintenance
10279,9151,Hardware Fault,Major,2026-05-15 09:00:00,2026-05-15 17:00:00,Power Outage
10280,9057,Battery Low,Critical,2024-10-19 21:00:00,2024-10-21 08:00:00,
10281,9150,Congestion,Major,2025-05-05 05:00:00,2025-05-07 07:00:00,Fiber Cut
10282,9078,Link Down,Major,2026-07-28 18:00:00,,Unknown
10283,9007,Link Down,Major,2024-10-09 10:00:00,,Weather Damage
10284,9034,Congestion,Major,2024-10-06 00:00:00,2024-10-07 16:00:00,Scheduled Maintenance
10285,9017,Link Down,Minor,2024-09-28 16:00:00,2024-10-01 09:00:00,Equipment Failure
10286,9042,Fiber Cut,Minor,2026-07-09 16:00:00,,Weather Damage
10287,9117,Power Failure,Minor,2026-04-01 13:00:00,,Weather Damage
10288,9117,Software Crash,Minor,2026-05-24 02:00:00,2026-05-26 05:00:00,Scheduled Maintenance
10289,9116,Congestion,Major,2026-06-03 20:00:00,2026-06-06 02:00:00,Configuration Error
10290,9128,Battery Low,Critical,2025-07-06 07:00:00,2025-07-07 05:00:00,Equipment Failure
10291,9006,Software Crash,Minor,2025-08-07 08:00:00,2025-08-07 15:00:00,
10292,9083,Power Failure,Minor,2024-08-18 15:00:00,2024-08-20 04:00:00,Equipment Failure
10293,9064,Power Failure,Critical,2026-01-10 00:00:00,2026-01-12 00:00:00,Power Outage
10294,9144,Software Crash,Major,2024-10-19 21:00:00,2024-10-20 14:00:00,Fiber Cut
10295,9088,Link Down,Minor,2025-05-26 01:00:00,2025-05-28 10:00:00,Fiber Cut
10296,9106,Fiber Cut,Critical,2026-01-30 23:00:00,2026-01-31 06:00:00,Equipment Failure
10297,9055,Power Failure,Minor,2026-08-04 10:00:00,2026-08-06 05:00:00,Equipment Failure
10298,9062,Battery Low,Major,2026-01-12 05:00:00,2026-01-14 09:00:00,Configuration Error
10299,9129,Congestion,Minor,2025-12-07 14:00:00,2025-12-07 22:00:00,Weather Damage
10300,9131,Link Down,Major,2026-07-24 17:00:00,2026-07-24 18:00:00,Power Outage
10301,9066,Power Failure,Minor,2026-01-14 17:00:00,2026-01-15 10:00:00,Equipment Failure
10302,9101,Hardware Fault,Minor,2025-08-14 00:00:00,2025-08-15 07:00:00,Scheduled Maintenance
10303,9146,Congestion,Major,2024-09-17 22:00:00,2024-09-19 03:00:00,Unknown
10304,9146,Power Failure,Major,2024-12-12 20:00:00,2024-12-14 13:00:00,Fiber Cut
10305,9029,Congestion,Minor,2025-10-27 08:00:00,2025-10-28 10:00:00,
10306,9074,Power Failure,Major,2025-05-21 18:00:00,2025-05-22 13:00:00,Weather Damage
10307,9009,Congestion,Major,2025-11-03 08:00:00,2025-11-05 10:00:00,Weather Damage
10308,9115,Link Down,Minor,2024-11-03 17:00:00,2024-11-06 09:00:00,Weather Damage
10309,9124,Link Down,Critical,2026-03-21 02:00:00,2026-03-22 02:00:00,Equipment Failure
10310,9076,Power Failure,Minor,2025-06-14 07:00:00,2025-06-15 12:00:00,Fiber Cut
10311,9126,Congestion,Major,2025-07-14 18:00:00,2025-07-17 03:00:00,Fiber Cut
10312,9073,Power Failure,Minor,2025-09-13 20:00:00,2025-09-15 20:00:00,Configuration Error
10313,9029,Link Down,Minor,2025-06-12 04:00:00,2025-06-14 19:00:00,Equipment Failure
10314,9010,Fiber Cut,Major,2024-11-13 14:00:00,2024-11-13 19:00:00,Unknown
10315,9126,Battery Low,Major,2024-10-25 01:00:00,2024-10-26 13:00:00,Fiber Cut
10316,9092,Battery Low,Critical,2025-06-19 05:00:00,2025-06-21 18:00:00,Power Outage
10317,9052,Link Down,Minor,2025-09-19 08:00:00,2025-09-22 06:00:00,Equipment Failure
10318,9028,Software Crash,Major,2026-02-14 06:00:00,2026-02-16 19:00:00,Scheduled Maintenance
10319,9018,Congestion,Minor,2024-08-18 02:00:00,2024-08-18 23:00:00,Unknown
10320,9069,Hardware Fault,Minor,2026-01-24 01:00:00,2026-01-26 06:00:00,Scheduled Maintenance
10321,9117,Congestion,Minor,2025-12-21 13:00:00,2025-12-22 04:00:00,Fiber Cut
10322,9079,Software Crash,Minor,2025-04-03 12:00:00,2025-04-04 08:00:00,Unknown
10323,9002,Link Down,Critical,2025-08-13 05:00:00,2025-08-15 09:00:00,Configuration Error
10324,9052,Battery Low,Minor,2024-11-26 15:00:00,2024-11-28 22:00:00,Power Outage
10325,9125,Battery Low,Major,2025-09-21 10:00:00,2025-09-21 22:00:00,Equipment Failure
10326,9016,Power Failure,Minor,2024-12-30 17:00:00,2025-01-02 09:00:00,Weather Damage
10327,9092,Hardware Fault,Minor,2025-03-16 21:00:00,2025-03-19 11:00:00,Equipment Failure
10328,9120,Link Down,Minor,2025-01-04 10:00:00,2025-01-06 16:00:00,Unknown
10329,9065,Hardware Fault,Minor,2025-09-18 01:00:00,2025-09-18 23:00:00,
10330,9089,Link Down,Critical,2025-09-24 14:00:00,2025-09-27 09:00:00,Scheduled Maintenance
10331,9081,Battery Low,Critical,2025-10-10 15:00:00,2025-10-12 23:00:00,Unknown
10332,9023,Power Failure,Minor,2025-11-04 03:00:00,2025-11-06 10:00:00,Configuration Error
10333,9075,Hardware Fault,Minor,2026-04-05 18:00:00,2026-04-07 11:00:00,Scheduled Maintenance
10334,9143,Battery Low,Major,2024-11-03 02:00:00,2024-11-03 15:00:00,Power Outage
10335,9083,Fiber Cut,Major,2026-02-19 05:00:00,2026-02-19 06:00:00,
10336,9138,Link Down,Major,2025-08-05 19:00:00,2025-08-07 06:00:00,Scheduled Maintenance
10337,9135,Battery Low,Major,2025-11-28 03:00:00,2025-11-29 16:00:00,Configuration Error
10338,9018,Power Failure,Minor,2024-12-10 03:00:00,2024-12-12 11:00:00,Equipment Failure
10339,9112,Fiber Cut,Major,2025-09-12 02:00:00,,Power Outage
10340,9032,Power Failure,Minor,2024-11-29 00:00:00,2024-11-30 21:00:00,Equipment Failure
10341,9019,Software Crash,Minor,2024-09-04 13:00:00,2024-09-06 22:00:00,Unknown
10342,9046,Link Down,Minor,2025-01-02 19:00:00,2025-01-05 01:00:00,Configuration Error
10343,9026,Congestion,Minor,2024-12-17 08:00:00,,Weather Damage
10344,9034,Congestion,Major,2025-08-20 20:00:00,,Fiber Cut
10345,9076,Fiber Cut,Minor,2025-04-16 01:00:00,2025-04-16 04:00:00,Scheduled Maintenance
10346,9072,Congestion,Minor,2025-12-19 22:00:00,2025-12-22 02:00:00,
10347,9063,Battery Low,Minor,2025-05-09 17:00:00,2025-05-10 08:00:00,
10348,9060,Power Failure,Major,2026-03-02 13:00:00,2026-03-02 23:00:00,
10349,9135,Congestion,Major,2025-08-12 16:00:00,2025-08-14 10:00:00,Equipment Failure
10350,9103,Fiber Cut,Minor,2025-07-17 09:00:00,2025-07-17 16:00:00,Scheduled Maintenance
10351,9040,Hardware Fault,Critical,2024-12-31 01:00:00,2025-01-02 02:00:00,Weather Damage
10352,9111,Congestion,Minor,2024-10-22 22:00:00,2024-10-23 07:00:00,Scheduled Maintenance
10353,9089,Power Failure,Major,2024-09-29 21:00:00,2024-09-30 09:00:00,Configuration Error
10354,9054,Battery Low,Major,2025-12-14 01:00:00,2025-12-15 13:00:00,Configuration Error
10355,9018,Link Down,Minor,2025-03-22 14:00:00,2025-03-23 21:00:00,Equipment Failure
10356,9022,Power Failure,Minor,2024-12-24 11:00:00,2024-12-26 11:00:00,Unknown
10357,9067,Fiber Cut,Minor,2025-01-01 04:00:00,2025-01-01 09:00:00,
10358,9057,Fiber Cut,Minor,2025-04-27 22:00:00,2025-04-28 08:00:00,Equipment Failure
10359,9125,Battery Low,Minor,2024-08-18 01:00:00,2024-08-18 23:00:00,Weather Damage
10360,9032,Power Failure,Major,2025-02-03 13:00:00,2025-02-04 20:00:00,Unknown
10361,9029,Congestion,Minor,2025-07-01 00:00:00,2025-07-02 03:00:00,Weather Damage
10362,9031,Link Down,Critical,2026-07-14 09:00:00,2026-07-17 00:00:00,Power Outage
10363,9021,Battery Low,Major,2024-11-04 09:00:00,2024-11-07 04:00:00,Scheduled Maintenance
10364,9018,Congestion,Minor,2024-12-02 10:00:00,2024-12-04 02:00:00,Unknown
10365,9139,Power Failure,Major,2026-07-08 03:00:00,,Power Outage
10366,9051,Congestion,Minor,2024-12-11 18:00:00,2024-12-14 03:00:00,Equipment Failure
10367,9031,Power Failure,Critical,2025-10-20 05:00:00,,Power Outage
10368,9043,Fiber Cut,Minor,2024-11-28 04:00:00,2024-11-30 11:00:00,Equipment Failure
10369,9091,Link Down,Critical,2025-11-08 23:00:00,2025-11-10 21:00:00,Configuration Error
10370,9095,Congestion,Minor,2025-05-22 05:00:00,2025-05-22 19:00:00,Configuration Error
10371,9040,Congestion,Major,2024-08-14 14:00:00,2024-08-16 02:00:00,
10372,9135,Software Crash,Major,2025-10-31 00:00:00,2025-11-01 06:00:00,Fiber Cut
10373,9045,Power Failure,Major,2024-11-06 07:00:00,,Fiber Cut
10374,9119,Congestion,Minor,2025-12-22 02:00:00,2025-12-23 03:00:00,Power Outage
10375,9028,Hardware Fault,Minor,2025-06-13 14:00:00,2025-06-14 09:00:00,Equipment Failure
10376,9023,Power Failure,Critical,2024-12-31 14:00:00,2025-01-01 21:00:00,
10377,9140,Congestion,Minor,2024-08-29 01:00:00,2024-08-29 12:00:00,Power Outage
10378,9005,Congestion,Major,2025-08-18 16:00:00,2025-08-20 06:00:00,Power Outage
10379,9096,Congestion,Minor,2024-09-01 01:00:00,2024-09-02 05:00:00,Configuration Error
10380,9019,Fiber Cut,Minor,2025-03-24 10:00:00,2025-03-26 15:00:00,Equipment Failure
10381,9139,Link Down,Minor,2024-10-07 09:00:00,2024-10-10 07:00:00,Equipment Failure
10382,9075,Hardware Fault,Minor,2024-10-06 23:00:00,2024-10-07 17:00:00,Scheduled Maintenance
10383,9046,Fiber Cut,Minor,2025-07-11 08:00:00,2025-07-13 23:00:00,Scheduled Maintenance
10384,9134,Hardware Fault,Minor,2024-11-06 19:00:00,2024-11-09 10:00:00,Scheduled Maintenance
10385,9116,Link Down,Minor,2026-07-17 16:00:00,2026-07-19 00:00:00,Configuration Error
10386,9015,Fiber Cut,Minor,2026-01-12 16:00:00,2026-01-13 12:00:00,Equipment Failure
10387,9014,Fiber Cut,Critical,2025-08-02 06:00:00,2025-08-04 13:00:00,Weather Damage
10388,9076,Link Down,Major,2024-11-04 10:00:00,2024-11-07 04:00:00,Scheduled Maintenance
10389,9110,Power Failure,Minor,2026-03-15 15:00:00,2026-03-16 18:00:00,Equipment Failure
10390,9068,Battery Low,Minor,2025-06-02 03:00:00,2025-06-04 16:00:00,Configuration Error
10391,9023,Power Failure,Minor,2026-03-19 17:00:00,2026-03-20 22:00:00,Weather Damage
10392,9148,Link Down,Minor,2024-10-09 21:00:00,2024-10-12 20:00:00,
10393,9151,Link Down,Minor,2025-09-12 14:00:00,2025-09-12 23:00:00,
10394,9026,Hardware Fault,Major,2026-02-23 08:00:00,2026-02-24 11:00:00,Fiber Cut
10395,9058,Hardware Fault,Minor,2025-04-26 17:00:00,2025-04-29 16:00:00,Scheduled Maintenance
10396,9072,Link Down,Major,2026-01-26 16:00:00,2026-01-29 08:00:00,Equipment Failure
10397,9066,Battery Low,Major,2026-04-25 19:00:00,2026-04-26 06:00:00,Scheduled Maintenance
10398,9135,Battery Low,Minor,2026-03-04 19:00:00,2026-03-07 12:00:00,Unknown
10399,9085,Congestion,Critical,2026-08-06 09:00:00,2026-08-06 21:00:00,
10400,9126,Battery Low,Major,2025-10-03 02:00:00,2025-10-04 21:00:00,Unknown
10401,9107,Link Down,Minor,2025-02-19 19:00:00,2025-02-20 11:00:00,Weather Damage
10402,9137,Battery Low,Major,2026-02-09 16:00:00,2026-02-12 10:00:00,Scheduled Maintenance
10403,9094,Hardware Fault,Major,2025-11-30 15:00:00,,Scheduled Maintenance
10404,9044,Congestion,Minor,2025-09-28 20:00:00,2025-09-30 15:00:00,Scheduled Maintenance
10405,9079,Battery Low,Minor,2025-08-13 01:00:00,2025-08-14 09:00:00,Configuration Error
10406,9055,Congestion,Minor,2025-09-28 22:00:00,2025-10-01 19:00:00,Unknown
10407,9061,Power Failure,Minor,2025-11-20 23:00:00,2025-11-21 02:00:00,
10408,9001,Hardware Fault,Critical,2026-02-02 01:00:00,2026-02-02 23:00:00,Configuration Error
10409,9107,Congestion,Major,2026-02-14 17:00:00,2026-02-15 04:00:00,Configuration Error
10410,9147,Congestion,Critical,2025-06-14 11:00:00,2025-06-17 07:00:00,Weather Damage
10411,9112,Link Down,Major,2024-10-13 14:00:00,2024-10-14 09:00:00,
10412,9102,Fiber Cut,Minor,2025-11-10 22:00:00,,Fiber Cut
10413,9146,Power Failure,Major,2024-09-15 20:00:00,2024-09-16 23:00:00,Scheduled Maintenance
10414,9084,Power Failure,Major,2025-11-04 20:00:00,2025-11-06 01:00:00,Weather Damage
10415,9141,Fiber Cut,Minor,2024-09-13 07:00:00,2024-09-15 18:00:00,
10416,9138,Power Failure,Minor,2024-09-17 13:00:00,2024-09-19 02:00:00,Power Outage
10417,9038,Hardware Fault,Critical,2026-05-11 04:00:00,2026-05-12 16:00:00,Fiber Cut
10418,9124,Hardware Fault,Minor,2025-10-25 18:00:00,2025-10-27 22:00:00,Configuration Error
10419,9023,Hardware Fault,Major,2026-01-06 18:00:00,2026-01-07 07:00:00,Power Outage
10420,9010,Battery Low,Minor,2025-06-13 12:00:00,2025-06-14 16:00:00,Unknown
10421,9080,Software Crash,Minor,2026-03-14 04:00:00,2026-03-15 04:00:00,
10422,9148,Fiber Cut,Minor,2024-09-03 21:00:00,2024-09-04 19:00:00,Equipment Failure
10423,9101,Congestion,Minor,2026-08-01 06:00:00,2026-08-03 11:00:00,Weather Damage
10424,9059,Power Failure,Critical,2025-07-27 04:00:00,2025-07-29 13:00:00,Scheduled Maintenance
10425,9125,Battery Low,Major,2025-07-25 19:00:00,2025-07-28 08:00:00,Equipment Failure
10426,9014,Hardware Fault,Major,2025-01-21 11:00:00,2025-01-23 17:00:00,Equipment Failure
10427,9123,Fiber Cut,Major,2025-10-10 02:00:00,2025-10-10 14:00:00,Scheduled Maintenance
10428,9095,Fiber Cut,Critical,2025-11-10 17:00:00,2025-11-13 08:00:00,Equipment Failure
10429,9074,Battery Low,Major,2026-04-27 15:00:00,2026-04-29 15:00:00,Weather Damage
10430,9095,Fiber Cut,Major,2025-01-30 15:00:00,2025-01-31 13:00:00,Scheduled Maintenance
10431,9105,Hardware Fault,Major,2026-04-07 21:00:00,2026-04-09 11:00:00,Unknown
10432,9068,Link Down,Major,2024-10-15 05:00:00,2024-10-17 10:00:00,Configuration Error
10433,9111,Congestion,Minor,2025-02-27 12:00:00,2025-02-28 20:00:00,Unknown
10434,9128,Link Down,Major,2026-05-01 12:00:00,2026-05-02 10:00:00,
10435,9013,Fiber Cut,Critical,2026-05-20 04:00:00,2026-05-20 23:00:00,Configuration Error
10436,9131,Link Down,Minor,2025-09-09 10:00:00,2025-09-12 01:00:00,Equipment Failure
10437,9012,Fiber Cut,Minor,2024-08-24 13:00:00,2024-08-25 11:00:00,Unknown
10438,9021,Fiber Cut,Minor,2026-07-21 23:00:00,2026-07-23 23:00:00,
10439,9123,Power Failure,Minor,2025-11-30 09:00:00,,Fiber Cut
10440,9123,Link Down,Minor,2026-03-23 09:00:00,2026-03-25 12:00:00,Unknown
10441,9024,Battery Low,Major,2026-05-20 15:00:00,2026-05-21 00:00:00,Unknown
10442,9052,Software Crash,Minor,2025-04-20 18:00:00,,Equipment Failure
10443,9132,Battery Low,Major,2026-06-30 13:00:00,2026-07-03 12:00:00,Configuration Error
10444,9055,Link Down,Major,2026-05-10 03:00:00,2026-05-11 08:00:00,
10445,9137,Fiber Cut,Minor,2026-07-16 02:00:00,,Power Outage
10446,9112,Congestion,Minor,2024-12-28 02:00:00,2024-12-30 06:00:00,Unknown
10447,9098,Hardware Fault,Major,2024-10-01 03:00:00,2024-10-03 23:00:00,Fiber Cut
10448,9035,Hardware Fault,Critical,2025-08-04 02:00:00,2025-08-05 12:00:00,Configuration Error
10449,9022,Congestion,Major,2024-10-05 03:00:00,2024-10-07 23:00:00,Fiber Cut
10450,9077,Congestion,Major,2026-02-02 20:00:00,2026-02-03 05:00:00,Unknown
10451,9069,Software Crash,Major,2025-04-29 04:00:00,2025-04-30 21:00:00,Unknown
10452,9132,Congestion,Critical,2025-05-19 19:00:00,2025-05-22 14:00:00,Equipment Failure
10453,9019,Link Down,Major,2024-10-27 18:00:00,2024-10-28 08:00:00,Unknown
10454,9095,Battery Low,Minor,2026-04-17 18:00:00,2026-04-17 20:00:00,Weather Damage
10455,9116,Battery Low,Minor,2024-10-25 23:00:00,2024-10-26 21:00:00,Power Outage
10456,9053,Congestion,Major,2024-11-04 08:00:00,2024-11-04 22:00:00,Equipment Failure
10457,9025,Battery Low,Major,2026-04-24 06:00:00,2026-04-26 22:00:00,Power Outage
10458,9132,Hardware Fault,Minor,2026-05-07 23:00:00,2026-05-09 07:00:00,Equipment Failure
10459,9006,Hardware Fault,Major,2024-12-14 05:00:00,2024-12-16 20:00:00,Fiber Cut
10460,9068,Power Failure,Major,2026-05-03 04:00:00,,Weather Damage
10461,9053,Link Down,Minor,2025-05-05 09:00:00,2025-05-07 20:00:00,Weather Damage
10462,9068,Congestion,Major,2024-10-31 04:00:00,2024-10-31 05:00:00,Equipment Failure
10463,9132,Link Down,Major,2026-08-05 08:00:00,,Equipment Failure
10464,9015,Hardware Fault,Major,2024-10-08 02:00:00,2024-10-10 17:00:00,Power Outage
10465,9014,Power Failure,Major,2026-01-08 00:00:00,,Scheduled Maintenance
10466,9078,Software Crash,Major,2026-05-03 23:00:00,,Fiber Cut
10467,9086,Link Down,Minor,2025-02-27 02:00:00,2025-02-27 03:00:00,Unknown
10468,9089,Battery Low,Minor,2025-12-27 13:00:00,2025-12-28 00:00:00,
10469,9041,Congestion,Minor,2026-02-07 06:00:00,,Scheduled Maintenance
10470,9084,Hardware Fault,Minor,2025-09-26 01:00:00,2025-09-26 04:00:00,Unknown
10471,9051,Battery Low,Minor,2026-03-23 14:00:00,2026-03-23 17:00:00,Configuration Error
10472,9112,Software Crash,Major,2024-11-08 12:00:00,2024-11-09 12:00:00,Fiber Cut
10473,9085,Link Down,Minor,2025-07-25 23:00:00,2025-07-27 05:00:00,Equipment Failure
10474,9022,Power Failure,Major,2025-06-19 00:00:00,2025-06-21 04:00:00,Equipment Failure
10475,9022,Battery Low,Minor,2025-06-25 12:00:00,2025-06-26 02:00:00,Equipment Failure
10476,9135,Battery Low,Minor,2025-03-17 20:00:00,2025-03-20 12:00:00,Weather Damage
10477,9004,Software Crash,Minor,2025-02-07 15:00:00,2025-02-09 06:00:00,
10478,9008,Hardware Fault,Minor,2026-07-18 01:00:00,2026-07-19 13:00:00,Configuration Error
10479,9106,Battery Low,Major,2025-02-28 02:00:00,,Equipment Failure
10480,9126,Fiber Cut,Major,2025-03-21 10:00:00,2025-03-22 08:00:00,Weather Damage
10481,9062,Battery Low,Minor,2025-01-12 06:00:00,2025-01-14 18:00:00,Unknown
10482,9150,Hardware Fault,Minor,2025-11-14 04:00:00,2025-11-16 19:00:00,Configuration Error
10483,9029,Battery Low,Minor,2025-02-26 08:00:00,2025-02-26 23:00:00,Power Outage
10484,9097,Battery Low,Minor,2026-04-24 06:00:00,2026-04-24 15:00:00,Fiber Cut
10485,9016,Battery Low,Minor,2025-07-15 15:00:00,2025-07-16 12:00:00,Fiber Cut
10486,9048,Software Crash,Minor,2026-05-08 17:00:00,2026-05-09 22:00:00,Weather Damage
10487,9102,Battery Low,Minor,2024-10-07 19:00:00,2024-10-10 00:00:00,Power Outage
10488,9082,Hardware Fault,Minor,2025-09-16 10:00:00,2025-09-17 23:00:00,Configuration Error
10489,9025,Software Crash,Minor,2025-03-26 13:00:00,2025-03-27 09:00:00,Unknown
10490,9064,Software Crash,Minor,2025-12-24 06:00:00,2025-12-26 02:00:00,Unknown
10491,9017,Link Down,Minor,2026-04-16 04:00:00,2026-04-17 09:00:00,Equipment Failure
10492,9024,Hardware Fault,Minor,2025-12-13 07:00:00,2025-12-16 06:00:00,Equipment Failure
10493,9053,Link Down,Minor,2024-10-09 11:00:00,2024-10-10 22:00:00,Equipment Failure
10494,9017,Battery Low,Minor,2026-07-03 17:00:00,2026-07-04 07:00:00,Scheduled Maintenance
10495,9028,Software Crash,Critical,2026-05-27 15:00:00,2026-05-28 22:00:00,Scheduled Maintenance
10496,9126,Congestion,Minor,2025-10-17 04:00:00,2025-10-19 09:00:00,Unknown
10497,9034,Hardware Fault,Major,2025-09-10 00:00:00,2025-09-10 21:00:00,Unknown
10498,9089,Congestion,Major,2025-08-17 16:00:00,2025-08-20 04:00:00,Unknown
10499,9113,Link Down,Major,2025-04-26 03:00:00,2025-04-26 08:00:00,Configuration Error
10500,9081,Power Failure,Critical,2025-03-24 19:00:00,,Configuration Error
10501,9140,Software Crash,Minor,2024-12-03 03:00:00,2024-12-05 21:00:00,
10502,9085,Power Failure,Minor,2024-12-28 04:00:00,2024-12-31 03:00:00,Scheduled Maintenance
10503,9082,Power Failure,Minor,2024-11-20 18:00:00,2024-11-21 00:00:00,Fiber Cut
10504,9027,Power Failure,Minor,2025-04-26 12:00:00,2025-04-28 06:00:00,Configuration Error
10505,9019,Fiber Cut,Major,2026-02-28 04:00:00,2026-03-02 23:00:00,Equipment Failure
10506,9025,Fiber Cut,Minor,2025-12-23 22:00:00,2025-12-26 15:00:00,Power Outage
10507,9086,Software Crash,Minor,2025-12-15 10:00:00,2025-12-18 00:00:00,Configuration Error
10508,9063,Software Crash,Critical,2026-01-04 12:00:00,2026-01-04 22:00:00,Weather Damage
10509,9083,Congestion,Minor,2026-04-10 19:00:00,2026-04-13 13:00:00,Power Outage
10510,9134,Software Crash,Major,2025-12-11 11:00:00,2025-12-11 20:00:00,
10511,9048,Software Crash,Major,2025-01-01 03:00:00,2025-01-03 21:00:00,Weather Damage
10512,9008,Link Down,Minor,2026-05-25 14:00:00,2026-05-25 21:00:00,Configuration Error
10513,9099,Software Crash,Minor,2024-10-26 19:00:00,2024-10-28 20:00:00,Weather Damage
10514,9020,Link Down,Major,2024-08-09 03:00:00,2024-08-09 16:00:00,Fiber Cut
10515,9125,Battery Low,Major,2025-09-28 14:00:00,,Power Outage
10516,9035,Hardware Fault,Minor,2025-01-10 14:00:00,2025-01-11 00:00:00,Unknown
10517,9107,Congestion,Minor,2025-07-14 22:00:00,2025-07-15 14:00:00,Equipment Failure
10518,9033,Battery Low,Minor,2025-06-04 04:00:00,2025-06-04 13:00:00,Scheduled Maintenance
10519,9069,Congestion,Minor,2025-01-18 05:00:00,2025-01-20 10:00:00,Unknown
10520,9013,Software Crash,Major,2026-05-30 11:00:00,2026-05-31 10:00:00,Weather Damage
10521,9078,Fiber Cut,Minor,2025-12-26 19:00:00,2025-12-29 07:00:00,Equipment Failure
10522,9088,Fiber Cut,Minor,2024-09-03 22:00:00,2024-09-05 00:00:00,Scheduled Maintenance
10523,9024,Hardware Fault,Minor,2025-01-13 23:00:00,2025-01-16 20:00:00,Fiber Cut
10524,9023,Congestion,Major,2025-07-03 15:00:00,2025-07-04 06:00:00,Unknown
10525,9041,Link Down,Minor,2025-06-21 03:00:00,2025-06-23 00:00:00,Equipment Failure
10526,9079,Link Down,Minor,2025-12-25 20:00:00,2025-12-27 13:00:00,Equipment Failure
10527,9142,Fiber Cut,Minor,2025-08-07 10:00:00,2025-08-09 00:00:00,Fiber Cut
10528,9146,Congestion,Major,2026-01-17 07:00:00,2026-01-19 20:00:00,Fiber Cut
10529,9112,Hardware Fault,Major,2026-07-14 22:00:00,2026-07-16 05:00:00,Power Outage
10530,9071,Power Failure,Critical,2024-08-30 01:00:00,2024-08-31 19:00:00,Equipment Failure
10531,9051,Software Crash,Major,2025-08-01 12:00:00,2025-08-03 16:00:00,Fiber Cut
10532,9137,Link Down,Minor,2024-08-15 06:00:00,2024-08-16 17:00:00,Fiber Cut
10533,9034,Hardware Fault,Minor,2025-11-18 18:00:00,2025-11-21 05:00:00,Fiber Cut
10534,9074,Battery Low,Major,2024-12-27 11:00:00,,Weather Damage
10535,9102,Battery Low,Minor,2026-03-21 23:00:00,2026-03-24 17:00:00,Power Outage
10536,9025,Fiber Cut,Major,2024-10-18 10:00:00,2024-10-19 17:00:00,Unknown
10537,9124,Link Down,Minor,2024-12-01 14:00:00,2024-12-04 01:00:00,Scheduled Maintenance
10538,9018,Power Failure,Major,2026-01-13 00:00:00,2026-01-15 17:00:00,Weather Damage
10539,9086,Link Down,Minor,2024-10-04 01:00:00,2024-10-04 21:00:00,Equipment Failure
10540,9052,Congestion,Minor,2026-06-01 17:00:00,2026-06-01 18:00:00,Unknown
10541,9004,Power Failure,Minor,2026-02-10 00:00:00,2026-02-11 20:00:00,Configuration Error
10542,9113,Software Crash,Critical,2025-04-02 14:00:00,2025-04-04 10:00:00,
10543,9011,Fiber Cut,Major,2026-02-23 01:00:00,2026-02-24 10:00:00,Equipment Failure
10544,9143,Hardware Fault,Minor,2025-11-04 13:00:00,2025-11-06 12:00:00,Scheduled Maintenance
10545,9092,Fiber Cut,Major,2026-05-30 19:00:00,2026-06-01 09:00:00,Configuration Error
10546,9135,Congestion,Minor,2026-04-06 17:00:00,2026-04-08 03:00:00,Power Outage
10547,9087,Battery Low,Minor,2025-02-09 05:00:00,2025-02-11 20:00:00,Fiber Cut
10548,9094,Link Down,Major,2026-02-22 05:00:00,2026-02-23 10:00:00,Power Outage
10549,9133,Software Crash,Critical,2026-05-24 21:00:00,2026-05-26 01:00:00,
10550,9142,Power Failure,Major,2025-08-03 08:00:00,2025-08-06 07:00:00,Weather Damage
10551,9086,Battery Low,Minor,2025-04-09 08:00:00,2025-04-12 00:00:00,Fiber Cut
10552,9142,Battery Low,Minor,2025-03-07 01:00:00,2025-03-09 03:00:00,Scheduled Maintenance
10553,9005,Software Crash,Minor,2024-12-08 03:00:00,2024-12-10 05:00:00,Fiber Cut
10554,9002,Congestion,Major,2025-01-19 01:00:00,2025-01-20 01:00:00,Fiber Cut
10555,9129,Battery Low,Critical,2025-06-17 00:00:00,2025-06-18 13:00:00,Scheduled Maintenance
10556,9063,Battery Low,Minor,2024-12-03 08:00:00,2024-12-03 09:00:00,
10557,9122,Software Crash,Critical,2025-09-13 17:00:00,2025-09-15 23:00:00,Fiber Cut
10558,9048,Link Down,Major,2026-06-27 23:00:00,2026-06-28 07:00:00,Power Outage
10559,9145,Battery Low,Minor,2025-01-05 05:00:00,2025-01-05 18:00:00,Scheduled Maintenance
10560,9071,Battery Low,Minor,2026-04-29 19:00:00,2026-04-30 07:00:00,Configuration Error
10561,9143,Software Crash,Minor,2026-02-04 12:00:00,2026-02-04 13:00:00,Configuration Error
10562,9003,Power Failure,Major,2025-09-09 15:00:00,,Fiber Cut
10563,9089,Congestion,Minor,2024-11-11 23:00:00,2024-11-14 06:00:00,Scheduled Maintenance
10564,9118,Software Crash,Major,2026-06-19 20:00:00,2026-06-22 01:00:00,Configuration Error
10565,9022,Fiber Cut,Critical,2024-12-10 14:00:00,2024-12-11 15:00:00,Weather Damage
10566,9138,Congestion,Major,2024-12-05 19:00:00,2024-12-06 19:00:00,Configuration Error
10567,9055,Fiber Cut,Minor,2024-12-19 01:00:00,2024-12-21 17:00:00,Equipment Failure
10568,9016,Software Crash,Major,2025-02-13 03:00:00,2025-02-15 14:00:00,Fiber Cut
10569,9132,Fiber Cut,Minor,2025-05-07 13:00:00,2025-05-10 08:00:00,
10570,9142,Congestion,Major,2025-05-13 00:00:00,2025-05-14 19:00:00,Unknown
10571,9114,Fiber Cut,Minor,2025-12-24 23:00:00,2025-12-25 16:00:00,Unknown
10572,9052,Power Failure,Critical,2025-06-02 21:00:00,2025-06-05 04:00:00,Scheduled Maintenance
10573,9122,Hardware Fault,Minor,2024-11-27 18:00:00,2024-11-30 05:00:00,Scheduled Maintenance
10574,9110,Fiber Cut,Minor,2026-06-15 01:00:00,,Power Outage
10575,9139,Battery Low,Major,2024-11-11 01:00:00,2024-11-11 22:00:00,Weather Damage
10576,9095,Power Failure,Minor,2025-03-21 17:00:00,2025-03-21 21:00:00,Fiber Cut
10577,9125,Fiber Cut,Major,2025-06-11 09:00:00,2025-06-13 17:00:00,Fiber Cut
10578,9135,Software Crash,Major,2026-07-10 07:00:00,2026-07-11 18:00:00,Weather Damage
10579,9058,Fiber Cut,Minor,2024-08-26 16:00:00,2024-08-27 04:00:00,Equipment Failure
10580,9051,Congestion,Minor,2024-08-12 19:00:00,2024-08-13 19:00:00,
10581,9112,Fiber Cut,Minor,2024-11-07 14:00:00,2024-11-09 19:00:00,Scheduled Maintenance
10582,9067,Software Crash,Minor,2026-01-29 19:00:00,2026-01-31 01:00:00,Fiber Cut
10583,9031,Fiber Cut,Minor,2025-06-28 19:00:00,,Power Outage
10584,9073,Fiber Cut,Critical,2024-10-07 02:00:00,2024-10-09 21:00:00,Configuration Error
10585,9003,Congestion,Major,2026-07-09 04:00:00,2026-07-11 04:00:00,Weather Damage
10586,9126,Congestion,Minor,2025-07-22 00:00:00,2025-07-23 09:00:00,
10587,9135,Fiber Cut,Minor,2025-01-07 11:00:00,,Weather Damage
10588,9021,Link Down,Major,2025-04-24 18:00:00,2025-04-25 04:00:00,Configuration Error
10589,9122,Software Crash,Minor,2024-09-24 02:00:00,,Fiber Cut
10590,9072,Power Failure,Minor,2025-07-04 18:00:00,2025-07-04 19:00:00,Scheduled Maintenance
10591,9089,Hardware Fault,Minor,2025-06-11 00:00:00,2025-06-12 11:00:00,Configuration Error
10592,9057,Power Failure,Major,2024-12-28 03:00:00,2024-12-30 08:00:00,Equipment Failure
10593,9027,Fiber Cut,Major,2026-03-13 14:00:00,2026-03-15 21:00:00,Fiber Cut
10594,9043,Battery Low,Minor,2025-12-15 17:00:00,2025-12-17 16:00:00,Unknown
10595,9023,Congestion,Minor,2026-01-22 01:00:00,2026-01-22 11:00:00,
10596,9150,Power Failure,Major,2025-05-13 01:00:00,2025-05-14 16:00:00,Equipment Failure
10597,9001,Congestion,Minor,2025-12-29 05:00:00,2026-01-01 01:00:00,Scheduled Maintenance
10598,9112,Power Failure,Major,2025-01-19 00:00:00,2025-01-21 21:00:00,Fiber Cut
10599,9032,Software Crash,Major,2025-01-07 10:00:00,2025-01-07 18:00:00,Power Outage
10600,9131,Link Down,Minor,2024-08-29 18:00:00,2024-08-30 07:00:00,Equipment Failure
10601,9042,Link Down,Minor,2025-07-14 15:00:00,2025-07-16 15:00:00,Unknown
10602,9003,Software Crash,Major,2026-03-04 17:00:00,2026-03-05 16:00:00,Unknown
10603,9112,Link Down,Critical,2026-03-11 17:00:00,2026-03-14 12:00:00,Power Outage
10604,9142,Power Failure,Minor,2026-04-01 07:00:00,2026-04-03 10:00:00,Configuration Error
10605,9001,Hardware Fault,Minor,2025-07-03 15:00:00,2025-07-05 22:00:00,Fiber Cut
10606,9109,Fiber Cut,Minor,2025-03-05 00:00:00,2025-03-05 21:00:00,Fiber Cut
10607,9149,Congestion,Major,2026-03-23 09:00:00,2026-03-24 04:00:00,Scheduled Maintenance
10608,9100,Power Failure,Minor,2025-09-10 21:00:00,2025-09-13 19:00:00,Equipment Failure
10609,9141,Congestion,Major,2025-02-10 11:00:00,2025-02-10 22:00:00,Configuration Error
10610,9009,Battery Low,Major,2024-12-15 00:00:00,2024-12-16 20:00:00,Configuration Error
10611,9028,Link Down,Major,2025-10-05 14:00:00,2025-10-08 01:00:00,Configuration Error
10612,9063,Congestion,Major,2025-03-24 06:00:00,2025-03-26 14:00:00,
10613,9112,Battery Low,Minor,2025-09-09 14:00:00,2025-09-11 23:00:00,Fiber Cut
10614,9127,Hardware Fault,Minor,2025-06-03 05:00:00,2025-06-06 05:00:00,Fiber Cut
10615,9011,Congestion,Major,2025-01-01 20:00:00,2025-01-03 07:00:00,Configuration Error
10616,9008,Software Crash,Minor,2025-02-05 12:00:00,2025-02-07 15:00:00,Scheduled Maintenance
10617,9032,Fiber Cut,Major,2026-07-01 14:00:00,2026-07-03 08:00:00,Scheduled Maintenance
10618,9015,Congestion,Major,2026-04-21 09:00:00,2026-04-24 01:00:00,Fiber Cut
10619,9114,Link Down,Major,2026-06-27 15:00:00,2026-06-29 11:00:00,Equipment Failure
10620,9141,Congestion,Critical,2026-01-20 17:00:00,2026-01-21 16:00:00,Weather Damage
10621,9045,Link Down,Critical,2025-09-13 12:00:00,2025-09-15 12:00:00,Fiber Cut
10622,9059,Hardware Fault,Minor,2026-04-22 11:00:00,,Scheduled Maintenance
10623,9051,Hardware Fault,Minor,2024-11-09 06:00:00,2024-11-11 08:00:00,Scheduled Maintenance
10624,9098,Congestion,Major,2025-12-26 09:00:00,2025-12-27 16:00:00,Configuration Error
10625,9051,Battery Low,Critical,2025-07-28 19:00:00,,Configuration Error
10626,9137,Battery Low,Major,2026-03-16 11:00:00,2026-03-18 15:00:00,Unknown
10627,9151,Software Crash,Major,2026-03-06 01:00:00,2026-03-07 13:00:00,Configuration Error
10628,9126,Fiber Cut,Major,2024-12-11 21:00:00,2024-12-11 23:00:00,Equipment Failure
10629,9015,Fiber Cut,Major,2025-05-16 07:00:00,2025-05-16 09:00:00,Scheduled Maintenance
10630,9022,Software Crash,Major,2026-04-11 18:00:00,2026-04-13 02:00:00,Weather Damage
10631,9070,Congestion,Minor,2026-04-17 06:00:00,,Unknown
10632,9126,Link Down,Major,2026-01-13 18:00:00,2026-01-14 16:00:00,Scheduled Maintenance
10633,9124,Hardware Fault,Critical,2026-05-19 06:00:00,,
10634,9122,Software Crash,Major,2025-08-10 05:00:00,2025-08-12 00:00:00,Unknown
10635,9032,Hardware Fault,Minor,2026-07-17 04:00:00,2026-07-19 07:00:00,Unknown
10636,9045,Fiber Cut,Major,2025-06-06 10:00:00,2025-06-06 14:00:00,
10637,9006,Fiber Cut,Minor,2026-01-21 03:00:00,2026-01-21 16:00:00,Scheduled Maintenance
10638,9061,Congestion,Major,2025-05-12 04:00:00,2025-05-13 04:00:00,Scheduled Maintenance
10639,9120,Software Crash,Major,2025-01-14 03:00:00,2025-01-17 02:00:00,Power Outage
10640,9020,Power Failure,Major,2024-11-14 20:00:00,,Weather Damage
10641,9030,Link Down,Minor,2026-04-17 04:00:00,2026-04-17 17:00:00,Weather Damage
10642,9033,Power Failure,Minor,2025-02-12 15:00:00,2025-02-13 16:00:00,Configuration Error
10643,9134,Fiber Cut,Critical,2025-02-15 18:00:00,2025-02-18 07:00:00,Scheduled Maintenance
10644,9094,Power Failure,Major,2026-02-22 03:00:00,2026-02-22 23:00:00,Weather Damage
10645,9086,Hardware Fault,Minor,2026-06-06 12:00:00,2026-06-09 01:00:00,Power Outage
10646,9026,Hardware Fault,Minor,2026-04-30 14:00:00,2026-05-02 19:00:00,Equipment Failure
10647,9133,Power Failure,Major,2025-11-09 16:00:00,2025-11-11 12:00:00,
10648,9032,Link Down,Minor,2024-09-12 14:00:00,2024-09-14 11:00:00,Equipment Failure
10649,9100,Hardware Fault,Minor,2025-01-29 14:00:00,2025-01-30 17:00:00,Fiber Cut
10650,9013,Link Down,Major,2025-10-08 02:00:00,2025-10-10 06:00:00,Equipment Failure
10651,9101,Link Down,Major,2025-11-09 22:00:00,2025-11-10 02:00:00,
10652,9081,Fiber Cut,Minor,2026-06-10 11:00:00,2026-06-12 02:00:00,Unknown
10653,9095,Battery Low,Major,2025-03-30 15:00:00,,Equipment Failure
10654,9032,Software Crash,Major,2025-03-19 02:00:00,2025-03-20 13:00:00,Unknown
10655,9017,Link Down,Minor,2025-05-01 14:00:00,2025-05-01 21:00:00,Fiber Cut
10656,9079,Software Crash,Minor,2025-08-18 23:00:00,2025-08-21 08:00:00,Configuration Error
10657,9075,Software Crash,Minor,2026-01-21 10:00:00,2026-01-23 19:00:00,Weather Damage
10658,9046,Congestion,Major,2025-09-29 18:00:00,2025-09-29 19:00:00,Power Outage
10659,9050,Link Down,Major,2025-04-14 11:00:00,2025-04-17 05:00:00,Configuration Error
10660,9004,Power Failure,Minor,2025-12-30 18:00:00,2026-01-01 14:00:00,Scheduled Maintenance
10661,9028,Link Down,Major,2025-12-07 11:00:00,2025-12-10 00:00:00,Weather Damage
10662,9035,Link Down,Major,2025-05-18 05:00:00,2025-05-18 15:00:00,Scheduled Maintenance
10663,9146,Hardware Fault,Major,2025-08-22 17:00:00,,Equipment Failure
10664,9039,Hardware Fault,Minor,2025-02-01 16:00:00,2025-02-03 12:00:00,Scheduled Maintenance
10665,9054,Hardware Fault,Critical,2025-01-15 15:00:00,2025-01-17 20:00:00,Weather Damage
10666,9114,Power Failure,Minor,2024-12-13 05:00:00,2024-12-14 23:00:00,Fiber Cut
10667,9046,Fiber Cut,Minor,2025-07-10 05:00:00,2025-07-12 03:00:00,Power Outage
10668,9065,Hardware Fault,Minor,2026-03-30 05:00:00,2026-03-31 22:00:00,Fiber Cut
10669,9009,Link Down,Minor,2026-01-15 14:00:00,2026-01-18 05:00:00,Power Outage
10670,9033,Congestion,Minor,2025-09-21 12:00:00,2025-09-21 21:00:00,Configuration Error
10671,9114,Power Failure,Major,2025-03-15 14:00:00,2025-03-17 13:00:00,
10672,9041,Hardware Fault,Minor,2025-01-03 16:00:00,2025-01-06 04:00:00,Weather Damage
10673,9007,Power Failure,Minor,2024-10-12 10:00:00,2024-10-12 23:00:00,Fiber Cut
10674,9103,Fiber Cut,Minor,2024-12-19 10:00:00,2024-12-20 06:00:00,Fiber Cut
10675,9136,Fiber Cut,Minor,2025-05-16 17:00:00,2025-05-18 05:00:00,Power Outage
10676,9119,Software Crash,Minor,2026-07-11 05:00:00,2026-07-12 12:00:00,Equipment Failure
10677,9069,Hardware Fault,Minor,2025-11-06 14:00:00,2025-11-07 16:00:00,Scheduled Maintenance
10678,9038,Battery Low,Minor,2026-07-03 18:00:00,2026-07-05 14:00:00,Unknown
10679,9017,Software Crash,Minor,2024-11-15 10:00:00,2024-11-17 09:00:00,
10680,9133,Power Failure,Major,2025-02-12 19:00:00,2025-02-13 10:00:00,Configuration Error
10681,9049,Battery Low,Major,2025-06-02 01:00:00,,Unknown
10682,9022,Link Down,Minor,2026-03-28 12:00:00,2026-03-28 17:00:00,Unknown
10683,9022,Link Down,Major,2025-10-19 01:00:00,2025-10-20 04:00:00,Unknown
10684,9017,Battery Low,Critical,2026-03-01 02:00:00,2026-03-03 23:00:00,Equipment Failure
10685,9099,Hardware Fault,Major,2025-12-20 15:00:00,2025-12-21 13:00:00,Unknown
10686,9010,Congestion,Minor,2025-12-30 07:00:00,2025-12-30 08:00:00,Weather Damage
10687,9071,Congestion,Major,2025-02-19 17:00:00,2025-02-22 01:00:00,Unknown
10688,9144,Fiber Cut,Major,2026-01-08 22:00:00,2026-01-11 19:00:00,Fiber Cut
10689,9004,Congestion,Major,2025-10-16 18:00:00,2025-10-17 06:00:00,
10690,9079,Hardware Fault,Major,2025-04-13 14:00:00,2025-04-13 19:00:00,Weather Damage
10691,9137,Battery Low,Major,2025-08-09 01:00:00,2025-08-09 05:00:00,Fiber Cut
10692,9041,Congestion,Minor,2025-09-17 14:00:00,2025-09-19 09:00:00,
10693,9107,Hardware Fault,Minor,2025-07-16 04:00:00,2025-07-16 10:00:00,Weather Damage
10694,9070,Link Down,Critical,2025-12-20 22:00:00,2025-12-21 02:00:00,Equipment Failure
10695,9051,Fiber Cut,Major,2025-11-08 12:00:00,2025-11-09 09:00:00,Weather Damage
10696,9017,Power Failure,Major,2026-06-30 23:00:00,2026-07-01 06:00:00,Fiber Cut
10697,9057,Power Failure,Major,2026-06-01 02:00:00,2026-06-03 00:00:00,Fiber Cut
10698,9103,Congestion,Major,2026-03-05 23:00:00,2026-03-06 16:00:00,Weather Damage
10699,9104,Software Crash,Minor,2025-11-06 00:00:00,2025-11-06 03:00:00,Configuration Error
10700,9013,Power Failure,Major,2025-09-27 19:00:00,,Scheduled Maintenance
10701,9150,Power Failure,Minor,2025-12-18 08:00:00,2025-12-19 10:00:00,Power Outage
10702,9028,Software Crash,Minor,2025-10-23 14:00:00,2025-10-23 18:00:00,Weather Damage
10703,9126,Battery Low,Minor,2026-06-03 10:00:00,2026-06-06 00:00:00,
10704,9102,Congestion,Minor,2025-06-14 05:00:00,2025-06-16 03:00:00,Equipment Failure
10705,9003,Link Down,Critical,2026-07-21 16:00:00,2026-07-23 23:00:00,Unknown
10706,9026,Congestion,Minor,2026-03-21 01:00:00,2026-03-23 19:00:00,Configuration Error
10707,9105,Software Crash,Minor,2024-10-16 02:00:00,2024-10-16 08:00:00,Configuration Error
10708,9102,Hardware Fault,Critical,2025-12-04 03:00:00,2025-12-04 14:00:00,Scheduled Maintenance
10709,9109,Software Crash,Minor,2025-02-03 22:00:00,2025-02-04 00:00:00,Configuration Error
10710,9109,Link Down,Critical,2024-11-05 09:00:00,,Scheduled Maintenance
10711,9083,Congestion,Minor,2024-12-04 00:00:00,2024-12-06 15:00:00,Scheduled Maintenance
10712,9021,Software Crash,Minor,2025-07-25 08:00:00,2025-07-27 16:00:00,Configuration Error
10713,9036,Battery Low,Major,2024-09-22 14:00:00,2024-09-24 17:00:00,Fiber Cut
10714,9138,Congestion,Major,2024-10-23 04:00:00,2024-10-23 16:00:00,
10715,9006,Link Down,Minor,2026-04-28 07:00:00,2026-04-30 21:00:00,Weather Damage
10716,9004,Battery Low,Major,2024-09-02 21:00:00,2024-09-05 09:00:00,Unknown
10717,9093,Link Down,Critical,2026-06-09 14:00:00,2026-06-11 16:00:00,Power Outage
10718,9108,Link Down,Major,2026-06-25 13:00:00,2026-06-25 20:00:00,Power Outage
10719,9111,Battery Low,Minor,2024-09-17 15:00:00,,Fiber Cut
10720,9021,Hardware Fault,Major,2025-10-17 14:00:00,2025-10-19 08:00:00,Scheduled Maintenance
10721,9120,Congestion,Major,2025-06-09 16:00:00,2025-06-10 15:00:00,
10722,9073,Battery Low,Minor,2025-09-25 07:00:00,2025-09-27 14:00:00,Weather Damage
10723,9012,Fiber Cut,Major,2025-01-11 02:00:00,2025-01-13 00:00:00,Configuration Error
10724,9114,Battery Low,Major,2025-06-23 07:00:00,2025-06-24 18:00:00,Equipment Failure
10725,9115,Fiber Cut,Minor,2024-10-30 02:00:00,2024-11-01 07:00:00,Equipment Failure
10726,9054,Hardware Fault,Critical,2024-09-16 00:00:00,2024-09-17 23:00:00,Configuration Error
10727,9151,Fiber Cut,Minor,2024-12-21 23:00:00,2024-12-23 03:00:00,Configuration Error
10728,9080,Battery Low,Major,2025-10-18 10:00:00,2025-10-20 07:00:00,Fiber Cut
10729,9054,Hardware Fault,Minor,2025-05-11 15:00:00,2025-05-11 16:00:00,Scheduled Maintenance
10730,9039,Software Crash,Major,2025-10-31 11:00:00,,
10731,9080,Congestion,Minor,2026-03-02 08:00:00,2026-03-04 11:00:00,Configuration Error
10732,9103,Hardware Fault,Minor,2024-09-17 02:00:00,2024-09-18 12:00:00,Unknown
10733,9050,Congestion,Minor,2025-05-02 21:00:00,2025-05-03 13:00:00,Scheduled Maintenance
10734,9109,Congestion,Major,2025-09-19 03:00:00,2025-09-20 17:00:00,Equipment Failure
10735,9013,Battery Low,Major,2025-10-01 09:00:00,2025-10-01 23:00:00,Configuration Error
10736,9093,Power Failure,Minor,2025-01-23 02:00:00,2025-01-23 09:00:00,Weather Damage
10737,9029,Power Failure,Major,2026-01-06 07:00:00,,Configuration Error
10738,9096,Link Down,Minor,2025-07-30 10:00:00,2025-07-31 13:00:00,Unknown
10739,9083,Power Failure,Major,2026-07-10 21:00:00,2026-07-11 03:00:00,Configuration Error
10740,9088,Link Down,Major,2025-02-05 19:00:00,2025-02-06 17:00:00,Equipment Failure
10741,9147,Power Failure,Critical,2024-10-13 23:00:00,2024-10-15 15:00:00,Configuration Error
10742,9093,Software Crash,Minor,2025-01-16 15:00:00,2025-01-17 02:00:00,Equipment Failure
10743,9073,Congestion,Minor,2026-03-30 06:00:00,2026-04-02 01:00:00,Fiber Cut
10744,9103,Congestion,Critical,2026-03-22 05:00:00,2026-03-24 00:00:00,Fiber Cut
10745,9031,Fiber Cut,Major,2025-05-18 03:00:00,2025-05-20 01:00:00,Weather Damage
10746,9119,Congestion,Minor,2025-11-28 08:00:00,2025-11-28 21:00:00,Power Outage
10747,9059,Fiber Cut,Critical,2025-09-15 14:00:00,2025-09-16 14:00:00,Power Outage
10748,9116,Battery Low,Major,2025-01-02 00:00:00,2025-01-04 14:00:00,Weather Damage
10749,9083,Link Down,Minor,2025-04-14 23:00:00,2025-04-17 09:00:00,Fiber Cut
10750,9009,Link Down,Minor,2025-12-16 10:00:00,2025-12-17 14:00:00,Scheduled Maintenance
10751,9132,Power Failure,Major,2024-09-05 13:00:00,2024-09-05 18:00:00,Power Outage
10752,9060,Link Down,Minor,2026-07-16 01:00:00,2026-07-18 06:00:00,Power Outage
10753,9141,Power Failure,Minor,2025-04-28 07:00:00,2025-04-28 21:00:00,
10754,9033,Power Failure,Critical,2026-01-23 00:00:00,2026-01-25 07:00:00,Configuration Error
10755,9005,Link Down,Major,2026-05-11 01:00:00,,Configuration Error
10756,9148,Software Crash,Major,2025-05-22 20:00:00,2025-05-22 23:00:00,Scheduled Maintenance
10757,9125,Fiber Cut,Minor,2026-01-01 13:00:00,2026-01-03 08:00:00,
10758,9034,Power Failure,Minor,2024-11-07 20:00:00,2024-11-08 22:00:00,Equipment Failure
10759,9002,Link Down,Major,2025-07-24 03:00:00,2025-07-26 08:00:00,
10760,9014,Hardware Fault,Minor,2025-01-11 09:00:00,2025-01-13 21:00:00,Weather Damage
10761,9035,Battery Low,Major,2024-08-09 11:00:00,2024-08-12 04:00:00,Weather Damage
10762,9028,Fiber Cut,Major,2026-01-19 21:00:00,2026-01-21 15:00:00,Configuration Error
10763,9031,Battery Low,Minor,2024-11-16 02:00:00,2024-11-18 14:00:00,Equipment Failure
10764,9116,Power Failure,Minor,2026-02-27 08:00:00,2026-03-01 05:00:00,Unknown
10765,9129,Congestion,Minor,2026-02-04 07:00:00,2026-02-06 20:00:00,
10766,9091,Power Failure,Minor,2025-03-02 19:00:00,2025-03-05 19:00:00,Equipment Failure
10767,9065,Hardware Fault,Minor,2024-11-06 23:00:00,2024-11-09 20:00:00,Power Outage
10768,9032,Link Down,Minor,2025-12-25 23:00:00,2025-12-26 07:00:00,Scheduled Maintenance
10769,9097,Congestion,Critical,2024-11-02 19:00:00,2024-11-04 03:00:00,Scheduled Maintenance
10770,9143,Battery Low,Major,2024-09-12 21:00:00,2024-09-14 02:00:00,Power Outage
10771,9017,Link Down,Major,2025-08-01 12:00:00,2025-08-03 13:00:00,Fiber Cut
10772,9065,Hardware Fault,Major,2025-04-17 13:00:00,,Unknown
10773,9002,Power Failure,Critical,2024-10-09 15:00:00,2024-10-10 17:00:00,Scheduled Maintenance
10774,9012,Software Crash,Minor,2024-10-28 09:00:00,2024-10-31 07:00:00,Configuration Error
10775,9085,Software Crash,Major,2025-05-22 23:00:00,2025-05-23 12:00:00,Power Outage
10776,9069,Congestion,Minor,2024-12-21 18:00:00,2024-12-22 20:00:00,Power Outage
10777,9096,Congestion,Minor,2026-07-01 13:00:00,2026-07-04 01:00:00,Unknown
10778,9140,Fiber Cut,Minor,2024-09-08 07:00:00,2024-09-11 07:00:00,Scheduled Maintenance
10779,9107,Congestion,Minor,2024-11-22 12:00:00,2024-11-24 05:00:00,Power Outage
10780,9021,Fiber Cut,Minor,2026-02-01 13:00:00,2026-02-02 04:00:00,
10781,9114,Power Failure,Critical,2026-02-27 06:00:00,2026-03-02 06:00:00,Weather Damage
10782,9086,Link Down,Major,2026-04-11 18:00:00,2026-04-12 07:00:00,Weather Damage
10783,9114,Hardware Fault,Major,2024-11-29 10:00:00,,Weather Damage
10784,9121,Power Failure,Major,2025-05-19 09:00:00,2025-05-22 07:00:00,Weather Damage
10785,9057,Congestion,Minor,2025-05-10 10:00:00,2025-05-10 23:00:00,Configuration Error
10786,9105,Congestion,Critical,2025-10-07 09:00:00,2025-10-09 08:00:00,Weather Damage
10787,9008,Power Failure,Minor,2026-03-09 08:00:00,2026-03-10 00:00:00,Fiber Cut
10788,9073,Hardware Fault,Minor,2026-02-26 17:00:00,2026-02-27 13:00:00,Scheduled Maintenance
10789,9018,Power Failure,Minor,2025-01-13 10:00:00,2025-01-13 15:00:00,Scheduled Maintenance
10790,9010,Power Failure,Major,2025-01-15 16:00:00,2025-01-15 20:00:00,Configuration Error
10791,9105,Battery Low,Major,2026-01-17 12:00:00,2026-01-18 01:00:00,Weather Damage
10792,9044,Link Down,Critical,2025-08-09 13:00:00,2025-08-12 02:00:00,Weather Damage
10793,9144,Battery Low,Minor,2025-07-28 19:00:00,2025-07-29 04:00:00,Weather Damage
10794,9027,Software Crash,Major,2025-11-02 23:00:00,,Configuration Error
10795,9052,Battery Low,Critical,2025-06-08 20:00:00,2025-06-11 06:00:00,Weather Damage
10796,9071,Fiber Cut,Minor,2024-10-04 23:00:00,2024-10-06 08:00:00,Unknown
10797,9119,Fiber Cut,Critical,2025-05-12 07:00:00,2025-05-14 08:00:00,Configuration Error
10798,9070,Congestion,Critical,2025-05-08 06:00:00,2025-05-08 14:00:00,
10799,9077,Power Failure,Minor,2025-05-29 08:00:00,2025-06-01 01:00:00,Configuration Error
10800,9096,Congestion,Major,2024-08-30 12:00:00,,Power Outage
10801,9014,Software Crash,Critical,2026-03-18 14:00:00,2026-03-19 06:00:00,Scheduled Maintenance
10802,9129,Hardware Fault,Minor,2024-08-31 07:00:00,2024-09-01 09:00:00,Configuration Error
10803,9005,Fiber Cut,Major,2026-02-23 20:00:00,2026-02-24 19:00:00,Scheduled Maintenance
10804,9151,Software Crash,Minor,2026-05-24 01:00:00,2026-05-26 18:00:00,
10805,9073,Power Failure,Critical,2025-02-26 11:00:00,2025-02-28 03:00:00,Equipment Failure
10806,9148,Hardware Fault,Major,2025-11-03 07:00:00,2025-11-03 15:00:00,
10807,9138,Hardware Fault,Minor,2025-09-14 20:00:00,2025-09-15 21:00:00,Weather Damage
10808,9008,Software Crash,Minor,2025-05-01 15:00:00,2025-05-04 12:00:00,Scheduled Maintenance
10809,9143,Link Down,Minor,2025-10-11 09:00:00,2025-10-12 21:00:00,Configuration Error
10810,9008,Battery Low,Minor,2025-01-10 22:00:00,,Power Outage
10811,9052,Power Failure,Critical,2024-08-27 06:00:00,2024-08-27 11:00:00,Configuration Error
10812,9068,Power Failure,Minor,2025-07-10 08:00:00,2025-07-11 07:00:00,Configuration Error
10813,9133,Hardware Fault,Critical,2025-05-28 18:00:00,2025-05-30 22:00:00,
10814,9128,Hardware Fault,Major,2025-11-02 02:00:00,2025-11-02 16:00:00,Weather Damage
10815,9075,Link Down,Major,2025-06-21 10:00:00,2025-06-23 13:00:00,Fiber Cut
10816,9025,Software Crash,Major,2024-12-02 04:00:00,2024-12-04 08:00:00,Equipment Failure
10817,9078,Hardware Fault,Minor,2025-11-12 09:00:00,2025-11-13 20:00:00,Unknown
10818,9029,Software Crash,Minor,2024-09-05 06:00:00,2024-09-05 19:00:00,Scheduled Maintenance
10819,9086,Software Crash,Major,2025-02-12 14:00:00,2025-02-14 01:00:00,Unknown
10820,9050,Link Down,Minor,2026-03-07 00:00:00,2026-03-08 06:00:00,Scheduled Maintenance
10821,9074,Software Crash,Major,2026-03-27 12:00:00,,Configuration Error
10822,9093,Battery Low,Minor,2025-03-23 06:00:00,2025-03-24 19:00:00,Fiber Cut
10823,9076,Link Down,Major,2025-02-10 08:00:00,2025-02-11 04:00:00,Weather Damage
10824,9012,Congestion,Minor,2025-07-13 18:00:00,2025-07-15 06:00:00,Weather Damage
10825,9100,Power Failure,Major,2024-10-22 07:00:00,2024-10-22 11:00:00,
10826,9072,Battery Low,Minor,2026-02-28 05:00:00,2026-02-28 09:00:00,Power Outage
10827,9061,Link Down,Critical,2025-07-08 10:00:00,,Weather Damage
10828,9113,Battery Low,Major,2025-03-27 09:00:00,2025-03-27 21:00:00,Unknown
10829,9024,Battery Low,Major,2026-04-15 01:00:00,2026-04-15 12:00:00,Unknown
10830,9061,Software Crash,Major,2025-04-21 06:00:00,,Scheduled Maintenance
10831,9109,Battery Low,Minor,2025-02-06 00:00:00,2025-02-08 00:00:00,Weather Damage
10832,9007,Hardware Fault,Critical,2025-05-18 03:00:00,2025-05-19 05:00:00,Scheduled Maintenance
10833,9122,Fiber Cut,Major,2026-07-14 06:00:00,2026-07-14 17:00:00,Scheduled Maintenance
10834,9097,Battery Low,Minor,2026-05-04 06:00:00,2026-05-06 05:00:00,Unknown
10835,9038,Power Failure,Minor,2026-03-17 09:00:00,2026-03-18 10:00:00,Power Outage
10836,9147,Fiber Cut,Critical,2024-09-13 17:00:00,2024-09-14 21:00:00,Scheduled Maintenance
10837,9018,Software Crash,Minor,2026-01-01 01:00:00,2026-01-02 13:00:00,Power Outage
10838,9063,Battery Low,Minor,2024-12-25 22:00:00,2024-12-27 09:00:00,Power Outage
10839,9014,Link Down,Major,2025-06-03 22:00:00,2025-06-05 11:00:00,Unknown
10840,9032,Link Down,Critical,2025-04-24 03:00:00,2025-04-25 06:00:00,Weather Damage
10841,9102,Hardware Fault,Minor,2025-03-19 07:00:00,2025-03-19 12:00:00,Weather Damage
10842,9017,Fiber Cut,Minor,2024-10-04 03:00:00,2024-10-06 05:00:00,Power Outage
10843,9095,Congestion,Minor,2026-05-11 19:00:00,,Equipment Failure
10844,9129,Link Down,Critical,2025-09-20 00:00:00,2025-09-20 11:00:00,Scheduled Maintenance
10845,9003,Power Failure,Critical,2025-08-26 21:00:00,2025-08-27 06:00:00,Power Outage
10846,9021,Fiber Cut,Minor,2025-04-23 20:00:00,2025-04-26 05:00:00,Unknown
10847,9074,Power Failure,Major,2026-01-28 03:00:00,2026-01-28 07:00:00,Configuration Error
10848,9102,Fiber Cut,Major,2025-08-16 06:00:00,2025-08-17 16:00:00,
10849,9061,Software Crash,Major,2025-01-29 16:00:00,,Equipment Failure
10850,9080,Congestion,Minor,2024-09-19 13:00:00,2024-09-21 12:00:00,Equipment Failure
10851,9032,Software Crash,Minor,2026-05-22 11:00:00,2026-05-22 13:00:00,Equipment Failure
10852,9125,Power Failure,Critical,2026-07-13 16:00:00,2026-07-15 21:00:00,
10853,9018,Fiber Cut,Critical,2025-08-02 09:00:00,2025-08-03 22:00:00,Configuration Error
10854,9005,Power Failure,Major,2025-10-23 18:00:00,2025-10-26 14:00:00,Unknown
10855,9059,Power Failure,Minor,2024-10-09 12:00:00,2024-10-10 11:00:00,Unknown
10856,9016,Battery Low,Minor,2025-04-21 20:00:00,2025-04-23 04:00:00,Scheduled Maintenance
10857,9100,Power Failure,Minor,2025-01-07 02:00:00,2025-01-07 17:00:00,Weather Damage
10858,9012,Power Failure,Critical,2025-10-03 09:00:00,2025-10-05 08:00:00,Fiber Cut
10859,9038,Fiber Cut,Major,2025-04-11 14:00:00,2025-04-12 17:00:00,Weather Damage
10860,9127,Battery Low,Minor,2025-08-14 14:00:00,,Weather Damage
10861,9044,Hardware Fault,Minor,2025-06-17 20:00:00,2025-06-18 21:00:00,Power Outage
10862,9006,Fiber Cut,Minor,2026-07-31 15:00:00,2026-07-31 20:00:00,Fiber Cut
10863,9097,Congestion,Critical,2026-01-29 01:00:00,2026-01-31 14:00:00,Scheduled Maintenance
10864,9135,Battery Low,Minor,2026-05-25 18:00:00,2026-05-27 06:00:00,Power Outage
10865,9143,Power Failure,Minor,2026-01-22 05:00:00,,Fiber Cut
10866,9092,Hardware Fault,Major,2025-02-16 14:00:00,2025-02-19 01:00:00,Power Outage
10867,9151,Congestion,Minor,2024-11-27 19:00:00,2024-11-27 20:00:00,Weather Damage
10868,9123,Battery Low,Minor,2026-06-13 11:00:00,2026-06-15 08:00:00,Unknown
10869,9022,Power Failure,Major,2026-07-18 05:00:00,2026-07-19 03:00:00,Unknown
10870,9110,Software Crash,Critical,2024-10-17 02:00:00,2024-10-19 20:00:00,Weather Damage
10871,9119,Hardware Fault,Minor,2025-08-04 05:00:00,2025-08-06 03:00:00,Fiber Cut
10872,9111,Congestion,Critical,2025-04-10 23:00:00,2025-04-12 04:00:00,Power Outage
10873,9073,Software Crash,Major,2026-02-22 15:00:00,2026-02-25 13:00:00,Power Outage
10874,9036,Congestion,Major,2026-01-16 14:00:00,2026-01-17 04:00:00,Configuration Error
10875,9030,Software Crash,Major,2026-04-13 19:00:00,2026-04-15 17:00:00,Configuration Error
10876,9020,Link Down,Minor,2024-08-25 01:00:00,2024-08-27 03:00:00,Unknown
10877,9101,Power Failure,Minor,2025-04-24 03:00:00,2025-04-24 13:00:00,Fiber Cut
10878,9013,Software Crash,Major,2025-09-10 05:00:00,2025-09-11 16:00:00,Equipment Failure
10879,9089,Hardware Fault,Critical,2024-09-28 17:00:00,2024-09-29 07:00:00,Scheduled Maintenance
10880,9075,Link Down,Critical,2025-02-14 12:00:00,2025-02-16 20:00:00,Fiber Cut
10881,9126,Congestion,Minor,2025-08-22 18:00:00,2025-08-24 14:00:00,Configuration Error
10882,9110,Hardware Fault,Major,2025-09-11 21:00:00,2025-09-12 19:00:00,Unknown
10883,9015,Hardware Fault,Major,2026-05-01 20:00:00,2026-05-04 14:00:00,Unknown
10884,9139,Hardware Fault,Major,2026-05-24 01:00:00,2026-05-26 12:00:00,Configuration Error
10885,9103,Power Failure,Major,2025-10-19 13:00:00,2025-10-21 02:00:00,Scheduled Maintenance
10886,9081,Power Failure,Minor,2025-11-12 02:00:00,2025-11-12 11:00:00,Configuration Error
10887,9079,Software Crash,Minor,2026-04-24 03:00:00,2026-04-26 11:00:00,Equipment Failure
10888,9095,Hardware Fault,Minor,2025-08-04 14:00:00,2025-08-06 04:00:00,Fiber Cut
10889,9098,Battery Low,Critical,2025-08-03 10:00:00,,Fiber Cut
10890,9056,Fiber Cut,Major,2026-07-07 22:00:00,2026-07-10 17:00:00,Weather Damage
10891,9074,Link Down,Minor,2025-10-25 08:00:00,,Unknown
10892,9013,Power Failure,Minor,2026-03-31 21:00:00,2026-04-02 13:00:00,Fiber Cut
10893,9040,Fiber Cut,Major,2025-04-22 16:00:00,2025-04-22 20:00:00,Scheduled Maintenance
10894,9071,Hardware Fault,Minor,2025-02-25 04:00:00,2025-02-25 13:00:00,Weather Damage
10895,9071,Link Down,Major,2026-06-12 00:00:00,2026-06-13 18:00:00,Weather Damage
10896,9116,Link Down,Major,2026-02-09 22:00:00,2026-02-12 04:00:00,Equipment Failure
10897,9134,Software Crash,Major,2026-01-17 11:00:00,2026-01-17 17:00:00,Power Outage
10898,9142,Battery Low,Minor,2024-09-21 15:00:00,2024-09-23 09:00:00,Weather Damage
10899,9024,Hardware Fault,Critical,2024-11-24 10:00:00,,Power Outage
10900,9057,Hardware Fault,Minor,2025-02-09 20:00:00,,Configuration Error
10901,9055,Fiber Cut,Major,2024-11-02 15:00:00,2024-11-05 11:00:00,Scheduled Maintenance
10902,9141,Hardware Fault,Minor,2025-06-15 00:00:00,2025-06-16 05:00:00,Fiber Cut
10903,9016,Fiber Cut,Minor,2025-07-27 06:00:00,2025-07-28 20:00:00,Equipment Failure
10904,9107,Battery Low,Minor,2025-06-17 09:00:00,2025-06-18 20:00:00,Power Outage
10905,9094,Software Crash,Minor,2025-11-24 03:00:00,2025-11-26 11:00:00,Scheduled Maintenance
10906,9066,Battery Low,Critical,2024-12-11 21:00:00,2024-12-14 20:00:00,Power Outage
10907,9134,Software Crash,Minor,2025-01-29 16:00:00,2025-02-01 13:00:00,Unknown
10908,9095,Power Failure,Critical,2024-11-16 00:00:00,2024-11-17 21:00:00,Weather Damage
10909,9125,Battery Low,Major,2024-09-15 14:00:00,2024-09-18 03:00:00,Fiber Cut
10910,9140,Hardware Fault,Minor,2025-04-24 05:00:00,2025-04-26 20:00:00,Fiber Cut
10911,9129,Software Crash,Major,2026-07-05 11:00:00,2026-07-07 08:00:00,Configuration Error
10912,9020,Congestion,Minor,2024-12-24 21:00:00,2024-12-26 19:00:00,Scheduled Maintenance
10913,9029,Battery Low,Major,2025-06-07 13:00:00,2025-06-08 06:00:00,Equipment Failure
10914,9086,Link Down,Critical,2024-10-26 02:00:00,2024-10-27 08:00:00,Scheduled Maintenance
10915,9140,Congestion,Minor,2026-06-15 13:00:00,2026-06-15 23:00:00,Equipment Failure
10916,9013,Battery Low,Critical,2024-11-21 15:00:00,2024-11-21 17:00:00,Scheduled Maintenance
10917,9017,Fiber Cut,Minor,2025-08-10 05:00:00,,Weather Damage
10918,9049,Fiber Cut,Minor,2026-06-18 20:00:00,,Fiber Cut
10919,9120,Hardware Fault,Major,2026-03-10 13:00:00,2026-03-11 20:00:00,Unknown
10920,9088,Congestion,Major,2026-01-20 00:00:00,2026-01-20 07:00:00,Equipment Failure
10921,9016,Software Crash,Major,2025-10-17 02:00:00,2025-10-18 10:00:00,Unknown
10922,9068,Software Crash,Major,2025-04-01 10:00:00,2025-04-02 10:00:00,
10923,9096,Fiber Cut,Minor,2025-12-23 20:00:00,2025-12-25 22:00:00,Fiber Cut
10924,9108,Battery Low,Major,2025-01-08 14:00:00,2025-01-10 12:00:00,Weather Damage
10925,9115,Software Crash,Major,2025-08-16 13:00:00,2025-08-18 12:00:00,
10926,9038,Congestion,Minor,2024-08-21 05:00:00,2024-08-21 21:00:00,Unknown
10927,9019,Hardware Fault,Major,2025-07-07 11:00:00,2025-07-07 16:00:00,Equipment Failure
10928,9036,Link Down,Minor,2025-11-01 14:00:00,2025-11-03 14:00:00,Scheduled Maintenance
10929,9113,Software Crash,Major,2024-09-22 16:00:00,2024-09-23 18:00:00,Unknown
10930,9024,Fiber Cut,Minor,2024-09-13 12:00:00,2024-09-14 10:00:00,
10931,9112,Congestion,Minor,2026-05-02 21:00:00,2026-05-05 11:00:00,Unknown
10932,9071,Link Down,Critical,2024-10-03 19:00:00,2024-10-04 06:00:00,Equipment Failure
10933,9033,Battery Low,Critical,2025-03-13 18:00:00,2025-03-15 01:00:00,Power Outage
10934,9100,Link Down,Major,2025-01-23 07:00:00,,Power Outage
10935,9094,Hardware Fault,Minor,2025-06-22 08:00:00,2025-06-24 07:00:00,Unknown
10936,9135,Link Down,Minor,2025-11-22 16:00:00,2025-11-23 11:00:00,Fiber Cut
10937,9025,Link Down,Major,2025-05-19 21:00:00,2025-05-21 22:00:00,Weather Damage
10938,9041,Fiber Cut,Minor,2025-08-05 21:00:00,2025-08-06 10:00:00,Weather Damage
10939,9030,Power Failure,Minor,2025-09-14 21:00:00,2025-09-17 13:00:00,Fiber Cut
10940,9049,Hardware Fault,Minor,2025-08-28 04:00:00,2025-08-30 06:00:00,Equipment Failure
10941,9126,Congestion,Major,2026-05-28 17:00:00,2026-05-30 00:00:00,Weather Damage
10942,9003,Software Crash,Minor,2026-05-14 15:00:00,,Unknown
10943,9056,Congestion,Minor,2026-06-09 07:00:00,2026-06-12 01:00:00,Configuration Error
10944,9072,Fiber Cut,Minor,2026-03-10 16:00:00,2026-03-13 05:00:00,Unknown
10945,9081,Link Down,Minor,2025-11-29 05:00:00,2025-11-29 16:00:00,
10946,9027,Fiber Cut,Critical,2025-07-27 02:00:00,2025-07-27 19:00:00,Equipment Failure
10947,9006,Fiber Cut,Minor,2025-08-31 01:00:00,2025-09-02 17:00:00,Weather Damage
10948,9121,Link Down,Minor,2024-10-22 07:00:00,2024-10-24 11:00:00,Scheduled Maintenance
10949,9083,Battery Low,Major,2025-09-11 04:00:00,2025-09-14 01:00:00,Power Outage
10950,9120,Link Down,Major,2025-05-30 11:00:00,2025-05-31 17:00:00,Scheduled Maintenance
10951,9126,Hardware Fault,Major,2026-05-26 23:00:00,2026-05-29 03:00:00,Configuration Error
10952,9007,Congestion,Minor,2025-05-30 17:00:00,2025-06-01 19:00:00,Unknown
10953,9025,Power Failure,Critical,2026-05-14 19:00:00,,Power Outage
10954,9089,Software Crash,Major,2025-04-15 00:00:00,2025-04-15 06:00:00,Fiber Cut
10955,9064,Hardware Fault,Minor,2024-11-25 06:00:00,2024-11-25 11:00:00,
10956,9047,Hardware Fault,Minor,2025-03-17 05:00:00,2025-03-17 22:00:00,Power Outage
10957,9083,Hardware Fault,Critical,2026-07-22 18:00:00,2026-07-23 22:00:00,Power Outage
10958,9029,Battery Low,Minor,2024-09-19 22:00:00,2024-09-20 08:00:00,
10959,9120,Power Failure,Minor,2024-09-24 07:00:00,2024-09-26 17:00:00,Fiber Cut
10960,9076,Fiber Cut,Minor,2025-03-05 22:00:00,2025-03-06 20:00:00,Weather Damage
10961,9067,Fiber Cut,Minor,2026-07-10 12:00:00,2026-07-10 16:00:00,Configuration Error
10962,9074,Fiber Cut,Minor,2024-09-29 21:00:00,2024-10-01 23:00:00,Fiber Cut
10963,9023,Software Crash,Critical,2025-07-19 02:00:00,2025-07-19 05:00:00,
10964,9098,Link Down,Minor,2025-02-11 18:00:00,2025-02-13 13:00:00,Unknown
10965,9098,Congestion,Minor,2025-02-21 03:00:00,2025-02-24 02:00:00,Unknown
10966,9009,Power Failure,Minor,2025-02-28 06:00:00,2025-02-28 20:00:00,Equipment Failure
10967,9116,Hardware Fault,Critical,2025-11-10 03:00:00,,Fiber Cut
10968,9130,Battery Low,Major,2025-07-26 00:00:00,2025-07-26 13:00:00,Weather Damage
10969,9145,Link Down,Major,2025-05-02 15:00:00,2025-05-04 10:00:00,Weather Damage
10970,9096,Congestion,Minor,2026-01-29 00:00:00,2026-01-29 12:00:00,Unknown
10971,9017,Fiber Cut,Major,2025-06-01 04:00:00,2025-06-03 19:00:00,Power Outage
10972,9053,Battery Low,Minor,2025-11-12 09:00:00,2025-11-13 08:00:00,Unknown
10973,9146,Software Crash,Minor,2024-10-27 07:00:00,2024-10-29 08:00:00,Weather Damage
10974,9018,Power Failure,Minor,2024-09-01 06:00:00,2024-09-01 11:00:00,Unknown
10975,9082,Hardware Fault,Minor,2026-03-15 19:00:00,2026-03-16 12:00:00,Unknown
10976,9088,Power Failure,Minor,2025-12-04 03:00:00,2025-12-06 16:00:00,Scheduled Maintenance
10977,9095,Battery Low,Major,2025-11-04 11:00:00,,Unknown
10978,9119,Fiber Cut,Minor,2025-04-23 18:00:00,2025-04-25 07:00:00,Equipment Failure
10979,9102,Power Failure,Major,2026-05-27 07:00:00,2026-05-27 11:00:00,
10980,9087,Link Down,Major,2025-08-03 07:00:00,2025-08-06 05:00:00,Configuration Error
10981,9122,Link Down,Minor,2024-11-25 20:00:00,2024-11-28 11:00:00,Unknown
10982,9021,Software Crash,Minor,2026-03-14 22:00:00,2026-03-16 07:00:00,Power Outage
10983,9011,Hardware Fault,Critical,2025-07-25 09:00:00,2025-07-25 16:00:00,Scheduled Maintenance
10984,9058,Congestion,Minor,2025-11-05 03:00:00,2025-11-07 01:00:00,Fiber Cut
10985,9016,Fiber Cut,Major,2026-01-14 11:00:00,2026-01-15 01:00:00,Power Outage
10986,9021,Software Crash,Major,2025-02-10 15:00:00,2025-02-11 00:00:00,Power Outage
10987,9130,Power Failure,Major,2026-04-15 16:00:00,2026-04-18 07:00:00,Equipment Failure
10988,9118,Congestion,Minor,2026-04-18 14:00:00,,Fiber Cut
10989,9003,Hardware Fault,Critical,2024-11-30 10:00:00,2024-11-30 14:00:00,Weather Damage
10990,9049,Congestion,Minor,2025-04-16 19:00:00,2025-04-19 17:00:00,Fiber Cut
10991,9021,Battery Low,Major,2025-03-11 10:00:00,2025-03-12 08:00:00,Scheduled Maintenance
10992,9060,Hardware Fault,Minor,2025-03-06 16:00:00,2025-03-06 21:00:00,Unknown
10993,9144,Congestion,Major,2025-04-10 07:00:00,2025-04-10 11:00:00,Fiber Cut
10994,9148,Link Down,Minor,2024-12-01 19:00:00,2024-12-02 21:00:00,Fiber Cut
10995,9094,Hardware Fault,Critical,2025-05-20 09:00:00,2025-05-21 02:00:00,Fiber Cut
10996,9118,Congestion,Critical,2024-09-02 23:00:00,2024-09-05 19:00:00,Weather Damage
10997,9058,Link Down,Minor,2024-11-25 05:00:00,2024-11-25 11:00:00,Equipment Failure
10998,9094,Fiber Cut,Major,2025-10-25 17:00:00,,
10999,9087,Fiber Cut,Minor,2025-02-07 13:00:00,2025-02-10 09:00:00,Fiber Cut
11000,9052,Battery Low,Major,2025-06-11 09:00:00,2025-06-12 16:00:00,Configuration Error
11001,9144,Battery Low,Major,2025-12-23 21:00:00,2025-12-24 08:00:00,Configuration Error
11002,9094,Fiber Cut,Major,2026-07-15 13:00:00,,Scheduled Maintenance
11003,9077,Power Failure,Major,2025-01-30 03:00:00,2025-01-31 14:00:00,Scheduled Maintenance
11004,9020,Software Crash,Minor,2025-04-18 19:00:00,2025-04-21 12:00:00,
11005,9133,Hardware Fault,Minor,2025-12-26 01:00:00,2025-12-28 18:00:00,Configuration Error
11006,9104,Software Crash,Minor,2026-03-18 18:00:00,2026-03-21 10:00:00,Weather Damage
11007,9076,Software Crash,Minor,2026-06-25 17:00:00,2026-06-25 21:00:00,Equipment Failure
11008,9055,Software Crash,Major,2025-07-28 14:00:00,2025-07-28 18:00:00,Power Outage
11009,9083,Hardware Fault,Critical,2025-11-10 03:00:00,2025-11-10 15:00:00,Fiber Cut
11010,9041,Link Down,Minor,2025-02-25 11:00:00,2025-02-26 11:00:00,Fiber Cut
11011,9037,Hardware Fault,Major,2025-08-11 17:00:00,2025-08-14 14:00:00,Power Outage
11012,9064,Link Down,Critical,2026-07-01 04:00:00,2026-07-03 23:00:00,Weather Damage
11013,9032,Link Down,Major,2024-11-05 16:00:00,2024-11-06 00:00:00,Scheduled Maintenance
11014,9087,Software Crash,Minor,2025-11-29 21:00:00,2025-11-30 16:00:00,Unknown
11015,9030,Congestion,Critical,2025-10-17 04:00:00,2025-10-19 11:00:00,Weather Damage
11016,9144,Battery Low,Minor,2025-04-26 03:00:00,2025-04-28 05:00:00,Weather Damage
11017,9068,Fiber Cut,Major,2026-01-26 10:00:00,2026-01-28 05:00:00,Configuration Error
11018,9002,Power Failure,Critical,2025-07-03 17:00:00,2025-07-06 10:00:00,Fiber Cut
11019,9089,Power Failure,Minor,2025-06-27 20:00:00,2025-06-30 02:00:00,Configuration Error
11020,9060,Link Down,Critical,2025-07-18 04:00:00,2025-07-19 11:00:00,Weather Damage
11021,9038,Congestion,Minor,2024-10-19 14:00:00,2024-10-22 05:00:00,Fiber Cut
11022,9037,Congestion,Critical,2025-10-30 14:00:00,,Fiber Cut
11023,9023,Fiber Cut,Minor,2025-02-11 21:00:00,2025-02-12 03:00:00,
11024,9042,Hardware Fault,Major,2026-05-28 09:00:00,2026-05-29 17:00:00,
11025,9017,Software Crash,Critical,2025-09-22 01:00:00,2025-09-22 04:00:00,Unknown
11026,9069,Power Failure,Minor,2025-12-21 14:00:00,2025-12-24 14:00:00,Equipment Failure
11027,9149,Power Failure,Major,2025-11-11 20:00:00,,Configuration Error
11028,9033,Software Crash,Major,2026-03-10 16:00:00,2026-03-11 15:00:00,
11029,9027,Fiber Cut,Minor,2025-05-22 00:00:00,2025-05-23 06:00:00,
11030,9127,Link Down,Major,2024-10-09 10:00:00,2024-10-10 23:00:00,Unknown
11031,9123,Hardware Fault,Minor,2025-10-07 03:00:00,2025-10-10 00:00:00,Scheduled Maintenance
11032,9037,Fiber Cut,Minor,2026-06-12 21:00:00,,Equipment Failure
11033,9130,Link Down,Minor,2025-05-15 05:00:00,2025-05-16 20:00:00,Equipment Failure
11034,9038,Power Failure,Major,2025-04-17 02:00:00,2025-04-17 17:00:00,
11035,9150,Fiber Cut,Minor,2025-07-27 17:00:00,2025-07-30 02:00:00,Weather Damage
11036,9100,Hardware Fault,Major,2025-07-28 20:00:00,2025-07-31 00:00:00,Weather Damage
11037,9025,Battery Low,Minor,2024-12-10 02:00:00,2024-12-12 04:00:00,Equipment Failure
11038,9086,Battery Low,Minor,2024-08-21 09:00:00,2024-08-22 00:00:00,Unknown
11039,9119,Software Crash,Minor,2025-06-17 19:00:00,2025-06-19 16:00:00,Equipment Failure
11040,9086,Fiber Cut,Minor,2025-02-24 18:00:00,2025-02-25 07:00:00,Fiber Cut
11041,9055,Battery Low,Critical,2025-01-31 05:00:00,2025-02-01 18:00:00,Scheduled Maintenance
11042,9091,Fiber Cut,Critical,2024-09-13 20:00:00,2024-09-16 09:00:00,Scheduled Maintenance
11043,9135,Fiber Cut,Minor,2024-10-16 20:00:00,2024-10-18 12:00:00,Equipment Failure
11044,9033,Link Down,Minor,2025-07-27 01:00:00,2025-07-28 09:00:00,Equipment Failure
11045,9023,Link Down,Minor,2024-09-07 03:00:00,2024-09-09 13:00:00,Fiber Cut
11046,9123,Hardware Fault,Major,2026-05-11 01:00:00,2026-05-13 19:00:00,Scheduled Maintenance
11047,9065,Congestion,Minor,2026-02-17 01:00:00,2026-02-18 07:00:00,Scheduled Maintenance
11048,9027,Power Failure,Minor,2024-08-20 15:00:00,2024-08-23 11:00:00,Fiber Cut
11049,9128,Link Down,Minor,2025-04-13 16:00:00,2025-04-15 10:00:00,Fiber Cut
11050,9053,Congestion,Minor,2025-04-23 16:00:00,2025-04-23 19:00:00,Weather Damage
11051,9120,Fiber Cut,Major,2026-08-03 06:00:00,2026-08-04 00:00:00,Weather Damage
11052,9012,Hardware Fault,Minor,2025-07-01 21:00:00,2025-07-02 06:00:00,Unknown
11053,9148,Software Crash,Major,2026-06-28 03:00:00,2026-06-29 06:00:00,Weather Damage
11054,9073,Fiber Cut,Minor,2024-09-06 16:00:00,2024-09-07 03:00:00,Equipment Failure
11055,9017,Link Down,Minor,2025-01-13 14:00:00,2025-01-15 14:00:00,Scheduled Maintenance
11056,9041,Link Down,Major,2026-03-26 13:00:00,2026-03-27 08:00:00,Equipment Failure
11057,9084,Link Down,Minor,2026-01-15 10:00:00,2026-01-16 10:00:00,Configuration Error
11058,9109,Power Failure,Major,2025-10-08 15:00:00,,Weather Damage
11059,9025,Hardware Fault,Minor,2025-05-09 16:00:00,2025-05-12 14:00:00,Unknown
11060,9063,Link Down,Major,2024-09-13 02:00:00,2024-09-15 10:00:00,
11061,9112,Hardware Fault,Minor,2025-08-04 17:00:00,2025-08-05 12:00:00,
11062,9100,Congestion,Minor,2026-02-24 02:00:00,2026-02-25 09:00:00,Unknown
11063,9133,Link Down,Minor,2025-09-28 18:00:00,,Power Outage
11064,9019,Battery Low,Minor,2025-12-25 07:00:00,2025-12-27 18:00:00,Fiber Cut
11065,9005,Link Down,Minor,2025-02-12 03:00:00,2025-02-14 00:00:00,
11066,9062,Hardware Fault,Major,2025-08-14 03:00:00,2025-08-17 02:00:00,Power Outage
11067,9028,Battery Low,Minor,2026-07-17 15:00:00,2026-07-18 05:00:00,Configuration Error
11068,9114,Congestion,Minor,2024-09-14 18:00:00,2024-09-17 01:00:00,
11069,9083,Battery Low,Critical,2024-08-22 18:00:00,2024-08-23 08:00:00,Unknown
11070,9111,Battery Low,Minor,2025-04-25 02:00:00,2025-04-27 16:00:00,Configuration Error
11071,9085,Congestion,Critical,2026-06-08 22:00:00,2026-06-09 07:00:00,Power Outage
11072,9151,Battery Low,Major,2026-01-14 10:00:00,2026-01-15 16:00:00,Weather Damage
11073,9080,Congestion,Minor,2026-01-11 22:00:00,2026-01-12 13:00:00,Weather Damage
11074,9033,Hardware Fault,Critical,2026-07-23 06:00:00,2026-07-24 00:00:00,
11075,9070,Battery Low,Major,2025-12-27 05:00:00,2025-12-27 11:00:00,
11076,9129,Link Down,Major,2025-03-25 01:00:00,,Configuration Error
11077,9047,Link Down,Minor,2025-09-06 23:00:00,2025-09-07 09:00:00,Weather Damage
11078,9135,Battery Low,Major,2024-08-12 13:00:00,2024-08-14 15:00:00,Configuration Error
11079,9073,Link Down,Critical,2026-05-13 21:00:00,2026-05-16 16:00:00,Configuration Error
11080,9014,Power Failure,Minor,2026-07-20 20:00:00,2026-07-23 08:00:00,Scheduled Maintenance
11081,9088,Battery Low,Critical,2025-07-29 04:00:00,2025-07-29 22:00:00,Weather Damage
11082,9142,Congestion,Major,2026-05-17 13:00:00,,Configuration Error
11083,9092,Hardware Fault,Minor,2024-10-17 10:00:00,2024-10-18 06:00:00,
11084,9058,Software Crash,Major,2026-02-17 07:00:00,2026-02-19 04:00:00,Scheduled Maintenance
11085,9118,Hardware Fault,Critical,2024-09-26 06:00:00,2024-09-26 21:00:00,Unknown
11086,9061,Power Failure,Minor,2025-12-31 09:00:00,,Weather Damage
11087,9001,Link Down,Major,2026-07-28 22:00:00,2026-07-30 10:00:00,Configuration Error
11088,9135,Battery Low,Critical,2024-12-10 22:00:00,2024-12-13 07:00:00,Configuration Error
11089,9075,Congestion,Major,2025-05-12 09:00:00,2025-05-13 02:00:00,Configuration Error
11090,9059,Hardware Fault,Minor,2024-10-24 11:00:00,2024-10-24 12:00:00,Configuration Error
11091,9027,Power Failure,Critical,2024-12-21 17:00:00,2024-12-22 11:00:00,Equipment Failure
11092,9011,Power Failure,Major,2026-06-15 21:00:00,2026-06-16 09:00:00,Fiber Cut
11093,9092,Hardware Fault,Critical,2025-08-21 07:00:00,2025-08-21 09:00:00,
11094,9111,Power Failure,Minor,2025-05-18 19:00:00,2025-05-21 00:00:00,
11095,9029,Hardware Fault,Minor,2026-07-06 21:00:00,2026-07-08 16:00:00,Unknown
11096,9073,Hardware Fault,Critical,2026-07-09 15:00:00,2026-07-11 10:00:00,Configuration Error
11097,9126,Link Down,Minor,2025-03-15 12:00:00,2025-03-16 12:00:00,Weather Damage
11098,9078,Hardware Fault,Minor,2026-03-10 18:00:00,2026-03-13 08:00:00,Scheduled Maintenance
11099,9135,Hardware Fault,Minor,2026-01-23 04:00:00,2026-01-24 06:00:00,Scheduled Maintenance
11100,9123,Link Down,Minor,2026-05-16 22:00:00,2026-05-17 13:00:00,Scheduled Maintenance
11101,9078,Congestion,Major,2026-02-11 20:00:00,2026-02-14 03:00:00,Power Outage
11102,9047,Fiber Cut,Critical,2026-05-10 07:00:00,,Fiber Cut
11103,9042,Fiber Cut,Critical,2024-10-23 07:00:00,2024-10-23 21:00:00,Weather Damage
11104,9107,Fiber Cut,Major,2025-07-08 08:00:00,2025-07-09 21:00:00,Configuration Error
11105,9100,Hardware Fault,Minor,2026-01-16 18:00:00,2026-01-19 11:00:00,Equipment Failure
11106,9027,Fiber Cut,Minor,2026-05-04 02:00:00,2026-05-05 18:00:00,Power Outage
11107,9128,Power Failure,Critical,2025-11-11 23:00:00,,Fiber Cut
11108,9125,Hardware Fault,Minor,2026-07-27 00:00:00,2026-07-29 07:00:00,Configuration Error
11109,9127,Battery Low,Major,2025-09-26 00:00:00,2025-09-28 08:00:00,Power Outage
11110,9076,Hardware Fault,Minor,2025-09-08 20:00:00,2025-09-10 23:00:00,
11111,9110,Hardware Fault,Minor,2025-08-23 01:00:00,2025-08-23 09:00:00,Scheduled Maintenance
11112,9101,Link Down,Minor,2026-01-10 04:00:00,2026-01-13 04:00:00,Fiber Cut
11113,9129,Power Failure,Major,2025-01-03 14:00:00,2025-01-05 14:00:00,Equipment Failure
11114,9046,Congestion,Major,2026-03-19 00:00:00,2026-03-20 21:00:00,Fiber Cut
11115,9081,Battery Low,Minor,2025-01-05 18:00:00,2025-01-06 01:00:00,Fiber Cut
11116,9151,Hardware Fault,Major,2025-07-09 23:00:00,2025-07-12 06:00:00,Configuration Error
11117,9089,Hardware Fault,Minor,2025-03-03 22:00:00,2025-03-05 07:00:00,Scheduled Maintenance
11118,9065,Software Crash,Minor,2025-10-10 14:00:00,2025-10-12 02:00:00,Equipment Failure
11119,9038,Hardware Fault,Minor,2026-05-01 22:00:00,,Fiber Cut
11120,9075,Software Crash,Major,2026-01-04 13:00:00,2026-01-06 00:00:00,Equipment Failure
11121,9146,Hardware Fault,Minor,2024-10-27 17:00:00,2024-10-29 17:00:00,Fiber Cut
11122,9110,Power Failure,Minor,2025-02-21 03:00:00,2025-02-22 22:00:00,Equipment Failure
11123,9146,Battery Low,Minor,2026-07-27 00:00:00,2026-07-27 08:00:00,Fiber Cut
11124,9145,Congestion,Major,2025-04-21 15:00:00,2025-04-23 17:00:00,Configuration Error
11125,9003,Fiber Cut,Major,2025-11-23 15:00:00,2025-11-25 05:00:00,Power Outage
11126,9028,Battery Low,Major,2024-09-09 16:00:00,2024-09-11 06:00:00,Unknown
11127,9050,Battery Low,Minor,2025-10-19 19:00:00,2025-10-20 11:00:00,Scheduled Maintenance
11128,9003,Battery Low,Major,2024-09-17 10:00:00,2024-09-18 06:00:00,Fiber Cut
11129,9059,Link Down,Major,2024-09-14 15:00:00,,Equipment Failure
11130,9013,Congestion,Major,2025-09-14 14:00:00,2025-09-17 02:00:00,Power Outage
11131,9042,Congestion,Major,2025-04-28 12:00:00,2025-04-29 19:00:00,Unknown
11132,9079,Fiber Cut,Critical,2026-07-05 23:00:00,2026-07-06 19:00:00,Power Outage
11133,9028,Congestion,Major,2025-02-22 01:00:00,2025-02-22 06:00:00,Configuration Error
11134,9102,Power Failure,Minor,2024-11-11 03:00:00,2024-11-13 05:00:00,Weather Damage
11135,9041,Power Failure,Minor,2025-05-10 13:00:00,,Weather Damage
11136,9106,Battery Low,Minor,2026-03-19 15:00:00,2026-03-19 22:00:00,Scheduled Maintenance
11137,9006,Power Failure,Major,2025-11-05 17:00:00,2025-11-06 08:00:00,Weather Damage
11138,9109,Software Crash,Minor,2025-06-01 17:00:00,2025-06-04 03:00:00,Equipment Failure
11139,9088,Fiber Cut,Critical,2026-01-22 13:00:00,,Power Outage
11140,9073,Hardware Fault,Minor,2024-11-14 23:00:00,2024-11-16 03:00:00,Unknown
11141,9112,Congestion,Critical,2026-06-20 19:00:00,2026-06-22 09:00:00,Configuration Error
11142,9048,Link Down,Minor,2026-02-06 16:00:00,2026-02-09 01:00:00,Fiber Cut
11143,9068,Fiber Cut,Minor,2025-04-04 12:00:00,2025-04-04 23:00:00,Equipment Failure
11144,9084,Hardware Fault,Critical,2024-10-06 08:00:00,2024-10-07 00:00:00,Fiber Cut
11145,9051,Hardware Fault,Major,2025-03-16 16:00:00,2025-03-18 16:00:00,Configuration Error
11146,9139,Fiber Cut,Minor,2026-02-01 21:00:00,2026-02-03 14:00:00,Scheduled Maintenance
11147,9109,Fiber Cut,Critical,2026-03-14 02:00:00,2026-03-14 19:00:00,Equipment Failure
11148,9028,Hardware Fault,Major,2024-10-04 05:00:00,2024-10-05 17:00:00,Equipment Failure
11149,9121,Software Crash,Minor,2025-06-29 15:00:00,2025-06-30 23:00:00,Equipment Failure
11150,9147,Hardware Fault,Minor,2025-09-01 15:00:00,2025-09-02 11:00:00,Unknown
11151,9024,Power Failure,Major,2025-08-07 21:00:00,2025-08-10 15:00:00,
11152,9052,Hardware Fault,Minor,2024-10-21 20:00:00,,Equipment Failure
11153,9092,Power Failure,Minor,2024-10-21 13:00:00,2024-10-23 02:00:00,Scheduled Maintenance
11154,9018,Hardware Fault,Critical,2024-09-20 17:00:00,2024-09-23 11:00:00,Fiber Cut
11155,9112,Congestion,Minor,2025-10-24 01:00:00,2025-10-25 04:00:00,Configuration Error
11156,9114,Link Down,Minor,2026-07-04 20:00:00,2026-07-05 03:00:00,Equipment Failure
11157,9105,Power Failure,Major,2026-03-07 10:00:00,2026-03-08 01:00:00,Configuration Error
11158,9073,Software Crash,Major,2026-07-21 02:00:00,,Weather Damage
11159,9128,Link Down,Minor,2024-08-19 08:00:00,2024-08-19 16:00:00,Configuration Error
11160,9023,Software Crash,Major,2025-08-12 04:00:00,2025-08-13 00:00:00,Scheduled Maintenance
11161,9093,Link Down,Minor,2025-02-28 07:00:00,2025-03-03 06:00:00,Weather Damage
11162,9098,Fiber Cut,Major,2026-06-13 00:00:00,2026-06-14 10:00:00,
11163,9025,Link Down,Minor,2024-08-22 11:00:00,2024-08-23 04:00:00,Scheduled Maintenance
11164,9086,Congestion,Major,2025-01-21 10:00:00,2025-01-23 09:00:00,Configuration Error
11165,9110,Fiber Cut,Critical,2024-08-30 05:00:00,2024-08-31 23:00:00,Fiber Cut
11166,9120,Fiber Cut,Minor,2025-04-12 22:00:00,2025-04-13 01:00:00,Fiber Cut
11167,9006,Fiber Cut,Critical,2026-02-03 21:00:00,2026-02-06 12:00:00,Fiber Cut
11168,9082,Software Crash,Major,2024-12-27 20:00:00,2024-12-28 01:00:00,Configuration Error
11169,9088,Link Down,Critical,2025-11-02 08:00:00,2025-11-02 22:00:00,
11170,9142,Congestion,Major,2026-03-10 16:00:00,2026-03-11 04:00:00,Weather Damage
11171,9098,Power Failure,Minor,2026-02-17 13:00:00,2026-02-17 14:00:00,Weather Damage
11172,9099,Hardware Fault,Minor,2026-05-04 12:00:00,2026-05-05 19:00:00,Fiber Cut
11173,9039,Hardware Fault,Minor,2024-11-28 11:00:00,2024-12-01 06:00:00,Weather Damage
11174,9033,Battery Low,Minor,2025-08-13 04:00:00,2025-08-14 01:00:00,Weather Damage
11175,9130,Congestion,Minor,2024-09-20 13:00:00,2024-09-21 22:00:00,Power Outage
11176,9054,Power Failure,Minor,2025-05-21 09:00:00,2025-05-21 13:00:00,Unknown
11177,9090,Battery Low,Critical,2025-04-19 19:00:00,2025-04-21 08:00:00,Unknown
11178,9142,Software Crash,Major,2025-12-09 03:00:00,2025-12-10 10:00:00,Configuration Error
11179,9046,Hardware Fault,Critical,2026-01-14 10:00:00,2026-01-17 04:00:00,Unknown
11180,9089,Power Failure,Minor,2025-09-08 17:00:00,2025-09-11 17:00:00,Scheduled Maintenance
11181,9151,Congestion,Minor,2025-08-22 05:00:00,2025-08-22 14:00:00,Unknown
11182,9005,Battery Low,Major,2026-01-30 03:00:00,2026-01-30 23:00:00,Power Outage
11183,9086,Software Crash,Major,2025-12-06 04:00:00,2025-12-06 20:00:00,
11184,9086,Hardware Fault,Major,2025-02-22 14:00:00,2025-02-24 05:00:00,Fiber Cut
11185,9049,Battery Low,Major,2025-01-04 05:00:00,2025-01-05 04:00:00,
11186,9065,Battery Low,Critical,2025-03-22 23:00:00,2025-03-23 04:00:00,
11187,9093,Hardware Fault,Major,2024-11-23 19:00:00,2024-11-24 11:00:00,Unknown
11188,9016,Battery Low,Minor,2026-05-23 01:00:00,2026-05-23 19:00:00,Fiber Cut
11189,9038,Software Crash,Minor,2024-08-11 06:00:00,2024-08-12 07:00:00,Scheduled Maintenance
11190,9101,Fiber Cut,Minor,2025-07-16 02:00:00,2025-07-18 12:00:00,Weather Damage
11191,9065,Power Failure,Minor,2024-11-13 18:00:00,,Unknown
11192,9050,Battery Low,Minor,2024-11-06 22:00:00,2024-11-08 15:00:00,Weather Damage
11193,9066,Software Crash,Minor,2025-11-30 20:00:00,2025-12-01 01:00:00,Power Outage
11194,9030,Power Failure,Minor,2025-11-13 05:00:00,2025-11-15 01:00:00,
11195,9028,Hardware Fault,Minor,2025-02-14 08:00:00,,Unknown
11196,9079,Battery Low,Major,2024-08-15 14:00:00,2024-08-16 06:00:00,Configuration Error
11197,9013,Link Down,Critical,2025-03-06 06:00:00,2025-03-06 20:00:00,Power Outage
11198,9043,Battery Low,Major,2026-07-10 17:00:00,2026-07-11 06:00:00,Fiber Cut
11199,9002,Power Failure,Major,2025-08-23 17:00:00,2025-08-24 18:00:00,Fiber Cut
11200,9087,Power Failure,Minor,2025-03-12 08:00:00,2025-03-12 21:00:00,Weather Damage
11201,9054,Battery Low,Minor,2025-03-25 10:00:00,2025-03-28 09:00:00,Configuration Error
11202,9139,Power Failure,Major,2025-02-03 00:00:00,2025-02-03 11:00:00,Fiber Cut
11203,9059,Hardware Fault,Minor,2026-05-27 11:00:00,2026-05-28 20:00:00,Configuration Error
11204,9010,Software Crash,Minor,2025-12-07 11:00:00,2025-12-09 22:00:00,Configuration Error
11205,9023,Hardware Fault,Major,2025-07-20 10:00:00,2025-07-20 20:00:00,Weather Damage
11206,9054,Link Down,Minor,2025-04-29 06:00:00,2025-05-02 03:00:00,Configuration Error
11207,9142,Hardware Fault,Critical,2026-05-03 02:00:00,2026-05-03 06:00:00,Scheduled Maintenance
11208,9014,Software Crash,Minor,2025-04-26 07:00:00,2025-04-28 06:00:00,Configuration Error
11209,9141,Battery Low,Critical,2025-07-03 12:00:00,2025-07-03 16:00:00,Power Outage
11210,9055,Power Failure,Critical,2024-12-01 09:00:00,2024-12-03 07:00:00,Fiber Cut
11211,9056,Fiber Cut,Critical,2025-07-22 07:00:00,2025-07-24 16:00:00,Weather Damage
11212,9129,Link Down,Minor,2026-04-07 12:00:00,2026-04-08 04:00:00,Scheduled Maintenance
11213,9023,Congestion,Major,2025-10-14 02:00:00,2025-10-16 03:00:00,Power Outage
11214,9091,Link Down,Minor,2026-06-22 09:00:00,2026-06-22 20:00:00,Fiber Cut
11215,9148,Software Crash,Minor,2026-07-27 13:00:00,2026-07-27 15:00:00,Weather Damage
11216,9040,Hardware Fault,Major,2025-07-01 20:00:00,2025-07-04 19:00:00,Equipment Failure
11217,9064,Hardware Fault,Major,2026-07-28 04:00:00,2026-07-30 19:00:00,Power Outage
11218,9122,Congestion,Major,2025-01-11 08:00:00,2025-01-11 17:00:00,Equipment Failure
11219,9019,Power Failure,Critical,2026-03-28 17:00:00,2026-03-31 03:00:00,Unknown
11220,9100,Software Crash,Major,2025-07-20 15:00:00,2025-07-21 02:00:00,Equipment Failure
11221,9005,Fiber Cut,Minor,2025-10-13 11:00:00,2025-10-14 18:00:00,Unknown
11222,9060,Fiber Cut,Major,2025-08-14 17:00:00,2025-08-16 16:00:00,Equipment Failure
11223,9150,Software Crash,Major,2025-02-12 18:00:00,2025-02-15 00:00:00,Weather Damage
11224,9138,Fiber Cut,Critical,2025-10-26 19:00:00,2025-10-27 23:00:00,Power Outage
11225,9142,Power Failure,Major,2026-08-05 01:00:00,2026-08-06 09:00:00,Fiber Cut
11226,9089,Hardware Fault,Minor,2024-12-10 11:00:00,2024-12-11 08:00:00,Unknown
11227,9068,Battery Low,Critical,2025-03-02 20:00:00,2025-03-05 13:00:00,Equipment Failure
11228,9054,Link Down,Minor,2025-03-18 07:00:00,2025-03-19 07:00:00,Power Outage
11229,9108,Link Down,Minor,2026-07-06 03:00:00,,Scheduled Maintenance
11230,9091,Link Down,Minor,2026-03-22 06:00:00,2026-03-23 22:00:00,Power Outage
11231,9066,Congestion,Major,2025-01-20 09:00:00,2025-01-22 01:00:00,Equipment Failure
11232,9137,Power Failure,Minor,2025-02-09 02:00:00,2025-02-10 00:00:00,Scheduled Maintenance
11233,9070,Congestion,Critical,2025-01-14 04:00:00,2025-01-17 04:00:00,Weather Damage
11234,9030,Link Down,Minor,2026-06-17 06:00:00,2026-06-19 15:00:00,Unknown
11235,9042,Link Down,Minor,2025-01-14 10:00:00,2025-01-15 17:00:00,Power Outage
11236,9080,Power Failure,Major,2025-10-02 23:00:00,,Unknown
11237,9106,Battery Low,Major,2026-01-24 20:00:00,2026-01-27 00:00:00,Fiber Cut
11238,9052,Power Failure,Minor,2025-01-10 23:00:00,2025-01-11 19:00:00,Power Outage
11239,9081,Software Crash,Major,2025-03-14 19:00:00,,
11240,9010,Link Down,Major,2025-03-22 00:00:00,2025-03-23 01:00:00,
11241,9029,Hardware Fault,Major,2026-07-18 09:00:00,2026-07-21 07:00:00,Equipment Failure
11242,9078,Battery Low,Major,2025-06-17 00:00:00,2025-06-19 19:00:00,Fiber Cut
11243,9084,Link Down,Minor,2025-03-10 16:00:00,2025-03-12 19:00:00,Weather Damage
11244,9013,Fiber Cut,Minor,2024-12-12 04:00:00,2024-12-12 05:00:00,Scheduled Maintenance
11245,9082,Link Down,Major,2026-02-15 08:00:00,2026-02-17 11:00:00,Power Outage
11246,9038,Link Down,Minor,2026-03-15 17:00:00,,Equipment Failure
11247,9054,Power Failure,Minor,2024-11-22 20:00:00,2024-11-23 10:00:00,Fiber Cut
11248,9108,Software Crash,Major,2026-06-12 22:00:00,2026-06-14 18:00:00,Weather Damage
11249,9108,Link Down,Minor,2026-03-23 10:00:00,,Power Outage
11250,9022,Software Crash,Minor,2025-03-20 16:00:00,2025-03-22 21:00:00,Fiber Cut
11251,9022,Link Down,Major,2026-05-22 02:00:00,,Configuration Error
11252,9104,Software Crash,Major,2025-02-02 19:00:00,2025-02-04 14:00:00,Equipment Failure
11253,9035,Hardware Fault,Minor,2025-04-21 13:00:00,2025-04-21 22:00:00,Scheduled Maintenance
11254,9090,Battery Low,Major,2026-05-08 10:00:00,2026-05-09 04:00:00,Fiber Cut
11255,9098,Fiber Cut,Minor,2026-06-15 16:00:00,2026-06-17 21:00:00,Configuration Error
11256,9044,Power Failure,Major,2024-10-30 21:00:00,2024-11-02 04:00:00,Unknown
11257,9148,Hardware Fault,Minor,2025-07-06 08:00:00,2025-07-06 18:00:00,Configuration Error
11258,9017,Fiber Cut,Major,2025-03-06 22:00:00,2025-03-09 17:00:00,Configuration Error
11259,9076,Software Crash,Major,2026-03-26 03:00:00,2026-03-26 14:00:00,Configuration Error
11260,9070,Battery Low,Minor,2025-03-10 13:00:00,2025-03-10 15:00:00,Equipment Failure
11261,9105,Hardware Fault,Minor,2024-12-19 05:00:00,2024-12-20 07:00:00,Fiber Cut
11262,9001,Hardware Fault,Critical,2024-09-19 17:00:00,2024-09-20 22:00:00,Scheduled Maintenance
11263,9049,Link Down,Major,2025-10-13 09:00:00,,Configuration Error
11264,9089,Power Failure,Minor,2025-04-02 05:00:00,2025-04-03 19:00:00,
11265,9005,Congestion,Minor,2025-01-21 14:00:00,2025-01-21 15:00:00,
11266,9041,Power Failure,Minor,2025-06-11 22:00:00,2025-06-14 19:00:00,Configuration Error
11267,9121,Link Down,Minor,2024-10-06 20:00:00,2024-10-08 09:00:00,Unknown
11268,9116,Software Crash,Minor,2024-10-13 05:00:00,2024-10-14 01:00:00,Fiber Cut
11269,9102,Hardware Fault,Minor,2025-06-30 00:00:00,2025-06-30 04:00:00,Power Outage
11270,9083,Power Failure,Minor,2024-09-12 13:00:00,2024-09-14 11:00:00,Weather Damage
11271,9050,Fiber Cut,Major,2025-09-06 23:00:00,2025-09-07 09:00:00,Unknown
11272,9151,Software Crash,Minor,2025-12-29 00:00:00,2025-12-31 00:00:00,Unknown
11273,9111,Power Failure,Minor,2025-08-25 09:00:00,2025-08-27 11:00:00,Unknown
11274,9093,Congestion,Major,2024-10-23 14:00:00,2024-10-24 15:00:00,Configuration Error
11275,9118,Fiber Cut,Major,2025-03-06 13:00:00,2025-03-06 19:00:00,Weather Damage
11276,9007,Power Failure,Minor,2026-03-26 20:00:00,2026-03-27 14:00:00,Equipment Failure
11277,9076,Power Failure,Critical,2025-07-24 12:00:00,2025-07-25 20:00:00,Equipment Failure
11278,9117,Link Down,Minor,2026-01-01 07:00:00,2026-01-03 20:00:00,Weather Damage
11279,9015,Software Crash,Minor,2024-12-15 15:00:00,2024-12-17 18:00:00,Unknown
11280,9007,Power Failure,Critical,2024-10-26 22:00:00,2024-10-27 20:00:00,Configuration Error
11281,9012,Software Crash,Major,2024-12-10 05:00:00,2024-12-12 08:00:00,Equipment Failure
11282,9056,Power Failure,Critical,2025-11-03 15:00:00,2025-11-04 17:00:00,Equipment Failure
11283,9110,Power Failure,Critical,2024-09-30 08:00:00,2024-10-02 08:00:00,Fiber Cut
11284,9118,Fiber Cut,Major,2025-08-06 18:00:00,2025-08-07 22:00:00,Equipment Failure
11285,9098,Software Crash,Minor,2026-04-14 11:00:00,2026-04-17 03:00:00,Equipment Failure
11286,9021,Congestion,Critical,2025-09-25 18:00:00,2025-09-28 08:00:00,Unknown
11287,9030,Software Crash,Minor,2025-01-10 21:00:00,2025-01-13 19:00:00,Scheduled Maintenance
11288,9017,Congestion,Major,2026-07-15 13:00:00,,Equipment Failure
11289,9147,Congestion,Major,2025-12-29 21:00:00,2025-12-29 23:00:00,Power Outage
11290,9086,Power Failure,Major,2026-07-23 02:00:00,2026-07-25 11:00:00,Scheduled Maintenance
11291,9024,Congestion,Minor,2025-01-26 18:00:00,,Unknown
11292,9120,Link Down,Minor,2025-10-06 05:00:00,2025-10-07 13:00:00,Fiber Cut
11293,9032,Hardware Fault,Major,2026-03-02 14:00:00,2026-03-05 04:00:00,Unknown
11294,9132,Power Failure,Minor,2025-10-02 08:00:00,2025-10-05 06:00:00,Fiber Cut
11295,9103,Congestion,Minor,2026-06-15 10:00:00,2026-06-16 10:00:00,Configuration Error
11296,9149,Link Down,Minor,2025-08-24 14:00:00,2025-08-27 05:00:00,Power Outage
11297,9140,Link Down,Minor,2025-04-09 20:00:00,2025-04-12 07:00:00,Unknown
11298,9051,Software Crash,Minor,2025-12-12 05:00:00,2025-12-13 01:00:00,Fiber Cut
11299,9048,Battery Low,Minor,2025-04-20 18:00:00,2025-04-23 14:00:00,Unknown
11300,9125,Software Crash,Minor,2026-01-19 00:00:00,2026-01-20 00:00:00,Configuration Error
11301,9111,Fiber Cut,Minor,2026-01-02 21:00:00,2026-01-04 06:00:00,Scheduled Maintenance
11302,9139,Software Crash,Major,2025-08-30 04:00:00,2025-08-31 03:00:00,Configuration Error
11303,9096,Battery Low,Major,2024-11-01 21:00:00,2024-11-02 22:00:00,Configuration Error
11304,9065,Fiber Cut,Major,2026-01-25 10:00:00,2026-01-25 18:00:00,Unknown
11305,9045,Link Down,Major,2026-03-31 17:00:00,2026-04-02 10:00:00,Equipment Failure
11306,9049,Hardware Fault,Minor,2024-11-26 10:00:00,2024-11-26 14:00:00,Power Outage
11307,9067,Fiber Cut,Major,2026-04-19 06:00:00,2026-04-21 18:00:00,Power Outage
11308,9013,Link Down,Minor,2026-04-12 01:00:00,2026-04-12 19:00:00,Weather Damage
11309,9007,Software Crash,Major,2025-07-21 15:00:00,2025-07-23 23:00:00,Power Outage
11310,9018,Hardware Fault,Major,2025-08-07 17:00:00,2025-08-07 21:00:00,Scheduled Maintenance
11311,9118,Software Crash,Minor,2025-01-11 22:00:00,2025-01-13 19:00:00,Scheduled Maintenance
11312,9121,Congestion,Major,2025-02-22 13:00:00,2025-02-23 05:00:00,Weather Damage
11313,9129,Battery Low,Minor,2026-08-04 14:00:00,2026-08-04 20:00:00,
11314,9002,Software Crash,Major,2025-01-03 10:00:00,2025-01-03 13:00:00,Fiber Cut
11315,9135,Software Crash,Minor,2025-08-18 15:00:00,2025-08-21 11:00:00,Scheduled Maintenance
11316,9074,Link Down,Minor,2025-12-20 23:00:00,2025-12-21 11:00:00,Weather Damage
11317,9083,Fiber Cut,Minor,2025-02-28 07:00:00,2025-03-02 16:00:00,Power Outage
11318,9107,Congestion,Minor,2025-06-22 02:00:00,2025-06-23 17:00:00,Weather Damage
11319,9115,Link Down,Major,2025-10-24 00:00:00,2025-10-26 02:00:00,Scheduled Maintenance
11320,9026,Battery Low,Major,2025-11-18 19:00:00,,Unknown
11321,9139,Hardware Fault,Minor,2026-08-03 03:00:00,2026-08-03 16:00:00,
11322,9105,Link Down,Minor,2024-12-26 20:00:00,2024-12-27 13:00:00,Equipment Failure
11323,9037,Software Crash,Major,2025-05-15 12:00:00,2025-05-17 11:00:00,Fiber Cut
11324,9131,Congestion,Minor,2025-02-07 15:00:00,2025-02-08 09:00:00,Power Outage
11325,9021,Hardware Fault,Major,2026-04-01 12:00:00,2026-04-02 11:00:00,Weather Damage
11326,9056,Battery Low,Minor,2025-04-18 07:00:00,2025-04-21 04:00:00,Equipment Failure
11327,9016,Battery Low,Major,2025-01-06 14:00:00,2025-01-08 11:00:00,Scheduled Maintenance
11328,9070,Link Down,Critical,2025-08-21 12:00:00,2025-08-22 10:00:00,Scheduled Maintenance
11329,9088,Battery Low,Critical,2025-04-23 05:00:00,2025-04-25 08:00:00,Equipment Failure
11330,9046,Link Down,Minor,2026-02-07 06:00:00,2026-02-09 02:00:00,Unknown
11331,9150,Software Crash,Critical,2026-01-27 18:00:00,2026-01-30 07:00:00,
11332,9031,Congestion,Minor,2026-06-02 21:00:00,2026-06-04 04:00:00,Unknown
11333,9138,Fiber Cut,Minor,2026-04-28 05:00:00,2026-04-30 14:00:00,
11334,9044,Link Down,Critical,2024-09-06 05:00:00,2024-09-09 01:00:00,Fiber Cut
11335,9060,Link Down,Minor,2025-02-11 17:00:00,2025-02-13 23:00:00,Fiber Cut
11336,9047,Link Down,Major,2025-06-24 03:00:00,,Configuration Error
11337,9068,Battery Low,Critical,2026-03-17 22:00:00,2026-03-20 21:00:00,Equipment Failure
11338,9151,Link Down,Minor,2024-12-10 02:00:00,2024-12-12 01:00:00,Configuration Error
11339,9133,Fiber Cut,Minor,2026-07-14 04:00:00,2026-07-15 12:00:00,Fiber Cut
11340,9115,Power Failure,Major,2026-05-21 03:00:00,2026-05-23 13:00:00,Weather Damage
11341,9102,Hardware Fault,Minor,2025-03-25 13:00:00,,Scheduled Maintenance
11342,9141,Fiber Cut,Minor,2025-01-03 13:00:00,2025-01-03 22:00:00,Power Outage
11343,9077,Fiber Cut,Major,2025-11-19 08:00:00,2025-11-20 13:00:00,Equipment Failure
11344,9109,Congestion,Minor,2025-04-22 06:00:00,,Configuration Error
11345,9060,Hardware Fault,Critical,2026-02-11 05:00:00,2026-02-13 13:00:00,Scheduled Maintenance
11346,9117,Power Failure,Major,2024-12-19 06:00:00,2024-12-20 23:00:00,Unknown
11347,9005,Power Failure,Critical,2025-08-12 06:00:00,2025-08-13 20:00:00,Unknown
11348,9084,Power Failure,Major,2025-08-13 00:00:00,,Unknown
11349,9146,Link Down,Major,2025-11-29 21:00:00,2025-12-02 20:00:00,Equipment Failure
11350,9023,Fiber Cut,Major,2025-06-10 08:00:00,2025-06-13 01:00:00,Equipment Failure
11351,9106,Power Failure,Minor,2026-02-27 04:00:00,2026-03-01 11:00:00,Scheduled Maintenance
11352,9005,Power Failure,Minor,2025-11-11 22:00:00,2025-11-14 09:00:00,Power Outage
11353,9027,Hardware Fault,Minor,2025-10-18 00:00:00,,
11354,9082,Congestion,Minor,2025-11-18 21:00:00,2025-11-20 01:00:00,
11355,9044,Battery Low,Minor,2024-11-08 12:00:00,2024-11-11 12:00:00,Scheduled Maintenance
11356,9004,Fiber Cut,Major,2024-12-20 21:00:00,2024-12-22 17:00:00,
11357,9086,Link Down,Minor,2026-04-12 03:00:00,2026-04-12 10:00:00,Configuration Error
11358,9075,Software Crash,Critical,2025-04-25 15:00:00,2025-04-26 09:00:00,Weather Damage
11359,9025,Fiber Cut,Critical,2025-11-03 10:00:00,2025-11-06 07:00:00,Unknown
11360,9119,Fiber Cut,Major,2026-02-24 08:00:00,2026-02-24 13:00:00,Unknown
11361,9072,Software Crash,Minor,2024-12-22 04:00:00,2024-12-24 07:00:00,Power Outage
11362,9077,Congestion,Minor,2026-07-01 07:00:00,2026-07-04 01:00:00,Equipment Failure
11363,9090,Battery Low,Major,2024-09-09 22:00:00,2024-09-12 11:00:00,Configuration Error
11364,9023,Power Failure,Critical,2025-02-17 09:00:00,2025-02-19 20:00:00,Equipment Failure
11365,9110,Hardware Fault,Major,2025-04-15 06:00:00,2025-04-15 15:00:00,
11366,9057,Fiber Cut,Minor,2025-08-01 12:00:00,2025-08-01 14:00:00,Configuration Error
11367,9009,Link Down,Minor,2024-08-27 21:00:00,2024-08-28 02:00:00,Scheduled Maintenance
11368,9056,Power Failure,Critical,2026-07-13 06:00:00,2026-07-14 13:00:00,Scheduled Maintenance
11369,9008,Congestion,Critical,2024-08-16 19:00:00,2024-08-19 02:00:00,Fiber Cut
11370,9039,Software Crash,Minor,2025-01-26 06:00:00,2025-01-28 09:00:00,Fiber Cut
11371,9078,Link Down,Critical,2025-04-24 03:00:00,2025-04-24 14:00:00,Power Outage
11372,9123,Battery Low,Minor,2026-03-17 18:00:00,2026-03-18 16:00:00,Unknown
11373,9149,Congestion,Major,2026-04-17 18:00:00,2026-04-20 07:00:00,Weather Damage
11374,9109,Power Failure,Major,2025-11-25 02:00:00,2025-11-25 18:00:00,Fiber Cut
11375,9003,Power Failure,Critical,2025-05-21 06:00:00,2025-05-22 21:00:00,Weather Damage
11376,9011,Link Down,Major,2025-05-30 09:00:00,2025-05-30 19:00:00,Weather Damage
11377,9090,Battery Low,Minor,2026-04-16 04:00:00,,Configuration Error
11378,9090,Link Down,Minor,2026-01-15 20:00:00,2026-01-17 08:00:00,Power Outage
11379,9076,Battery Low,Minor,2024-11-30 07:00:00,2024-12-01 23:00:00,Weather Damage
11380,9043,Power Failure,Minor,2024-10-11 12:00:00,2024-10-14 07:00:00,
11381,9090,Software Crash,Major,2026-01-06 02:00:00,2026-01-08 08:00:00,
11382,9044,Software Crash,Minor,2025-12-28 04:00:00,,Configuration Error
11383,9010,Hardware Fault,Major,2026-04-16 03:00:00,2026-04-16 16:00:00,Weather Damage
11384,9024,Software Crash,Minor,2024-11-11 15:00:00,2024-11-12 12:00:00,Fiber Cut
11385,9044,Congestion,Minor,2024-09-03 23:00:00,2024-09-05 19:00:00,Scheduled Maintenance
11386,9042,Hardware Fault,Critical,2025-01-05 19:00:00,2025-01-06 19:00:00,Weather Damage
11387,9011,Power Failure,Minor,2026-02-09 04:00:00,2026-02-11 05:00:00,Scheduled Maintenance
11388,9144,Battery Low,Minor,2025-06-23 00:00:00,2025-06-25 07:00:00,Equipment Failure
11389,9020,Link Down,Major,2026-03-31 08:00:00,2026-04-01 08:00:00,Configuration Error
11390,9006,Link Down,Minor,2025-08-29 14:00:00,2025-08-30 17:00:00,Weather Damage
11391,9108,Power Failure,Major,2025-04-30 09:00:00,2025-04-30 18:00:00,Equipment Failure
11392,9137,Power Failure,Minor,2024-10-01 08:00:00,2024-10-01 17:00:00,Power Outage
11393,9143,Software Crash,Minor,2026-01-05 08:00:00,,Fiber Cut
11394,9132,Link Down,Major,2026-02-09 21:00:00,2026-02-11 06:00:00,Equipment Failure
11395,9074,Link Down,Major,2024-09-03 08:00:00,2024-09-05 21:00:00,Power Outage
11396,9062,Fiber Cut,Minor,2025-10-16 16:00:00,2025-10-16 18:00:00,Weather Damage
11397,9063,Battery Low,Major,2026-05-14 22:00:00,2026-05-15 01:00:00,Configuration Error
11398,9079,Power Failure,Minor,2025-08-11 16:00:00,2025-08-13 22:00:00,Power Outage
11399,9065,Battery Low,Minor,2024-12-24 06:00:00,2024-12-24 07:00:00,
11400,9114,Hardware Fault,Major,2025-01-05 18:00:00,,Configuration Error
11401,9044,Hardware Fault,Minor,2025-11-25 23:00:00,2025-11-26 07:00:00,Equipment Failure
11402,9010,Power Failure,Major,2025-10-19 01:00:00,2025-10-19 06:00:00,Equipment Failure
11403,9028,Battery Low,Minor,2025-03-29 11:00:00,2025-03-31 08:00:00,Fiber Cut
11404,9111,Hardware Fault,Critical,2025-06-01 01:00:00,2025-06-03 20:00:00,Weather Damage
11405,9124,Link Down,Major,2024-08-19 07:00:00,2024-08-19 10:00:00,Unknown
11406,9115,Hardware Fault,Minor,2026-02-15 18:00:00,2026-02-17 20:00:00,Equipment Failure
11407,9014,Congestion,Critical,2025-06-14 15:00:00,2025-06-16 08:00:00,Configuration Error
11408,9042,Software Crash,Major,2024-10-26 14:00:00,2024-10-27 18:00:00,Weather Damage
11409,9095,Power Failure,Minor,2025-02-27 17:00:00,2025-03-02 08:00:00,Equipment Failure
11410,9124,Congestion,Critical,2025-05-05 07:00:00,2025-05-07 18:00:00,Fiber Cut
11411,9094,Congestion,Minor,2024-10-02 23:00:00,,Fiber Cut
11412,9118,Link Down,Critical,2026-03-28 20:00:00,2026-03-30 19:00:00,Unknown
11413,9113,Battery Low,Major,2026-07-12 07:00:00,2026-07-14 15:00:00,
11414,9082,Link Down,Major,2025-10-02 12:00:00,2025-10-04 12:00:00,Unknown
11415,9118,Software Crash,Minor,2024-10-25 09:00:00,2024-10-26 11:00:00,Unknown
11416,9055,Power Failure,Major,2024-12-28 06:00:00,2024-12-30 10:00:00,
11417,9018,Congestion,Critical,2025-10-30 12:00:00,2025-10-31 10:00:00,Equipment Failure
11418,9093,Fiber Cut,Major,2024-08-15 06:00:00,2024-08-17 16:00:00,Power Outage
11419,9134,Congestion,Minor,2026-07-04 15:00:00,2026-07-06 20:00:00,Unknown
11420,9139,Battery Low,Major,2026-04-28 17:00:00,2026-04-29 02:00:00,Fiber Cut
11421,9043,Link Down,Minor,2025-04-28 18:00:00,2025-04-30 17:00:00,Equipment Failure
11422,9049,Link Down,Minor,2025-02-05 07:00:00,2025-02-07 20:00:00,Weather Damage
11423,9078,Congestion,Major,2026-07-31 21:00:00,2026-08-02 11:00:00,Scheduled Maintenance
11424,9087,Hardware Fault,Minor,2025-07-27 16:00:00,2025-07-28 09:00:00,Configuration Error
11425,9144,Power Failure,Minor,2025-06-24 16:00:00,2025-06-25 20:00:00,Fiber Cut
11426,9048,Fiber Cut,Minor,2025-01-20 16:00:00,2025-01-21 21:00:00,Scheduled Maintenance
11427,9075,Congestion,Minor,2025-05-16 00:00:00,2025-05-17 02:00:00,Weather Damage
11428,9126,Hardware Fault,Minor,2026-02-14 02:00:00,2026-02-14 16:00:00,Configuration Error
11429,9044,Hardware Fault,Minor,2025-03-12 11:00:00,2025-03-14 18:00:00,Power Outage
11430,9144,Fiber Cut,Critical,2024-11-18 09:00:00,2024-11-21 01:00:00,Weather Damage
11431,9058,Software Crash,Minor,2026-04-14 17:00:00,2026-04-17 06:00:00,Equipment Failure
11432,9054,Congestion,Minor,2026-07-21 17:00:00,2026-07-23 18:00:00,Scheduled Maintenance
11433,9144,Link Down,Minor,2026-03-15 01:00:00,2026-03-16 18:00:00,Configuration Error
11434,9048,Fiber Cut,Major,2024-08-16 15:00:00,2024-08-17 12:00:00,Weather Damage
11435,9073,Fiber Cut,Major,2024-09-07 02:00:00,2024-09-09 10:00:00,Equipment Failure
11436,9034,Fiber Cut,Minor,2025-04-13 11:00:00,2025-04-14 11:00:00,Equipment Failure
11437,9036,Fiber Cut,Minor,2025-08-28 04:00:00,2025-08-30 08:00:00,Unknown
11438,9013,Congestion,Critical,2026-06-06 16:00:00,2026-06-08 20:00:00,
11439,9027,Fiber Cut,Major,2026-05-24 10:00:00,2026-05-24 20:00:00,Unknown
11440,9126,Hardware Fault,Major,2025-12-30 06:00:00,2025-12-31 23:00:00,Configuration Error
11441,9114,Fiber Cut,Minor,2025-03-12 02:00:00,2025-03-14 05:00:00,
11442,9031,Link Down,Major,2026-06-15 09:00:00,2026-06-15 10:00:00,Equipment Failure
11443,9042,Congestion,Major,2025-08-31 21:00:00,,
11444,9146,Hardware Fault,Major,2025-02-19 01:00:00,2025-02-19 06:00:00,Scheduled Maintenance
11445,9059,Power Failure,Major,2025-08-14 01:00:00,2025-08-14 17:00:00,Power Outage
11446,9092,Power Failure,Minor,2025-03-20 19:00:00,2025-03-23 12:00:00,Configuration Error
11447,9077,Software Crash,Minor,2025-03-09 18:00:00,,Fiber Cut
11448,9001,Power Failure,Major,2025-07-07 11:00:00,2025-07-08 07:00:00,Scheduled Maintenance
11449,9090,Power Failure,Minor,2025-11-11 01:00:00,2025-11-13 00:00:00,Scheduled Maintenance
11450,9030,Link Down,Minor,2026-02-16 00:00:00,,Power Outage
11451,9082,Congestion,Minor,2025-12-23 23:00:00,2025-12-25 06:00:00,Scheduled Maintenance
11452,9024,Power Failure,Major,2025-10-12 03:00:00,2025-10-12 18:00:00,Configuration Error
11453,9006,Link Down,Major,2026-03-13 16:00:00,2026-03-15 03:00:00,Equipment Failure
11454,9027,Software Crash,Minor,2025-03-26 23:00:00,2025-03-29 14:00:00,Unknown
11455,9140,Congestion,Major,2026-01-26 20:00:00,2026-01-28 21:00:00,Unknown
11456,9001,Power Failure,Minor,2025-11-22 19:00:00,2025-11-24 13:00:00,Unknown
11457,9035,Fiber Cut,Critical,2026-07-16 15:00:00,2026-07-17 19:00:00,Configuration Error
11458,9099,Hardware Fault,Minor,2026-01-07 07:00:00,2026-01-07 15:00:00,Equipment Failure
11459,9059,Software Crash,Major,2026-04-21 16:00:00,,Power Outage
11460,9120,Power Failure,Critical,2026-08-07 01:00:00,2026-08-08 10:00:00,Weather Damage
11461,9135,Congestion,Major,2025-12-16 12:00:00,2025-12-19 11:00:00,Fiber Cut
11462,9097,Hardware Fault,Major,2025-01-01 22:00:00,2025-01-02 02:00:00,Power Outage
11463,9108,Power Failure,Minor,2025-11-18 14:00:00,,Fiber Cut
11464,9007,Hardware Fault,Minor,2026-05-06 17:00:00,2026-05-08 20:00:00,Scheduled Maintenance
11465,9039,Fiber Cut,Minor,2026-06-03 07:00:00,2026-06-05 14:00:00,Power Outage
11466,9044,Congestion,Minor,2024-11-13 09:00:00,2024-11-14 15:00:00,Unknown
11467,9046,Hardware Fault,Minor,2025-09-24 21:00:00,2025-09-25 02:00:00,
11468,9129,Link Down,Major,2025-11-11 21:00:00,2025-11-14 17:00:00,Fiber Cut
11469,9147,Hardware Fault,Major,2026-01-19 21:00:00,2026-01-20 09:00:00,Power Outage
11470,9072,Software Crash,Critical,2024-08-25 03:00:00,2024-08-26 17:00:00,Weather Damage
11471,9129,Link Down,Major,2025-10-10 06:00:00,2025-10-11 11:00:00,Power Outage
11472,9047,Fiber Cut,Critical,2025-11-08 22:00:00,2025-11-09 18:00:00,Configuration Error
11473,9125,Fiber Cut,Major,2025-09-13 17:00:00,2025-09-15 18:00:00,Power Outage
11474,9144,Hardware Fault,Major,2026-04-23 03:00:00,2026-04-24 17:00:00,Power Outage
11475,9110,Link Down,Minor,2026-06-30 15:00:00,2026-06-30 20:00:00,Fiber Cut
11476,9099,Battery Low,Major,2025-05-18 19:00:00,2025-05-19 13:00:00,Scheduled Maintenance
11477,9068,Hardware Fault,Major,2025-03-17 03:00:00,2025-03-19 00:00:00,Power Outage
11478,9110,Software Crash,Critical,2025-03-26 15:00:00,2025-03-29 09:00:00,Fiber Cut
11479,9001,Congestion,Minor,2026-03-24 04:00:00,2026-03-25 01:00:00,Equipment Failure
11480,9016,Software Crash,Minor,2026-04-05 18:00:00,2026-04-07 04:00:00,Power Outage
11481,9131,Battery Low,Minor,2024-08-31 20:00:00,2024-09-03 13:00:00,Configuration Error
11482,9136,Fiber Cut,Critical,2024-11-14 08:00:00,2024-11-15 17:00:00,
11483,9080,Fiber Cut,Critical,2026-06-16 13:00:00,2026-06-18 08:00:00,Equipment Failure
11484,9034,Fiber Cut,Major,2024-09-05 03:00:00,,Scheduled Maintenance
11485,9039,Software Crash,Minor,2025-08-10 03:00:00,2025-08-11 06:00:00,Scheduled Maintenance
11486,9037,Link Down,Major,2026-07-31 04:00:00,2026-07-31 17:00:00,Scheduled Maintenance
11487,9058,Software Crash,Critical,2025-04-19 05:00:00,2025-04-20 09:00:00,Scheduled Maintenance
11488,9131,Hardware Fault,Minor,2025-04-08 16:00:00,2025-04-09 13:00:00,Scheduled Maintenance
11489,9035,Power Failure,Minor,2024-12-05 04:00:00,2024-12-07 18:00:00,Weather Damage
11490,9007,Congestion,Minor,2025-02-12 10:00:00,2025-02-12 23:00:00,Power Outage
11491,9075,Software Crash,Major,2026-02-21 01:00:00,2026-02-21 08:00:00,Configuration Error
11492,9011,Battery Low,Minor,2025-01-24 07:00:00,2025-01-24 12:00:00,Power Outage
11493,9084,Software Crash,Minor,2025-10-04 18:00:00,2025-10-05 05:00:00,Unknown
11494,9020,Hardware Fault,Major,2024-12-29 08:00:00,2024-12-31 21:00:00,Fiber Cut
11495,9074,Power Failure,Minor,2025-04-22 20:00:00,2025-04-25 19:00:00,Equipment Failure
11496,9017,Power Failure,Minor,2025-12-19 17:00:00,2025-12-22 06:00:00,Fiber Cut
11497,9083,Software Crash,Critical,2025-07-21 06:00:00,2025-07-21 21:00:00,Fiber Cut
11498,9024,Fiber Cut,Minor,2025-11-24 00:00:00,2025-11-25 04:00:00,Equipment Failure
11499,9040,Fiber Cut,Minor,2025-10-13 04:00:00,2025-10-15 20:00:00,Configuration Error
11500,9084,Fiber Cut,Minor,2024-12-29 05:00:00,2024-12-30 14:00:00,Fiber Cut
11501,9107,Software Crash,Major,2025-05-02 07:00:00,2025-05-05 03:00:00,Configuration Error
11502,9043,Power Failure,Minor,2025-08-31 19:00:00,2025-09-03 11:00:00,Configuration Error
11503,9083,Battery Low,Minor,2025-02-16 17:00:00,2025-02-17 06:00:00,Weather Damage
11504,9119,Battery Low,Major,2025-02-26 14:00:00,2025-03-01 09:00:00,Unknown
11505,9129,Link Down,Minor,2024-08-10 12:00:00,2024-08-13 00:00:00,Unknown
11506,9137,Software Crash,Major,2024-11-04 23:00:00,2024-11-05 04:00:00,Unknown
11507,9125,Battery Low,Major,2025-09-29 20:00:00,2025-09-30 06:00:00,Weather Damage
11508,9022,Software Crash,Major,2025-11-07 07:00:00,2025-11-09 03:00:00,Weather Damage
11509,9015,Fiber Cut,Major,2026-01-15 00:00:00,2026-01-16 18:00:00,Configuration Error
11510,9022,Congestion,Minor,2025-09-29 04:00:00,2025-09-30 10:00:00,Fiber Cut
11511,9046,Power Failure,Minor,2025-02-16 22:00:00,2025-02-18 16:00:00,Unknown
11512,9092,Fiber Cut,Minor,2025-05-02 07:00:00,2025-05-03 05:00:00,Configuration Error
11513,9088,Battery Low,Minor,2024-10-08 00:00:00,2024-10-08 11:00:00,Scheduled Maintenance
11514,9059,Power Failure,Major,2025-03-17 16:00:00,2025-03-19 11:00:00,Fiber Cut
11515,9092,Battery Low,Major,2026-06-24 05:00:00,2026-06-27 02:00:00,Power Outage
11516,9079,Link Down,Minor,2025-06-30 07:00:00,2025-07-01 05:00:00,Equipment Failure
11517,9027,Software Crash,Major,2025-03-16 07:00:00,2025-03-17 06:00:00,Equipment Failure
11518,9086,Software Crash,Major,2025-09-08 00:00:00,2025-09-09 01:00:00,Equipment Failure
11519,9051,Battery Low,Minor,2025-11-27 18:00:00,2025-11-28 22:00:00,Unknown
11520,9019,Battery Low,Major,2025-06-15 17:00:00,2025-06-17 19:00:00,Configuration Error
11521,9052,Battery Low,Critical,2025-02-10 22:00:00,2025-02-11 00:00:00,Equipment Failure
11522,9113,Battery Low,Minor,2025-10-05 16:00:00,2025-10-07 04:00:00,
11523,9030,Power Failure,Major,2026-03-07 15:00:00,2026-03-08 21:00:00,Weather Damage
11524,9148,Power Failure,Minor,2026-03-31 19:00:00,2026-04-03 08:00:00,
11525,9124,Link Down,Major,2026-03-21 05:00:00,2026-03-23 01:00:00,Configuration Error
11526,9042,Power Failure,Minor,2025-07-01 12:00:00,2025-07-03 23:00:00,Fiber Cut
11527,9027,Link Down,Critical,2026-01-31 01:00:00,2026-02-02 09:00:00,Power Outage
11528,9011,Software Crash,Minor,2025-07-05 04:00:00,2025-07-08 02:00:00,Scheduled Maintenance
11529,9087,Software Crash,Major,2024-12-09 08:00:00,,
11530,9042,Hardware Fault,Major,2025-07-17 08:00:00,2025-07-19 11:00:00,Scheduled Maintenance
11531,9122,Software Crash,Minor,2025-08-07 14:00:00,2025-08-08 09:00:00,Scheduled Maintenance
11532,9011,Software Crash,Minor,2026-03-12 14:00:00,2026-03-13 03:00:00,Configuration Error
11533,9033,Link Down,Major,2026-05-16 13:00:00,2026-05-17 20:00:00,Scheduled Maintenance
11534,9119,Power Failure,Major,2026-03-20 08:00:00,2026-03-23 02:00:00,Weather Damage
11535,9040,Link Down,Minor,2026-04-01 19:00:00,2026-04-02 07:00:00,Power Outage
11536,9010,Congestion,Minor,2024-11-02 05:00:00,2024-11-04 19:00:00,Unknown
11537,9129,Battery Low,Major,2026-05-27 18:00:00,2026-05-29 19:00:00,Scheduled Maintenance
11538,9092,Battery Low,Critical,2024-08-12 21:00:00,2024-08-13 22:00:00,Power Outage
11539,9074,Software Crash,Critical,2026-07-23 20:00:00,,Weather Damage
11540,9035,Software Crash,Major,2026-06-12 21:00:00,2026-06-15 08:00:00,Unknown
11541,9032,Link Down,Minor,2025-02-28 13:00:00,2025-03-01 04:00:00,Weather Damage
11542,9059,Power Failure,Minor,2025-05-21 01:00:00,2025-05-23 14:00:00,Power Outage
11543,9020,Fiber Cut,Major,2025-08-18 03:00:00,2025-08-18 06:00:00,Scheduled Maintenance
11544,9057,Hardware Fault,Critical,2025-07-20 11:00:00,2025-07-21 21:00:00,Weather Damage
11545,9029,Congestion,Major,2026-05-27 14:00:00,2026-05-28 10:00:00,Unknown
11546,9081,Hardware Fault,Critical,2024-12-13 02:00:00,2024-12-15 06:00:00,Equipment Failure
11547,9034,Power Failure,Major,2025-10-16 19:00:00,2025-10-16 23:00:00,
11548,9051,Hardware Fault,Minor,2025-03-15 05:00:00,2025-03-15 12:00:00,Configuration Error
11549,9077,Hardware Fault,Minor,2026-03-21 08:00:00,2026-03-23 04:00:00,Power Outage
11550,9147,Congestion,Minor,2025-02-22 22:00:00,2025-02-25 20:00:00,Weather Damage
11551,9136,Link Down,Major,2025-08-30 22:00:00,2025-08-31 13:00:00,Fiber Cut
11552,9055,Battery Low,Critical,2025-09-09 15:00:00,2025-09-11 14:00:00,Configuration Error
11553,9006,Software Crash,Minor,2024-10-29 16:00:00,,Weather Damage
11554,9064,Battery Low,Minor,2026-04-09 04:00:00,2026-04-11 00:00:00,Power Outage
11555,9059,Link Down,Minor,2026-03-14 05:00:00,2026-03-17 01:00:00,Power Outage
11556,9071,Software Crash,Major,2025-03-11 16:00:00,2025-03-13 14:00:00,Equipment Failure
11557,9004,Congestion,Minor,2024-09-15 01:00:00,2024-09-16 14:00:00,Unknown
11558,9096,Battery Low,Major,2026-07-14 23:00:00,2026-07-17 06:00:00,Scheduled Maintenance
11559,9131,Congestion,Minor,2026-07-30 02:00:00,2026-08-01 00:00:00,Weather Damage
11560,9070,Battery Low,Major,2025-08-21 03:00:00,2025-08-21 20:00:00,Power Outage
11561,9002,Software Crash,Critical,2026-07-05 09:00:00,2026-07-05 19:00:00,Configuration Error
11562,9147,Software Crash,Critical,2026-01-29 11:00:00,,Power Outage
11563,9019,Power Failure,Major,2025-07-05 16:00:00,2025-07-07 09:00:00,Unknown
11564,9101,Hardware Fault,Major,2026-02-08 16:00:00,2026-02-09 09:00:00,Scheduled Maintenance
11565,9016,Hardware Fault,Critical,2024-10-29 06:00:00,2024-10-31 01:00:00,Scheduled Maintenance
11566,9084,Software Crash,Major,2025-05-18 09:00:00,2025-05-19 18:00:00,Power Outage
11567,9088,Software Crash,Major,2025-05-10 10:00:00,2025-05-11 01:00:00,Configuration Error
11568,9115,Fiber Cut,Minor,2026-05-25 21:00:00,2026-05-27 19:00:00,Unknown
11569,9004,Congestion,Major,2026-06-09 01:00:00,2026-06-11 19:00:00,Equipment Failure
11570,9010,Congestion,Minor,2026-05-25 09:00:00,2026-05-26 22:00:00,Unknown
11571,9128,Software Crash,Major,2025-08-09 18:00:00,2025-08-12 07:00:00,Weather Damage
11572,9106,Link Down,Minor,2025-08-08 00:00:00,2025-08-08 02:00:00,Equipment Failure
11573,9143,Link Down,Major,2024-09-15 09:00:00,2024-09-16 16:00:00,Weather Damage
11574,9101,Congestion,Minor,2026-06-30 16:00:00,2026-07-03 12:00:00,Configuration Error
11575,9135,Fiber Cut,Major,2025-06-03 05:00:00,2025-06-03 21:00:00,
11576,9085,Fiber Cut,Minor,2026-05-08 04:00:00,2026-05-09 02:00:00,Power Outage
11577,9113,Link Down,Major,2024-10-10 15:00:00,2024-10-12 21:00:00,Weather Damage
11578,9079,Software Crash,Minor,2024-09-11 00:00:00,,Scheduled Maintenance
11579,9067,Hardware Fault,Critical,2025-07-31 09:00:00,,Fiber Cut
11580,9009,Fiber Cut,Critical,2025-09-29 11:00:00,2025-10-02 02:00:00,Power Outage
11581,9074,Battery Low,Minor,2025-01-19 22:00:00,2025-01-20 02:00:00,Unknown
11582,9129,Link Down,Major,2025-01-29 12:00:00,2025-01-30 16:00:00,Configuration Error
11583,9082,Link Down,Critical,2025-02-09 07:00:00,2025-02-10 11:00:00,Power Outage
11584,9140,Link Down,Major,2024-12-20 09:00:00,2024-12-20 12:00:00,Power Outage
11585,9014,Congestion,Major,2025-09-24 13:00:00,2025-09-25 00:00:00,Power Outage
11586,9100,Link Down,Major,2025-11-02 16:00:00,2025-11-05 02:00:00,
11587,9112,Software Crash,Major,2025-02-09 08:00:00,2025-02-10 21:00:00,Configuration Error
11588,9097,Hardware Fault,Minor,2025-03-10 05:00:00,2025-03-13 00:00:00,Weather Damage
11589,9126,Battery Low,Major,2026-01-31 19:00:00,2026-02-02 06:00:00,Scheduled Maintenance
11590,9009,Link Down,Minor,2025-09-24 04:00:00,2025-09-24 11:00:00,
11591,9010,Congestion,Minor,2025-03-11 12:00:00,2025-03-13 03:00:00,Equipment Failure
11592,9047,Congestion,Major,2026-01-22 14:00:00,2026-01-23 16:00:00,Equipment Failure
11593,9097,Fiber Cut,Minor,2024-11-27 01:00:00,2024-11-27 14:00:00,Weather Damage
11594,9049,Software Crash,Major,2024-11-10 04:00:00,2024-11-11 08:00:00,Unknown
11595,9106,Power Failure,Major,2026-03-29 16:00:00,2026-04-01 07:00:00,Scheduled Maintenance
11596,9053,Software Crash,Major,2025-09-07 10:00:00,2025-09-07 13:00:00,Weather Damage
11597,9122,Software Crash,Major,2024-11-15 07:00:00,2024-11-17 15:00:00,Equipment Failure
11598,9100,Hardware Fault,Critical,2024-11-13 14:00:00,2024-11-16 01:00:00,
11599,9070,Battery Low,Minor,2026-05-18 21:00:00,2026-05-21 21:00:00,Scheduled Maintenance
11600,9048,Congestion,Minor,2026-01-17 16:00:00,2026-01-18 22:00:00,Configuration Error
11601,9029,Power Failure,Minor,2025-02-23 21:00:00,2025-02-24 07:00:00,Scheduled Maintenance
11602,9052,Software Crash,Minor,2025-05-19 13:00:00,2025-05-20 06:00:00,Power Outage
11603,9048,Power Failure,Major,2026-03-26 22:00:00,2026-03-29 15:00:00,Weather Damage
11604,9137,Software Crash,Minor,2025-12-06 14:00:00,2025-12-06 15:00:00,Scheduled Maintenance
11605,9014,Power Failure,Minor,2025-11-30 06:00:00,2025-12-01 13:00:00,Scheduled Maintenance
11606,9116,Congestion,Minor,2025-07-13 06:00:00,2025-07-15 14:00:00,Scheduled Maintenance
11607,9013,Congestion,Major,2025-05-07 10:00:00,2025-05-09 23:00:00,Configuration Error
11608,9131,Link Down,Minor,2025-12-08 12:00:00,2025-12-10 04:00:00,Unknown
11609,9090,Hardware Fault,Major,2025-12-14 04:00:00,2025-12-17 00:00:00,
11610,9020,Software Crash,Critical,2025-11-16 17:00:00,2025-11-17 00:00:00,Fiber Cut
11611,9105,Link Down,Minor,2025-06-12 06:00:00,2025-06-13 10:00:00,Equipment Failure
11612,9112,Hardware Fault,Critical,2025-04-06 05:00:00,2025-04-08 14:00:00,Unknown
11613,9016,Hardware Fault,Critical,2025-12-13 13:00:00,2025-12-15 01:00:00,Fiber Cut
11614,9120,Link Down,Minor,2026-02-14 14:00:00,2026-02-14 20:00:00,Power Outage
11615,9055,Congestion,Minor,2025-12-29 20:00:00,2026-01-01 06:00:00,Configuration Error
11616,9128,Battery Low,Minor,2024-09-23 10:00:00,2024-09-24 23:00:00,Fiber Cut
11617,9076,Hardware Fault,Minor,2025-08-23 00:00:00,2025-08-25 21:00:00,Scheduled Maintenance
11618,9102,Software Crash,Minor,2024-12-06 21:00:00,2024-12-07 20:00:00,Unknown
11619,9033,Congestion,Minor,2026-06-03 12:00:00,2026-06-04 11:00:00,Scheduled Maintenance
11620,9065,Hardware Fault,Major,2025-08-24 01:00:00,2025-08-24 08:00:00,Scheduled Maintenance
11621,9067,Hardware Fault,Minor,2024-10-28 01:00:00,2024-10-29 20:00:00,Equipment Failure
11622,9111,Hardware Fault,Minor,2026-08-06 17:00:00,2026-08-09 04:00:00,Weather Damage
11623,9134,Congestion,Critical,2024-10-27 08:00:00,,Scheduled Maintenance
11624,9113,Link Down,Minor,2026-04-02 08:00:00,2026-04-03 13:00:00,Power Outage
11625,9074,Power Failure,Minor,2024-11-04 14:00:00,2024-11-06 14:00:00,Weather Damage
11626,9092,Congestion,Major,2026-01-29 07:00:00,2026-01-30 05:00:00,Power Outage
11627,9133,Link Down,Minor,2024-11-26 03:00:00,2024-11-27 05:00:00,Equipment Failure
11628,9131,Link Down,Major,2024-09-28 09:00:00,2024-09-28 23:00:00,Configuration Error
11629,9121,Power Failure,Major,2026-03-02 10:00:00,2026-03-04 11:00:00,Equipment Failure
11630,9101,Fiber Cut,Minor,2025-03-26 04:00:00,,Fiber Cut
11631,9007,Hardware Fault,Major,2024-09-09 09:00:00,2024-09-11 22:00:00,Configuration Error
11632,9067,Power Failure,Minor,2025-02-15 11:00:00,2025-02-15 19:00:00,
11633,9039,Link Down,Minor,2024-12-30 10:00:00,2024-12-31 21:00:00,Power Outage
11634,9102,Software Crash,Minor,2025-01-26 02:00:00,2025-01-28 16:00:00,Configuration Error
11635,9113,Congestion,Major,2025-07-22 01:00:00,2025-07-22 03:00:00,Unknown
11636,9144,Battery Low,Major,2025-12-02 08:00:00,2025-12-03 21:00:00,
11637,9115,Battery Low,Minor,2025-03-07 06:00:00,2025-03-09 18:00:00,
11638,9137,Power Failure,Minor,2025-07-13 06:00:00,2025-07-15 20:00:00,Weather Damage
11639,9141,Congestion,Major,2025-11-30 08:00:00,2025-11-30 18:00:00,Scheduled Maintenance
11640,9082,Software Crash,Major,2026-07-29 16:00:00,2026-07-31 18:00:00,Scheduled Maintenance
11641,9052,Link Down,Minor,2026-02-18 03:00:00,2026-02-18 10:00:00,Scheduled Maintenance
11642,9084,Battery Low,Minor,2026-07-25 17:00:00,2026-07-27 14:00:00,Equipment Failure
11643,9071,Hardware Fault,Major,2025-01-13 16:00:00,2025-01-15 09:00:00,Equipment Failure
11644,9028,Fiber Cut,Critical,2024-11-23 03:00:00,2024-11-23 08:00:00,Power Outage
11645,9124,Congestion,Major,2026-03-08 22:00:00,,Equipment Failure
11646,9140,Software Crash,Major,2025-11-28 14:00:00,2025-12-01 02:00:00,Weather Damage
11647,9142,Battery Low,Minor,2025-07-05 18:00:00,,Fiber Cut
11648,9075,Link Down,Major,2025-10-13 19:00:00,2025-10-16 02:00:00,Power Outage
11649,9127,Hardware Fault,Major,2025-05-27 18:00:00,2025-05-29 17:00:00,Configuration Error
11650,9112,Link Down,Minor,2024-10-22 12:00:00,2024-10-23 19:00:00,Fiber Cut
11651,9070,Fiber Cut,Critical,2026-04-06 06:00:00,2026-04-07 01:00:00,Configuration Error
11652,9080,Congestion,Critical,2025-03-06 00:00:00,2025-03-07 09:00:00,Equipment Failure
11653,9078,Congestion,Minor,2025-02-10 05:00:00,2025-02-10 19:00:00,Fiber Cut
11654,9101,Link Down,Critical,2026-03-07 00:00:00,2026-03-08 18:00:00,Fiber Cut
11655,9042,Fiber Cut,Major,2024-08-30 19:00:00,,Equipment Failure
11656,9127,Hardware Fault,Minor,2025-12-07 09:00:00,2025-12-08 03:00:00,Weather Damage
11657,9127,Hardware Fault,Major,2025-07-04 19:00:00,2025-07-05 00:00:00,Weather Damage
11658,9003,Battery Low,Minor,2025-09-22 02:00:00,2025-09-22 08:00:00,Configuration Error
11659,9135,Fiber Cut,Minor,2024-10-13 11:00:00,2024-10-13 18:00:00,Configuration Error
11660,9037,Link Down,Major,2026-03-03 20:00:00,2026-03-05 18:00:00,Equipment Failure
11661,9018,Fiber Cut,Major,2024-09-10 17:00:00,2024-09-10 19:00:00,
11662,9042,Software Crash,Major,2025-09-06 18:00:00,,Weather Damage
11663,9060,Congestion,Minor,2025-10-02 17:00:00,2025-10-03 13:00:00,Weather Damage
11664,9092,Software Crash,Critical,2024-10-26 05:00:00,2024-10-28 15:00:00,Unknown
11665,9148,Fiber Cut,Minor,2025-03-18 14:00:00,2025-03-19 01:00:00,Power Outage
11666,9030,Link Down,Minor,2025-10-13 00:00:00,,Configuration Error
11667,9114,Congestion,Minor,2025-12-05 21:00:00,2025-12-06 08:00:00,Unknown
11668,9148,Congestion,Critical,2026-03-01 11:00:00,2026-03-01 13:00:00,Power Outage
11669,9116,Fiber Cut,Critical,2025-08-15 07:00:00,2025-08-17 15:00:00,Unknown
11670,9143,Congestion,Minor,2025-02-13 19:00:00,2025-02-15 08:00:00,Scheduled Maintenance
11671,9147,Hardware Fault,Minor,2026-07-25 18:00:00,2026-07-26 01:00:00,Weather Damage
11672,9074,Link Down,Major,2026-06-28 23:00:00,,Weather Damage
11673,9105,Congestion,Minor,2026-07-31 18:00:00,2026-08-02 22:00:00,Weather Damage
11674,9094,Congestion,Minor,2025-09-14 05:00:00,2025-09-15 06:00:00,Power Outage
11675,9007,Fiber Cut,Minor,2025-07-04 16:00:00,2025-07-05 02:00:00,Fiber Cut
11676,9028,Congestion,Critical,2025-09-22 20:00:00,2025-09-23 11:00:00,Scheduled Maintenance
11677,9054,Hardware Fault,Major,2025-06-08 09:00:00,2025-06-11 03:00:00,Power Outage
11678,9046,Link Down,Major,2025-03-10 17:00:00,2025-03-12 20:00:00,Fiber Cut
11679,9151,Fiber Cut,Critical,2026-03-26 13:00:00,2026-03-28 08:00:00,Equipment Failure
11680,9133,Congestion,Major,2025-06-19 23:00:00,2025-06-21 02:00:00,Fiber Cut
11681,9028,Link Down,Major,2025-05-01 12:00:00,2025-05-04 09:00:00,Configuration Error
11682,9112,Fiber Cut,Minor,2025-06-17 00:00:00,2025-06-18 08:00:00,Weather Damage
11683,9114,Congestion,Major,2024-11-08 18:00:00,2024-11-10 22:00:00,Weather Damage
11684,9042,Fiber Cut,Critical,2026-08-04 13:00:00,2026-08-07 02:00:00,Configuration Error
11685,9016,Software Crash,Minor,2025-04-09 22:00:00,2025-04-12 11:00:00,Weather Damage
11686,9094,Congestion,Major,2025-03-19 06:00:00,2025-03-19 19:00:00,Unknown
11687,9137,Congestion,Major,2025-04-29 21:00:00,2025-04-30 14:00:00,Power Outage
11688,9041,Software Crash,Major,2025-06-04 20:00:00,2025-06-06 00:00:00,Weather Damage
11689,9006,Power Failure,Minor,2025-02-03 10:00:00,2025-02-05 06:00:00,Unknown
11690,9100,Hardware Fault,Minor,2025-06-15 22:00:00,2025-06-17 02:00:00,Fiber Cut
11691,9128,Power Failure,Major,2024-11-06 19:00:00,2024-11-07 17:00:00,Equipment Failure
11692,9082,Power Failure,Minor,2024-08-12 19:00:00,2024-08-15 05:00:00,Fiber Cut
11693,9030,Hardware Fault,Minor,2026-06-17 20:00:00,2026-06-19 22:00:00,Fiber Cut
11694,9009,Hardware Fault,Major,2025-08-01 07:00:00,2025-08-03 02:00:00,Weather Damage
11695,9020,Hardware Fault,Minor,2025-12-13 01:00:00,2025-12-15 03:00:00,Unknown
11696,9089,Software Crash,Critical,2025-07-01 22:00:00,2025-07-03 06:00:00,
11697,9086,Hardware Fault,Minor,2025-04-30 08:00:00,2025-04-30 18:00:00,Configuration Error
11698,9123,Congestion,Major,2025-10-21 23:00:00,2025-10-23 07:00:00,
11699,9035,Fiber Cut,Minor,2025-10-31 13:00:00,2025-11-01 18:00:00,Scheduled Maintenance
11700,9070,Battery Low,Major,2025-02-17 05:00:00,2025-02-17 10:00:00,Fiber Cut
11701,9057,Power Failure,Major,2025-05-24 21:00:00,2025-05-26 18:00:00,Configuration Error
11702,9025,Congestion,Critical,2025-07-14 06:00:00,2025-07-16 03:00:00,Weather Damage
11703,9078,Link Down,Minor,2026-07-26 14:00:00,,
11704,9108,Fiber Cut,Minor,2026-03-25 22:00:00,,Equipment Failure
11705,9069,Link Down,Minor,2026-07-10 07:00:00,2026-07-11 21:00:00,Equipment Failure
11706,9145,Congestion,Major,2026-04-24 16:00:00,2026-04-26 00:00:00,Scheduled Maintenance
11707,9128,Power Failure,Minor,2025-01-28 08:00:00,2025-01-29 21:00:00,Weather Damage
11708,9109,Fiber Cut,Major,2026-03-06 11:00:00,2026-03-08 02:00:00,Configuration Error
11709,9012,Congestion,Major,2026-07-28 10:00:00,2026-07-30 01:00:00,Scheduled Maintenance
11710,9052,Hardware Fault,Minor,2025-07-13 13:00:00,2025-07-16 09:00:00,Weather Damage
11711,9012,Congestion,Major,2026-07-27 04:00:00,2026-07-28 16:00:00,Weather Damage
11712,9139,Fiber Cut,Minor,2025-01-13 13:00:00,2025-01-14 15:00:00,Equipment Failure
11713,9126,Link Down,Major,2025-12-04 14:00:00,2025-12-05 21:00:00,Scheduled Maintenance
11714,9104,Power Failure,Major,2025-07-30 21:00:00,2025-07-31 14:00:00,
11715,9084,Fiber Cut,Critical,2024-09-02 04:00:00,2024-09-04 14:00:00,
11716,9074,Power Failure,Critical,2025-02-23 00:00:00,2025-02-23 10:00:00,Configuration Error
11717,9077,Software Crash,Minor,2025-10-19 12:00:00,2025-10-20 20:00:00,Unknown
11718,9003,Power Failure,Major,2024-10-24 18:00:00,2024-10-26 04:00:00,Power Outage
11719,9029,Power Failure,Major,2025-10-12 16:00:00,2025-10-14 12:00:00,
11720,9030,Fiber Cut,Major,2026-07-15 01:00:00,2026-07-16 03:00:00,Unknown
11721,9092,Congestion,Major,2025-09-16 17:00:00,2025-09-17 11:00:00,Power Outage
11722,9112,Battery Low,Minor,2026-07-05 06:00:00,2026-07-05 11:00:00,Fiber Cut
11723,9146,Power Failure,Minor,2026-04-15 20:00:00,2026-04-16 07:00:00,
11724,9088,Congestion,Critical,2024-12-04 19:00:00,2024-12-07 06:00:00,Configuration Error
11725,9128,Battery Low,Major,2025-05-30 18:00:00,2025-05-30 19:00:00,Configuration Error
11726,9006,Battery Low,Major,2026-01-03 09:00:00,2026-01-05 07:00:00,Scheduled Maintenance
11727,9059,Congestion,Minor,2025-07-19 16:00:00,2025-07-19 18:00:00,Unknown
11728,9004,Link Down,Minor,2026-01-26 17:00:00,2026-01-28 04:00:00,Fiber Cut
11729,9129,Battery Low,Minor,2026-03-17 17:00:00,2026-03-20 15:00:00,Unknown
11730,9145,Battery Low,Minor,2026-07-08 11:00:00,2026-07-10 06:00:00,
11731,9066,Battery Low,Minor,2025-06-19 17:00:00,2025-06-22 05:00:00,Fiber Cut
11732,9037,Hardware Fault,Minor,2026-02-03 21:00:00,2026-02-04 07:00:00,Power Outage
11733,9033,Fiber Cut,Minor,2025-06-10 04:00:00,2025-06-12 20:00:00,Scheduled Maintenance
11734,9001,Power Failure,Minor,2026-03-17 19:00:00,2026-03-20 14:00:00,Power Outage
11735,9077,Link Down,Minor,2026-08-02 09:00:00,2026-08-04 00:00:00,Configuration Error
11736,9004,Software Crash,Minor,2025-06-07 17:00:00,2025-06-07 22:00:00,Equipment Failure
11737,9013,Fiber Cut,Critical,2025-11-14 02:00:00,2025-11-16 22:00:00,
11738,9107,Power Failure,Minor,2026-01-21 07:00:00,2026-01-22 02:00:00,Unknown
11739,9026,Link Down,Major,2025-03-07 00:00:00,2025-03-07 12:00:00,Fiber Cut
11740,9098,Link Down,Major,2026-07-30 16:00:00,2026-07-31 03:00:00,Configuration Error
11741,9141,Software Crash,Minor,2026-03-13 19:00:00,2026-03-16 03:00:00,Weather Damage
11742,9113,Hardware Fault,Critical,2024-10-13 01:00:00,2024-10-15 21:00:00,
11743,9114,Fiber Cut,Minor,2026-05-17 23:00:00,2026-05-20 16:00:00,Power Outage
11744,9138,Congestion,Critical,2025-01-17 12:00:00,2025-01-20 02:00:00,Power Outage
11745,9128,Link Down,Major,2024-09-22 21:00:00,2024-09-22 22:00:00,Unknown
11746,9004,Fiber Cut,Critical,2026-06-12 20:00:00,2026-06-13 12:00:00,Fiber Cut
11747,9098,Hardware Fault,Critical,2026-05-02 08:00:00,,Weather Damage
11748,9018,Congestion,Minor,2025-01-23 21:00:00,,Power Outage
11749,9103,Software Crash,Minor,2024-11-28 13:00:00,2024-11-29 17:00:00,Unknown
11750,9025,Congestion,Critical,2025-12-11 09:00:00,2025-12-14 09:00:00,Configuration Error
11751,9081,Congestion,Minor,2026-07-21 22:00:00,2026-07-23 09:00:00,Power Outage
11752,9007,Link Down,Minor,2025-09-11 09:00:00,2025-09-12 10:00:00,
11753,9127,Battery Low,Critical,2026-04-09 04:00:00,2026-04-11 22:00:00,Equipment Failure
11754,9107,Fiber Cut,Major,2025-10-09 21:00:00,2025-10-11 23:00:00,Fiber Cut
11755,9077,Battery Low,Minor,2025-10-03 12:00:00,2025-10-04 22:00:00,Unknown
11756,9106,Hardware Fault,Minor,2024-11-08 15:00:00,2024-11-09 08:00:00,Power Outage
11757,9046,Software Crash,Minor,2025-06-20 01:00:00,2025-06-21 07:00:00,Weather Damage
11758,9041,Power Failure,Minor,2026-03-22 22:00:00,2026-03-25 09:00:00,Equipment Failure
11759,9125,Power Failure,Major,2024-10-29 02:00:00,2024-10-29 09:00:00,Equipment Failure
11760,9020,Battery Low,Major,2025-01-23 19:00:00,2025-01-25 04:00:00,Scheduled Maintenance
11761,9028,Hardware Fault,Minor,2025-08-16 11:00:00,2025-08-18 13:00:00,
11762,9034,Congestion,Minor,2025-12-25 14:00:00,2025-12-26 03:00:00,Unknown
11763,9131,Congestion,Minor,2026-01-12 03:00:00,2026-01-13 19:00:00,Equipment Failure
11764,9122,Power Failure,Major,2024-12-23 10:00:00,2024-12-23 12:00:00,Fiber Cut
11765,9010,Link Down,Minor,2026-06-18 06:00:00,2026-06-19 09:00:00,Scheduled Maintenance
11766,9069,Hardware Fault,Major,2024-11-27 00:00:00,2024-11-27 19:00:00,Fiber Cut
11767,9130,Power Failure,Critical,2026-04-28 14:00:00,2026-05-01 00:00:00,Unknown
11768,9150,Hardware Fault,Critical,2026-02-07 00:00:00,,Power Outage
11769,9023,Fiber Cut,Minor,2025-03-02 08:00:00,2025-03-05 03:00:00,Weather Damage
11770,9038,Congestion,Major,2025-07-31 02:00:00,2025-08-02 22:00:00,Unknown
11771,9119,Link Down,Minor,2025-01-18 09:00:00,2025-01-20 17:00:00,Configuration Error
11772,9019,Fiber Cut,Major,2025-05-27 00:00:00,2025-05-28 16:00:00,Configuration Error
11773,9050,Hardware Fault,Minor,2025-03-21 09:00:00,,Fiber Cut
11774,9077,Congestion,Minor,2026-05-02 17:00:00,2026-05-04 01:00:00,Equipment Failure
11775,9045,Congestion,Major,2025-07-19 05:00:00,2025-07-21 15:00:00,Fiber Cut
11776,9049,Hardware Fault,Critical,2025-10-09 19:00:00,2025-10-10 04:00:00,Fiber Cut
11777,9056,Congestion,Minor,2025-11-11 10:00:00,2025-11-12 22:00:00,Scheduled Maintenance
11778,9141,Power Failure,Critical,2024-12-03 00:00:00,2024-12-03 15:00:00,Unknown
11779,9026,Power Failure,Major,2025-10-06 20:00:00,,Weather Damage
11780,9058,Fiber Cut,Minor,2025-02-05 20:00:00,2025-02-07 02:00:00,Configuration Error
11781,9085,Hardware Fault,Minor,2026-01-03 14:00:00,2026-01-05 19:00:00,Scheduled Maintenance
11782,9014,Power Failure,Major,2025-01-15 03:00:00,2025-01-17 00:00:00,Fiber Cut
11783,9075,Battery Low,Major,2026-01-12 01:00:00,2026-01-13 02:00:00,Fiber Cut
11784,9089,Software Crash,Critical,2025-07-24 11:00:00,2025-07-25 22:00:00,Scheduled Maintenance
11785,9118,Link Down,Minor,2025-04-25 15:00:00,2025-04-28 06:00:00,Configuration Error
11786,9080,Hardware Fault,Minor,2026-05-30 01:00:00,2026-06-01 04:00:00,Scheduled Maintenance
11787,9079,Congestion,Major,2026-05-11 22:00:00,2026-05-13 21:00:00,
11788,9109,Fiber Cut,Major,2026-07-07 14:00:00,2026-07-08 12:00:00,Power Outage
11789,9141,Hardware Fault,Minor,2025-12-04 14:00:00,2025-12-07 05:00:00,Fiber Cut
11790,9148,Hardware Fault,Major,2026-01-20 09:00:00,2026-01-21 00:00:00,Unknown
11791,9119,Software Crash,Major,2024-11-19 16:00:00,2024-11-21 21:00:00,Power Outage
11792,9039,Software Crash,Major,2025-04-20 11:00:00,2025-04-21 07:00:00,Configuration Error
11793,9117,Congestion,Major,2025-08-14 13:00:00,2025-08-15 18:00:00,Configuration Error
11794,9139,Congestion,Minor,2026-06-11 12:00:00,2026-06-13 10:00:00,Fiber Cut
11795,9103,Fiber Cut,Major,2025-01-10 13:00:00,2025-01-12 01:00:00,Weather Damage
11796,9127,Congestion,Minor,2026-03-11 13:00:00,2026-03-12 19:00:00,Unknown
11797,9149,Battery Low,Minor,2026-04-30 20:00:00,2026-05-01 01:00:00,
11798,9139,Congestion,Minor,2026-01-28 09:00:00,2026-01-29 10:00:00,Power Outage
11799,9093,Hardware Fault,Critical,2025-04-21 16:00:00,2025-04-23 08:00:00,Fiber Cut
11800,9088,Fiber Cut,Major,2025-09-01 03:00:00,2025-09-01 11:00:00,
11801,9026,Battery Low,Critical,2026-01-08 12:00:00,2026-01-09 16:00:00,Fiber Cut
11802,9075,Software Crash,Minor,2026-06-12 17:00:00,2026-06-13 20:00:00,Configuration Error
11803,9147,Hardware Fault,Major,2025-07-17 18:00:00,2025-07-20 06:00:00,Equipment Failure
11804,9047,Hardware Fault,Minor,2025-06-12 07:00:00,2025-06-13 18:00:00,Unknown
11805,9109,Link Down,Major,2025-01-19 03:00:00,2025-01-22 02:00:00,Configuration Error
11806,9051,Battery Low,Minor,2025-07-31 08:00:00,2025-08-01 22:00:00,Scheduled Maintenance
11807,9067,Fiber Cut,Minor,2025-07-08 03:00:00,2025-07-09 23:00:00,Fiber Cut
11808,9125,Power Failure,Major,2024-09-29 00:00:00,2024-09-29 05:00:00,Equipment Failure
11809,9036,Congestion,Major,2025-07-23 13:00:00,2025-07-24 23:00:00,Configuration Error
11810,9030,Link Down,Minor,2025-09-16 20:00:00,2025-09-19 15:00:00,Power Outage
11811,9009,Congestion,Major,2026-01-24 02:00:00,2026-01-27 02:00:00,Unknown
11812,9095,Fiber Cut,Minor,2025-06-17 22:00:00,2025-06-18 16:00:00,Unknown
11813,9071,Software Crash,Minor,2026-07-24 01:00:00,2026-07-26 05:00:00,Power Outage
11814,9030,Software Crash,Major,2025-01-15 22:00:00,2025-01-18 12:00:00,Fiber Cut
11815,9074,Fiber Cut,Major,2024-11-27 01:00:00,2024-11-29 19:00:00,
11816,9009,Hardware Fault,Major,2025-04-17 17:00:00,2025-04-18 16:00:00,Unknown
11817,9142,Power Failure,Minor,2026-05-31 14:00:00,2026-06-01 23:00:00,Power Outage
11818,9018,Power Failure,Critical,2024-09-21 19:00:00,,Configuration Error
11819,9125,Software Crash,Critical,2025-03-15 02:00:00,2025-03-15 14:00:00,Power Outage
11820,9136,Power Failure,Minor,2026-04-01 07:00:00,2026-04-03 13:00:00,Equipment Failure
11821,9041,Power Failure,Minor,2026-06-22 10:00:00,2026-06-23 00:00:00,Configuration Error
11822,9090,Battery Low,Minor,2025-07-19 08:00:00,2025-07-19 12:00:00,Equipment Failure
11823,9027,Battery Low,Minor,2025-04-05 19:00:00,2025-04-07 21:00:00,Scheduled Maintenance
11824,9127,Battery Low,Minor,2026-03-17 00:00:00,2026-03-17 13:00:00,Unknown
11825,9043,Software Crash,Major,2024-09-27 12:00:00,2024-09-29 18:00:00,Unknown
11826,9062,Power Failure,Major,2024-12-04 11:00:00,2024-12-05 18:00:00,Unknown
11827,9105,Fiber Cut,Minor,2024-10-08 02:00:00,2024-10-09 15:00:00,Unknown
11828,9026,Software Crash,Minor,2026-01-01 16:00:00,2026-01-03 09:00:00,Fiber Cut
11829,9119,Power Failure,Minor,2025-08-22 07:00:00,2025-08-23 19:00:00,
11830,9103,Battery Low,Major,2025-05-15 20:00:00,2025-05-17 04:00:00,Configuration Error
11831,9124,Hardware Fault,Minor,2026-06-19 13:00:00,2026-06-20 08:00:00,Power Outage
11832,9019,Fiber Cut,Minor,2025-09-02 16:00:00,2025-09-02 22:00:00,Power Outage
11833,9056,Power Failure,Minor,2025-04-06 13:00:00,2025-04-07 02:00:00,Configuration Error
11834,9018,Software Crash,Major,2025-08-01 06:00:00,2025-08-03 17:00:00,Scheduled Maintenance
11835,9144,Software Crash,Critical,2024-08-31 15:00:00,2024-09-03 10:00:00,Scheduled Maintenance
11836,9075,Link Down,Minor,2025-05-13 14:00:00,2025-05-16 01:00:00,Unknown
11837,9001,Software Crash,Critical,2025-06-26 20:00:00,2025-06-28 11:00:00,Power Outage
11838,9064,Power Failure,Minor,2024-08-09 02:00:00,2024-08-10 08:00:00,Unknown
11839,9044,Fiber Cut,Minor,2024-08-20 01:00:00,2024-08-22 03:00:00,Fiber Cut
11840,9111,Congestion,Major,2024-11-10 22:00:00,2024-11-11 00:00:00,
11841,9115,Hardware Fault,Major,2025-12-14 18:00:00,2025-12-15 18:00:00,
11842,9028,Link Down,Major,2025-07-16 23:00:00,2025-07-17 04:00:00,Unknown
11843,9002,Hardware Fault,Critical,2026-06-29 01:00:00,2026-06-30 04:00:00,Fiber Cut
11844,9015,Congestion,Minor,2026-04-25 09:00:00,2026-04-26 12:00:00,Weather Damage
11845,9127,Congestion,Major,2025-09-03 06:00:00,2025-09-05 02:00:00,
11846,9084,Hardware Fault,Major,2026-03-04 11:00:00,2026-03-04 15:00:00,Equipment Failure
11847,9091,Congestion,Major,2026-06-08 11:00:00,2026-06-10 03:00:00,Equipment Failure
11848,9060,Fiber Cut,Critical,2026-08-06 02:00:00,2026-08-06 15:00:00,Scheduled Maintenance
11849,9044,Power Failure,Major,2025-07-15 02:00:00,2025-07-16 04:00:00,Weather Damage
11850,9113,Battery Low,Major,2025-01-14 18:00:00,2025-01-17 16:00:00,Scheduled Maintenance
11851,9112,Hardware Fault,Minor,2026-02-03 00:00:00,2026-02-04 07:00:00,Equipment Failure
11852,9042,Fiber Cut,Minor,2025-07-09 14:00:00,2025-07-11 08:00:00,Scheduled Maintenance
11853,9140,Battery Low,Major,2025-12-28 21:00:00,2025-12-30 01:00:00,
11854,9130,Congestion,Minor,2024-12-05 23:00:00,2024-12-08 18:00:00,Unknown
11855,9056,Link Down,Major,2024-10-16 21:00:00,,Unknown
11856,9022,Power Failure,Major,2024-10-20 03:00:00,,Unknown
11857,9064,Fiber Cut,Minor,2026-04-12 08:00:00,2026-04-12 21:00:00,Equipment Failure
11858,9027,Congestion,Major,2026-08-08 15:00:00,2026-08-10 18:00:00,Scheduled Maintenance
11859,9051,Fiber Cut,Minor,2026-04-22 07:00:00,2026-04-22 17:00:00,Weather Damage
11860,9116,Congestion,Major,2025-02-21 01:00:00,2025-02-21 23:00:00,Scheduled Maintenance
11861,9052,Battery Low,Minor,2026-01-22 12:00:00,2026-01-24 15:00:00,Equipment Failure
11862,9140,Power Failure,Major,2026-02-25 02:00:00,2026-02-26 23:00:00,Power Outage
11863,9142,Congestion,Minor,2025-01-28 12:00:00,2025-01-29 23:00:00,Weather Damage
11864,9073,Congestion,Major,2025-10-26 15:00:00,2025-10-27 21:00:00,
11865,9114,Power Failure,Critical,2025-04-04 21:00:00,2025-04-05 00:00:00,Fiber Cut
11866,9151,Software Crash,Major,2026-04-22 18:00:00,2026-04-24 16:00:00,Scheduled Maintenance
11867,9136,Power Failure,Minor,2025-08-05 07:00:00,2025-08-06 10:00:00,Weather Damage
11868,9120,Fiber Cut,Minor,2025-08-27 08:00:00,2025-08-29 04:00:00,Unknown
11869,9096,Battery Low,Major,2025-12-27 17:00:00,2025-12-29 01:00:00,Scheduled Maintenance
11870,9025,Power Failure,Major,2024-11-08 03:00:00,2024-11-09 21:00:00,Scheduled Maintenance
11871,9004,Congestion,Minor,2025-12-24 06:00:00,2025-12-26 18:00:00,Scheduled Maintenance
11872,9097,Hardware Fault,Minor,2025-10-17 02:00:00,2025-10-18 19:00:00,Scheduled Maintenance
11873,9017,Congestion,Major,2025-11-15 11:00:00,2025-11-16 15:00:00,Fiber Cut
11874,9148,Power Failure,Major,2025-05-02 11:00:00,2025-05-05 01:00:00,Power Outage
11875,9004,Software Crash,Minor,2026-05-10 21:00:00,2026-05-13 21:00:00,Equipment Failure
11876,9077,Congestion,Minor,2026-07-29 14:00:00,2026-07-31 23:00:00,Configuration Error
11877,9014,Congestion,Major,2025-06-08 20:00:00,2025-06-09 18:00:00,Fiber Cut
11878,9091,Battery Low,Minor,2026-03-02 13:00:00,2026-03-05 00:00:00,Equipment Failure
11879,9135,Battery Low,Minor,2024-12-03 06:00:00,2024-12-06 05:00:00,Weather Damage
11880,9127,Congestion,Minor,2025-10-31 02:00:00,2025-11-01 23:00:00,Equipment Failure
11881,9079,Power Failure,Major,2026-05-08 19:00:00,2026-05-10 06:00:00,Equipment Failure
11882,9118,Hardware Fault,Minor,2024-08-22 01:00:00,2024-08-25 01:00:00,
11883,9006,Battery Low,Minor,2024-08-08 19:00:00,2024-08-10 15:00:00,Configuration Error
11884,9131,Link Down,Minor,2025-07-10 05:00:00,,Fiber Cut
11885,9116,Battery Low,Minor,2025-04-26 23:00:00,2025-04-29 23:00:00,
11886,9037,Hardware Fault,Minor,2025-09-17 08:00:00,2025-09-20 00:00:00,Configuration Error
11887,9093,Link Down,Minor,2025-12-09 15:00:00,2025-12-12 05:00:00,
11888,9066,Fiber Cut,Major,2025-10-31 01:00:00,2025-11-02 19:00:00,Unknown
11889,9015,Battery Low,Major,2024-12-12 19:00:00,2024-12-14 09:00:00,Equipment Failure
11890,9134,Congestion,Major,2025-08-12 01:00:00,2025-08-14 12:00:00,Fiber Cut
11891,9082,Congestion,Minor,2025-10-05 15:00:00,2025-10-06 03:00:00,Equipment Failure
11892,9115,Power Failure,Critical,2025-04-25 02:00:00,2025-04-26 10:00:00,Power Outage
11893,9038,Congestion,Major,2025-04-20 15:00:00,2025-04-20 16:00:00,Scheduled Maintenance
11894,9055,Fiber Cut,Major,2024-09-25 01:00:00,2024-09-27 01:00:00,Unknown
11895,9100,Congestion,Minor,2025-07-28 23:00:00,2025-07-31 20:00:00,Weather Damage
11896,9069,Software Crash,Minor,2026-01-05 02:00:00,2026-01-06 04:00:00,Configuration Error
11897,9078,Hardware Fault,Minor,2025-08-17 16:00:00,2025-08-18 10:00:00,
11898,9045,Hardware Fault,Minor,2025-03-22 12:00:00,2025-03-22 15:00:00,Unknown
11899,9077,Link Down,Critical,2025-02-02 15:00:00,2025-02-04 04:00:00,Power Outage
11900,9056,Link Down,Critical,2026-01-31 04:00:00,2026-02-01 09:00:00,Fiber Cut
11901,9099,Fiber Cut,Minor,2024-12-13 05:00:00,2024-12-14 08:00:00,Unknown
11902,9040,Power Failure,Critical,2024-11-29 06:00:00,2024-12-01 10:00:00,Equipment Failure
11903,9140,Software Crash,Major,2025-04-01 04:00:00,2025-04-01 13:00:00,Equipment Failure
11904,9017,Hardware Fault,Critical,2025-03-25 14:00:00,2025-03-28 08:00:00,Unknown
11905,9095,Fiber Cut,Minor,2025-11-29 02:00:00,,Scheduled Maintenance
11906,9007,Software Crash,Minor,2025-01-19 00:00:00,2025-01-19 16:00:00,Equipment Failure
11907,9098,Congestion,Minor,2026-06-20 06:00:00,2026-06-21 00:00:00,Power Outage
11908,9021,Battery Low,Minor,2025-05-16 18:00:00,2025-05-17 20:00:00,Scheduled Maintenance
11909,9093,Battery Low,Major,2026-05-31 01:00:00,2026-06-02 01:00:00,Configuration Error
11910,9122,Battery Low,Major,2025-07-08 12:00:00,2025-07-09 23:00:00,
11911,9041,Power Failure,Critical,2025-02-09 20:00:00,2025-02-12 18:00:00,Weather Damage
11912,9114,Hardware Fault,Major,2025-06-21 21:00:00,2025-06-22 15:00:00,Fiber Cut
11913,9032,Link Down,Minor,2025-08-19 07:00:00,2025-08-19 14:00:00,Unknown
11914,9106,Link Down,Minor,2025-01-05 11:00:00,2025-01-05 15:00:00,Fiber Cut
11915,9138,Software Crash,Major,2025-06-27 13:00:00,2025-06-29 06:00:00,Scheduled Maintenance
11916,9016,Fiber Cut,Minor,2025-01-30 09:00:00,2025-01-31 14:00:00,Power Outage
11917,9026,Link Down,Major,2026-07-18 11:00:00,2026-07-19 22:00:00,Weather Damage
11918,9012,Software Crash,Minor,2025-02-25 14:00:00,2025-02-26 12:00:00,
11919,9105,Power Failure,Critical,2026-07-06 12:00:00,2026-07-08 09:00:00,Power Outage
11920,9110,Link Down,Minor,2026-04-14 16:00:00,2026-04-14 20:00:00,Scheduled Maintenance
11921,9094,Congestion,Critical,2026-04-27 03:00:00,2026-04-27 20:00:00,Weather Damage
11922,9102,Fiber Cut,Minor,2025-01-17 08:00:00,2025-01-18 22:00:00,Unknown
11923,9049,Link Down,Major,2025-04-22 08:00:00,,Equipment Failure
11924,9022,Fiber Cut,Minor,2025-08-24 18:00:00,2025-08-25 22:00:00,Power Outage
11925,9025,Software Crash,Minor,2025-02-16 08:00:00,2025-02-17 18:00:00,
11926,9016,Link Down,Major,2025-07-06 18:00:00,2025-07-09 08:00:00,Equipment Failure
11927,9029,Software Crash,Major,2024-12-22 07:00:00,2024-12-24 08:00:00,Configuration Error
11928,9022,Software Crash,Major,2025-03-27 17:00:00,2025-03-29 18:00:00,Power Outage
11929,9018,Fiber Cut,Major,2024-09-30 14:00:00,2024-09-30 18:00:00,Configuration Error
11930,9021,Congestion,Major,2025-03-21 00:00:00,2025-03-21 12:00:00,Fiber Cut
11931,9098,Link Down,Minor,2025-01-27 19:00:00,2025-01-29 10:00:00,Fiber Cut
11932,9106,Software Crash,Minor,2025-01-20 14:00:00,2025-01-22 00:00:00,Weather Damage
11933,9002,Fiber Cut,Major,2025-01-31 12:00:00,2025-02-02 05:00:00,Weather Damage
11934,9091,Battery Low,Critical,2025-04-19 21:00:00,2025-04-21 20:00:00,
11935,9069,Fiber Cut,Minor,2026-03-12 10:00:00,,Fiber Cut
11936,9143,Hardware Fault,Minor,2025-07-08 15:00:00,2025-07-08 22:00:00,Scheduled Maintenance
11937,9141,Software Crash,Minor,2025-05-23 02:00:00,2025-05-25 20:00:00,Weather Damage
11938,9009,Battery Low,Minor,2025-09-22 06:00:00,2025-09-23 10:00:00,Configuration Error
11939,9025,Hardware Fault,Major,2025-06-27 22:00:00,2025-06-29 17:00:00,Scheduled Maintenance
11940,9140,Software Crash,Minor,2025-12-21 20:00:00,2025-12-22 06:00:00,Fiber Cut
11941,9141,Hardware Fault,Minor,2025-10-05 18:00:00,2025-10-06 20:00:00,Unknown
11942,9047,Software Crash,Minor,2026-03-10 19:00:00,2026-03-11 21:00:00,
11943,9044,Battery Low,Minor,2025-12-21 18:00:00,2025-12-21 20:00:00,Fiber Cut
11944,9103,Fiber Cut,Minor,2025-05-12 03:00:00,2025-05-14 08:00:00,Fiber Cut
11945,9074,Link Down,Major,2025-01-24 01:00:00,,Unknown
11946,9021,Hardware Fault,Minor,2024-08-10 07:00:00,2024-08-12 22:00:00,Equipment Failure
11947,9057,Link Down,Minor,2025-12-25 06:00:00,,Power Outage
11948,9107,Link Down,Minor,2025-02-24 21:00:00,2025-02-25 18:00:00,Configuration Error
11949,9036,Battery Low,Minor,2024-08-11 03:00:00,2024-08-12 12:00:00,Weather Damage
11950,9128,Battery Low,Minor,2025-01-13 19:00:00,2025-01-16 14:00:00,Unknown
11951,9044,Battery Low,Minor,2024-08-17 20:00:00,2024-08-20 13:00:00,Configuration Error
11952,9072,Software Crash,Major,2025-11-02 20:00:00,,Fiber Cut
11953,9058,Congestion,Minor,2025-04-05 17:00:00,2025-04-07 06:00:00,Configuration Error
11954,9119,Congestion,Major,2026-07-24 13:00:00,2026-07-25 08:00:00,Configuration Error
11955,9115,Congestion,Minor,2024-09-04 18:00:00,2024-09-06 11:00:00,Equipment Failure
11956,9115,Power Failure,Critical,2025-03-07 17:00:00,2025-03-09 06:00:00,
11957,9121,Link Down,Major,2026-06-01 08:00:00,,Configuration Error
11958,9068,Software Crash,Minor,2025-02-11 08:00:00,2025-02-13 21:00:00,Weather Damage
11959,9042,Battery Low,Minor,2026-01-29 23:00:00,2026-02-01 22:00:00,
11960,9068,Congestion,Major,2025-08-13 07:00:00,2025-08-13 10:00:00,Equipment Failure
11961,9106,Hardware Fault,Minor,2026-06-25 23:00:00,2026-06-27 08:00:00,Unknown
11962,9091,Fiber Cut,Minor,2024-09-14 08:00:00,2024-09-15 03:00:00,Scheduled Maintenance
11963,9049,Software Crash,Minor,2025-07-28 03:00:00,2025-07-28 15:00:00,Equipment Failure
11964,9151,Hardware Fault,Major,2026-05-23 06:00:00,2026-05-25 02:00:00,Power Outage
11965,9016,Hardware Fault,Minor,2024-09-11 07:00:00,2024-09-11 19:00:00,
11966,9081,Link Down,Minor,2024-12-08 12:00:00,2024-12-11 09:00:00,Unknown
11967,9040,Hardware Fault,Minor,2025-08-29 14:00:00,2025-08-30 17:00:00,Power Outage
11968,9039,Software Crash,Minor,2026-02-03 10:00:00,2026-02-03 14:00:00,Unknown
11969,9066,Power Failure,Critical,2024-10-24 12:00:00,2024-10-26 16:00:00,
11970,9060,Fiber Cut,Minor,2026-03-24 15:00:00,2026-03-25 07:00:00,Equipment Failure
11971,9075,Software Crash,Minor,2024-10-28 12:00:00,2024-10-29 14:00:00,Power Outage
11972,9054,Battery Low,Minor,2024-11-04 09:00:00,2024-11-05 13:00:00,Unknown
11973,9068,Fiber Cut,Minor,2025-12-19 10:00:00,2025-12-20 08:00:00,Scheduled Maintenance
11974,9113,Battery Low,Minor,2025-06-05 14:00:00,2025-06-06 04:00:00,
11975,9109,Battery Low,Major,2026-04-04 20:00:00,2026-04-06 10:00:00,Scheduled Maintenance
11976,9113,Link Down,Minor,2025-10-01 17:00:00,,Unknown
11977,9008,Power Failure,Major,2025-07-16 01:00:00,2025-07-18 08:00:00,Configuration Error
11978,9018,Fiber Cut,Minor,2025-04-03 11:00:00,2025-04-04 15:00:00,Configuration Error
11979,9035,Fiber Cut,Minor,2025-10-25 17:00:00,2025-10-26 02:00:00,Power Outage
11980,9088,Hardware Fault,Minor,2025-06-23 21:00:00,2025-06-24 14:00:00,Equipment Failure
11981,9015,Link Down,Minor,2025-07-14 17:00:00,2025-07-16 04:00:00,Scheduled Maintenance
11982,9108,Software Crash,Critical,2026-05-11 21:00:00,2026-05-13 14:00:00,Power Outage
11983,9025,Hardware Fault,Major,2026-06-16 02:00:00,2026-06-18 05:00:00,Unknown
11984,9100,Battery Low,Major,2024-11-15 10:00:00,2024-11-15 15:00:00,Fiber Cut
11985,9109,Link Down,Major,2025-12-02 00:00:00,2025-12-04 12:00:00,
11986,9059,Congestion,Minor,2026-07-22 15:00:00,2026-07-24 03:00:00,Scheduled Maintenance
11987,9067,Battery Low,Minor,2026-03-21 14:00:00,2026-03-22 07:00:00,Unknown
11988,9096,Link Down,Minor,2026-02-25 16:00:00,,Fiber Cut
11989,9090,Hardware Fault,Minor,2026-04-22 09:00:00,,Equipment Failure
11990,9114,Congestion,Minor,2026-01-22 13:00:00,2026-01-22 16:00:00,
11991,9046,Hardware Fault,Major,2024-11-05 17:00:00,2024-11-08 14:00:00,Unknown
11992,9122,Fiber Cut,Major,2025-08-17 09:00:00,2025-08-19 13:00:00,Scheduled Maintenance
11993,9002,Battery Low,Minor,2025-07-29 21:00:00,2025-07-30 05:00:00,Unknown
11994,9053,Link Down,Major,2026-07-19 12:00:00,2026-07-22 00:00:00,Configuration Error
11995,9018,Link Down,Minor,2026-06-14 05:00:00,2026-06-14 10:00:00,Fiber Cut
11996,9089,Link Down,Major,2025-12-13 17:00:00,2025-12-16 08:00:00,Configuration Error
11997,9037,Fiber Cut,Minor,2024-08-27 07:00:00,2024-08-29 12:00:00,Equipment Failure
11998,9101,Fiber Cut,Minor,2024-11-24 20:00:00,2024-11-27 20:00:00,Power Outage
11999,9078,Software Crash,Minor,2025-03-14 09:00:00,2025-03-15 23:00:00,
12000,9084,Power Failure,Major,2026-05-26 22:00:00,2026-05-29 00:00:00,Configuration Error
12001,9008,Hardware Fault,Critical,2024-10-25 04:00:00,2024-10-25 20:00:00,Configuration Error
12002,9136,Power Failure,Minor,2025-06-14 23:00:00,2025-06-15 15:00:00,Weather Damage
12003,9140,Link Down,Minor,2025-05-13 09:00:00,,Equipment Failure
12004,9077,Hardware Fault,Major,2026-05-18 16:00:00,2026-05-19 12:00:00,Configuration Error
12005,9003,Fiber Cut,Minor,2026-07-05 22:00:00,2026-07-08 15:00:00,Scheduled Maintenance
12006,9124,Software Crash,Minor,2026-07-08 06:00:00,2026-07-08 09:00:00,Weather Damage
12007,9149,Congestion,Major,2026-06-16 08:00:00,2026-06-17 20:00:00,Fiber Cut
12008,9018,Link Down,Major,2026-05-02 13:00:00,2026-05-05 07:00:00,Unknown
12009,9052,Link Down,Minor,2025-06-09 17:00:00,2025-06-11 23:00:00,
12010,9093,Battery Low,Major,2025-08-16 08:00:00,2025-08-19 04:00:00,Scheduled Maintenance
12011,9089,Link Down,Minor,2025-10-16 17:00:00,2025-10-19 01:00:00,Fiber Cut
12012,9057,Fiber Cut,Minor,2024-11-17 07:00:00,2024-11-18 07:00:00,Power Outage
12013,9094,Battery Low,Critical,2026-06-06 09:00:00,2026-06-07 07:00:00,Unknown
12014,9037,Battery Low,Critical,2024-10-11 11:00:00,2024-10-13 09:00:00,Power Outage
12015,9035,Fiber Cut,Major,2025-11-13 19:00:00,2025-11-16 13:00:00,Weather Damage
12016,9134,Fiber Cut,Major,2025-09-14 07:00:00,2025-09-16 23:00:00,
12017,9020,Software Crash,Minor,2026-05-02 17:00:00,2026-05-02 20:00:00,Weather Damage
12018,9035,Congestion,Minor,2025-04-05 22:00:00,2025-04-08 17:00:00,Unknown
12019,9076,Battery Low,Minor,2025-05-10 05:00:00,2025-05-11 08:00:00,Configuration Error
12020,9085,Fiber Cut,Major,2024-12-14 16:00:00,2024-12-17 13:00:00,Fiber Cut
12021,9109,Battery Low,Minor,2024-12-26 13:00:00,2024-12-28 10:00:00,Configuration Error
12022,9080,Fiber Cut,Minor,2026-02-26 13:00:00,2026-02-27 10:00:00,Equipment Failure
12023,9100,Software Crash,Minor,2025-02-18 19:00:00,2025-02-20 20:00:00,Fiber Cut
12024,9044,Hardware Fault,Major,2026-07-12 09:00:00,2026-07-12 21:00:00,Scheduled Maintenance
12025,9020,Hardware Fault,Minor,2026-06-14 20:00:00,2026-06-15 20:00:00,Unknown
12026,9046,Link Down,Major,2026-06-16 10:00:00,,Power Outage
12027,9149,Power Failure,Minor,2026-01-08 11:00:00,2026-01-09 13:00:00,Power Outage
12028,9040,Software Crash,Critical,2025-04-11 09:00:00,2025-04-12 18:00:00,Weather Damage
12029,9127,Congestion,Major,2025-07-03 22:00:00,2025-07-06 22:00:00,Configuration Error
12030,9071,Software Crash,Major,2026-06-06 11:00:00,2026-06-06 12:00:00,Equipment Failure
12031,9118,Congestion,Minor,2026-07-25 10:00:00,2026-07-27 12:00:00,
12032,9076,Software Crash,Minor,2026-01-01 21:00:00,2026-01-03 19:00:00,Power Outage
12033,9129,Link Down,Major,2025-06-22 15:00:00,2025-06-24 22:00:00,Scheduled Maintenance
12034,9102,Power Failure,Critical,2025-06-02 06:00:00,2025-06-04 16:00:00,Weather Damage
12035,9015,Hardware Fault,Major,2025-08-19 08:00:00,2025-08-21 16:00:00,Weather Damage
12036,9147,Hardware Fault,Minor,2026-03-15 00:00:00,2026-03-17 14:00:00,Scheduled Maintenance
12037,9038,Congestion,Minor,2025-09-04 13:00:00,2025-09-07 11:00:00,Scheduled Maintenance
12038,9001,Link Down,Major,2025-04-01 02:00:00,2025-04-02 23:00:00,Scheduled Maintenance
12039,9083,Software Crash,Minor,2024-10-31 16:00:00,2024-11-02 18:00:00,Weather Damage
12040,9059,Congestion,Minor,2026-06-24 10:00:00,2026-06-25 07:00:00,Scheduled Maintenance
12041,9111,Power Failure,Minor,2024-12-02 14:00:00,2024-12-04 04:00:00,Configuration Error
12042,9111,Link Down,Minor,2024-11-17 22:00:00,2024-11-20 13:00:00,Scheduled Maintenance
12043,9128,Battery Low,Major,2024-11-21 06:00:00,2024-11-22 23:00:00,Unknown
12044,9074,Congestion,Minor,2025-10-30 22:00:00,2025-10-31 22:00:00,Scheduled Maintenance
12045,9007,Link Down,Minor,2024-10-18 21:00:00,2024-10-20 14:00:00,Weather Damage
12046,9135,Hardware Fault,Major,2025-04-06 09:00:00,2025-04-09 04:00:00,Configuration Error
12047,9079,Hardware Fault,Major,2025-07-29 15:00:00,2025-07-31 20:00:00,
12048,9028,Congestion,Minor,2024-11-15 04:00:00,,Unknown
12049,9122,Power Failure,Major,2024-08-14 06:00:00,2024-08-15 05:00:00,Scheduled Maintenance
12050,9093,Congestion,Critical,2025-02-02 19:00:00,2025-02-05 03:00:00,Configuration Error
12051,9045,Hardware Fault,Critical,2026-07-13 19:00:00,2026-07-16 13:00:00,Equipment Failure
12052,9040,Link Down,Major,2024-09-18 09:00:00,2024-09-18 21:00:00,Configuration Error
12053,9108,Battery Low,Major,2026-06-25 10:00:00,2026-06-25 21:00:00,Configuration Error
12054,9058,Battery Low,Major,2025-07-12 19:00:00,2025-07-15 08:00:00,Configuration Error
12055,9102,Link Down,Critical,2025-07-28 14:00:00,,Equipment Failure
12056,9062,Power Failure,Major,2025-06-01 22:00:00,2025-06-04 22:00:00,Configuration Error
12057,9109,Congestion,Minor,2026-04-13 00:00:00,2026-04-13 06:00:00,
12058,9030,Fiber Cut,Major,2025-07-12 11:00:00,2025-07-15 02:00:00,Fiber Cut
12059,9009,Hardware Fault,Major,2025-07-03 09:00:00,2025-07-05 09:00:00,Equipment Failure
12060,9102,Link Down,Minor,2024-08-17 15:00:00,,Configuration Error
12061,9087,Power Failure,Critical,2026-07-08 18:00:00,2026-07-09 22:00:00,Scheduled Maintenance
12062,9128,Fiber Cut,Minor,2024-12-09 04:00:00,2024-12-11 03:00:00,Fiber Cut
12063,9119,Software Crash,Major,2026-05-28 05:00:00,2026-05-28 21:00:00,Unknown
12064,9021,Power Failure,Minor,2025-06-23 15:00:00,2025-06-26 03:00:00,Scheduled Maintenance
12065,9118,Software Crash,Major,2025-09-22 13:00:00,2025-09-23 12:00:00,Scheduled Maintenance
12066,9006,Congestion,Major,2026-06-15 18:00:00,2026-06-18 08:00:00,Scheduled Maintenance
12067,9144,Power Failure,Minor,2024-11-19 04:00:00,2024-11-20 00:00:00,Configuration Error
12068,9139,Software Crash,Major,2025-03-19 15:00:00,2025-03-22 05:00:00,Scheduled Maintenance
12069,9078,Link Down,Minor,2024-08-13 05:00:00,2024-08-15 07:00:00,Scheduled Maintenance
12070,9062,Fiber Cut,Major,2025-07-27 15:00:00,2025-07-28 11:00:00,Unknown
12071,9143,Fiber Cut,Major,2025-05-09 18:00:00,2025-05-10 23:00:00,Configuration Error
12072,9147,Congestion,Critical,2025-08-03 02:00:00,2025-08-04 22:00:00,Weather Damage
12073,9044,Software Crash,Major,2025-01-18 10:00:00,2025-01-20 10:00:00,Weather Damage
12074,9011,Congestion,Minor,2025-10-23 13:00:00,2025-10-25 22:00:00,Power Outage
12075,9077,Power Failure,Minor,2025-07-03 22:00:00,2025-07-04 20:00:00,Scheduled Maintenance
12076,9061,Congestion,Critical,2025-07-20 18:00:00,2025-07-22 20:00:00,Configuration Error
12077,9015,Fiber Cut,Minor,2024-10-05 19:00:00,2024-10-05 22:00:00,Power Outage
12078,9126,Congestion,Major,2024-10-04 07:00:00,2024-10-07 07:00:00,
12079,9126,Fiber Cut,Critical,2025-10-20 13:00:00,,Scheduled Maintenance
12080,9004,Fiber Cut,Major,2026-01-12 17:00:00,2026-01-13 18:00:00,Equipment Failure
12081,9138,Power Failure,Critical,2026-07-25 09:00:00,2026-07-27 21:00:00,Scheduled Maintenance
12082,9031,Fiber Cut,Critical,2026-02-16 23:00:00,,Equipment Failure
12083,9007,Software Crash,Major,2025-02-26 05:00:00,2025-03-01 00:00:00,Scheduled Maintenance
12084,9086,Link Down,Major,2025-05-20 13:00:00,2025-05-21 08:00:00,Fiber Cut
12085,9118,Power Failure,Major,2026-02-16 01:00:00,,Equipment Failure
12086,9036,Power Failure,Minor,2026-03-29 23:00:00,2026-04-01 13:00:00,Weather Damage
12087,9062,Battery Low,Critical,2026-05-28 11:00:00,2026-05-30 11:00:00,Scheduled Maintenance
12088,9123,Hardware Fault,Major,2025-12-22 17:00:00,2025-12-24 02:00:00,Weather Damage
12089,9089,Hardware Fault,Minor,2025-07-03 14:00:00,2025-07-05 18:00:00,Configuration Error
12090,9117,Congestion,Critical,2026-06-22 18:00:00,2026-06-24 06:00:00,Scheduled Maintenance
12091,9033,Congestion,Minor,2025-06-27 12:00:00,2025-06-28 00:00:00,Configuration Error
12092,9147,Software Crash,Minor,2024-12-12 14:00:00,2024-12-13 06:00:00,Fiber Cut
12093,9088,Congestion,Major,2024-08-10 00:00:00,2024-08-10 12:00:00,Fiber Cut
12094,9097,Software Crash,Minor,2026-06-13 21:00:00,2026-06-15 13:00:00,
12095,9055,Hardware Fault,Minor,2026-01-25 11:00:00,,Unknown
12096,9103,Hardware Fault,Minor,2025-05-31 22:00:00,2025-06-02 21:00:00,Power Outage
12097,9041,Software Crash,Minor,2024-10-03 23:00:00,2024-10-04 00:00:00,Unknown
12098,9065,Hardware Fault,Minor,2024-11-03 04:00:00,2024-11-03 11:00:00,Fiber Cut
12099,9109,Battery Low,Minor,2026-06-17 22:00:00,2026-06-20 19:00:00,Equipment Failure
12100,9137,Link Down,Minor,2025-02-16 14:00:00,2025-02-18 12:00:00,Unknown
12101,9097,Power Failure,Major,2025-06-25 15:00:00,2025-06-26 18:00:00,Equipment Failure
12102,9126,Congestion,Minor,2025-03-19 02:00:00,2025-03-19 08:00:00,Equipment Failure
12103,9136,Fiber Cut,Minor,2026-02-12 10:00:00,2026-02-14 06:00:00,Equipment Failure
12104,9032,Hardware Fault,Major,2026-06-17 15:00:00,2026-06-20 06:00:00,Equipment Failure
12105,9054,Software Crash,Critical,2025-02-23 02:00:00,2025-02-24 16:00:00,Configuration Error
12106,9123,Battery Low,Major,2026-01-15 09:00:00,2026-01-17 20:00:00,
12107,9083,Hardware Fault,Minor,2025-02-27 03:00:00,2025-02-27 16:00:00,Fiber Cut
12108,9003,Fiber Cut,Major,2026-08-05 19:00:00,,Power Outage
12109,9110,Link Down,Minor,2025-12-01 00:00:00,,Fiber Cut
12110,9020,Fiber Cut,Major,2025-09-02 21:00:00,2025-09-04 06:00:00,Equipment Failure
12111,9044,Battery Low,Minor,2026-05-28 10:00:00,,Equipment Failure
12112,9039,Software Crash,Minor,2025-11-20 00:00:00,2025-11-21 10:00:00,Equipment Failure
12113,9050,Link Down,Minor,2025-09-20 06:00:00,2025-09-23 06:00:00,Weather Damage
12114,9086,Battery Low,Minor,2025-09-28 06:00:00,2025-09-30 20:00:00,Configuration Error
12115,9093,Battery Low,Major,2025-10-13 18:00:00,2025-10-15 13:00:00,Unknown
12116,9036,Software Crash,Minor,2024-12-24 01:00:00,2024-12-25 02:00:00,Scheduled Maintenance
12117,9138,Power Failure,Critical,2024-10-29 04:00:00,2024-10-30 04:00:00,Scheduled Maintenance
12118,9074,Battery Low,Critical,2025-01-21 22:00:00,2025-01-24 13:00:00,Scheduled Maintenance
12119,9114,Hardware Fault,Minor,2025-01-12 07:00:00,2025-01-15 00:00:00,Unknown
12120,9115,Congestion,Major,2024-10-09 12:00:00,2024-10-10 15:00:00,Equipment Failure
12121,9023,Battery Low,Critical,2026-06-20 02:00:00,2026-06-20 20:00:00,Unknown
12122,9103,Link Down,Major,2025-03-31 17:00:00,2025-04-01 15:00:00,
12123,9142,Congestion,Critical,2026-05-31 08:00:00,2026-05-31 19:00:00,Weather Damage
12124,9093,Hardware Fault,Major,2026-01-09 02:00:00,2026-01-11 05:00:00,
12125,9139,Hardware Fault,Minor,2025-08-16 20:00:00,2025-08-18 01:00:00,Equipment Failure
12126,9086,Link Down,Minor,2025-07-18 21:00:00,2025-07-21 11:00:00,Equipment Failure
12127,9131,Software Crash,Critical,2026-01-18 22:00:00,2026-01-20 23:00:00,Configuration Error
12128,9108,Software Crash,Critical,2025-10-23 10:00:00,2025-10-25 23:00:00,Weather Damage
12129,9081,Battery Low,Critical,2026-03-14 15:00:00,2026-03-14 16:00:00,Fiber Cut
12130,9146,Hardware Fault,Minor,2025-10-21 17:00:00,2025-10-22 11:00:00,Fiber Cut
12131,9023,Fiber Cut,Major,2024-10-25 00:00:00,,Fiber Cut
12132,9141,Hardware Fault,Minor,2026-04-15 14:00:00,2026-04-16 03:00:00,
12133,9019,Software Crash,Major,2026-07-14 16:00:00,2026-07-16 16:00:00,Unknown
12134,9139,Link Down,Critical,2026-02-04 11:00:00,2026-02-06 00:00:00,Scheduled Maintenance
12135,9088,Congestion,Minor,2025-04-11 12:00:00,2025-04-13 01:00:00,Equipment Failure
12136,9133,Battery Low,Minor,2024-12-06 07:00:00,2024-12-09 04:00:00,Configuration Error
12137,9027,Power Failure,Major,2026-06-03 18:00:00,2026-06-04 21:00:00,Equipment Failure
12138,9035,Battery Low,Critical,2025-09-01 17:00:00,2025-09-04 17:00:00,Scheduled Maintenance
12139,9035,Power Failure,Minor,2025-06-27 06:00:00,2025-06-28 12:00:00,
12140,9087,Battery Low,Major,2026-03-21 04:00:00,2026-03-23 16:00:00,Unknown
12141,9097,Hardware Fault,Critical,2026-06-17 07:00:00,2026-06-19 23:00:00,Fiber Cut
12142,9098,Battery Low,Minor,2025-03-01 09:00:00,2025-03-02 06:00:00,Configuration Error
12143,9096,Power Failure,Major,2026-07-08 00:00:00,2026-07-10 06:00:00,Fiber Cut
12144,9132,Link Down,Minor,2025-08-26 01:00:00,2025-08-27 07:00:00,Fiber Cut
12145,9104,Power Failure,Major,2025-07-06 03:00:00,2025-07-08 01:00:00,Fiber Cut
12146,9071,Battery Low,Major,2025-11-25 21:00:00,2025-11-28 02:00:00,
12147,9121,Battery Low,Minor,2026-03-28 01:00:00,2026-03-28 11:00:00,Unknown
12148,9029,Link Down,Minor,2026-08-04 07:00:00,2026-08-04 17:00:00,Configuration Error
12149,9064,Link Down,Minor,2025-04-30 20:00:00,,Equipment Failure
12150,9038,Congestion,Minor,2024-11-05 12:00:00,2024-11-08 12:00:00,
12151,9056,Software Crash,Minor,2025-02-21 06:00:00,2025-02-21 14:00:00,
12152,9065,Link Down,Major,2025-10-16 16:00:00,2025-10-19 04:00:00,Weather Damage
12153,9028,Fiber Cut,Minor,2026-04-05 18:00:00,2026-04-06 17:00:00,Equipment Failure
12154,9001,Battery Low,Minor,2024-09-06 07:00:00,2024-09-06 15:00:00,Power Outage
12155,9008,Battery Low,Major,2025-09-28 12:00:00,2025-09-29 19:00:00,Configuration Error
12156,9030,Congestion,Major,2025-09-05 17:00:00,,Scheduled Maintenance
12157,9108,Congestion,Major,2026-06-03 22:00:00,2026-06-05 11:00:00,Equipment Failure
12158,9099,Power Failure,Minor,2025-02-12 00:00:00,,Fiber Cut
12159,9036,Battery Low,Major,2025-12-04 23:00:00,2025-12-06 03:00:00,Power Outage
12160,9048,Congestion,Minor,2026-01-10 18:00:00,2026-01-13 07:00:00,Power Outage
12161,9092,Congestion,Minor,2025-09-22 19:00:00,2025-09-24 15:00:00,Fiber Cut
12162,9121,Power Failure,Major,2024-12-01 09:00:00,2024-12-03 20:00:00,Scheduled Maintenance
12163,9126,Software Crash,Major,2024-09-18 01:00:00,2024-09-20 08:00:00,Fiber Cut
12164,9129,Fiber Cut,Minor,2024-11-05 18:00:00,2024-11-07 11:00:00,Fiber Cut
12165,9022,Power Failure,Major,2026-06-11 11:00:00,2026-06-13 04:00:00,Power Outage
12166,9110,Battery Low,Critical,2026-08-08 21:00:00,,Fiber Cut
12167,9005,Hardware Fault,Minor,2026-01-28 14:00:00,2026-01-30 19:00:00,Power Outage
12168,9006,Battery Low,Critical,2025-05-15 22:00:00,2025-05-18 09:00:00,Equipment Failure
12169,9114,Hardware Fault,Major,2026-01-09 03:00:00,2026-01-12 02:00:00,Unknown
12170,9134,Power Failure,Major,2025-09-12 21:00:00,2025-09-15 21:00:00,Scheduled Maintenance
12171,9002,Congestion,Minor,2026-04-27 05:00:00,2026-04-29 13:00:00,Fiber Cut
12172,9040,Hardware Fault,Minor,2025-01-13 21:00:00,2025-01-16 16:00:00,Unknown
12173,9048,Fiber Cut,Major,2026-03-10 11:00:00,2026-03-12 21:00:00,Power Outage
12174,9037,Fiber Cut,Minor,2025-01-01 21:00:00,2025-01-02 08:00:00,Power Outage
12175,9112,Hardware Fault,Major,2025-05-29 04:00:00,2025-06-01 02:00:00,Scheduled Maintenance
12176,9147,Battery Low,Minor,2024-11-04 11:00:00,2024-11-06 09:00:00,Scheduled Maintenance
12177,9087,Battery Low,Major,2025-09-17 07:00:00,2025-09-20 02:00:00,Fiber Cut
12178,9044,Link Down,Minor,2025-12-29 23:00:00,2026-01-01 13:00:00,Weather Damage
12179,9059,Battery Low,Major,2026-08-01 19:00:00,2026-08-02 11:00:00,Equipment Failure
12180,9115,Link Down,Major,2024-09-06 01:00:00,2024-09-06 12:00:00,Configuration Error
12181,9133,Power Failure,Minor,2025-10-25 14:00:00,2025-10-27 11:00:00,
12182,9116,Battery Low,Critical,2026-02-28 14:00:00,2026-03-02 23:00:00,Fiber Cut
12183,9142,Hardware Fault,Minor,2025-09-13 20:00:00,2025-09-14 12:00:00,Unknown
12184,9128,Power Failure,Major,2026-02-25 15:00:00,2026-02-26 01:00:00,Weather Damage
12185,9027,Link Down,Major,2026-05-30 16:00:00,2026-05-31 17:00:00,Scheduled Maintenance
12186,9145,Battery Low,Major,2024-10-28 21:00:00,2024-10-31 16:00:00,Equipment Failure
12187,9063,Battery Low,Major,2024-11-26 15:00:00,2024-11-28 08:00:00,Scheduled Maintenance
12188,9144,Congestion,Major,2025-04-18 06:00:00,2025-04-18 16:00:00,Configuration Error
12189,9071,Link Down,Major,2026-03-19 14:00:00,2026-03-21 23:00:00,Weather Damage
12190,9127,Battery Low,Critical,2025-03-17 23:00:00,2025-03-20 09:00:00,Equipment Failure
12191,9141,Congestion,Minor,2025-07-06 03:00:00,2025-07-07 23:00:00,
12192,9129,Battery Low,Critical,2024-10-13 03:00:00,2024-10-13 20:00:00,Configuration Error
12193,9080,Congestion,Minor,2026-07-13 22:00:00,2026-07-16 05:00:00,Fiber Cut
12194,9023,Hardware Fault,Minor,2025-05-15 22:00:00,2025-05-18 04:00:00,
12195,9040,Software Crash,Major,2026-07-10 16:00:00,2026-07-10 17:00:00,
12196,9084,Hardware Fault,Critical,2025-06-11 09:00:00,2025-06-11 19:00:00,
12197,9048,Power Failure,Minor,2025-08-14 18:00:00,2025-08-14 21:00:00,Equipment Failure
12198,9031,Fiber Cut,Minor,2025-04-14 20:00:00,2025-04-17 00:00:00,Fiber Cut
12199,9059,Link Down,Minor,2025-02-19 13:00:00,2025-02-21 14:00:00,Scheduled Maintenance
12200,9132,Power Failure,Minor,2024-09-24 01:00:00,2024-09-25 06:00:00,Weather Damage
12201,9025,Software Crash,Minor,2026-03-04 07:00:00,,Equipment Failure
12202,9128,Battery Low,Minor,2025-02-28 09:00:00,2025-03-02 20:00:00,Power Outage
12203,9089,Battery Low,Minor,2026-07-05 07:00:00,2026-07-06 18:00:00,Weather Damage
12204,9011,Hardware Fault,Minor,2026-03-01 18:00:00,2026-03-04 00:00:00,Fiber Cut
12205,9050,Congestion,Major,2026-06-10 08:00:00,2026-06-12 14:00:00,Equipment Failure
12206,9049,Link Down,Critical,2026-07-26 20:00:00,2026-07-28 00:00:00,Fiber Cut
12207,9027,Power Failure,Minor,2026-05-06 14:00:00,2026-05-06 20:00:00,Power Outage
12208,9097,Fiber Cut,Minor,2024-12-25 13:00:00,2024-12-25 18:00:00,Weather Damage
12209,9064,Link Down,Minor,2025-04-21 01:00:00,2025-04-21 19:00:00,Scheduled Maintenance
12210,9107,Hardware Fault,Minor,2024-10-17 12:00:00,2024-10-19 09:00:00,
12211,9047,Battery Low,Minor,2026-01-08 10:00:00,2026-01-09 02:00:00,Unknown
12212,9145,Battery Low,Minor,2025-07-03 22:00:00,2025-07-05 12:00:00,Equipment Failure
12213,9078,Software Crash,Minor,2025-06-15 02:00:00,2025-06-16 02:00:00,Fiber Cut
12214,9053,Congestion,Minor,2025-02-05 11:00:00,2025-02-07 02:00:00,Unknown
12215,9002,Battery Low,Major,2026-01-19 22:00:00,2026-01-22 13:00:00,Equipment Failure
12216,9092,Link Down,Minor,2026-01-27 20:00:00,2026-01-28 20:00:00,Power Outage
12217,9133,Fiber Cut,Minor,2025-12-03 20:00:00,,Scheduled Maintenance
12218,9009,Link Down,Minor,2025-07-30 03:00:00,,Configuration Error
12219,9027,Software Crash,Critical,2026-05-23 11:00:00,2026-05-23 20:00:00,Configuration Error
12220,9038,Congestion,Critical,2026-01-02 17:00:00,2026-01-04 13:00:00,Unknown
12221,9145,Link Down,Minor,2025-08-22 19:00:00,2025-08-25 15:00:00,Scheduled Maintenance
12222,9110,Link Down,Minor,2025-11-08 22:00:00,2025-11-09 20:00:00,Configuration Error
12223,9046,Power Failure,Minor,2025-10-08 06:00:00,2025-10-10 11:00:00,Unknown
12224,9101,Software Crash,Major,2025-03-15 08:00:00,2025-03-16 04:00:00,Power Outage
12225,9016,Hardware Fault,Minor,2026-06-15 15:00:00,2026-06-18 07:00:00,Equipment Failure
12226,9058,Hardware Fault,Minor,2025-06-07 05:00:00,2025-06-07 08:00:00,Equipment Failure
12227,9124,Hardware Fault,Minor,2024-10-16 11:00:00,2024-10-18 00:00:00,Configuration Error
12228,9067,Link Down,Minor,2025-10-01 20:00:00,2025-10-04 03:00:00,Equipment Failure
12229,9105,Power Failure,Major,2025-01-17 16:00:00,2025-01-18 11:00:00,Unknown
12230,9098,Battery Low,Major,2024-11-25 21:00:00,2024-11-27 01:00:00,Equipment Failure
12231,9027,Software Crash,Minor,2026-06-27 06:00:00,2026-06-29 11:00:00,
12232,9119,Congestion,Minor,2025-11-09 16:00:00,2025-11-12 05:00:00,Power Outage
12233,9143,Hardware Fault,Minor,2026-07-28 15:00:00,2026-07-31 01:00:00,Fiber Cut
12234,9059,Link Down,Critical,2025-12-14 12:00:00,2025-12-16 08:00:00,Weather Damage
12235,9064,Fiber Cut,Major,2026-06-23 08:00:00,2026-06-25 03:00:00,Unknown
12236,9079,Battery Low,Major,2025-03-13 17:00:00,2025-03-13 18:00:00,Configuration Error
12237,9135,Hardware Fault,Minor,2026-06-14 20:00:00,2026-06-17 18:00:00,Equipment Failure
12238,9130,Battery Low,Major,2026-02-16 02:00:00,2026-02-17 12:00:00,Equipment Failure
12239,9046,Hardware Fault,Minor,2025-10-15 13:00:00,2025-10-17 21:00:00,Weather Damage
12240,9075,Fiber Cut,Minor,2024-11-01 09:00:00,2024-11-01 15:00:00,Weather Damage
12241,9084,Software Crash,Major,2025-12-19 20:00:00,2025-12-21 04:00:00,Equipment Failure
12242,9030,Power Failure,Major,2026-03-30 06:00:00,,Configuration Error
12243,9023,Software Crash,Critical,2025-06-07 04:00:00,2025-06-07 13:00:00,Fiber Cut
12244,9094,Power Failure,Major,2025-10-10 23:00:00,2025-10-13 08:00:00,Equipment Failure
12245,9047,Link Down,Minor,2024-09-28 01:00:00,2024-09-30 18:00:00,Unknown
12246,9043,Power Failure,Major,2024-09-13 06:00:00,2024-09-13 13:00:00,Weather Damage
12247,9017,Software Crash,Minor,2025-10-10 16:00:00,2025-10-12 21:00:00,Configuration Error
12248,9096,Congestion,Major,2025-06-30 08:00:00,,Scheduled Maintenance
12249,9078,Battery Low,Critical,2025-09-23 01:00:00,,
12250,9011,Software Crash,Critical,2026-05-06 11:00:00,2026-05-06 15:00:00,Configuration Error
12251,9045,Hardware Fault,Minor,2024-11-14 17:00:00,2024-11-14 20:00:00,Unknown
12252,9034,Battery Low,Minor,2024-09-11 10:00:00,2024-09-13 14:00:00,Unknown
12253,9066,Software Crash,Critical,2026-06-18 18:00:00,,Configuration Error
12254,9013,Link Down,Major,2025-10-29 23:00:00,2025-11-01 21:00:00,Scheduled Maintenance
12255,9040,Power Failure,Critical,2025-05-06 21:00:00,2025-05-09 10:00:00,Equipment Failure
12256,9104,Fiber Cut,Critical,2025-09-30 05:00:00,2025-10-01 14:00:00,Weather Damage
12257,9019,Battery Low,Minor,2025-03-26 11:00:00,2025-03-28 21:00:00,Unknown
12258,9080,Battery Low,Major,2026-01-18 23:00:00,2026-01-19 12:00:00,Equipment Failure
12259,9122,Fiber Cut,Critical,2025-10-08 08:00:00,2025-10-08 21:00:00,Weather Damage
12260,9053,Link Down,Major,2026-03-04 02:00:00,2026-03-04 08:00:00,Configuration Error
12261,9088,Fiber Cut,Major,2026-02-24 06:00:00,2026-02-24 23:00:00,Configuration Error
12262,9004,Battery Low,Major,2026-02-16 02:00:00,2026-02-18 09:00:00,
12263,9047,Battery Low,Minor,2026-07-26 01:00:00,2026-07-26 15:00:00,
12264,9036,Fiber Cut,Major,2025-01-28 19:00:00,2025-01-29 21:00:00,Weather Damage
12265,9085,Software Crash,Minor,2026-02-03 11:00:00,2026-02-05 19:00:00,Power Outage
12266,9021,Battery Low,Major,2025-02-25 23:00:00,2025-02-27 06:00:00,Scheduled Maintenance
12267,9116,Link Down,Minor,2026-07-23 00:00:00,2026-07-24 07:00:00,Equipment Failure
12268,9133,Battery Low,Minor,2025-10-05 09:00:00,2025-10-05 21:00:00,Configuration Error
12269,9101,Power Failure,Minor,2025-08-21 12:00:00,2025-08-22 20:00:00,Fiber Cut
12270,9071,Software Crash,Critical,2025-01-23 12:00:00,2025-01-25 00:00:00,Equipment Failure
12271,9098,Software Crash,Minor,2025-08-30 05:00:00,2025-08-31 13:00:00,
12272,9134,Hardware Fault,Minor,2025-06-26 12:00:00,2025-06-26 13:00:00,Fiber Cut
12273,9022,Battery Low,Critical,2025-01-27 16:00:00,2025-01-30 13:00:00,Scheduled Maintenance
12274,9041,Hardware Fault,Minor,2025-07-04 11:00:00,,
12275,9140,Congestion,Minor,2025-09-12 16:00:00,2025-09-13 19:00:00,Power Outage
12276,9017,Link Down,Major,2024-10-17 13:00:00,,Weather Damage
12277,9015,Link Down,Major,2026-03-02 09:00:00,,Equipment Failure
12278,9120,Hardware Fault,Major,2025-09-30 16:00:00,2025-10-02 10:00:00,Weather Damage
12279,9041,Software Crash,Minor,2024-08-30 12:00:00,2024-08-31 00:00:00,Power Outage
12280,9124,Link Down,Major,2026-04-08 11:00:00,2026-04-11 03:00:00,Fiber Cut
12281,9084,Battery Low,Minor,2024-08-16 15:00:00,2024-08-18 20:00:00,Scheduled Maintenance
12282,9043,Hardware Fault,Minor,2025-03-05 03:00:00,2025-03-05 12:00:00,Power Outage
12283,9149,Congestion,Major,2026-07-03 10:00:00,2026-07-05 12:00:00,Power Outage
12284,9090,Hardware Fault,Minor,2026-06-07 01:00:00,2026-06-09 09:00:00,Power Outage
12285,9070,Link Down,Minor,2026-03-02 15:00:00,,Scheduled Maintenance
12286,9004,Hardware Fault,Major,2025-11-01 04:00:00,2025-11-02 16:00:00,
12287,9114,Fiber Cut,Critical,2024-11-29 14:00:00,2024-11-30 17:00:00,Weather Damage
12288,9038,Link Down,Critical,2025-10-15 07:00:00,2025-10-16 16:00:00,Unknown
12289,9069,Link Down,Major,2024-12-10 20:00:00,2024-12-11 11:00:00,Configuration Error
12290,9060,Power Failure,Critical,2025-01-17 09:00:00,2025-01-19 07:00:00,Power Outage
12291,9090,Hardware Fault,Critical,2025-07-23 23:00:00,2025-07-24 22:00:00,Equipment Failure
12292,9102,Link Down,Major,2025-03-22 21:00:00,2025-03-23 08:00:00,Unknown
12293,9107,Link Down,Major,2024-08-26 23:00:00,2024-08-29 13:00:00,Scheduled Maintenance
12294,9088,Hardware Fault,Major,2026-06-18 00:00:00,2026-06-20 14:00:00,Fiber Cut
12295,9031,Hardware Fault,Major,2026-05-23 03:00:00,2026-05-24 20:00:00,Power Outage
12296,9108,Hardware Fault,Minor,2026-05-04 16:00:00,2026-05-05 14:00:00,Power Outage
12297,9021,Battery Low,Minor,2026-01-13 04:00:00,,Weather Damage
12298,9084,Hardware Fault,Critical,2025-05-25 16:00:00,2025-05-26 02:00:00,Scheduled Maintenance
12299,9008,Fiber Cut,Major,2025-01-05 11:00:00,,Unknown
12300,9065,Link Down,Major,2024-09-08 18:00:00,2024-09-10 00:00:00,Unknown
12301,9073,Link Down,Critical,2025-07-16 10:00:00,,Scheduled Maintenance
12302,9134,Link Down,Major,2026-03-30 04:00:00,2026-03-30 20:00:00,Scheduled Maintenance
12303,9030,Software Crash,Minor,2026-05-18 20:00:00,2026-05-20 01:00:00,Fiber Cut
12304,9044,Hardware Fault,Major,2026-04-05 19:00:00,2026-04-07 02:00:00,Weather Damage
12305,9038,Congestion,Minor,2025-10-22 11:00:00,2025-10-23 04:00:00,Unknown
12306,9093,Link Down,Major,2026-07-09 04:00:00,2026-07-09 09:00:00,Fiber Cut
12307,9049,Congestion,Critical,2026-04-24 10:00:00,2026-04-26 11:00:00,
12308,9130,Power Failure,Major,2025-09-23 05:00:00,2025-09-25 02:00:00,Weather Damage
12309,9031,Software Crash,Minor,2025-09-18 16:00:00,2025-09-19 23:00:00,Fiber Cut
12310,9121,Hardware Fault,Minor,2025-12-30 13:00:00,2025-12-31 06:00:00,Weather Damage
12311,9014,Link Down,Critical,2024-10-06 08:00:00,2024-10-09 03:00:00,Fiber Cut
12312,9051,Fiber Cut,Minor,2024-12-06 19:00:00,2024-12-08 04:00:00,Power Outage
12313,9066,Battery Low,Minor,2026-07-09 16:00:00,2026-07-10 06:00:00,Weather Damage
12314,9136,Battery Low,Minor,2025-09-09 09:00:00,2025-09-10 11:00:00,Equipment Failure
12315,9104,Fiber Cut,Major,2026-04-16 05:00:00,2026-04-16 13:00:00,Fiber Cut
12316,9079,Power Failure,Major,2025-05-03 01:00:00,2025-05-04 20:00:00,Configuration Error
12317,9029,Battery Low,Major,2026-02-12 09:00:00,2026-02-14 06:00:00,Configuration Error
12318,9008,Power Failure,Minor,2026-08-05 03:00:00,2026-08-06 06:00:00,Unknown
12319,9111,Fiber Cut,Major,2026-07-26 12:00:00,,Configuration Error
12320,9003,Fiber Cut,Critical,2025-03-31 13:00:00,2025-04-03 01:00:00,
12321,9133,Congestion,Major,2025-05-29 18:00:00,2025-05-30 08:00:00,Fiber Cut
12322,9036,Link Down,Major,2025-10-08 14:00:00,2025-10-09 21:00:00,Power Outage
12323,9113,Hardware Fault,Critical,2026-05-04 00:00:00,2026-05-04 21:00:00,Weather Damage
12324,9094,Fiber Cut,Minor,2026-03-25 07:00:00,2026-03-26 05:00:00,Configuration Error
12325,9021,Power Failure,Minor,2024-11-29 10:00:00,2024-12-01 15:00:00,Unknown
12326,9081,Link Down,Minor,2025-05-29 05:00:00,2025-05-31 08:00:00,Fiber Cut
12327,9112,Congestion,Critical,2025-10-22 14:00:00,2025-10-22 21:00:00,Weather Damage
12328,9134,Link Down,Minor,2025-03-29 15:00:00,,Weather Damage
12329,9115,Power Failure,Minor,2025-03-13 12:00:00,2025-03-14 01:00:00,Unknown
12330,9005,Power Failure,Minor,2025-03-18 12:00:00,2025-03-20 06:00:00,Unknown
12331,9133,Congestion,Major,2025-09-10 22:00:00,2025-09-11 15:00:00,Power Outage
12332,9002,Power Failure,Critical,2026-03-23 00:00:00,2026-03-24 07:00:00,Configuration Error
12333,9094,Software Crash,Minor,2024-10-25 00:00:00,2024-10-27 16:00:00,Power Outage
12334,9042,Fiber Cut,Minor,2026-06-03 07:00:00,2026-06-05 01:00:00,Configuration Error
12335,9005,Link Down,Minor,2025-08-15 03:00:00,2025-08-17 15:00:00,
12336,9054,Fiber Cut,Major,2025-11-29 13:00:00,2025-12-01 19:00:00,Power Outage
12337,9075,Link Down,Minor,2024-08-09 07:00:00,2024-08-09 08:00:00,Configuration Error
12338,9076,Link Down,Major,2024-09-29 05:00:00,2024-10-02 01:00:00,Scheduled Maintenance
12339,9095,Battery Low,Minor,2024-09-25 20:00:00,2024-09-25 21:00:00,
12340,9092,Battery Low,Major,2025-09-27 13:00:00,2025-09-29 18:00:00,Weather Damage
12341,9067,Power Failure,Minor,2024-11-01 11:00:00,,
12342,9131,Power Failure,Major,2024-11-23 19:00:00,2024-11-25 03:00:00,Fiber Cut
12343,9124,Link Down,Minor,2024-12-14 18:00:00,,
12344,9108,Hardware Fault,Minor,2025-10-28 13:00:00,2025-10-30 22:00:00,Weather Damage
12345,9069,Hardware Fault,Minor,2025-04-19 11:00:00,2025-04-21 17:00:00,Unknown
12346,9106,Software Crash,Major,2026-02-06 00:00:00,2026-02-08 06:00:00,Weather Damage
12347,9144,Fiber Cut,Minor,2026-07-29 01:00:00,2026-07-30 21:00:00,Fiber Cut
12348,9050,Power Failure,Major,2025-06-16 16:00:00,2025-06-17 04:00:00,Fiber Cut
12349,9056,Hardware Fault,Minor,2025-08-30 22:00:00,2025-08-31 17:00:00,
12350,9072,Power Failure,Minor,2025-08-11 11:00:00,2025-08-14 06:00:00,Scheduled Maintenance
12351,9121,Software Crash,Minor,2024-10-22 17:00:00,,Configuration Error
12352,9022,Congestion,Critical,2025-06-12 15:00:00,2025-06-14 18:00:00,Weather Damage
12353,9147,Fiber Cut,Minor,2025-02-05 16:00:00,2025-02-06 11:00:00,Unknown
12354,9064,Congestion,Major,2025-08-06 19:00:00,2025-08-07 12:00:00,Power Outage
12355,9148,Software Crash,Minor,2025-08-10 12:00:00,2025-08-12 16:00:00,Fiber Cut
12356,9007,Software Crash,Critical,2026-07-31 22:00:00,2026-08-03 05:00:00,Fiber Cut
12357,9070,Link Down,Minor,2026-06-16 02:00:00,2026-06-16 19:00:00,Equipment Failure
12358,9011,Fiber Cut,Minor,2025-03-02 15:00:00,2025-03-05 08:00:00,Power Outage
12359,9044,Power Failure,Minor,2025-03-16 06:00:00,2025-03-16 20:00:00,
12360,9001,Fiber Cut,Minor,2024-11-29 07:00:00,2024-11-29 23:00:00,Scheduled Maintenance
12361,9101,Congestion,Minor,2026-05-07 22:00:00,2026-05-10 14:00:00,Weather Damage
12362,9129,Battery Low,Minor,2024-09-05 00:00:00,2024-09-05 09:00:00,Weather Damage
12363,9107,Battery Low,Major,2025-10-09 17:00:00,2025-10-10 21:00:00,Unknown
12364,9054,Battery Low,Minor,2025-08-01 16:00:00,2025-08-03 13:00:00,Power Outage
12365,9086,Power Failure,Critical,2025-04-13 22:00:00,2025-04-14 22:00:00,Unknown
12366,9039,Hardware Fault,Major,2025-01-18 19:00:00,2025-01-18 21:00:00,Scheduled Maintenance
12367,9101,Battery Low,Major,2026-05-17 00:00:00,2026-05-17 04:00:00,Unknown
12368,9026,Congestion,Minor,2025-12-06 14:00:00,2025-12-08 17:00:00,Fiber Cut
12369,9127,Link Down,Major,2024-12-14 09:00:00,2024-12-17 09:00:00,Equipment Failure
12370,9112,Fiber Cut,Minor,2025-10-24 17:00:00,2025-10-24 23:00:00,Scheduled Maintenance
12371,9035,Hardware Fault,Minor,2026-05-15 20:00:00,2026-05-18 11:00:00,Scheduled Maintenance
12372,9090,Battery Low,Minor,2025-03-14 00:00:00,2025-03-15 19:00:00,Configuration Error
12373,9124,Battery Low,Major,2026-03-26 19:00:00,2026-03-27 12:00:00,Equipment Failure
12374,9096,Hardware Fault,Major,2026-01-27 14:00:00,2026-01-30 01:00:00,Weather Damage
12375,9007,Power Failure,Major,2024-10-26 15:00:00,2024-10-28 19:00:00,Unknown
12376,9135,Hardware Fault,Minor,2026-01-26 16:00:00,2026-01-26 19:00:00,Scheduled Maintenance
12377,9131,Software Crash,Critical,2025-06-15 15:00:00,2025-06-17 13:00:00,Scheduled Maintenance
12378,9108,Fiber Cut,Major,2025-03-24 16:00:00,2025-03-25 17:00:00,Configuration Error
12379,9119,Fiber Cut,Major,2025-09-07 11:00:00,2025-09-08 06:00:00,Unknown
12380,9042,Battery Low,Major,2026-07-15 03:00:00,2026-07-17 16:00:00,Fiber Cut
12381,9113,Hardware Fault,Critical,2026-02-26 18:00:00,2026-02-27 18:00:00,Scheduled Maintenance
12382,9037,Software Crash,Major,2026-05-06 10:00:00,2026-05-08 08:00:00,Equipment Failure
12383,9005,Fiber Cut,Minor,2026-02-16 23:00:00,2026-02-19 10:00:00,Equipment Failure
12384,9094,Battery Low,Minor,2025-10-17 14:00:00,2025-10-18 17:00:00,Configuration Error
12385,9054,Link Down,Minor,2024-12-01 23:00:00,2024-12-03 12:00:00,
12386,9068,Battery Low,Minor,2026-01-20 22:00:00,2026-01-22 03:00:00,Scheduled Maintenance
12387,9147,Hardware Fault,Minor,2024-11-22 16:00:00,2024-11-24 07:00:00,
12388,9098,Congestion,Major,2025-11-30 08:00:00,2025-12-01 22:00:00,Unknown
12389,9009,Fiber Cut,Minor,2026-03-10 17:00:00,2026-03-12 12:00:00,Configuration Error
12390,9057,Software Crash,Minor,2025-09-27 06:00:00,2025-09-27 16:00:00,Configuration Error
12391,9073,Congestion,Critical,2026-02-16 19:00:00,2026-02-18 05:00:00,Scheduled Maintenance
12392,9084,Power Failure,Minor,2026-01-04 16:00:00,2026-01-06 07:00:00,
12393,9120,Hardware Fault,Minor,2025-01-15 13:00:00,2025-01-15 15:00:00,Fiber Cut
12394,9108,Fiber Cut,Major,2025-12-17 00:00:00,2025-12-19 13:00:00,Weather Damage
12395,9105,Hardware Fault,Minor,2025-04-14 14:00:00,,
12396,9079,Link Down,Major,2025-10-21 19:00:00,2025-10-24 09:00:00,Fiber Cut
12397,9109,Fiber Cut,Critical,2026-05-01 10:00:00,2026-05-04 00:00:00,Weather Damage
12398,9135,Link Down,Minor,2025-09-03 07:00:00,,Equipment Failure
12399,9105,Hardware Fault,Major,2025-09-06 19:00:00,2025-09-06 21:00:00,Weather Damage
12400,9128,Congestion,Minor,2025-02-02 17:00:00,2025-02-04 22:00:00,Scheduled Maintenance
12401,9028,Battery Low,Minor,2025-12-21 10:00:00,2025-12-22 09:00:00,Equipment Failure
12402,9040,Link Down,Major,2025-02-02 15:00:00,2025-02-03 01:00:00,Equipment Failure
12403,9071,Hardware Fault,Critical,2025-02-10 12:00:00,,Unknown
12404,9140,Battery Low,Major,2024-08-19 10:00:00,2024-08-22 05:00:00,Scheduled Maintenance
12405,9090,Hardware Fault,Minor,2026-03-05 18:00:00,2026-03-06 04:00:00,Scheduled Maintenance
12406,9039,Battery Low,Minor,2024-10-26 21:00:00,2024-10-28 02:00:00,Configuration Error
12407,9126,Software Crash,Minor,2024-11-29 21:00:00,2024-11-29 23:00:00,Power Outage
12408,9089,Fiber Cut,Critical,2025-09-20 21:00:00,2025-09-22 12:00:00,
12409,9052,Fiber Cut,Minor,2026-01-26 14:00:00,2026-01-28 08:00:00,Power Outage
12410,9035,Fiber Cut,Minor,2025-07-20 12:00:00,2025-07-21 00:00:00,Configuration Error
12411,9064,Congestion,Critical,2025-05-22 00:00:00,2025-05-23 07:00:00,Fiber Cut
12412,9099,Battery Low,Critical,2025-10-30 13:00:00,2025-11-02 13:00:00,Power Outage
12413,9011,Power Failure,Minor,2025-07-22 11:00:00,2025-07-22 13:00:00,Fiber Cut
12414,9121,Fiber Cut,Critical,2024-09-27 16:00:00,2024-09-28 06:00:00,Fiber Cut
12415,9137,Fiber Cut,Minor,2025-05-05 09:00:00,2025-05-08 08:00:00,Unknown
12416,9064,Power Failure,Minor,2026-07-10 02:00:00,,Unknown
12417,9123,Software Crash,Major,2024-11-24 18:00:00,2024-11-26 21:00:00,Equipment Failure
12418,9042,Hardware Fault,Major,2025-07-01 00:00:00,,Fiber Cut
12419,9008,Hardware Fault,Major,2025-07-15 19:00:00,2025-07-17 05:00:00,Equipment Failure
12420,9107,Power Failure,Major,2025-12-04 10:00:00,2025-12-05 12:00:00,
12421,9101,Software Crash,Major,2026-03-12 03:00:00,2026-03-12 21:00:00,Scheduled Maintenance
12422,9013,Congestion,Minor,2026-02-09 20:00:00,2026-02-12 12:00:00,Weather Damage
12423,9127,Hardware Fault,Minor,2026-02-23 03:00:00,2026-02-23 12:00:00,Configuration Error
12424,9011,Power Failure,Major,2026-02-23 23:00:00,2026-02-25 18:00:00,Weather Damage
12425,9147,Fiber Cut,Minor,2025-12-07 06:00:00,,Weather Damage
12426,9009,Fiber Cut,Minor,2026-01-21 11:00:00,2026-01-22 16:00:00,Unknown
12427,9107,Software Crash,Minor,2026-06-30 17:00:00,2026-07-03 02:00:00,Equipment Failure
12428,9005,Software Crash,Minor,2026-05-10 17:00:00,2026-05-12 00:00:00,Fiber Cut
12429,9011,Fiber Cut,Major,2026-04-30 14:00:00,2026-05-02 06:00:00,Power Outage
12430,9126,Congestion,Minor,2025-11-06 04:00:00,2025-11-08 09:00:00,Unknown
12431,9080,Power Failure,Minor,2025-11-10 07:00:00,2025-11-11 19:00:00,Equipment Failure
12432,9124,Fiber Cut,Minor,2025-05-09 07:00:00,2025-05-10 02:00:00,Unknown
12433,9106,Link Down,Minor,2025-08-09 15:00:00,,Unknown
12434,9044,Power Failure,Minor,2026-02-18 20:00:00,2026-02-19 10:00:00,Scheduled Maintenance
12435,9130,Hardware Fault,Major,2025-07-28 08:00:00,2025-07-28 18:00:00,Scheduled Maintenance
12436,9111,Software Crash,Major,2025-02-26 04:00:00,2025-02-27 15:00:00,
12437,9123,Hardware Fault,Minor,2026-02-03 03:00:00,2026-02-04 03:00:00,Configuration Error
12438,9136,Hardware Fault,Critical,2025-04-01 02:00:00,2025-04-02 11:00:00,Configuration Error
12439,9114,Fiber Cut,Major,2025-01-30 16:00:00,2025-02-02 11:00:00,Scheduled Maintenance
12440,9076,Software Crash,Critical,2026-07-07 07:00:00,2026-07-07 12:00:00,
12441,9028,Hardware Fault,Minor,2024-08-10 03:00:00,2024-08-10 21:00:00,Unknown
12442,9089,Software Crash,Major,2025-05-22 12:00:00,2025-05-24 19:00:00,
12443,9078,Software Crash,Major,2024-11-28 02:00:00,2024-11-30 07:00:00,Fiber Cut
12444,9044,Battery Low,Major,2024-10-12 18:00:00,2024-10-14 11:00:00,Fiber Cut
12445,9096,Hardware Fault,Major,2025-12-14 22:00:00,2025-12-16 13:00:00,Unknown
12446,9124,Battery Low,Minor,2025-06-07 17:00:00,2025-06-08 10:00:00,Configuration Error
12447,9123,Power Failure,Minor,2024-10-21 21:00:00,2024-10-24 13:00:00,Weather Damage
12448,9049,Link Down,Major,2025-08-07 20:00:00,2025-08-08 16:00:00,Power Outage
12449,9136,Link Down,Minor,2024-08-29 22:00:00,,Scheduled Maintenance
12450,9128,Fiber Cut,Major,2025-08-31 15:00:00,2025-09-02 13:00:00,Unknown
12451,9029,Link Down,Minor,2025-09-27 12:00:00,,Configuration Error
12452,9104,Link Down,Major,2025-03-09 01:00:00,2025-03-11 01:00:00,Scheduled Maintenance
12453,9020,Hardware Fault,Minor,2025-07-31 21:00:00,2025-08-01 16:00:00,Configuration Error
12454,9020,Fiber Cut,Minor,2025-07-04 09:00:00,2025-07-06 20:00:00,Configuration Error
12455,9103,Congestion,Major,2026-06-01 15:00:00,2026-06-03 15:00:00,
12456,9109,Fiber Cut,Minor,2025-10-14 19:00:00,2025-10-14 22:00:00,Power Outage
12457,9002,Congestion,Minor,2025-01-10 20:00:00,2025-01-12 14:00:00,Scheduled Maintenance
12458,9078,Power Failure,Minor,2026-06-03 15:00:00,2026-06-05 08:00:00,Unknown
12459,9020,Hardware Fault,Major,2024-10-10 18:00:00,,Configuration Error
12460,9046,Power Failure,Minor,2024-08-24 09:00:00,2024-08-24 20:00:00,Equipment Failure
12461,9033,Hardware Fault,Minor,2026-03-22 23:00:00,,Unknown
12462,9058,Power Failure,Major,2026-01-30 13:00:00,,Weather Damage
12463,9042,Software Crash,Minor,2026-03-21 00:00:00,2026-03-22 10:00:00,Unknown
12464,9057,Battery Low,Major,2026-04-01 10:00:00,,Configuration Error
12465,9043,Battery Low,Minor,2024-11-17 06:00:00,2024-11-19 16:00:00,Equipment Failure
12466,9110,Software Crash,Minor,2025-09-19 01:00:00,,Unknown
12467,9084,Power Failure,Minor,2025-07-24 09:00:00,,Scheduled Maintenance
12468,9084,Link Down,Minor,2026-01-24 11:00:00,,
12469,9110,Congestion,Minor,2024-11-10 15:00:00,2024-11-13 13:00:00,
12470,9029,Software Crash,Minor,2025-01-12 23:00:00,2025-01-14 00:00:00,Configuration Error
12471,9078,Fiber Cut,Critical,2026-01-14 19:00:00,,Power Outage
12472,9101,Link Down,Major,2024-10-24 19:00:00,2024-10-26 23:00:00,Fiber Cut
12473,9045,Power Failure,Minor,2025-06-01 22:00:00,2025-06-04 01:00:00,Unknown
12474,9147,Fiber Cut,Major,2024-11-21 13:00:00,2024-11-23 23:00:00,Weather Damage
12475,9010,Fiber Cut,Minor,2026-04-13 23:00:00,2026-04-14 04:00:00,Weather Damage
12476,9099,Hardware Fault,Major,2024-12-10 21:00:00,2024-12-13 01:00:00,Scheduled Maintenance
12477,9033,Battery Low,Major,2025-07-05 01:00:00,2025-07-05 15:00:00,Power Outage
12478,9054,Software Crash,Minor,2025-02-06 08:00:00,2025-02-09 08:00:00,Unknown
12479,9048,Battery Low,Minor,2025-05-14 19:00:00,2025-05-16 18:00:00,Configuration Error
12480,9105,Fiber Cut,Major,2025-10-06 09:00:00,2025-10-08 04:00:00,Equipment Failure
12481,9122,Power Failure,Minor,2025-06-01 06:00:00,2025-06-01 17:00:00,Equipment Failure
12482,9035,Power Failure,Major,2025-03-08 12:00:00,2025-03-08 16:00:00,Fiber Cut
12483,9079,Congestion,Minor,2025-01-31 11:00:00,2025-02-01 17:00:00,Scheduled Maintenance
12484,9029,Power Failure,Major,2024-11-17 08:00:00,2024-11-18 11:00:00,Equipment Failure
12485,9145,Power Failure,Minor,2025-06-30 20:00:00,2025-07-02 23:00:00,Fiber Cut
12486,9014,Hardware Fault,Major,2024-10-09 20:00:00,2024-10-12 14:00:00,Power Outage
12487,9076,Battery Low,Major,2025-02-18 20:00:00,2025-02-19 02:00:00,Unknown
12488,9089,Link Down,Major,2026-03-25 10:00:00,2026-03-25 14:00:00,Fiber Cut
12489,9026,Link Down,Major,2026-05-04 07:00:00,2026-05-06 10:00:00,Unknown
12490,9059,Fiber Cut,Major,2026-02-11 12:00:00,2026-02-13 15:00:00,Power Outage
12491,9032,Congestion,Critical,2025-06-18 19:00:00,2025-06-20 22:00:00,Equipment Failure
12492,9142,Software Crash,Minor,2026-03-23 18:00:00,2026-03-26 02:00:00,
12493,9116,Software Crash,Minor,2025-10-24 13:00:00,2025-10-26 14:00:00,Weather Damage
12494,9008,Congestion,Minor,2025-04-25 20:00:00,2025-04-27 22:00:00,Power Outage
12495,9106,Power Failure,Major,2025-07-01 13:00:00,2025-07-02 20:00:00,Fiber Cut
12496,9021,Hardware Fault,Major,2025-06-22 00:00:00,2025-06-24 17:00:00,Scheduled Maintenance
12497,9060,Congestion,Minor,2026-06-20 10:00:00,2026-06-21 21:00:00,Unknown
12498,9024,Power Failure,Minor,2025-05-28 05:00:00,2025-05-28 09:00:00,Fiber Cut
12499,9151,Battery Low,Minor,2026-03-03 09:00:00,2026-03-05 03:00:00,Configuration Error
12500,9125,Hardware Fault,Critical,2024-12-05 10:00:00,2024-12-08 05:00:00,Weather Damage
12501,9085,Fiber Cut,Major,2026-04-12 18:00:00,2026-04-13 15:00:00,
12502,9042,Fiber Cut,Major,2024-10-02 14:00:00,2024-10-05 04:00:00,Weather Damage
12503,9101,Fiber Cut,Major,2026-07-21 12:00:00,,Unknown
12504,9094,Hardware Fault,Minor,2026-05-08 11:00:00,2026-05-09 08:00:00,
12505,9150,Battery Low,Minor,2024-08-14 20:00:00,,
12506,9038,Software Crash,Critical,2026-01-04 23:00:00,2026-01-07 05:00:00,Fiber Cut
12507,9141,Hardware Fault,Major,2026-01-25 09:00:00,2026-01-27 01:00:00,Scheduled Maintenance
12508,9049,Link Down,Minor,2025-01-09 05:00:00,2025-01-10 23:00:00,Weather Damage
12509,9065,Congestion,Minor,2025-03-14 22:00:00,2025-03-17 02:00:00,Fiber Cut
12510,9103,Hardware Fault,Critical,2024-10-08 04:00:00,2024-10-08 13:00:00,Scheduled Maintenance
12511,9046,Fiber Cut,Minor,2024-11-07 20:00:00,2024-11-10 19:00:00,Power Outage
12512,9031,Fiber Cut,Minor,2024-11-08 12:00:00,2024-11-11 10:00:00,
12513,9094,Software Crash,Major,2026-01-01 19:00:00,2026-01-04 05:00:00,
12514,9071,Congestion,Major,2025-06-26 03:00:00,2025-06-27 06:00:00,
12515,9094,Battery Low,Major,2026-03-15 06:00:00,2026-03-17 08:00:00,Unknown
12516,9122,Hardware Fault,Major,2025-01-15 02:00:00,2025-01-16 07:00:00,Unknown
12517,9042,Link Down,Major,2025-11-07 16:00:00,2025-11-10 12:00:00,
12518,9004,Link Down,Major,2025-09-19 23:00:00,,Fiber Cut
12519,9128,Link Down,Major,2025-09-19 19:00:00,2025-09-20 05:00:00,Unknown
12520,9138,Battery Low,Critical,2025-07-31 09:00:00,2025-08-02 17:00:00,Power Outage
12521,9143,Hardware Fault,Minor,2026-01-08 08:00:00,2026-01-09 03:00:00,Equipment Failure
12522,9012,Congestion,Critical,2025-09-06 18:00:00,2025-09-08 23:00:00,Configuration Error
12523,9143,Congestion,Minor,2026-08-03 16:00:00,2026-08-05 11:00:00,Power Outage
12524,9104,Power Failure,Major,2026-01-31 22:00:00,2026-02-03 13:00:00,Equipment Failure
12525,9151,Hardware Fault,Major,2025-06-10 07:00:00,2025-06-11 17:00:00,Configuration Error
12526,9001,Software Crash,Major,2026-07-18 02:00:00,2026-07-20 04:00:00,Fiber Cut
12527,9087,Link Down,Major,2025-08-20 07:00:00,2025-08-20 21:00:00,Unknown
12528,9059,Congestion,Major,2026-01-16 10:00:00,2026-01-18 12:00:00,Weather Damage
12529,9133,Software Crash,Major,2024-10-15 14:00:00,2024-10-16 07:00:00,Configuration Error
12530,9147,Congestion,Major,2025-09-24 04:00:00,2025-09-25 14:00:00,Fiber Cut
12531,9086,Congestion,Critical,2024-10-05 20:00:00,2024-10-06 09:00:00,Weather Damage
12532,9003,Software Crash,Major,2025-05-02 14:00:00,2025-05-05 09:00:00,Fiber Cut
12533,9038,Hardware Fault,Major,2025-10-21 08:00:00,2025-10-23 23:00:00,Unknown
12534,9126,Congestion,Major,2025-10-05 21:00:00,,Scheduled Maintenance
12535,9048,Battery Low,Major,2025-01-31 16:00:00,2025-02-03 16:00:00,Power Outage
12536,9010,Link Down,Minor,2025-03-06 02:00:00,2025-03-08 19:00:00,Power Outage
12537,9007,Software Crash,Major,2024-11-17 13:00:00,2024-11-18 16:00:00,Configuration Error
12538,9142,Power Failure,Minor,2025-10-21 01:00:00,2025-10-23 11:00:00,Scheduled Maintenance
12539,9109,Link Down,Minor,2026-04-18 13:00:00,2026-04-20 14:00:00,
12540,9043,Link Down,Minor,2024-08-08 08:00:00,,Power Outage
12541,9106,Link Down,Minor,2025-02-19 18:00:00,,Scheduled Maintenance
12542,9124,Fiber Cut,Minor,2026-04-11 01:00:00,2026-04-11 16:00:00,Equipment Failure
12543,9047,Battery Low,Minor,2025-08-20 04:00:00,2025-08-20 09:00:00,Power Outage
12544,9097,Congestion,Major,2024-12-20 20:00:00,2024-12-21 05:00:00,Scheduled Maintenance
12545,9059,Hardware Fault,Minor,2024-11-04 06:00:00,,Configuration Error
12546,9042,Software Crash,Minor,2025-03-26 15:00:00,2025-03-27 05:00:00,Scheduled Maintenance
12547,9122,Hardware Fault,Major,2025-12-01 15:00:00,2025-12-03 21:00:00,Scheduled Maintenance
12548,9067,Hardware Fault,Minor,2026-08-04 16:00:00,2026-08-07 04:00:00,Equipment Failure
12549,9067,Link Down,Minor,2025-08-19 04:00:00,2025-08-21 11:00:00,Unknown
12550,9052,Battery Low,Major,2025-09-01 17:00:00,2025-09-03 19:00:00,Equipment Failure
12551,9075,Power Failure,Minor,2025-04-01 21:00:00,2025-04-04 07:00:00,Power Outage
12552,9010,Power Failure,Major,2025-10-29 04:00:00,2025-11-01 02:00:00,Unknown
12553,9093,Battery Low,Minor,2025-06-14 03:00:00,2025-06-15 11:00:00,Weather Damage
12554,9107,Hardware Fault,Critical,2025-07-24 13:00:00,2025-07-26 04:00:00,Scheduled Maintenance
12555,9093,Battery Low,Minor,2026-01-15 03:00:00,,Weather Damage
12556,9113,Battery Low,Minor,2026-02-23 15:00:00,2026-02-25 15:00:00,Weather Damage
12557,9003,Congestion,Minor,2026-01-13 03:00:00,2026-01-13 22:00:00,Fiber Cut
12558,9079,Hardware Fault,Minor,2026-07-10 23:00:00,2026-07-13 09:00:00,Equipment Failure
12559,9105,Link Down,Major,2026-01-15 03:00:00,2026-01-16 17:00:00,
12560,9050,Fiber Cut,Minor,2025-06-06 04:00:00,2025-06-08 05:00:00,Unknown
12561,9038,Power Failure,Major,2026-05-14 07:00:00,2026-05-17 07:00:00,
12562,9099,Link Down,Major,2024-12-14 01:00:00,2024-12-14 13:00:00,Scheduled Maintenance
12563,9135,Hardware Fault,Minor,2026-01-07 23:00:00,,Power Outage
12564,9027,Fiber Cut,Minor,2024-08-14 15:00:00,2024-08-15 01:00:00,Equipment Failure
12565,9088,Fiber Cut,Major,2026-05-27 21:00:00,2026-05-28 19:00:00,Fiber Cut
12566,9088,Power Failure,Minor,2024-11-05 15:00:00,2024-11-07 01:00:00,Fiber Cut
12567,9087,Congestion,Minor,2025-08-28 10:00:00,2025-08-30 23:00:00,Weather Damage
12568,9025,Fiber Cut,Minor,2025-10-02 21:00:00,2025-10-04 10:00:00,Fiber Cut
12569,9081,Battery Low,Major,2024-08-18 19:00:00,2024-08-19 22:00:00,Fiber Cut
12570,9093,Fiber Cut,Major,2026-01-24 17:00:00,2026-01-24 19:00:00,Power Outage
12571,9115,Hardware Fault,Minor,2026-03-13 03:00:00,2026-03-14 05:00:00,Weather Damage
12572,9047,Power Failure,Critical,2024-10-22 22:00:00,2024-10-23 23:00:00,
12573,9130,Fiber Cut,Minor,2025-07-09 01:00:00,2025-07-10 03:00:00,Unknown
12574,9042,Power Failure,Major,2025-10-28 06:00:00,2025-10-29 20:00:00,Scheduled Maintenance
12575,9096,Link Down,Minor,2025-07-27 06:00:00,2025-07-29 08:00:00,Configuration Error
12576,9028,Software Crash,Major,2025-10-27 04:00:00,,Unknown
12577,9094,Congestion,Major,2026-04-05 08:00:00,2026-04-07 13:00:00,Weather Damage
12578,9113,Fiber Cut,Minor,2026-06-03 17:00:00,2026-06-05 17:00:00,Unknown
12579,9044,Congestion,Critical,2026-02-20 05:00:00,2026-02-22 07:00:00,Unknown
12580,9078,Battery Low,Major,2025-04-02 22:00:00,,
12581,9026,Battery Low,Minor,2025-01-14 19:00:00,2025-01-17 09:00:00,Equipment Failure
12582,9062,Fiber Cut,Major,2025-10-12 20:00:00,,Weather Damage
12583,9114,Software Crash,Major,2025-05-28 13:00:00,,
12584,9042,Fiber Cut,Major,2026-03-11 13:00:00,2026-03-11 14:00:00,Unknown
12585,9044,Congestion,Major,2025-03-13 00:00:00,2025-03-13 03:00:00,Scheduled Maintenance
12586,9105,Hardware Fault,Minor,2026-01-23 04:00:00,2026-01-25 10:00:00,Scheduled Maintenance
12587,9135,Software Crash,Minor,2025-06-11 16:00:00,2025-06-11 22:00:00,Weather Damage
12588,9088,Battery Low,Minor,2024-12-19 05:00:00,,
12589,9120,Software Crash,Critical,2025-06-01 08:00:00,2025-06-04 08:00:00,Scheduled Maintenance
12590,9087,Hardware Fault,Minor,2026-02-14 14:00:00,2026-02-17 10:00:00,Scheduled Maintenance
12591,9144,Battery Low,Major,2025-11-30 02:00:00,2025-11-30 14:00:00,
12592,9088,Congestion,Critical,2025-10-18 08:00:00,2025-10-19 20:00:00,Equipment Failure
12593,9082,Battery Low,Major,2025-04-07 20:00:00,2025-04-07 22:00:00,Configuration Error
12594,9091,Congestion,Major,2025-10-01 14:00:00,2025-10-04 10:00:00,Fiber Cut
12595,9027,Software Crash,Minor,2025-05-03 12:00:00,2025-05-06 04:00:00,Weather Damage
12596,9104,Link Down,Major,2025-02-25 12:00:00,2025-02-27 17:00:00,Unknown
12597,9057,Link Down,Minor,2024-12-27 05:00:00,2024-12-28 18:00:00,Equipment Failure
12598,9055,Power Failure,Minor,2025-04-20 19:00:00,2025-04-20 23:00:00,Unknown
12599,9095,Fiber Cut,Minor,2025-02-22 16:00:00,2025-02-23 08:00:00,Weather Damage
12600,9013,Power Failure,Minor,2024-12-16 07:00:00,2024-12-17 11:00:00,Fiber Cut
12601,9123,Power Failure,Minor,2025-12-13 03:00:00,2025-12-13 04:00:00,Equipment Failure
12602,9034,Power Failure,Minor,2024-11-25 21:00:00,2024-11-27 10:00:00,Configuration Error
12603,9090,Power Failure,Major,2024-11-10 08:00:00,2024-11-10 14:00:00,Scheduled Maintenance
12604,9150,Fiber Cut,Minor,2024-09-03 02:00:00,2024-09-03 12:00:00,Power Outage
12605,9078,Battery Low,Critical,2025-05-14 10:00:00,,Scheduled Maintenance
12606,9122,Battery Low,Minor,2025-07-14 19:00:00,2025-07-15 18:00:00,Unknown
12607,9054,Congestion,Major,2024-10-24 20:00:00,2024-10-26 19:00:00,Power Outage
12608,9043,Hardware Fault,Minor,2025-04-26 22:00:00,2025-04-29 14:00:00,
12609,9111,Battery Low,Major,2024-11-24 23:00:00,2024-11-25 00:00:00,Unknown
12610,9069,Battery Low,Major,2025-01-08 20:00:00,2025-01-10 20:00:00,Weather Damage
12611,9091,Congestion,Critical,2024-09-18 10:00:00,2024-09-19 17:00:00,Unknown
12612,9084,Power Failure,Major,2025-04-22 13:00:00,2025-04-24 08:00:00,Weather Damage
12613,9116,Hardware Fault,Minor,2024-08-27 08:00:00,2024-08-28 15:00:00,Equipment Failure
12614,9138,Fiber Cut,Minor,2025-05-20 04:00:00,2025-05-22 07:00:00,Equipment Failure
12615,9034,Congestion,Minor,2026-07-11 22:00:00,,Unknown
12616,9030,Battery Low,Major,2026-01-09 13:00:00,2026-01-11 15:00:00,Fiber Cut
12617,9141,Fiber Cut,Minor,2025-07-06 01:00:00,2025-07-07 11:00:00,Equipment Failure
12618,9117,Link Down,Minor,2026-04-15 22:00:00,2026-04-17 04:00:00,Equipment Failure
12619,9087,Battery Low,Minor,2024-12-06 23:00:00,2024-12-09 02:00:00,Fiber Cut
12620,9058,Link Down,Minor,2025-06-19 04:00:00,2025-06-19 16:00:00,
12621,9047,Software Crash,Minor,2025-04-04 17:00:00,,Configuration Error
12622,9101,Power Failure,Critical,2026-02-25 03:00:00,2026-02-26 10:00:00,Fiber Cut
12623,9041,Software Crash,Major,2025-11-21 20:00:00,2025-11-22 11:00:00,Equipment Failure
12624,9075,Battery Low,Minor,2026-04-03 20:00:00,2026-04-04 01:00:00,Power Outage
12625,9102,Congestion,Minor,2024-12-27 19:00:00,2024-12-28 06:00:00,Unknown
12626,9111,Software Crash,Major,2025-12-06 10:00:00,2025-12-07 22:00:00,Power Outage
12627,9104,Hardware Fault,Major,2026-02-07 01:00:00,2026-02-08 20:00:00,Weather Damage
12628,9073,Hardware Fault,Major,2025-04-10 18:00:00,2025-04-12 00:00:00,Scheduled Maintenance
12629,9049,Fiber Cut,Minor,2024-11-26 18:00:00,2024-11-27 04:00:00,Scheduled Maintenance
12630,9138,Battery Low,Minor,2026-04-16 07:00:00,2026-04-19 05:00:00,Weather Damage
12631,9130,Hardware Fault,Minor,2025-01-03 07:00:00,2025-01-05 07:00:00,Configuration Error
12632,9148,Fiber Cut,Minor,2026-06-19 10:00:00,2026-06-22 06:00:00,Equipment Failure
12633,9141,Software Crash,Minor,2024-12-13 00:00:00,2024-12-13 18:00:00,Power Outage
12634,9047,Hardware Fault,Minor,2026-03-12 20:00:00,,Unknown
12635,9150,Battery Low,Major,2024-10-07 17:00:00,2024-10-09 11:00:00,Unknown
12636,9030,Power Failure,Critical,2024-08-12 19:00:00,2024-08-14 02:00:00,Weather Damage
12637,9023,Hardware Fault,Minor,2024-12-25 19:00:00,2024-12-28 14:00:00,Power Outage
12638,9070,Congestion,Minor,2025-01-30 04:00:00,2025-01-30 06:00:00,Weather Damage
12639,9029,Link Down,Critical,2025-10-06 17:00:00,,Equipment Failure
12640,9012,Power Failure,Minor,2025-06-25 01:00:00,2025-06-25 11:00:00,Configuration Error
12641,9066,Link Down,Major,2025-10-15 18:00:00,2025-10-16 22:00:00,Unknown
12642,9004,Battery Low,Major,2026-07-04 19:00:00,2026-07-05 07:00:00,Configuration Error
12643,9005,Congestion,Critical,2024-08-27 06:00:00,2024-08-30 00:00:00,Configuration Error
12644,9112,Link Down,Minor,2024-09-14 00:00:00,2024-09-14 13:00:00,Unknown
12645,9021,Software Crash,Major,2026-02-17 18:00:00,2026-02-18 01:00:00,Configuration Error
12646,9112,Link Down,Minor,2025-04-01 02:00:00,,Fiber Cut
12647,9073,Battery Low,Minor,2024-10-18 10:00:00,2024-10-20 15:00:00,Fiber Cut
12648,9004,Fiber Cut,Minor,2025-08-21 11:00:00,2025-08-22 15:00:00,
12649,9116,Fiber Cut,Minor,2025-11-07 08:00:00,2025-11-08 14:00:00,Fiber Cut
12650,9133,Software Crash,Major,2025-09-03 15:00:00,2025-09-05 09:00:00,Power Outage
12651,9135,Link Down,Minor,2025-05-10 03:00:00,2025-05-10 20:00:00,Weather Damage
12652,9009,Battery Low,Minor,2025-12-01 04:00:00,2025-12-03 18:00:00,Equipment Failure
12653,9054,Power Failure,Minor,2026-03-19 21:00:00,2026-03-20 15:00:00,Unknown
12654,9022,Battery Low,Major,2025-09-03 00:00:00,2025-09-05 16:00:00,Scheduled Maintenance
12655,9077,Battery Low,Major,2025-11-23 12:00:00,2025-11-23 15:00:00,
12656,9051,Power Failure,Minor,2025-09-18 14:00:00,2025-09-21 12:00:00,Scheduled Maintenance
12657,9075,Congestion,Minor,2025-11-04 18:00:00,2025-11-07 18:00:00,Scheduled Maintenance
12658,9148,Software Crash,Minor,2026-03-17 21:00:00,2026-03-18 00:00:00,Power Outage
12659,9050,Hardware Fault,Major,2025-09-30 04:00:00,2025-09-30 15:00:00,Scheduled Maintenance
12660,9138,Battery Low,Minor,2025-02-26 01:00:00,,Configuration Error
12661,9087,Battery Low,Major,2024-11-29 04:00:00,,Power Outage
12662,9040,Battery Low,Minor,2024-10-24 05:00:00,2024-10-25 18:00:00,
12663,9136,Battery Low,Major,2026-05-27 19:00:00,2026-05-28 21:00:00,Equipment Failure
12664,9119,Link Down,Minor,2026-07-07 13:00:00,2026-07-09 18:00:00,Scheduled Maintenance
12665,9054,Link Down,Minor,2024-11-14 21:00:00,2024-11-15 03:00:00,Configuration Error
12666,9073,Power Failure,Minor,2025-08-19 18:00:00,2025-08-21 16:00:00,Scheduled Maintenance
12667,9013,Congestion,Minor,2025-09-27 07:00:00,2025-09-30 01:00:00,Configuration Error
12668,9147,Power Failure,Minor,2025-08-09 17:00:00,,Scheduled Maintenance
12669,9036,Software Crash,Critical,2026-08-05 15:00:00,2026-08-05 22:00:00,Scheduled Maintenance
12670,9110,Link Down,Minor,2025-09-29 22:00:00,2025-10-01 23:00:00,Equipment Failure
12671,9137,Battery Low,Minor,2025-09-30 18:00:00,2025-10-02 14:00:00,
12672,9065,Congestion,Major,2026-06-29 14:00:00,2026-06-29 17:00:00,Equipment Failure
12673,9061,Hardware Fault,Major,2025-11-03 05:00:00,2025-11-04 18:00:00,Fiber Cut
12674,9119,Fiber Cut,Minor,2026-02-14 02:00:00,2026-02-15 02:00:00,Unknown
12675,9144,Congestion,Minor,2024-11-05 13:00:00,2024-11-07 03:00:00,Unknown
12676,9084,Hardware Fault,Major,2026-06-19 02:00:00,2026-06-19 14:00:00,Fiber Cut
12677,9054,Battery Low,Major,2026-04-06 11:00:00,2026-04-08 20:00:00,
12678,9124,Software Crash,Minor,2025-01-17 16:00:00,2025-01-18 07:00:00,Scheduled Maintenance
12679,9131,Software Crash,Major,2024-08-26 07:00:00,2024-08-26 18:00:00,
12680,9086,Link Down,Minor,2025-09-20 18:00:00,2025-09-22 15:00:00,Unknown
12681,9124,Software Crash,Minor,2026-02-25 18:00:00,2026-02-25 23:00:00,
12682,9112,Battery Low,Major,2025-10-02 03:00:00,2025-10-02 08:00:00,Weather Damage
12683,9083,Battery Low,Minor,2026-03-26 07:00:00,2026-03-26 19:00:00,Scheduled Maintenance
12684,9096,Congestion,Minor,2026-06-25 18:00:00,2026-06-28 13:00:00,Unknown
12685,9125,Link Down,Minor,2026-07-13 12:00:00,2026-07-14 09:00:00,Configuration Error
12686,9072,Congestion,Critical,2026-04-25 17:00:00,2026-04-27 15:00:00,Unknown
12687,9090,Fiber Cut,Minor,2026-05-01 23:00:00,2026-05-02 04:00:00,Scheduled Maintenance
12688,9005,Hardware Fault,Major,2025-12-19 12:00:00,2025-12-21 16:00:00,Unknown
12689,9033,Power Failure,Major,2025-06-16 10:00:00,2025-06-19 01:00:00,Fiber Cut
12690,9059,Battery Low,Minor,2025-08-23 05:00:00,2025-08-23 09:00:00,Scheduled Maintenance
12691,9149,Battery Low,Minor,2025-07-01 14:00:00,2025-07-03 17:00:00,Unknown
12692,9004,Congestion,Major,2026-07-12 22:00:00,2026-07-15 02:00:00,
12693,9055,Congestion,Minor,2025-07-04 12:00:00,2025-07-07 05:00:00,Power Outage
12694,9020,Power Failure,Major,2026-03-10 12:00:00,2026-03-10 20:00:00,Weather Damage
12695,9060,Battery Low,Minor,2025-11-13 04:00:00,2025-11-13 08:00:00,Configuration Error
12696,9089,Power Failure,Minor,2025-10-14 21:00:00,2025-10-16 16:00:00,Configuration Error
12697,9010,Link Down,Minor,2025-04-30 13:00:00,2025-04-30 19:00:00,Power Outage
12698,9133,Hardware Fault,Minor,2026-02-08 06:00:00,2026-02-10 20:00:00,
12699,9099,Link Down,Major,2024-08-15 12:00:00,2024-08-17 04:00:00,Unknown
12700,9032,Battery Low,Major,2025-01-11 21:00:00,2025-01-14 07:00:00,Equipment Failure
12701,9074,Fiber Cut,Major,2025-07-26 02:00:00,,Scheduled Maintenance
12702,9144,Hardware Fault,Major,2025-12-12 21:00:00,2025-12-13 16:00:00,Unknown
12703,9127,Hardware Fault,Minor,2024-11-20 19:00:00,2024-11-23 02:00:00,Equipment Failure
12704,9053,Fiber Cut,Minor,2025-12-17 14:00:00,2025-12-18 21:00:00,
12705,9030,Link Down,Minor,2026-07-22 16:00:00,2026-07-24 00:00:00,Fiber Cut
12706,9025,Link Down,Minor,2025-01-08 02:00:00,2025-01-09 03:00:00,Configuration Error
12707,9084,Link Down,Minor,2026-05-25 11:00:00,2026-05-25 12:00:00,Equipment Failure
12708,9067,Software Crash,Major,2026-05-22 08:00:00,2026-05-23 04:00:00,Fiber Cut
12709,9052,Congestion,Major,2025-07-19 20:00:00,2025-07-21 05:00:00,
12710,9129,Software Crash,Major,2025-08-05 21:00:00,,Fiber Cut
12711,9040,Battery Low,Critical,2024-08-24 00:00:00,2024-08-24 11:00:00,Configuration Error
12712,9022,Software Crash,Minor,2026-05-09 18:00:00,2026-05-11 02:00:00,Power Outage
12713,9123,Congestion,Minor,2025-10-06 16:00:00,2025-10-08 17:00:00,Unknown
12714,9140,Fiber Cut,Minor,2025-09-08 04:00:00,2025-09-09 18:00:00,Fiber Cut
12715,9126,Power Failure,Minor,2026-04-22 23:00:00,2026-04-25 11:00:00,Scheduled Maintenance
12716,9104,Congestion,Critical,2025-09-30 08:00:00,2025-10-01 00:00:00,
12717,9095,Hardware Fault,Critical,2025-10-19 08:00:00,,Configuration Error
12718,9025,Hardware Fault,Major,2026-02-26 03:00:00,2026-03-01 03:00:00,Unknown
12719,9029,Link Down,Minor,2024-09-20 18:00:00,2024-09-21 15:00:00,Power Outage
12720,9087,Hardware Fault,Minor,2025-08-30 05:00:00,2025-08-31 11:00:00,Scheduled Maintenance
12721,9122,Congestion,Minor,2026-04-05 02:00:00,2026-04-05 22:00:00,Equipment Failure
12722,9042,Link Down,Major,2025-10-27 22:00:00,,Weather Damage
12723,9083,Software Crash,Minor,2024-08-12 04:00:00,2024-08-12 20:00:00,Scheduled Maintenance
12724,9032,Battery Low,Minor,2025-09-06 20:00:00,2025-09-09 15:00:00,
12725,9126,Fiber Cut,Minor,2025-02-04 10:00:00,2025-02-06 23:00:00,Unknown
12726,9103,Hardware Fault,Minor,2025-11-29 21:00:00,2025-12-01 22:00:00,Configuration Error
12727,9017,Congestion,Major,2024-09-23 06:00:00,2024-09-23 14:00:00,
12728,9035,Fiber Cut,Critical,2026-05-08 17:00:00,2026-05-10 11:00:00,Equipment Failure
12729,9122,Fiber Cut,Critical,2025-07-11 17:00:00,2025-07-13 08:00:00,Equipment Failure
12730,9148,Congestion,Minor,2026-04-13 15:00:00,2026-04-16 13:00:00,Configuration Error
12731,9048,Hardware Fault,Major,2026-01-06 15:00:00,2026-01-08 05:00:00,Power Outage
12732,9135,Fiber Cut,Minor,2025-06-03 22:00:00,2025-06-05 12:00:00,
12733,9097,Link Down,Minor,2025-02-12 21:00:00,,Weather Damage
12734,9113,Fiber Cut,Minor,2025-03-24 08:00:00,2025-03-25 06:00:00,Equipment Failure
12735,9047,Battery Low,Minor,2025-03-01 08:00:00,2025-03-03 16:00:00,Fiber Cut
12736,9093,Power Failure,Critical,2024-09-28 15:00:00,2024-09-29 05:00:00,Power Outage
12737,9095,Link Down,Major,2025-03-20 13:00:00,2025-03-21 16:00:00,Configuration Error
12738,9045,Fiber Cut,Minor,2025-09-24 22:00:00,,Equipment Failure
12739,9121,Congestion,Major,2026-07-05 17:00:00,,Weather Damage
12740,9042,Hardware Fault,Major,2025-03-31 09:00:00,2025-04-02 07:00:00,Configuration Error
12741,9116,Battery Low,Minor,2024-12-31 22:00:00,2025-01-03 14:00:00,Scheduled Maintenance
12742,9116,Hardware Fault,Minor,2026-03-21 23:00:00,2026-03-22 06:00:00,Unknown
12743,9064,Hardware Fault,Minor,2026-01-31 02:00:00,2026-01-31 11:00:00,Equipment Failure
12744,9029,Power Failure,Minor,2026-04-11 22:00:00,2026-04-14 07:00:00,Weather Damage
12745,9096,Software Crash,Minor,2025-08-10 22:00:00,2025-08-12 17:00:00,Unknown
12746,9059,Congestion,Major,2026-03-05 06:00:00,2026-03-05 11:00:00,
12747,9085,Fiber Cut,Minor,2025-01-27 10:00:00,2025-01-29 19:00:00,Unknown
12748,9049,Software Crash,Major,2025-01-27 17:00:00,2025-01-29 05:00:00,Scheduled Maintenance
12749,9063,Fiber Cut,Critical,2024-12-18 20:00:00,2024-12-19 22:00:00,Configuration Error
12750,9090,Congestion,Major,2024-12-22 17:00:00,2024-12-23 07:00:00,
12751,9137,Hardware Fault,Minor,2025-03-23 11:00:00,2025-03-24 03:00:00,Scheduled Maintenance
12752,9054,Battery Low,Minor,2025-12-01 08:00:00,2025-12-04 05:00:00,Configuration Error
12753,9048,Congestion,Minor,2025-05-26 16:00:00,2025-05-29 04:00:00,Unknown
12754,9137,Link Down,Major,2026-02-19 00:00:00,2026-02-21 01:00:00,Scheduled Maintenance
12755,9071,Battery Low,Critical,2025-07-18 22:00:00,2025-07-20 13:00:00,Configuration Error
12756,9105,Power Failure,Minor,2024-09-17 05:00:00,2024-09-17 10:00:00,Scheduled Maintenance
12757,9108,Congestion,Major,2024-09-26 06:00:00,2024-09-28 12:00:00,Equipment Failure
12758,9038,Fiber Cut,Minor,2025-05-30 19:00:00,2025-05-31 12:00:00,Weather Damage
12759,9046,Hardware Fault,Minor,2026-07-20 12:00:00,2026-07-21 11:00:00,Weather Damage
12760,9086,Power Failure,Critical,2024-08-24 04:00:00,2024-08-25 22:00:00,Weather Damage
12761,9148,Hardware Fault,Critical,2026-01-10 03:00:00,2026-01-10 13:00:00,Power Outage
12762,9049,Software Crash,Minor,2026-03-15 09:00:00,2026-03-16 10:00:00,Power Outage
12763,9020,Hardware Fault,Minor,2026-01-07 09:00:00,2026-01-10 02:00:00,Unknown
12764,9031,Hardware Fault,Minor,2025-06-17 16:00:00,2025-06-19 06:00:00,Power Outage
12765,9044,Power Failure,Major,2026-04-13 13:00:00,2026-04-15 23:00:00,
12766,9053,Fiber Cut,Major,2025-05-30 22:00:00,2025-05-31 13:00:00,Unknown
12767,9095,Link Down,Minor,2025-01-15 08:00:00,,Scheduled Maintenance
12768,9100,Software Crash,Minor,2024-09-28 09:00:00,2024-09-30 10:00:00,Weather Damage
12769,9003,Fiber Cut,Minor,2026-04-14 03:00:00,2026-04-14 20:00:00,Unknown
12770,9018,Congestion,Critical,2025-09-09 14:00:00,2025-09-09 17:00:00,Weather Damage
12771,9136,Power Failure,Major,2024-10-11 13:00:00,2024-10-13 02:00:00,Configuration Error
12772,9088,Link Down,Major,2026-07-08 17:00:00,2026-07-09 20:00:00,Fiber Cut
12773,9066,Congestion,Minor,2025-07-11 06:00:00,,Equipment Failure
12774,9139,Battery Low,Minor,2025-11-09 07:00:00,2025-11-10 03:00:00,
12775,9103,Hardware Fault,Minor,2024-10-25 17:00:00,2024-10-25 18:00:00,Configuration Error
12776,9013,Power Failure,Minor,2025-02-06 10:00:00,,Fiber Cut
12777,9103,Hardware Fault,Minor,2025-01-10 05:00:00,2025-01-11 20:00:00,Equipment Failure
12778,9050,Hardware Fault,Major,2024-12-16 12:00:00,2024-12-19 12:00:00,Weather Damage
12779,9078,Fiber Cut,Minor,2025-05-30 02:00:00,2025-06-01 14:00:00,Weather Damage
12780,9080,Fiber Cut,Minor,2025-04-06 19:00:00,2025-04-08 20:00:00,Weather Damage
12781,9137,Hardware Fault,Major,2025-05-03 10:00:00,2025-05-03 18:00:00,Scheduled Maintenance
12782,9054,Power Failure,Minor,2025-11-03 12:00:00,2025-11-04 07:00:00,Configuration Error
12783,9074,Battery Low,Minor,2024-12-17 14:00:00,2024-12-18 01:00:00,Power Outage
12784,9127,Software Crash,Critical,2026-06-05 08:00:00,2026-06-05 15:00:00,Scheduled Maintenance
12785,9020,Battery Low,Minor,2026-05-04 11:00:00,2026-05-07 02:00:00,Scheduled Maintenance
12786,9030,Fiber Cut,Minor,2025-12-31 22:00:00,2026-01-03 13:00:00,Power Outage
12787,9111,Power Failure,Major,2025-08-25 10:00:00,2025-08-26 07:00:00,Unknown
12788,9057,Link Down,Critical,2025-08-18 20:00:00,2025-08-21 00:00:00,Weather Damage
12789,9107,Battery Low,Minor,2026-03-18 07:00:00,2026-03-20 21:00:00,Weather Damage
12790,9042,Software Crash,Major,2026-06-03 20:00:00,2026-06-05 23:00:00,Power Outage
12791,9061,Congestion,Minor,2025-09-16 17:00:00,2025-09-16 18:00:00,Weather Damage
12792,9131,Congestion,Major,2026-03-05 21:00:00,2026-03-06 09:00:00,Power Outage
12793,9038,Battery Low,Major,2025-12-01 05:00:00,2025-12-03 16:00:00,Scheduled Maintenance
12794,9150,Software Crash,Minor,2025-08-07 03:00:00,2025-08-09 05:00:00,Unknown
12795,9019,Congestion,Major,2026-05-22 17:00:00,2026-05-24 04:00:00,Equipment Failure
12796,9029,Fiber Cut,Minor,2024-11-26 00:00:00,2024-11-26 20:00:00,Unknown
12797,9135,Power Failure,Major,2025-08-22 19:00:00,2025-08-24 11:00:00,Configuration Error
12798,9038,Link Down,Critical,2025-01-09 20:00:00,2025-01-10 02:00:00,Power Outage
12799,9057,Power Failure,Minor,2025-10-10 05:00:00,2025-10-11 03:00:00,Equipment Failure
12800,9096,Battery Low,Major,2025-05-29 16:00:00,2025-05-30 15:00:00,Scheduled Maintenance
12801,9005,Hardware Fault,Major,2024-11-15 01:00:00,2024-11-15 12:00:00,Configuration Error
12802,9096,Power Failure,Major,2026-03-22 07:00:00,2026-03-25 03:00:00,Power Outage
12803,9097,Power Failure,Minor,2025-05-22 05:00:00,2025-05-23 18:00:00,Fiber Cut
12804,9092,Fiber Cut,Critical,2025-12-02 16:00:00,2025-12-03 03:00:00,Configuration Error
12805,9040,Congestion,Critical,2026-03-06 02:00:00,2026-03-06 03:00:00,Equipment Failure
12806,9112,Fiber Cut,Minor,2025-02-11 15:00:00,2025-02-12 16:00:00,Scheduled Maintenance
12807,9082,Power Failure,Minor,2025-07-24 08:00:00,2025-07-26 04:00:00,Fiber Cut
12808,9128,Battery Low,Minor,2025-11-21 21:00:00,2025-11-23 14:00:00,Weather Damage
12809,9042,Battery Low,Major,2025-08-01 23:00:00,2025-08-02 17:00:00,Fiber Cut
12810,9104,Software Crash,Minor,2025-05-29 08:00:00,2025-05-29 22:00:00,Fiber Cut
12811,9018,Congestion,Critical,2026-04-10 22:00:00,,Unknown
12812,9011,Battery Low,Minor,2024-09-14 23:00:00,2024-09-16 13:00:00,Scheduled Maintenance
12813,9106,Fiber Cut,Minor,2025-10-13 02:00:00,2025-10-13 13:00:00,Scheduled Maintenance
12814,9091,Hardware Fault,Major,2026-05-07 18:00:00,2026-05-08 02:00:00,Fiber Cut
12815,9136,Battery Low,Major,2024-12-22 09:00:00,2024-12-23 12:00:00,Power Outage
12816,9126,Link Down,Minor,2026-07-30 03:00:00,2026-07-30 05:00:00,Equipment Failure
12817,9034,Power Failure,Minor,2024-09-22 05:00:00,2024-09-24 11:00:00,Scheduled Maintenance
12818,9119,Congestion,Minor,2025-04-22 13:00:00,2025-04-25 09:00:00,Unknown
12819,9016,Fiber Cut,Critical,2026-06-20 10:00:00,2026-06-21 10:00:00,Fiber Cut
12820,9030,Power Failure,Minor,2024-10-05 19:00:00,2024-10-06 22:00:00,Power Outage
12821,9090,Power Failure,Minor,2025-11-18 05:00:00,2025-11-18 19:00:00,Weather Damage
12822,9098,Battery Low,Minor,2025-04-14 16:00:00,2025-04-16 04:00:00,Fiber Cut
12823,9007,Fiber Cut,Critical,2025-07-17 16:00:00,2025-07-19 08:00:00,Scheduled Maintenance
12824,9098,Congestion,Major,2025-06-03 14:00:00,2025-06-03 16:00:00,Configuration Error
12825,9091,Software Crash,Minor,2025-03-26 23:00:00,2025-03-27 00:00:00,Scheduled Maintenance
12826,9039,Fiber Cut,Major,2024-08-24 09:00:00,2024-08-26 06:00:00,Weather Damage
12827,9105,Congestion,Major,2024-09-07 03:00:00,2024-09-09 07:00:00,
12828,9123,Battery Low,Major,2024-11-14 10:00:00,2024-11-15 13:00:00,Power Outage
12829,9017,Battery Low,Major,2025-08-13 03:00:00,,Configuration Error
12830,9149,Congestion,Major,2024-09-04 15:00:00,2024-09-05 04:00:00,Configuration Error
12831,9072,Hardware Fault,Critical,2025-12-05 21:00:00,2025-12-08 06:00:00,Unknown
12832,9062,Congestion,Critical,2026-01-29 19:00:00,2026-01-31 21:00:00,Weather Damage
12833,9131,Battery Low,Minor,2025-04-12 02:00:00,2025-04-13 07:00:00,Unknown
12834,9023,Software Crash,Minor,2024-09-01 05:00:00,2024-09-01 13:00:00,Weather Damage
12835,9021,Power Failure,Critical,2024-09-06 03:00:00,2024-09-07 22:00:00,Configuration Error
12836,9120,Fiber Cut,Minor,2025-07-08 15:00:00,2025-07-10 02:00:00,Configuration Error
12837,9119,Power Failure,Minor,2026-06-06 08:00:00,2026-06-07 09:00:00,Weather Damage
12838,9059,Software Crash,Minor,2026-02-05 03:00:00,,Configuration Error
12839,9018,Fiber Cut,Minor,2025-07-16 13:00:00,2025-07-17 12:00:00,Scheduled Maintenance
12840,9087,Link Down,Minor,2026-03-30 17:00:00,2026-04-02 10:00:00,Unknown
12841,9048,Fiber Cut,Critical,2024-08-15 19:00:00,2024-08-16 17:00:00,Fiber Cut
12842,9055,Battery Low,Critical,2025-04-26 20:00:00,,Weather Damage
12843,9071,Hardware Fault,Major,2024-11-13 19:00:00,2024-11-15 12:00:00,Scheduled Maintenance
12844,9140,Congestion,Minor,2024-09-20 17:00:00,2024-09-23 10:00:00,Fiber Cut
12845,9063,Fiber Cut,Major,2025-04-07 23:00:00,2025-04-09 09:00:00,Scheduled Maintenance
12846,9090,Hardware Fault,Major,2025-08-14 14:00:00,2025-08-15 00:00:00,Fiber Cut
12847,9066,Fiber Cut,Minor,2025-05-29 11:00:00,2025-05-31 14:00:00,Fiber Cut
12848,9004,Hardware Fault,Critical,2025-06-13 18:00:00,2025-06-16 00:00:00,Scheduled Maintenance
12849,9008,Congestion,Minor,2025-10-29 06:00:00,,Power Outage
12850,9050,Fiber Cut,Critical,2026-01-06 14:00:00,2026-01-08 08:00:00,
12851,9061,Fiber Cut,Minor,2025-07-03 08:00:00,2025-07-04 17:00:00,Unknown
12852,9092,Hardware Fault,Major,2024-12-07 19:00:00,2024-12-08 06:00:00,Unknown
12853,9151,Software Crash,Minor,2026-02-07 02:00:00,,Weather Damage
12854,9082,Hardware Fault,Minor,2025-11-28 19:00:00,2025-11-29 14:00:00,
12855,9028,Hardware Fault,Critical,2025-04-28 20:00:00,2025-04-29 18:00:00,Unknown
12856,9109,Fiber Cut,Minor,2026-06-18 03:00:00,,
12857,9127,Hardware Fault,Critical,2024-11-27 06:00:00,2024-11-28 13:00:00,
12858,9073,Fiber Cut,Minor,2025-03-28 18:00:00,2025-03-30 09:00:00,Equipment Failure
12859,9003,Link Down,Major,2025-08-10 22:00:00,2025-08-11 01:00:00,Configuration Error
12860,9025,Link Down,Minor,2024-10-18 20:00:00,2024-10-19 00:00:00,Scheduled Maintenance
12861,9105,Hardware Fault,Minor,2026-08-05 18:00:00,2026-08-07 17:00:00,Power Outage
12862,9094,Battery Low,Major,2025-12-26 02:00:00,2025-12-28 13:00:00,Weather Damage
12863,9086,Hardware Fault,Major,2026-01-22 03:00:00,2026-01-25 00:00:00,Power Outage
12864,9040,Battery Low,Minor,2025-06-30 17:00:00,,Unknown
12865,9053,Congestion,Major,2026-04-09 03:00:00,,Equipment Failure
12866,9121,Power Failure,Minor,2024-12-20 08:00:00,2024-12-21 21:00:00,
12867,9149,Link Down,Minor,2024-11-12 06:00:00,2024-11-14 06:00:00,Fiber Cut
12868,9050,Link Down,Minor,2026-04-25 10:00:00,2026-04-25 22:00:00,Unknown
12869,9013,Battery Low,Minor,2024-10-18 19:00:00,,Power Outage
12870,9068,Fiber Cut,Minor,2026-01-18 03:00:00,2026-01-18 04:00:00,Unknown
12871,9098,Hardware Fault,Major,2026-03-26 04:00:00,2026-03-28 21:00:00,Fiber Cut
12872,9081,Hardware Fault,Minor,2025-01-20 20:00:00,2025-01-22 19:00:00,Scheduled Maintenance
12873,9108,Fiber Cut,Minor,2024-10-09 13:00:00,2024-10-10 09:00:00,Configuration Error
12874,9083,Software Crash,Minor,2026-03-20 10:00:00,,Configuration Error
12875,9044,Power Failure,Major,2024-12-08 06:00:00,,Weather Damage
12876,9108,Congestion,Minor,2025-08-16 01:00:00,2025-08-16 07:00:00,Unknown
12877,9111,Fiber Cut,Major,2026-06-18 21:00:00,2026-06-19 19:00:00,Power Outage
12878,9126,Fiber Cut,Minor,2025-03-19 18:00:00,2025-03-21 15:00:00,Weather Damage
12879,9003,Congestion,Minor,2024-11-10 12:00:00,,Equipment Failure
12880,9141,Battery Low,Critical,2025-06-11 08:00:00,2025-06-12 21:00:00,Unknown
12881,9015,Battery Low,Minor,2026-06-21 03:00:00,2026-06-22 20:00:00,Configuration Error
12882,9035,Hardware Fault,Minor,2025-06-28 23:00:00,2025-06-29 15:00:00,Unknown
12883,9114,Hardware Fault,Major,2025-12-25 22:00:00,2025-12-28 13:00:00,
12884,9137,Link Down,Minor,2025-04-21 13:00:00,2025-04-22 11:00:00,
12885,9031,Software Crash,Major,2024-12-29 05:00:00,,Weather Damage
12886,9060,Hardware Fault,Minor,2025-12-21 22:00:00,2025-12-24 12:00:00,Weather Damage
12887,9018,Fiber Cut,Minor,2025-06-22 19:00:00,2025-06-25 17:00:00,Fiber Cut
12888,9073,Power Failure,Minor,2026-02-07 07:00:00,2026-02-07 19:00:00,Unknown
12889,9079,Power Failure,Critical,2025-01-30 12:00:00,2025-01-30 20:00:00,Configuration Error
12890,9057,Congestion,Minor,2026-03-06 00:00:00,2026-03-08 18:00:00,Power Outage
12891,9051,Congestion,Minor,2024-09-17 02:00:00,2024-09-19 09:00:00,Equipment Failure
12892,9139,Fiber Cut,Critical,2026-07-28 22:00:00,2026-07-30 05:00:00,Equipment Failure
12893,9105,Congestion,Minor,2024-10-24 10:00:00,2024-10-24 13:00:00,Configuration Error
12894,9121,Fiber Cut,Major,2025-11-09 03:00:00,2025-11-09 06:00:00,
12895,9126,Power Failure,Minor,2025-01-10 22:00:00,2025-01-13 05:00:00,Fiber Cut
12896,9099,Software Crash,Minor,2025-03-30 01:00:00,2025-03-30 11:00:00,Weather Damage
12897,9082,Fiber Cut,Critical,2026-03-18 11:00:00,2026-03-20 02:00:00,Equipment Failure
12898,9026,Link Down,Minor,2026-01-15 04:00:00,2026-01-15 22:00:00,Weather Damage
12899,9021,Hardware Fault,Minor,2024-12-23 15:00:00,2024-12-24 18:00:00,Power Outage
12900,9092,Link Down,Minor,2025-05-29 20:00:00,2025-06-01 06:00:00,Unknown
12901,9010,Link Down,Minor,2025-09-12 18:00:00,2025-09-13 13:00:00,Power Outage
12902,9126,Congestion,Major,2024-08-26 20:00:00,2024-08-27 06:00:00,Unknown
12903,9061,Power Failure,Critical,2025-10-11 23:00:00,,Unknown
12904,9001,Hardware Fault,Critical,2024-12-08 17:00:00,,
12905,9067,Hardware Fault,Minor,2025-03-24 03:00:00,2025-03-24 22:00:00,Configuration Error
12906,9047,Software Crash,Major,2025-01-05 15:00:00,2025-01-07 15:00:00,Fiber Cut
12907,9059,Link Down,Minor,2025-11-27 07:00:00,2025-11-28 20:00:00,Power Outage
12908,9052,Battery Low,Minor,2024-08-21 22:00:00,2024-08-22 21:00:00,Unknown
12909,9141,Battery Low,Minor,2024-09-12 16:00:00,2024-09-15 03:00:00,Equipment Failure
12910,9125,Hardware Fault,Major,2025-05-24 23:00:00,2025-05-27 23:00:00,
12911,9142,Fiber Cut,Minor,2024-09-05 00:00:00,2024-09-06 22:00:00,Configuration Error
12912,9017,Congestion,Minor,2026-01-02 20:00:00,2026-01-05 13:00:00,Configuration Error
12913,9072,Power Failure,Minor,2026-06-23 07:00:00,2026-06-24 14:00:00,
12914,9101,Congestion,Major,2026-05-30 12:00:00,2026-05-31 07:00:00,Fiber Cut
12915,9092,Hardware Fault,Major,2026-06-12 06:00:00,2026-06-13 10:00:00,Equipment Failure
12916,9073,Battery Low,Major,2025-03-25 05:00:00,2025-03-26 04:00:00,Weather Damage
12917,9017,Fiber Cut,Major,2025-02-25 19:00:00,2025-02-27 09:00:00,Equipment Failure
12918,9084,Congestion,Minor,2026-05-11 03:00:00,2026-05-13 03:00:00,Power Outage
12919,9079,Software Crash,Major,2026-01-28 21:00:00,2026-01-31 17:00:00,Unknown
12920,9027,Fiber Cut,Major,2024-12-27 16:00:00,2024-12-28 07:00:00,Scheduled Maintenance
12921,9056,Link Down,Major,2026-04-22 11:00:00,2026-04-24 23:00:00,
12922,9041,Power Failure,Minor,2024-11-15 04:00:00,2024-11-15 16:00:00,Equipment Failure
12923,9098,Link Down,Minor,2025-01-21 10:00:00,2025-01-21 15:00:00,
12924,9097,Power Failure,Minor,2025-08-29 09:00:00,2025-08-30 11:00:00,Power Outage
12925,9076,Congestion,Major,2025-08-29 15:00:00,2025-08-31 06:00:00,Unknown
12926,9131,Fiber Cut,Major,2025-11-16 17:00:00,2025-11-18 23:00:00,Power Outage
12927,9020,Power Failure,Minor,2026-01-23 19:00:00,2026-01-25 17:00:00,Scheduled Maintenance
12928,9114,Hardware Fault,Minor,2025-05-30 14:00:00,2025-05-31 20:00:00,Fiber Cut
12929,9143,Hardware Fault,Minor,2025-10-16 13:00:00,2025-10-19 09:00:00,Configuration Error
12930,9119,Battery Low,Major,2026-01-30 07:00:00,2026-02-02 00:00:00,Unknown
12931,9143,Hardware Fault,Critical,2025-06-11 17:00:00,2025-06-13 22:00:00,
12932,9081,Hardware Fault,Major,2026-04-18 20:00:00,2026-04-21 08:00:00,
12933,9066,Fiber Cut,Major,2025-10-19 16:00:00,2025-10-20 18:00:00,Unknown
12934,9010,Link Down,Critical,2026-04-09 11:00:00,,Weather Damage
12935,9142,Hardware Fault,Minor,2026-07-13 20:00:00,2026-07-15 15:00:00,Power Outage
12936,9018,Power Failure,Major,2025-10-06 07:00:00,2025-10-07 21:00:00,Scheduled Maintenance
12937,9062,Congestion,Major,2026-01-15 23:00:00,2026-01-17 12:00:00,Scheduled Maintenance
12938,9124,Software Crash,Minor,2025-01-29 08:00:00,2025-01-31 04:00:00,Equipment Failure
12939,9011,Fiber Cut,Major,2025-05-01 09:00:00,2025-05-02 18:00:00,Fiber Cut
12940,9049,Software Crash,Minor,2025-03-28 17:00:00,2025-03-29 01:00:00,Unknown
12941,9084,Hardware Fault,Major,2025-05-09 23:00:00,2025-05-11 16:00:00,Equipment Failure
12942,9051,Hardware Fault,Minor,2026-01-10 05:00:00,2026-01-12 21:00:00,Equipment Failure
12943,9143,Battery Low,Minor,2026-02-06 04:00:00,2026-02-09 04:00:00,Weather Damage
12944,9023,Hardware Fault,Minor,2025-11-09 22:00:00,2025-11-11 08:00:00,Fiber Cut
12945,9080,Software Crash,Major,2026-03-28 19:00:00,2026-03-29 18:00:00,Scheduled Maintenance
12946,9113,Fiber Cut,Major,2025-01-04 16:00:00,2025-01-06 11:00:00,Configuration Error
12947,9074,Software Crash,Minor,2026-05-17 23:00:00,2026-05-18 16:00:00,
12948,9010,Hardware Fault,Minor,2025-10-25 00:00:00,2025-10-26 09:00:00,Weather Damage
12949,9029,Hardware Fault,Minor,2026-02-01 05:00:00,2026-02-02 13:00:00,Weather Damage
12950,9089,Link Down,Minor,2025-06-12 05:00:00,2025-06-12 17:00:00,Configuration Error
12951,9136,Fiber Cut,Minor,2026-02-26 07:00:00,2026-02-27 04:00:00,Weather Damage
12952,9079,Software Crash,Major,2024-12-17 20:00:00,2024-12-19 16:00:00,Fiber Cut
12953,9098,Software Crash,Minor,2025-04-19 06:00:00,2025-04-22 02:00:00,Power Outage
12954,9012,Software Crash,Critical,2024-11-26 14:00:00,2024-11-29 11:00:00,
12955,9113,Battery Low,Major,2024-09-19 11:00:00,2024-09-20 13:00:00,Power Outage
12956,9083,Fiber Cut,Major,2024-08-08 20:00:00,2024-08-09 17:00:00,Fiber Cut
12957,9002,Fiber Cut,Major,2024-09-08 06:00:00,2024-09-08 23:00:00,Scheduled Maintenance
12958,9035,Congestion,Minor,2026-01-28 04:00:00,2026-01-28 09:00:00,
12959,9149,Software Crash,Minor,2025-06-29 09:00:00,2025-06-29 21:00:00,Power Outage
12960,9017,Software Crash,Minor,2026-06-17 08:00:00,2026-06-19 07:00:00,Fiber Cut
12961,9050,Power Failure,Major,2026-07-21 07:00:00,2026-07-24 03:00:00,
12962,9004,Power Failure,Major,2026-01-14 10:00:00,2026-01-16 13:00:00,Power Outage
12963,9068,Power Failure,Minor,2024-10-01 12:00:00,2024-10-03 16:00:00,Scheduled Maintenance
12964,9017,Battery Low,Major,2025-11-14 05:00:00,2025-11-14 12:00:00,Power Outage
12965,9060,Congestion,Minor,2025-06-09 03:00:00,2025-06-10 22:00:00,Power Outage
12966,9001,Battery Low,Minor,2026-06-27 03:00:00,2026-06-28 18:00:00,
12967,9120,Fiber Cut,Minor,2025-08-20 11:00:00,2025-08-22 21:00:00,Fiber Cut
12968,9136,Fiber Cut,Major,2025-02-06 00:00:00,2025-02-06 14:00:00,Fiber Cut
12969,9077,Congestion,Minor,2026-05-25 10:00:00,2026-05-28 09:00:00,Unknown
12970,9109,Hardware Fault,Critical,2025-11-10 13:00:00,2025-11-13 09:00:00,
12971,9038,Hardware Fault,Minor,2025-10-10 18:00:00,2025-10-11 10:00:00,Unknown
12972,9079,Software Crash,Critical,2024-10-05 14:00:00,2024-10-08 07:00:00,Weather Damage
12973,9063,Hardware Fault,Major,2026-06-11 19:00:00,2026-06-13 21:00:00,Weather Damage
12974,9022,Battery Low,Minor,2025-07-22 00:00:00,2025-07-22 06:00:00,Fiber Cut
12975,9137,Congestion,Minor,2025-09-19 07:00:00,2025-09-19 23:00:00,Fiber Cut
12976,9092,Link Down,Major,2024-12-13 17:00:00,2024-12-13 20:00:00,Configuration Error
12977,9083,Fiber Cut,Minor,2025-11-09 16:00:00,2025-11-10 21:00:00,Scheduled Maintenance
12978,9002,Congestion,Minor,2025-08-07 20:00:00,2025-08-10 16:00:00,Equipment Failure
12979,9126,Hardware Fault,Minor,2024-12-02 04:00:00,2024-12-03 09:00:00,Power Outage
12980,9072,Hardware Fault,Critical,2025-05-01 11:00:00,2025-05-02 10:00:00,Scheduled Maintenance
12981,9128,Software Crash,Major,2026-01-30 16:00:00,2026-01-31 17:00:00,Equipment Failure
12982,9068,Power Failure,Major,2024-09-13 12:00:00,2024-09-15 01:00:00,Fiber Cut
12983,9062,Link Down,Minor,2025-11-26 20:00:00,2025-11-29 02:00:00,Scheduled Maintenance
12984,9026,Congestion,Critical,2026-07-17 19:00:00,2026-07-17 20:00:00,Weather Damage
12985,9001,Power Failure,Major,2025-08-10 05:00:00,2025-08-12 05:00:00,Configuration Error
12986,9080,Software Crash,Major,2024-12-10 00:00:00,2024-12-12 00:00:00,
12987,9089,Power Failure,Minor,2025-12-06 07:00:00,2025-12-07 02:00:00,
12988,9145,Battery Low,Minor,2025-03-19 04:00:00,2025-03-21 09:00:00,Equipment Failure
12989,9051,Hardware Fault,Critical,2025-01-09 12:00:00,2025-01-11 19:00:00,Equipment Failure
12990,9148,Hardware Fault,Major,2025-01-23 20:00:00,2025-01-24 14:00:00,
12991,9077,Power Failure,Minor,2025-06-03 13:00:00,2025-06-05 01:00:00,Equipment Failure
12992,9073,Fiber Cut,Minor,2025-09-05 17:00:00,2025-09-06 19:00:00,Scheduled Maintenance
12993,9008,Fiber Cut,Major,2024-10-04 22:00:00,2024-10-07 15:00:00,Equipment Failure
12994,9111,Fiber Cut,Major,2025-11-03 03:00:00,2025-11-05 00:00:00,Configuration Error
12995,9026,Congestion,Minor,2025-11-04 11:00:00,2025-11-05 11:00:00,Configuration Error
12996,9044,Link Down,Minor,2026-05-08 07:00:00,2026-05-10 10:00:00,Weather Damage
12997,9132,Link Down,Major,2025-09-14 05:00:00,2025-09-14 17:00:00,Power Outage
12998,9151,Congestion,Minor,2026-03-08 06:00:00,2026-03-09 19:00:00,Equipment Failure
12999,9006,Congestion,Critical,2025-03-14 05:00:00,2025-03-15 14:00:00,Power Outage
13000,9117,Power Failure,Major,2025-05-16 15:00:00,,Scheduled Maintenance
13001,9125,Fiber Cut,Minor,2024-08-29 13:00:00,2024-08-31 16:00:00,Equipment Failure
13002,9124,Software Crash,Major,2025-07-05 23:00:00,2025-07-06 10:00:00,Equipment Failure
13003,9073,Battery Low,Minor,2025-06-01 19:00:00,2025-06-02 20:00:00,Configuration Error
13004,9136,Congestion,Major,2026-01-14 12:00:00,2026-01-16 09:00:00,Configuration Error
13005,9093,Battery Low,Minor,2026-07-13 18:00:00,2026-07-16 12:00:00,Unknown
13006,9119,Hardware Fault,Critical,2026-06-17 14:00:00,2026-06-18 02:00:00,Scheduled Maintenance
13007,9046,Power Failure,Minor,2024-10-16 07:00:00,2024-10-16 08:00:00,Configuration Error
13008,9009,Power Failure,Major,2025-01-15 11:00:00,2025-01-15 21:00:00,Fiber Cut
13009,9058,Software Crash,Critical,2024-08-28 14:00:00,2024-08-30 19:00:00,Power Outage
13010,9073,Battery Low,Minor,2025-12-26 09:00:00,,Power Outage
13011,9105,Hardware Fault,Minor,2024-10-10 04:00:00,2024-10-11 00:00:00,Equipment Failure
13012,9036,Software Crash,Minor,2026-01-12 01:00:00,2026-01-12 18:00:00,Unknown
13013,9060,Power Failure,Major,2025-11-04 14:00:00,2025-11-07 05:00:00,Equipment Failure
13014,9135,Hardware Fault,Major,2024-10-01 18:00:00,2024-10-02 08:00:00,Weather Damage
13015,9003,Fiber Cut,Critical,2025-12-17 19:00:00,2025-12-19 05:00:00,Unknown
13016,9098,Link Down,Minor,2025-11-25 23:00:00,2025-11-26 05:00:00,Power Outage
13017,9050,Hardware Fault,Critical,2026-06-20 11:00:00,,Weather Damage
13018,9096,Fiber Cut,Major,2025-03-10 20:00:00,2025-03-13 19:00:00,Equipment Failure
13019,9088,Power Failure,Major,2026-03-30 23:00:00,2026-04-02 14:00:00,Weather Damage
13020,9003,Link Down,Major,2025-08-17 20:00:00,,Power Outage
13021,9119,Hardware Fault,Minor,2026-02-23 17:00:00,2026-02-25 18:00:00,Equipment Failure
13022,9103,Link Down,Minor,2025-01-16 11:00:00,2025-01-17 03:00:00,Configuration Error
13023,9143,Battery Low,Major,2026-02-11 11:00:00,2026-02-12 14:00:00,Scheduled Maintenance
13024,9147,Software Crash,Minor,2026-01-29 01:00:00,2026-01-30 12:00:00,Configuration Error
13025,9073,Power Failure,Minor,2026-04-20 00:00:00,2026-04-22 21:00:00,Configuration Error
13026,9098,Power Failure,Minor,2025-12-06 00:00:00,2025-12-08 06:00:00,
13027,9021,Fiber Cut,Minor,2026-04-05 10:00:00,2026-04-05 12:00:00,Unknown
13028,9028,Congestion,Major,2024-12-08 01:00:00,2024-12-09 01:00:00,Unknown
13029,9107,Fiber Cut,Major,2024-11-25 06:00:00,2024-11-27 12:00:00,Equipment Failure
13030,9071,Software Crash,Major,2025-12-02 04:00:00,,Equipment Failure
13031,9106,Battery Low,Minor,2025-07-25 04:00:00,2025-07-27 03:00:00,Power Outage
13032,9025,Congestion,Critical,2024-08-16 15:00:00,2024-08-17 21:00:00,Power Outage
13033,9028,Software Crash,Major,2026-07-19 14:00:00,2026-07-21 13:00:00,Equipment Failure
13034,9085,Battery Low,Major,2026-06-08 05:00:00,2026-06-11 00:00:00,Equipment Failure
13035,9025,Software Crash,Minor,2025-03-18 06:00:00,2025-03-21 01:00:00,Fiber Cut
13036,9027,Fiber Cut,Major,2026-01-02 18:00:00,2026-01-04 12:00:00,Unknown
13037,9148,Hardware Fault,Major,2025-09-24 05:00:00,2025-09-25 11:00:00,Fiber Cut
13038,9120,Hardware Fault,Major,2025-12-08 04:00:00,2025-12-10 09:00:00,Power Outage
13039,9073,Hardware Fault,Minor,2026-02-07 07:00:00,2026-02-09 02:00:00,Fiber Cut
13040,9018,Power Failure,Major,2026-01-09 11:00:00,2026-01-11 07:00:00,
13041,9025,Congestion,Critical,2024-11-06 15:00:00,2024-11-07 18:00:00,Scheduled Maintenance
13042,9035,Software Crash,Major,2025-01-23 08:00:00,2025-01-24 22:00:00,Configuration Error
13043,9137,Power Failure,Major,2025-02-20 14:00:00,2025-02-23 01:00:00,Configuration Error
13044,9063,Link Down,Minor,2025-11-08 03:00:00,2025-11-10 16:00:00,Scheduled Maintenance
13045,9061,Congestion,Minor,2024-08-21 11:00:00,2024-08-23 03:00:00,Scheduled Maintenance
13046,9146,Link Down,Critical,2025-04-05 12:00:00,,Unknown
13047,9034,Congestion,Critical,2026-07-02 22:00:00,2026-07-05 21:00:00,Equipment Failure
13048,9080,Battery Low,Minor,2025-03-03 08:00:00,,Power Outage
13049,9129,Congestion,Minor,2025-10-04 22:00:00,2025-10-06 18:00:00,Equipment Failure
