transaction_id,invoice_id,customer_id,amount,payment_method,status,timestamp,gateway_reference
6001,5001,1001,2217.64,Wallet,SUCCESS,2026-04-03 19:00:00,TXN234097
6002,5001,1001,1389.09,Netbanking,SUCCESS,2026-04-07 19:00:00,TXN389410
6003,5002,1001,3620.02,Netbanking,SUCCESS,2026-05-07 22:00:00,TXN554860
6004,5003,1001,3590.76,Credit Card,SUCCESS,2026-06-07 16:00:00,TXN913143
6005,5004,1001,3601.10,Netbanking,SUCCESS,2026-07-07 18:00:00,TXN155855
6006,5005,1001,2539.28,Debit Card,SUCCESS,2026-08-10 14:00:00,TXN576666
6007,5005,1001,1190.68,Wallet,SUCCESS,2026-08-01 08:00:00,TXN359717
6008,5006,1001,2387.71,UPI,SUCCESS,2026-09-10 09:00:00,TXN963878
6009,5006,1001,1329.64,Debit Card,FAILED,2026-09-12 10:00:00,TXN806044
6010,5007,1003,1098.39,Wallet,SUCCESS,2026-04-09 11:00:00,TXN914811
6011,5008,1003,1216.37,Debit Card,FAILED,2026-05-03 11:00:00,TXN862183
6012,5009,1003,1090.15,Wallet,SUCCESS,2026-06-13 06:00:00,TXN587060
6013,5010,1003,1186.36,Wallet,SUCCESS,2026-07-15 17:00:00,TXN261949
6014,5011,1003,498.13,Credit Card,SUCCESS,2026-08-13 13:00:00,TXN860299
6015,5011,1003,568.11,Netbanking,SUCCESS,2026-08-11 12:00:00,TXN949113
6016,5012,1003,1151.76,UPI,SUCCESS,2026-09-13 17:00:00,TXN447172
6017,5013,1005,609.68,Debit Card,SUCCESS,2026-04-13 20:00:00,TXN114823
6018,5014,1005,603.86,UPI,SUCCESS,2026-05-15 09:00:00,TXN387317
6019,5015,1005,688.44,Credit Card,SUCCESS,2026-06-07 12:00:00,TXN860822
6020,5016,1005,360.19,Credit Card,SUCCESS,2026-07-03 11:00:00,TXN278092
6021,5016,1005,322.82,Netbanking,SUCCESS,2026-07-05 12:00:00,TXN909946
6022,5017,1005,624.07,Wallet,SUCCESS,2026-08-13 13:00:00,TXN692411
6023,5018,1005,706.54,Wallet,SUCCESS,2026-09-15 22:00:00,TXN585315
6024,5019,1009,3596.91,Debit Card,SUCCESS,2026-04-14 17:00:00,TXN833609
6025,5020,1009,3628.79,Credit Card,SUCCESS,2026-05-05 21:00:00,TXN366145
6026,5021,1009,3682.60,Netbanking,SUCCESS,2026-06-08 15:00:00,TXN109970
6027,5022,1009,2128.75,Debit Card,SUCCESS,2026-07-06 09:00:00,TXN522410
6028,5022,1009,1423.18,UPI,FAILED,2026-07-09 06:00:00,TXN282280
6029,5023,1009,3598.42,UPI,SUCCESS,2026-08-11 11:00:00,TXN430263
6030,5024,1009,3584.83,Netbanking,SUCCESS,2026-09-08 15:00:00,TXN247088
6031,5025,1010,701.97,Wallet,SUCCESS,2026-04-15 17:00:00,TXN515526
6032,5026,1010,681.97,Credit Card,SUCCESS,2026-05-13 22:00:00,TXN280790
6033,5027,1010,448.78,Wallet,SUCCESS,2026-06-09 14:00:00,TXN457537
6034,5027,1010,193.60,UPI,SUCCESS,2026-06-13 07:00:00,TXN524131
6035,5028,1010,338.88,Wallet,FAILED,2026-07-08 08:00:00,TXN225626
6036,5028,1010,327.12,Netbanking,SUCCESS,2026-07-06 17:00:00,TXN681450
6037,5029,1010,353.24,Netbanking,SUCCESS,2026-08-02 09:00:00,TXN696314
6038,5029,1010,218.41,UPI,PENDING,2026-08-03 17:00:00,TXN204090
6039,5030,1010,673.28,Debit Card,SUCCESS,2026-09-04 08:00:00,TXN115019
6040,5031,1011,391.29,UPI,FAILED,2026-04-14 22:00:00,TXN336765
6041,5032,1011,419.54,Credit Card,SUCCESS,2026-05-06 06:00:00,TXN482397
6042,5033,1011,573.73,Credit Card,SUCCESS,2026-06-12 08:00:00,TXN612391
6043,5034,1011,488.51,Debit Card,SUCCESS,2026-07-11 14:00:00,TXN635057
6044,5035,1011,157.74,Debit Card,SUCCESS,2026-08-15 06:00:00,TXN543700
6045,5035,1011,272.62,Netbanking,SUCCESS,2026-08-10 12:00:00,TXN130957
6046,5036,1011,446.36,Wallet,SUCCESS,2026-09-04 19:00:00,TXN271594
6047,5037,1013,222.19,Wallet,SUCCESS,2026-04-14 20:00:00,TXN826881
6048,5037,1013,123.26,Wallet,SUCCESS,2026-04-03 20:00:00,TXN680060
6049,5038,1013,365.77,Netbanking,SUCCESS,2026-05-09 09:00:00,TXN357823
6050,5039,1013,286.86,UPI,SUCCESS,2026-06-15 10:00:00,TXN340360
6051,5040,1013,290.23,Debit Card,SUCCESS,2026-07-14 21:00:00,TXN247806
6052,5041,1013,200.33,Netbanking,SUCCESS,2026-08-08 16:00:00,TXN938449
6053,5042,1013,344.70,Wallet,SUCCESS,2026-09-10 18:00:00,TXN571421
6054,5043,1018,985.43,UPI,SUCCESS,2026-04-06 18:00:00,TXN192407
6055,5044,1018,1017.38,UPI,SUCCESS,2026-05-15 17:00:00,
6056,5045,1018,327.44,Wallet,PENDING,2026-06-11 14:00:00,TXN889118
6057,5045,1018,598.00,Debit Card,SUCCESS,2026-06-14 06:00:00,TXN930881
6058,5046,1018,854.30,Netbanking,SUCCESS,2026-07-06 07:00:00,TXN733171
6059,5047,1018,1005.04,Credit Card,SUCCESS,2026-08-06 06:00:00,TXN241628
6060,5048,1018,917.56,Wallet,SUCCESS,2026-09-02 15:00:00,TXN174415
6061,5049,1022,308.15,Credit Card,SUCCESS,2026-04-05 18:00:00,TXN545704
6062,5050,1022,269.12,Debit Card,SUCCESS,2026-05-12 19:00:00,TXN986052
6063,5051,1022,259.61,Credit Card,SUCCESS,2026-06-01 17:00:00,TXN489832
6064,5052,1022,431.57,Netbanking,SUCCESS,2026-07-06 13:00:00,TXN394119
6065,5053,1022,316.89,Netbanking,SUCCESS,2026-08-13 18:00:00,TXN884893
6066,5054,1022,251.59,Netbanking,FAILED,2026-09-14 20:00:00,TXN479802
6067,5055,1025,270.82,UPI,SUCCESS,2026-04-12 06:00:00,TXN386694
6068,5055,1025,292.88,Netbanking,SUCCESS,2026-04-13 21:00:00,TXN851467
6069,5056,1025,200.81,Wallet,SUCCESS,2026-05-07 18:00:00,TXN112232
6070,5056,1025,332.28,UPI,SUCCESS,2026-05-07 07:00:00,TXN945917
6071,5057,1025,497.68,UPI,SUCCESS,2026-06-04 20:00:00,TXN949967
6072,5058,1025,589.75,UPI,SUCCESS,2026-07-04 15:00:00,TXN693765
6073,5059,1025,511.85,Netbanking,SUCCESS,2026-08-12 16:00:00,TXN643951
6074,5060,1025,163.81,Credit Card,SUCCESS,2026-09-06 16:00:00,TXN114376
6075,5060,1025,312.34,Wallet,SUCCESS,2026-09-10 16:00:00,TXN132140
6076,5061,1026,1159.61,Credit Card,SUCCESS,2026-04-06 10:00:00,TXN622994
6077,5062,1026,1253.24,Wallet,SUCCESS,2026-05-05 15:00:00,TXN265433
6078,5063,1026,1197.95,Credit Card,PENDING,2026-06-06 11:00:00,TXN174843
6079,5064,1026,1191.79,Debit Card,SUCCESS,2026-07-07 06:00:00,TXN608858
6080,5065,1026,1159.87,Wallet,SUCCESS,2026-08-02 10:00:00,TXN559168
6081,5066,1026,1232.65,UPI,SUCCESS,2026-09-03 14:00:00,TXN244080
6082,5067,1028,276.53,Netbanking,SUCCESS,2026-04-14 07:00:00,
6083,5068,1028,423.32,Wallet,SUCCESS,2026-05-11 22:00:00,TXN480796
6084,5069,1028,373.84,Credit Card,SUCCESS,2026-06-04 13:00:00,TXN489398
6085,5070,1028,285.61,Credit Card,SUCCESS,2026-07-05 20:00:00,TXN934634
6086,5071,1028,369.39,Credit Card,SUCCESS,2026-08-12 08:00:00,TXN668022
6087,5072,1028,264.45,Debit Card,SUCCESS,2026-09-08 20:00:00,TXN219672
6088,5073,1036,1063.03,Debit Card,SUCCESS,2026-04-07 19:00:00,TXN688710
6089,5074,1036,1204.36,Netbanking,SUCCESS,2026-05-09 07:00:00,TXN162113
6090,5075,1036,1166.48,Netbanking,SUCCESS,2026-06-09 20:00:00,TXN425711
6091,5076,1036,1118.69,UPI,FAILED,2026-07-08 18:00:00,TXN461875
6092,5077,1036,1188.78,Netbanking,SUCCESS,2026-08-10 14:00:00,TXN708067
6093,5078,1036,1128.19,Netbanking,SUCCESS,2026-09-15 17:00:00,TXN793760
6094,5079,1038,1223.72,Credit Card,SUCCESS,2026-04-12 13:00:00,TXN779577
6095,5080,1038,1129.04,UPI,SUCCESS,2026-05-02 20:00:00,TXN551938
6096,5081,1038,1299.83,UPI,SUCCESS,2026-06-08 11:00:00,TXN573104
6097,5082,1038,1287.21,Debit Card,SUCCESS,2026-07-13 10:00:00,TXN849306
6098,5083,1038,1260.51,UPI,SUCCESS,2026-08-03 20:00:00,TXN936523
6099,5084,1038,1211.21,UPI,SUCCESS,2026-09-07 15:00:00,TXN422449
6100,5085,1040,291.25,Netbanking,SUCCESS,2026-04-02 20:00:00,TXN862280
6101,5086,1040,221.87,Netbanking,SUCCESS,2026-05-10 18:00:00,TXN423956
6102,5086,1040,210.32,Credit Card,FAILED,2026-05-14 12:00:00,TXN157507
6103,5087,1040,123.87,Debit Card,SUCCESS,2026-06-14 12:00:00,TXN396252
6104,5087,1040,92.49,Credit Card,SUCCESS,2026-06-09 09:00:00,TXN319592
6105,5088,1040,206.82,Debit Card,PENDING,2026-07-15 17:00:00,TXN806985
6106,5089,1040,339.19,Credit Card,SUCCESS,2026-08-11 20:00:00,TXN945007
6107,5090,1040,183.17,UPI,SUCCESS,2026-09-10 11:00:00,TXN361918
6108,5091,1045,341.23,Wallet,PENDING,2026-04-11 22:00:00,TXN695686
6109,5092,1045,415.42,Debit Card,SUCCESS,2026-05-11 06:00:00,TXN487731
6110,5093,1045,341.54,Netbanking,SUCCESS,2026-06-01 11:00:00,TXN951232
6111,5094,1045,471.60,Debit Card,FAILED,2026-07-13 19:00:00,TXN333977
6112,5095,1045,355.70,Wallet,SUCCESS,2026-08-03 16:00:00,TXN490584
6113,5096,1045,412.92,Debit Card,SUCCESS,2026-09-14 12:00:00,TXN565170
6114,5097,1047,1058.99,Debit Card,SUCCESS,2026-04-13 07:00:00,TXN665688
6115,5098,1047,1147.93,Netbanking,SUCCESS,2026-05-12 20:00:00,TXN882790
6116,5099,1047,1059.46,Credit Card,SUCCESS,2026-06-02 11:00:00,TXN614901
6117,5100,1047,414.13,Wallet,FAILED,2026-07-11 19:00:00,TXN551927
6118,5100,1047,735.06,Credit Card,SUCCESS,2026-07-10 11:00:00,TXN975901
6119,5101,1047,1074.89,Wallet,SUCCESS,2026-08-04 10:00:00,TXN307152
6120,5102,1047,1075.68,Debit Card,SUCCESS,2026-09-09 18:00:00,TXN193707
6121,5103,1057,426.14,Credit Card,FAILED,2026-04-08 17:00:00,TXN113571
6122,5104,1057,312.57,UPI,SUCCESS,2026-05-06 15:00:00,TXN254374
6123,5105,1057,301.80,Wallet,SUCCESS,2026-06-02 19:00:00,TXN146021
6124,5106,1057,318.73,Netbanking,SUCCESS,2026-07-06 14:00:00,TXN322211
6125,5107,1057,330.54,Debit Card,PENDING,2026-08-01 18:00:00,TXN790962
6126,5108,1057,312.79,Credit Card,SUCCESS,2026-09-06 22:00:00,TXN628632
6127,5109,1061,687.53,Netbanking,SUCCESS,2026-04-15 19:00:00,TXN128182
6128,5110,1061,234.33,UPI,SUCCESS,2026-05-13 17:00:00,TXN520270
6129,5110,1061,488.75,Netbanking,SUCCESS,2026-05-05 21:00:00,TXN354363
6130,5111,1061,728.21,Wallet,SUCCESS,2026-06-11 08:00:00,TXN769358
6131,5112,1061,724.99,Debit Card,SUCCESS,2026-07-06 12:00:00,TXN196308
6132,5113,1061,395.61,Credit Card,SUCCESS,2026-08-11 22:00:00,TXN996863
6133,5113,1061,312.02,Wallet,SUCCESS,2026-08-12 07:00:00,TXN652876
6134,5114,1061,617.13,Netbanking,SUCCESS,2026-09-13 07:00:00,TXN706506
6135,5115,1066,404.35,Netbanking,SUCCESS,2026-04-12 13:00:00,TXN380820
6136,5116,1066,445.57,UPI,SUCCESS,2026-05-09 09:00:00,TXN352822
6137,5117,1066,504.85,Netbanking,SUCCESS,2026-06-14 06:00:00,TXN615299
6138,5118,1066,286.97,Netbanking,SUCCESS,2026-07-06 09:00:00,TXN513698
6139,5118,1066,174.42,UPI,SUCCESS,2026-07-02 14:00:00,TXN868162
6140,5119,1066,429.21,Netbanking,SUCCESS,2026-08-10 12:00:00,TXN270962
6141,5120,1066,321.36,Debit Card,SUCCESS,2026-09-07 11:00:00,TXN791001
6142,5120,1066,171.93,UPI,SUCCESS,2026-09-15 08:00:00,
6143,5121,1069,865.85,Wallet,SUCCESS,2026-04-05 18:00:00,TXN596126
6144,5122,1069,897.14,Netbanking,SUCCESS,2026-05-08 07:00:00,TXN323803
6145,5123,1069,891.82,Debit Card,FAILED,2026-06-11 10:00:00,TXN809929
6146,5124,1069,359.83,Credit Card,FAILED,2026-07-08 12:00:00,TXN470857
6147,5124,1069,492.73,Debit Card,SUCCESS,2026-07-01 14:00:00,TXN315807
6148,5125,1069,889.38,Credit Card,SUCCESS,2026-08-01 14:00:00,TXN528831
6149,5126,1069,800.68,Credit Card,SUCCESS,2026-09-03 21:00:00,TXN121358
6150,5127,1073,218.00,Debit Card,SUCCESS,2026-04-07 22:00:00,TXN720777
6151,5128,1073,270.02,Wallet,SUCCESS,2026-05-03 11:00:00,TXN257169
6152,5129,1073,212.26,UPI,SUCCESS,2026-06-09 11:00:00,TXN916599
6153,5130,1073,265.77,Netbanking,SUCCESS,2026-07-01 16:00:00,TXN841813
6154,5131,1073,236.45,Debit Card,SUCCESS,2026-08-11 13:00:00,TXN172990
6155,5132,1073,121.41,UPI,SUCCESS,2026-09-11 08:00:00,TXN985810
6156,5132,1073,161.93,Debit Card,SUCCESS,2026-09-08 14:00:00,TXN598718
6157,5133,1074,1173.82,Wallet,SUCCESS,2026-04-11 11:00:00,TXN602568
6158,5134,1074,1277.92,Wallet,SUCCESS,2026-05-01 22:00:00,TXN897124
6159,5135,1074,1334.71,Debit Card,SUCCESS,2026-06-04 14:00:00,TXN467815
6160,5136,1074,1206.44,Wallet,SUCCESS,2026-07-08 08:00:00,
6161,5137,1074,1216.87,Netbanking,SUCCESS,2026-08-14 16:00:00,TXN440458
6162,5138,1074,1167.59,Credit Card,SUCCESS,2026-09-10 19:00:00,TXN376707
6163,5139,1077,1189.46,Debit Card,SUCCESS,2026-04-10 13:00:00,TXN362360
6164,5140,1077,1366.00,Debit Card,SUCCESS,2026-05-14 06:00:00,TXN557566
6165,5141,1077,1257.09,Debit Card,SUCCESS,2026-06-01 10:00:00,TXN843771
6166,5142,1077,1232.40,Credit Card,SUCCESS,2026-07-02 18:00:00,TXN982444
6167,5143,1077,1138.83,Netbanking,SUCCESS,2026-08-03 15:00:00,TXN833830
6168,5144,1077,829.97,Netbanking,SUCCESS,2026-09-07 18:00:00,TXN875826
6169,5144,1077,398.55,Netbanking,SUCCESS,2026-09-02 19:00:00,TXN870482
6170,5145,1078,938.55,Wallet,SUCCESS,2026-04-14 19:00:00,TXN322950
6171,5146,1078,838.24,Netbanking,SUCCESS,2026-05-04 14:00:00,TXN546144
6172,5147,1078,853.58,Debit Card,SUCCESS,2026-06-14 11:00:00,TXN551417
6173,5148,1078,855.97,Debit Card,SUCCESS,2026-07-11 09:00:00,TXN680623
6174,5149,1078,900.19,UPI,SUCCESS,2026-08-08 20:00:00,TXN577330
6175,5150,1078,812.83,Wallet,SUCCESS,2026-09-06 08:00:00,TXN951139
6176,5151,1080,670.00,Netbanking,SUCCESS,2026-04-02 11:00:00,TXN996960
6177,5152,1080,749.59,Netbanking,SUCCESS,2026-05-07 09:00:00,TXN350325
6178,5153,1080,687.40,UPI,SUCCESS,2026-06-03 22:00:00,
6179,5154,1080,625.77,Wallet,SUCCESS,2026-07-04 18:00:00,TXN218025
6180,5155,1080,632.57,Wallet,SUCCESS,2026-08-06 07:00:00,TXN879090
6181,5156,1080,248.54,Netbanking,SUCCESS,2026-09-11 13:00:00,TXN212284
6182,5156,1080,457.27,UPI,SUCCESS,2026-09-11 10:00:00,TXN479682
6183,5157,1084,342.78,Wallet,SUCCESS,2026-04-09 13:00:00,TXN900520
6184,5158,1084,422.29,Wallet,SUCCESS,2026-05-03 13:00:00,TXN782126
6185,5159,1084,354.73,UPI,SUCCESS,2026-06-08 09:00:00,TXN646109
6186,5160,1084,317.88,UPI,SUCCESS,2026-07-09 06:00:00,TXN456003
6187,5161,1084,344.89,Debit Card,SUCCESS,2026-08-10 16:00:00,TXN232056
6188,5162,1084,411.12,Credit Card,FAILED,2026-09-02 16:00:00,TXN325384
6189,5163,1085,287.57,Wallet,SUCCESS,2026-04-12 15:00:00,TXN722788
6190,5164,1085,153.46,Debit Card,SUCCESS,2026-05-09 12:00:00,TXN437665
6191,5164,1085,71.97,Debit Card,SUCCESS,2026-05-04 14:00:00,TXN474685
6192,5165,1085,187.28,Netbanking,SUCCESS,2026-06-08 15:00:00,TXN927848
6193,5166,1085,135.02,Credit Card,FAILED,2026-07-15 19:00:00,TXN134757
6194,5166,1085,127.77,Debit Card,SUCCESS,2026-07-04 10:00:00,TXN406623
6195,5167,1085,267.10,Debit Card,SUCCESS,2026-08-15 22:00:00,TXN600362
6196,5168,1085,348.52,UPI,SUCCESS,2026-09-11 11:00:00,TXN719170
6197,5169,1089,236.59,Netbanking,SUCCESS,2026-04-15 07:00:00,TXN626565
6198,5170,1089,277.33,Debit Card,SUCCESS,2026-05-12 09:00:00,TXN471093
6199,5171,1089,80.04,Credit Card,SUCCESS,2026-06-10 07:00:00,TXN640129
6200,5171,1089,41.02,UPI,SUCCESS,2026-06-12 14:00:00,TXN893108
6201,5172,1089,199.92,Credit Card,SUCCESS,2026-07-04 15:00:00,TXN496580
6202,5173,1089,166.31,Wallet,SUCCESS,2026-08-15 17:00:00,TXN755270
6203,5174,1089,125.66,Credit Card,FAILED,2026-09-02 17:00:00,TXN208042
6204,5174,1089,192.93,Netbanking,FAILED,2026-09-11 10:00:00,TXN893703
6205,5175,1091,1177.56,Netbanking,SUCCESS,2026-04-12 06:00:00,TXN814364
6206,5176,1091,1139.49,Wallet,SUCCESS,2026-05-04 21:00:00,
6207,5177,1091,1164.34,Credit Card,SUCCESS,2026-06-09 16:00:00,TXN855297
6208,5178,1091,1101.23,Debit Card,SUCCESS,2026-07-03 10:00:00,TXN307593
6209,5179,1091,484.78,Debit Card,PENDING,2026-08-08 20:00:00,TXN158712
6210,5179,1091,728.59,UPI,SUCCESS,2026-08-11 11:00:00,TXN689145
6211,5180,1091,1256.66,Wallet,SUCCESS,2026-09-07 09:00:00,TXN963548
6212,5181,1092,643.09,Debit Card,SUCCESS,2026-04-07 07:00:00,TXN848050
6213,5182,1092,310.13,Wallet,FAILED,2026-05-10 17:00:00,TXN666668
6214,5182,1092,338.19,Wallet,SUCCESS,2026-05-07 06:00:00,
6215,5183,1092,472.86,Netbanking,SUCCESS,2026-06-13 15:00:00,TXN228362
6216,5184,1092,584.21,Wallet,SUCCESS,2026-07-01 18:00:00,TXN825567
6217,5185,1092,643.04,Wallet,SUCCESS,2026-08-07 19:00:00,TXN389172
6218,5186,1092,182.41,Credit Card,SUCCESS,2026-09-13 06:00:00,TXN769709
6219,5186,1092,371.55,Netbanking,SUCCESS,2026-09-07 15:00:00,TXN741350
6220,5187,1095,262.38,Credit Card,PENDING,2026-04-06 13:00:00,
6221,5188,1095,402.05,Debit Card,SUCCESS,2026-05-07 12:00:00,TXN888233
6222,5189,1095,296.43,Wallet,SUCCESS,2026-06-02 08:00:00,TXN912398
6223,5190,1095,271.95,Wallet,SUCCESS,2026-07-13 07:00:00,TXN567809
6224,5191,1095,217.32,UPI,SUCCESS,2026-08-13 15:00:00,TXN554681
6225,5192,1095,298.10,UPI,PENDING,2026-09-11 20:00:00,TXN747873
6226,5193,1097,238.45,UPI,SUCCESS,2026-04-11 06:00:00,TXN610041
6227,5194,1097,316.99,Netbanking,PENDING,2026-05-06 15:00:00,TXN757065
6228,5195,1097,437.72,Wallet,SUCCESS,2026-06-09 21:00:00,TXN981770
6229,5196,1097,296.12,Debit Card,SUCCESS,2026-07-11 11:00:00,TXN511193
6230,5197,1097,181.90,Credit Card,SUCCESS,2026-08-14 14:00:00,TXN596290
6231,5197,1097,90.77,Debit Card,SUCCESS,2026-08-01 13:00:00,TXN574097
6232,5198,1097,249.30,Netbanking,SUCCESS,2026-09-06 14:00:00,TXN964744
6233,5199,1102,257.33,Debit Card,SUCCESS,2026-04-05 16:00:00,TXN309949
6234,5200,1102,246.42,Debit Card,FAILED,2026-05-12 10:00:00,TXN843896
6235,5201,1102,293.55,Wallet,SUCCESS,2026-06-08 08:00:00,TXN462167
6236,5202,1102,330.29,Netbanking,SUCCESS,2026-07-10 08:00:00,TXN814147
6237,5203,1102,95.18,UPI,FAILED,2026-08-04 19:00:00,TXN148939
6238,5203,1102,181.55,Netbanking,SUCCESS,2026-08-01 22:00:00,TXN100394
6239,5204,1102,267.06,Wallet,SUCCESS,2026-09-01 10:00:00,TXN692654
6240,5205,1104,223.13,Credit Card,SUCCESS,2026-04-12 11:00:00,TXN402366
6241,5206,1104,267.05,Debit Card,SUCCESS,2026-05-11 12:00:00,TXN725200
6242,5207,1104,321.68,UPI,SUCCESS,2026-06-12 13:00:00,TXN575157
6243,5208,1104,257.05,Netbanking,SUCCESS,2026-07-01 16:00:00,TXN493189
6244,5209,1104,296.52,Wallet,SUCCESS,2026-08-10 06:00:00,TXN541022
6245,5210,1104,349.32,UPI,SUCCESS,2026-09-12 09:00:00,TXN741756
6246,5211,1105,367.59,Debit Card,SUCCESS,2026-04-05 22:00:00,TXN723741
6247,5212,1105,573.89,Wallet,SUCCESS,2026-05-07 22:00:00,TXN210127
6248,5213,1105,438.87,Debit Card,SUCCESS,2026-06-02 20:00:00,TXN922601
6249,5214,1105,565.77,Netbanking,SUCCESS,2026-07-04 19:00:00,TXN795400
6250,5215,1105,424.28,UPI,SUCCESS,2026-08-15 17:00:00,TXN345937
6251,5216,1105,475.82,Netbanking,SUCCESS,2026-09-08 10:00:00,TXN365903
6252,5217,1106,1151.55,Debit Card,SUCCESS,2026-04-15 08:00:00,TXN486503
6253,5218,1106,1037.90,Wallet,SUCCESS,2026-05-01 15:00:00,TXN194520
6254,5219,1106,1161.46,Wallet,SUCCESS,2026-06-03 21:00:00,TXN527569
6255,5220,1106,1065.95,Debit Card,FAILED,2026-07-09 16:00:00,TXN108791
6256,5221,1106,1114.79,Credit Card,SUCCESS,2026-08-02 16:00:00,
6257,5222,1106,544.15,Wallet,SUCCESS,2026-09-13 22:00:00,TXN824998
6258,5222,1106,565.98,UPI,SUCCESS,2026-09-14 12:00:00,
6259,5223,1107,279.44,Wallet,SUCCESS,2026-04-15 09:00:00,TXN591074
6260,5224,1107,348.89,Debit Card,SUCCESS,2026-05-04 21:00:00,TXN145133
6261,5225,1107,407.86,UPI,SUCCESS,2026-06-11 17:00:00,TXN366572
6262,5226,1107,160.37,Debit Card,SUCCESS,2026-07-05 19:00:00,TXN603504
6263,5226,1107,94.99,Debit Card,SUCCESS,2026-07-08 20:00:00,TXN592694
6264,5227,1107,348.04,Wallet,SUCCESS,2026-08-06 15:00:00,TXN535324
6265,5228,1107,283.88,Wallet,SUCCESS,2026-09-05 07:00:00,TXN188572
6266,5229,1108,269.50,Netbanking,SUCCESS,2026-04-11 21:00:00,TXN649842
6267,5230,1108,277.55,UPI,SUCCESS,2026-05-12 18:00:00,TXN909505
6268,5231,1108,246.96,Debit Card,SUCCESS,2026-06-10 15:00:00,TXN978855
6269,5232,1108,231.17,Netbanking,SUCCESS,2026-07-09 09:00:00,TXN662746
6270,5233,1108,261.00,Wallet,SUCCESS,2026-08-05 10:00:00,TXN581231
6271,5234,1108,243.82,Wallet,SUCCESS,2026-09-02 11:00:00,TXN162602
6272,5235,1110,226.63,Credit Card,FAILED,2026-04-15 15:00:00,TXN773063
6273,5236,1110,343.89,Credit Card,SUCCESS,2026-05-07 18:00:00,TXN598176
6274,5237,1110,269.72,Netbanking,SUCCESS,2026-06-05 20:00:00,TXN931676
6275,5238,1110,320.25,UPI,PENDING,2026-07-13 06:00:00,TXN949155
6276,5239,1110,152.12,UPI,SUCCESS,2026-08-03 16:00:00,TXN467399
6277,5239,1110,172.85,Credit Card,SUCCESS,2026-08-01 09:00:00,TXN277115
6278,5240,1110,376.28,UPI,SUCCESS,2026-09-10 09:00:00,TXN363696
6279,5241,1113,1226.10,Wallet,SUCCESS,2026-04-04 10:00:00,TXN902103
6280,5242,1113,1258.81,Wallet,SUCCESS,2026-05-06 09:00:00,TXN297247
6281,5243,1113,1263.66,Debit Card,SUCCESS,2026-06-11 12:00:00,
6282,5244,1113,1236.46,Wallet,SUCCESS,2026-07-08 15:00:00,TXN602033
6283,5245,1113,1191.32,Netbanking,SUCCESS,2026-08-13 13:00:00,TXN436382
6284,5246,1113,1221.35,Netbanking,SUCCESS,2026-09-01 10:00:00,TXN208684
6285,5247,1114,338.68,Debit Card,SUCCESS,2026-04-14 08:00:00,TXN565141
6286,5248,1114,171.18,Credit Card,SUCCESS,2026-05-06 08:00:00,TXN282642
6287,5249,1114,172.29,UPI,SUCCESS,2026-06-06 17:00:00,TXN699991
6288,5250,1114,143.15,Credit Card,FAILED,2026-07-04 09:00:00,TXN192468
6289,5251,1114,280.33,Credit Card,SUCCESS,2026-08-09 13:00:00,TXN498923
6290,5252,1114,245.39,Wallet,SUCCESS,2026-09-12 21:00:00,TXN727699
6291,5253,1117,1248.90,Netbanking,FAILED,2026-04-02 09:00:00,TXN735620
6292,5254,1117,1101.06,Credit Card,SUCCESS,2026-05-06 14:00:00,TXN846255
6293,5255,1117,1162.03,Netbanking,SUCCESS,2026-06-02 16:00:00,TXN763241
6294,5256,1117,1030.26,UPI,SUCCESS,2026-07-13 21:00:00,TXN410429
6295,5257,1117,1220.78,Wallet,SUCCESS,2026-08-13 17:00:00,TXN256484
6296,5258,1117,1062.35,Wallet,FAILED,2026-09-10 10:00:00,TXN800522
6297,5259,1120,1214.08,UPI,SUCCESS,2026-04-12 11:00:00,TXN835059
6298,5260,1120,460.03,UPI,PENDING,2026-05-12 07:00:00,
6299,5260,1120,755.30,Netbanking,SUCCESS,2026-05-05 13:00:00,TXN496462
6300,5261,1120,1070.66,Wallet,SUCCESS,2026-06-15 21:00:00,TXN445082
6301,5262,1120,1044.70,UPI,SUCCESS,2026-07-08 14:00:00,TXN763240
6302,5263,1120,1039.53,Netbanking,SUCCESS,2026-08-10 18:00:00,TXN563849
6303,5264,1120,1127.15,Credit Card,SUCCESS,2026-09-13 10:00:00,TXN683666
6304,5265,1124,631.65,Netbanking,SUCCESS,2026-04-11 11:00:00,TXN702234
6305,5266,1124,625.68,Debit Card,SUCCESS,2026-05-01 20:00:00,TXN782021
6306,5267,1124,518.64,Wallet,SUCCESS,2026-06-02 12:00:00,TXN327892
6307,5267,1124,280.05,Credit Card,SUCCESS,2026-06-11 20:00:00,TXN235621
6308,5268,1124,700.05,Netbanking,SUCCESS,2026-07-09 08:00:00,TXN783227
6309,5269,1124,640.72,UPI,SUCCESS,2026-08-01 11:00:00,TXN956911
6310,5270,1124,702.83,Netbanking,SUCCESS,2026-09-11 20:00:00,TXN106554
6311,5271,1126,401.16,Credit Card,SUCCESS,2026-04-01 20:00:00,TXN815297
6312,5272,1126,290.59,UPI,SUCCESS,2026-05-08 12:00:00,TXN556252
6313,5273,1126,337.46,Credit Card,SUCCESS,2026-06-06 06:00:00,TXN711701
6314,5274,1126,280.08,Debit Card,SUCCESS,2026-07-10 06:00:00,TXN123546
6315,5275,1126,257.70,UPI,SUCCESS,2026-08-01 13:00:00,TXN116316
6316,5276,1126,276.25,Credit Card,SUCCESS,2026-09-14 18:00:00,TXN732518
6317,5277,1129,357.87,Debit Card,SUCCESS,2026-04-07 06:00:00,TXN694407
6318,5278,1129,283.57,UPI,FAILED,2026-05-05 21:00:00,TXN243286
6319,5279,1129,243.92,Netbanking,SUCCESS,2026-06-03 08:00:00,TXN331926
6320,5280,1129,346.90,UPI,SUCCESS,2026-07-03 13:00:00,TXN605673
6321,5281,1129,327.16,Wallet,SUCCESS,2026-08-04 09:00:00,TXN476324
6322,5282,1129,346.80,Wallet,SUCCESS,2026-09-01 22:00:00,TXN364269
6323,5283,1130,228.55,Netbanking,SUCCESS,2026-04-08 09:00:00,TXN865560
6324,5284,1130,293.89,UPI,SUCCESS,2026-05-11 22:00:00,TXN683783
6325,5285,1130,203.36,Debit Card,SUCCESS,2026-06-12 10:00:00,TXN193540
6326,5286,1130,79.93,Netbanking,SUCCESS,2026-07-01 22:00:00,TXN728311
6327,5286,1130,167.19,Debit Card,SUCCESS,2026-07-06 20:00:00,TXN968486
6328,5287,1130,311.93,Wallet,SUCCESS,2026-08-15 10:00:00,TXN619913
6329,5288,1130,286.28,Credit Card,SUCCESS,2026-09-09 14:00:00,TXN513461
6330,5289,1134,577.53,Wallet,PENDING,2026-04-01 14:00:00,TXN738070
6331,5290,1134,531.09,Wallet,PENDING,2026-05-09 11:00:00,TXN536970
6332,5291,1134,506.04,Wallet,SUCCESS,2026-06-05 10:00:00,TXN479569
6333,5292,1134,510.72,Netbanking,SUCCESS,2026-07-11 20:00:00,TXN568239
6334,5293,1134,475.00,Credit Card,SUCCESS,2026-08-01 07:00:00,TXN999779
6335,5294,1134,547.87,Wallet,SUCCESS,2026-09-03 11:00:00,TXN502313
6336,5295,1136,886.11,UPI,SUCCESS,2026-04-06 15:00:00,TXN667153
6337,5296,1136,840.48,Wallet,SUCCESS,2026-05-02 19:00:00,TXN705340
6338,5297,1136,795.71,Wallet,FAILED,2026-06-11 12:00:00,TXN614036
6339,5298,1136,867.26,Wallet,SUCCESS,2026-07-01 06:00:00,TXN607271
6340,5299,1136,854.54,Wallet,SUCCESS,2026-08-12 11:00:00,TXN787848
6341,5300,1136,834.67,Wallet,SUCCESS,2026-09-07 14:00:00,TXN259306
6342,5301,1137,277.95,Debit Card,SUCCESS,2026-04-12 08:00:00,TXN935386
6343,5302,1137,215.61,Netbanking,SUCCESS,2026-05-06 11:00:00,TXN908716
6344,5303,1137,165.84,Wallet,FAILED,2026-06-10 14:00:00,TXN394521
6345,5304,1137,164.21,UPI,SUCCESS,2026-07-12 20:00:00,TXN970406
6346,5305,1137,225.21,UPI,SUCCESS,2026-08-02 16:00:00,TXN260227
6347,5306,1137,137.79,Netbanking,SUCCESS,2026-09-12 20:00:00,
6348,5307,1143,579.30,Wallet,SUCCESS,2026-04-04 17:00:00,TXN678020
6349,5308,1143,577.86,Netbanking,FAILED,2026-05-01 16:00:00,TXN914373
6350,5309,1143,583.71,UPI,SUCCESS,2026-06-12 21:00:00,TXN391032
6351,5310,1143,563.59,Debit Card,PENDING,2026-07-04 08:00:00,TXN918787
6352,5311,1143,548.61,Netbanking,SUCCESS,2026-08-06 17:00:00,TXN733561
6353,5312,1143,552.22,Netbanking,SUCCESS,2026-09-11 08:00:00,TXN498850
6354,5313,1144,1215.90,Wallet,SUCCESS,2026-04-12 09:00:00,TXN801528
6355,5314,1144,762.07,Credit Card,SUCCESS,2026-05-02 08:00:00,TXN923100
6356,5314,1144,433.34,Debit Card,SUCCESS,2026-05-09 12:00:00,TXN456655
6357,5315,1144,1192.90,Debit Card,SUCCESS,2026-06-06 10:00:00,TXN740473
6358,5316,1144,1181.51,Debit Card,SUCCESS,2026-07-13 18:00:00,TXN981586
6359,5317,1144,1231.28,Credit Card,FAILED,2026-08-14 18:00:00,TXN407909
6360,5318,1144,1243.80,UPI,SUCCESS,2026-09-06 14:00:00,TXN586233
6361,5319,1145,328.08,UPI,SUCCESS,2026-04-14 06:00:00,TXN934944
6362,5320,1145,397.52,Wallet,SUCCESS,2026-05-03 22:00:00,TXN255800
6363,5321,1145,453.81,Debit Card,SUCCESS,2026-06-14 16:00:00,
6364,5322,1145,413.69,Wallet,SUCCESS,2026-07-08 20:00:00,
6365,5323,1145,328.87,Netbanking,SUCCESS,2026-08-13 13:00:00,TXN474415
6366,5324,1145,368.36,Wallet,SUCCESS,2026-09-05 16:00:00,TXN952778
6367,5325,1147,1290.92,Netbanking,SUCCESS,2026-04-06 16:00:00,TXN962331
6368,5326,1147,575.83,UPI,SUCCESS,2026-05-02 09:00:00,TXN584398
6369,5326,1147,617.32,UPI,SUCCESS,2026-05-10 22:00:00,TXN665294
6370,5327,1147,1066.31,Credit Card,SUCCESS,2026-06-09 07:00:00,TXN355410
6371,5328,1147,1096.13,Wallet,SUCCESS,2026-07-12 10:00:00,TXN605232
6372,5329,1147,1047.97,Wallet,SUCCESS,2026-08-11 16:00:00,TXN488266
6373,5330,1147,558.86,Netbanking,SUCCESS,2026-09-06 18:00:00,TXN666653
6374,5330,1147,579.73,UPI,SUCCESS,2026-09-12 16:00:00,TXN155408
6375,5331,1150,341.69,Netbanking,SUCCESS,2026-04-03 10:00:00,TXN787046
6376,5332,1150,288.33,Debit Card,SUCCESS,2026-05-15 14:00:00,TXN812701
6377,5333,1150,233.32,UPI,SUCCESS,2026-06-12 14:00:00,TXN813827
6378,5333,1150,141.92,Credit Card,SUCCESS,2026-06-02 20:00:00,
6379,5334,1150,299.57,Netbanking,SUCCESS,2026-07-07 17:00:00,TXN710726
6380,5335,1150,320.91,Credit Card,SUCCESS,2026-08-03 20:00:00,
6381,5336,1150,278.39,Debit Card,SUCCESS,2026-09-09 06:00:00,TXN862695
6382,5337,1152,425.79,Netbanking,SUCCESS,2026-04-14 22:00:00,TXN516500
6383,5337,1152,373.97,Credit Card,SUCCESS,2026-04-10 19:00:00,TXN220668
6384,5338,1152,623.65,UPI,SUCCESS,2026-05-11 06:00:00,TXN896086
6385,5339,1152,737.22,Debit Card,SUCCESS,2026-06-11 19:00:00,TXN841859
6386,5340,1152,680.14,Credit Card,SUCCESS,2026-07-03 06:00:00,TXN657465
6387,5341,1152,807.26,Netbanking,SUCCESS,2026-08-05 18:00:00,TXN351449
6388,5342,1152,317.07,Netbanking,SUCCESS,2026-09-12 12:00:00,TXN248841
6389,5342,1152,342.20,Debit Card,SUCCESS,2026-09-11 10:00:00,TXN822217
6390,5343,1153,390.52,Credit Card,SUCCESS,2026-04-12 10:00:00,TXN863422
6391,5344,1153,451.96,Credit Card,SUCCESS,2026-05-11 19:00:00,TXN434564
6392,5345,1153,400.67,Credit Card,SUCCESS,2026-06-15 09:00:00,TXN948123
6393,5346,1153,364.40,Netbanking,SUCCESS,2026-07-05 17:00:00,TXN972594
6394,5347,1153,258.90,Credit Card,SUCCESS,2026-08-01 18:00:00,TXN388015
6395,5347,1153,195.94,Wallet,SUCCESS,2026-08-05 08:00:00,TXN256458
6396,5348,1153,411.80,Netbanking,SUCCESS,2026-09-08 18:00:00,TXN348039
6397,5349,1155,445.86,Debit Card,SUCCESS,2026-04-11 16:00:00,TXN551786
6398,5349,1155,536.32,Netbanking,SUCCESS,2026-04-08 15:00:00,TXN617871
6399,5350,1155,1044.35,Credit Card,SUCCESS,2026-05-12 17:00:00,TXN427431
6400,5351,1155,570.87,Debit Card,SUCCESS,2026-06-04 20:00:00,TXN626700
6401,5351,1155,491.83,Wallet,SUCCESS,2026-06-15 17:00:00,TXN242263
6402,5352,1155,979.51,Netbanking,SUCCESS,2026-07-03 10:00:00,TXN514170
6403,5353,1155,1174.29,Credit Card,SUCCESS,2026-08-13 22:00:00,TXN213472
6404,5354,1155,1063.72,Netbanking,SUCCESS,2026-09-04 11:00:00,TXN636371
6405,5355,1158,1090.11,Debit Card,SUCCESS,2026-04-12 14:00:00,TXN157592
6406,5356,1158,1036.68,UPI,SUCCESS,2026-05-10 11:00:00,TXN290196
6407,5357,1158,1046.66,Netbanking,SUCCESS,2026-06-03 16:00:00,TXN622731
6408,5358,1158,1010.93,Debit Card,SUCCESS,2026-07-08 16:00:00,TXN153592
6409,5359,1158,612.53,Credit Card,FAILED,2026-08-05 19:00:00,TXN625798
6410,5359,1158,489.06,Credit Card,SUCCESS,2026-08-04 16:00:00,
6411,5360,1158,1073.53,UPI,SUCCESS,2026-09-07 06:00:00,TXN300944
6412,5361,1161,75.13,Debit Card,SUCCESS,2026-04-14 17:00:00,TXN689953
6413,5361,1161,52.16,Wallet,SUCCESS,2026-04-08 12:00:00,TXN789416
6414,5362,1161,200.87,Netbanking,SUCCESS,2026-05-05 10:00:00,TXN108080
6415,5363,1161,139.58,Wallet,SUCCESS,2026-06-02 11:00:00,TXN553760
6416,5364,1161,231.22,UPI,SUCCESS,2026-07-08 21:00:00,TXN773838
6417,5365,1161,204.36,Netbanking,FAILED,2026-08-13 06:00:00,TXN386627
6418,5366,1161,169.34,Wallet,SUCCESS,2026-09-07 07:00:00,TXN925990
6419,5367,1162,338.39,Wallet,SUCCESS,2026-04-06 15:00:00,
6420,5368,1162,407.41,Wallet,SUCCESS,2026-05-11 20:00:00,TXN300994
6421,5369,1162,399.52,Netbanking,SUCCESS,2026-06-02 22:00:00,TXN732975
6422,5370,1162,246.03,Debit Card,SUCCESS,2026-07-13 18:00:00,TXN366768
6423,5370,1162,115.04,UPI,SUCCESS,2026-07-05 18:00:00,TXN386172
6424,5371,1162,318.58,Credit Card,PENDING,2026-08-06 19:00:00,TXN258261
6425,5372,1162,376.38,Netbanking,SUCCESS,2026-09-09 07:00:00,TXN770802
6426,5373,1166,893.61,Credit Card,SUCCESS,2026-04-10 21:00:00,TXN520534
6427,5374,1166,909.40,UPI,SUCCESS,2026-05-15 08:00:00,TXN711754
6428,5375,1166,857.56,Debit Card,SUCCESS,2026-06-02 20:00:00,TXN564749
6429,5376,1166,908.22,Credit Card,FAILED,2026-07-09 07:00:00,TXN767834
6430,5377,1166,919.95,UPI,SUCCESS,2026-08-14 20:00:00,TXN728336
6431,5378,1166,941.69,Credit Card,SUCCESS,2026-09-04 06:00:00,TXN815029
6432,5379,1168,392.83,UPI,SUCCESS,2026-04-14 22:00:00,TXN874250
6433,5380,1168,369.30,UPI,SUCCESS,2026-05-13 06:00:00,TXN695721
6434,5381,1168,355.66,Wallet,SUCCESS,2026-06-05 11:00:00,TXN999731
6435,5382,1168,453.59,Credit Card,SUCCESS,2026-07-05 19:00:00,TXN879377
6436,5383,1168,416.45,Wallet,SUCCESS,2026-08-14 15:00:00,TXN656527
6437,5384,1168,421.17,Wallet,SUCCESS,2026-09-04 21:00:00,TXN618703
6438,5385,1171,1135.95,Wallet,SUCCESS,2026-04-01 14:00:00,TXN586428
6439,5386,1171,1239.40,UPI,SUCCESS,2026-05-12 10:00:00,TXN854944
6440,5387,1171,1132.68,Credit Card,SUCCESS,2026-06-04 21:00:00,TXN111455
6441,5388,1171,589.57,UPI,PENDING,2026-07-11 17:00:00,TXN192426
6442,5388,1171,622.86,UPI,SUCCESS,2026-07-13 16:00:00,TXN709836
6443,5389,1171,1170.31,Credit Card,SUCCESS,2026-08-08 19:00:00,TXN145896
6444,5390,1171,1243.07,Netbanking,SUCCESS,2026-09-12 22:00:00,TXN149857
6445,5391,1178,411.44,Wallet,SUCCESS,2026-04-10 22:00:00,TXN323254
6446,5392,1178,285.26,Credit Card,SUCCESS,2026-05-15 06:00:00,TXN704412
6447,5392,1178,130.30,UPI,SUCCESS,2026-05-13 20:00:00,
6448,5393,1178,381.12,UPI,SUCCESS,2026-06-04 13:00:00,TXN202107
6449,5394,1178,95.75,Debit Card,SUCCESS,2026-07-10 14:00:00,TXN350803
6450,5394,1178,222.66,UPI,SUCCESS,2026-07-09 11:00:00,TXN590388
6451,5395,1178,334.34,Netbanking,SUCCESS,2026-08-04 10:00:00,TXN121286
6452,5396,1178,360.15,Netbanking,SUCCESS,2026-09-04 12:00:00,TXN529387
6453,5397,1179,600.54,Netbanking,SUCCESS,2026-04-03 18:00:00,TXN156148
6454,5398,1179,609.78,Netbanking,SUCCESS,2026-05-08 21:00:00,TXN219930
6455,5399,1179,230.76,Credit Card,SUCCESS,2026-06-03 17:00:00,TXN254769
6456,5399,1179,272.63,Wallet,SUCCESS,2026-06-01 08:00:00,TXN630295
6457,5400,1179,550.47,Credit Card,PENDING,2026-07-12 17:00:00,TXN857507
6458,5401,1179,499.68,Netbanking,SUCCESS,2026-08-10 07:00:00,TXN827773
6459,5402,1179,510.56,Debit Card,SUCCESS,2026-09-10 17:00:00,TXN779745
6460,5403,1182,305.43,Credit Card,SUCCESS,2026-04-05 17:00:00,TXN233293
6461,5404,1182,194.30,Netbanking,SUCCESS,2026-05-07 22:00:00,TXN597283
6462,5405,1182,249.16,Debit Card,SUCCESS,2026-06-02 08:00:00,TXN863897
6463,5406,1182,283.49,Wallet,SUCCESS,2026-07-01 16:00:00,TXN368866
6464,5407,1182,219.11,Credit Card,SUCCESS,2026-08-11 21:00:00,TXN733666
6465,5408,1182,322.33,UPI,SUCCESS,2026-09-07 12:00:00,TXN324910
6466,5409,1184,1121.01,Credit Card,PENDING,2026-04-15 17:00:00,TXN839901
6467,5410,1184,1075.46,Wallet,SUCCESS,2026-05-11 20:00:00,TXN603902
6468,5411,1184,1145.63,Debit Card,SUCCESS,2026-06-01 21:00:00,TXN135538
6469,5412,1184,1150.10,UPI,PENDING,2026-07-12 08:00:00,TXN554767
6470,5413,1184,1215.46,Credit Card,SUCCESS,2026-08-15 07:00:00,TXN771905
6471,5414,1184,1134.72,Credit Card,SUCCESS,2026-09-04 22:00:00,TXN397389
6472,5415,1187,424.80,Wallet,SUCCESS,2026-04-05 20:00:00,TXN609363
6473,5416,1187,337.13,Credit Card,SUCCESS,2026-05-11 06:00:00,TXN989011
6474,5417,1187,366.70,UPI,SUCCESS,2026-06-09 17:00:00,
6475,5418,1187,488.34,Credit Card,SUCCESS,2026-07-14 20:00:00,TXN511533
6476,5419,1187,403.77,Credit Card,SUCCESS,2026-08-14 22:00:00,TXN544090
6477,5420,1187,383.38,Credit Card,SUCCESS,2026-09-09 21:00:00,TXN347553
6478,5421,1189,729.39,Netbanking,SUCCESS,2026-04-01 09:00:00,
6479,5422,1189,664.21,Netbanking,SUCCESS,2026-05-05 10:00:00,TXN785812
6480,5423,1189,694.02,Credit Card,SUCCESS,2026-06-03 12:00:00,TXN585590
6481,5424,1189,631.70,Netbanking,PENDING,2026-07-07 17:00:00,TXN252481
6482,5425,1189,642.16,Wallet,PENDING,2026-08-11 11:00:00,TXN464831
6483,5426,1189,698.77,Netbanking,SUCCESS,2026-09-14 13:00:00,TXN650028
6484,5427,1196,343.40,Debit Card,SUCCESS,2026-04-06 10:00:00,TXN504370
6485,5428,1196,147.39,UPI,SUCCESS,2026-05-06 17:00:00,TXN646751
6486,5428,1196,203.09,UPI,SUCCESS,2026-05-12 14:00:00,TXN252844
6487,5429,1196,195.61,Wallet,SUCCESS,2026-06-10 08:00:00,TXN165786
6488,5429,1196,116.13,Debit Card,SUCCESS,2026-06-10 07:00:00,TXN709507
6489,5430,1196,318.64,Credit Card,SUCCESS,2026-07-14 17:00:00,TXN136686
6490,5431,1196,347.58,Debit Card,SUCCESS,2026-08-01 11:00:00,TXN820073
6491,5432,1196,291.21,Debit Card,SUCCESS,2026-09-10 10:00:00,TXN793487
6492,5433,1197,555.79,Credit Card,SUCCESS,2026-04-03 12:00:00,TXN559881
6493,5434,1197,526.55,UPI,SUCCESS,2026-05-05 09:00:00,TXN395839
6494,5435,1197,493.75,Credit Card,SUCCESS,2026-06-01 13:00:00,TXN288267
6495,5436,1197,690.87,Credit Card,SUCCESS,2026-07-12 15:00:00,TXN192611
6496,5437,1197,634.23,Netbanking,SUCCESS,2026-08-13 21:00:00,TXN269723
6497,5438,1197,651.83,Debit Card,SUCCESS,2026-09-07 13:00:00,TXN182168
6498,5439,1199,355.06,Wallet,SUCCESS,2026-04-05 09:00:00,TXN201536
6499,5440,1199,399.15,Credit Card,SUCCESS,2026-05-07 09:00:00,TXN489642
6500,5441,1199,324.55,Debit Card,FAILED,2026-06-12 13:00:00,TXN222812
6501,5442,1199,429.97,Debit Card,SUCCESS,2026-07-04 06:00:00,TXN976104
6502,5443,1199,384.97,Debit Card,SUCCESS,2026-08-09 07:00:00,TXN303383
6503,5444,1199,378.74,Netbanking,SUCCESS,2026-09-04 15:00:00,TXN698594
6504,5445,1203,507.67,Netbanking,SUCCESS,2026-04-14 12:00:00,TXN812305
6505,5446,1203,390.79,Debit Card,SUCCESS,2026-05-04 07:00:00,TXN683305
6506,5447,1203,407.18,Debit Card,SUCCESS,2026-06-04 11:00:00,TXN121575
6507,5448,1203,429.94,Debit Card,SUCCESS,2026-07-15 21:00:00,TXN298218
6508,5449,1203,399.50,UPI,SUCCESS,2026-08-12 17:00:00,TXN354795
6509,5450,1203,499.38,Netbanking,SUCCESS,2026-09-15 07:00:00,TXN477480
6510,5451,1212,497.37,Credit Card,FAILED,2026-04-02 08:00:00,TXN947200
6511,5452,1212,218.31,Debit Card,SUCCESS,2026-05-02 21:00:00,TXN117566
6512,5452,1212,389.43,Credit Card,SUCCESS,2026-05-09 20:00:00,TXN807456
6513,5453,1212,559.34,Wallet,FAILED,2026-06-14 18:00:00,TXN286994
6514,5454,1212,607.44,Credit Card,SUCCESS,2026-07-13 20:00:00,TXN473502
6515,5455,1212,512.34,Netbanking,FAILED,2026-08-02 06:00:00,TXN549405
6516,5456,1212,506.98,Debit Card,SUCCESS,2026-09-03 18:00:00,TXN640332
6517,5457,1216,167.94,Wallet,FAILED,2026-04-09 10:00:00,TXN784396
6518,5458,1216,203.14,UPI,SUCCESS,2026-05-06 07:00:00,TXN454644
6519,5459,1216,119.88,Credit Card,SUCCESS,2026-06-13 16:00:00,TXN547345
6520,5460,1216,344.19,Wallet,SUCCESS,2026-07-02 21:00:00,TXN835277
6521,5461,1216,277.71,Wallet,SUCCESS,2026-08-15 06:00:00,TXN799440
6522,5462,1216,207.51,Netbanking,SUCCESS,2026-09-04 16:00:00,TXN827725
6523,5463,1218,763.17,Credit Card,SUCCESS,2026-04-15 07:00:00,TXN466653
6524,5463,1218,363.22,Credit Card,SUCCESS,2026-04-02 17:00:00,TXN204921
6525,5464,1218,714.22,Netbanking,SUCCESS,2026-05-04 18:00:00,TXN170806
6526,5464,1218,329.02,Debit Card,SUCCESS,2026-05-07 09:00:00,TXN300083
6527,5465,1218,540.32,Netbanking,SUCCESS,2026-06-03 10:00:00,TXN377488
6528,5465,1218,446.76,Netbanking,SUCCESS,2026-06-08 13:00:00,TXN281257
6529,5466,1218,1072.97,UPI,SUCCESS,2026-07-14 16:00:00,TXN618398
6530,5467,1218,608.39,Credit Card,SUCCESS,2026-08-12 06:00:00,TXN667475
6531,5467,1218,410.15,Wallet,SUCCESS,2026-08-06 11:00:00,TXN636118
6532,5468,1218,1034.91,Debit Card,SUCCESS,2026-09-08 18:00:00,TXN400015
6533,5469,1221,276.21,Credit Card,SUCCESS,2026-04-05 13:00:00,TXN473320
6534,5470,1221,305.83,Credit Card,SUCCESS,2026-05-08 11:00:00,TXN302107
6535,5471,1221,330.87,Netbanking,SUCCESS,2026-06-04 10:00:00,TXN912536
6536,5472,1221,378.12,UPI,SUCCESS,2026-07-15 07:00:00,TXN455227
6537,5473,1221,351.30,Debit Card,PENDING,2026-08-07 10:00:00,
6538,5474,1221,268.50,Wallet,FAILED,2026-09-15 12:00:00,TXN983386
6539,5475,1222,278.57,Netbanking,SUCCESS,2026-04-01 12:00:00,TXN356107
6540,5475,1222,185.16,Debit Card,SUCCESS,2026-04-11 14:00:00,TXN741255
6541,5476,1222,291.00,Netbanking,SUCCESS,2026-05-11 18:00:00,TXN898895
6542,5476,1222,191.24,Wallet,SUCCESS,2026-05-02 11:00:00,TXN919868
6543,5477,1222,155.36,Debit Card,SUCCESS,2026-06-01 09:00:00,TXN862422
6544,5477,1222,341.35,Debit Card,SUCCESS,2026-06-05 11:00:00,TXN284191
6545,5478,1222,467.61,Debit Card,SUCCESS,2026-07-09 17:00:00,TXN421669
6546,5479,1222,463.37,Credit Card,SUCCESS,2026-08-03 09:00:00,TXN692085
6547,5480,1222,427.93,Wallet,SUCCESS,2026-09-05 12:00:00,TXN444831
6548,5481,1224,240.89,Wallet,SUCCESS,2026-04-04 17:00:00,TXN245134
6549,5482,1224,337.36,UPI,SUCCESS,2026-05-11 07:00:00,TXN760252
6550,5483,1224,253.30,Credit Card,SUCCESS,2026-06-03 09:00:00,TXN825183
6551,5484,1224,93.45,Credit Card,SUCCESS,2026-07-11 21:00:00,TXN902420
6552,5484,1224,184.75,Debit Card,SUCCESS,2026-07-08 07:00:00,TXN447297
6553,5485,1224,156.02,Wallet,SUCCESS,2026-08-08 21:00:00,TXN491757
6554,5485,1224,128.94,Wallet,SUCCESS,2026-08-12 07:00:00,TXN784075
6555,5486,1224,278.01,Debit Card,SUCCESS,2026-09-10 17:00:00,TXN127217
6556,5487,1229,304.13,Wallet,PENDING,2026-04-02 09:00:00,TXN966127
6557,5488,1229,188.53,UPI,SUCCESS,2026-05-13 16:00:00,TXN180627
6558,5488,1229,148.03,Credit Card,SUCCESS,2026-05-04 12:00:00,TXN364389
6559,5489,1229,243.06,Wallet,FAILED,2026-06-11 09:00:00,TXN387466
6560,5490,1229,241.06,UPI,SUCCESS,2026-07-12 18:00:00,TXN911799
6561,5491,1229,373.77,Wallet,PENDING,2026-08-15 08:00:00,TXN362186
6562,5492,1229,352.18,Credit Card,SUCCESS,2026-09-13 17:00:00,TXN426331
6563,5493,1231,793.88,UPI,SUCCESS,2026-04-09 15:00:00,TXN403433
6564,5494,1231,683.64,UPI,SUCCESS,2026-05-11 14:00:00,TXN623219
6565,5495,1231,694.45,Credit Card,SUCCESS,2026-06-14 21:00:00,TXN642172
6566,5496,1231,817.54,Credit Card,SUCCESS,2026-07-02 08:00:00,TXN307038
6567,5497,1231,592.16,UPI,SUCCESS,2026-08-01 12:00:00,TXN128387
6568,5498,1231,704.54,Credit Card,SUCCESS,2026-09-03 06:00:00,TXN462912
6569,5499,1234,249.77,Netbanking,SUCCESS,2026-04-03 16:00:00,TXN111686
6570,5500,1234,385.54,Debit Card,SUCCESS,2026-05-11 11:00:00,TXN190865
6571,5501,1234,286.92,Wallet,FAILED,2026-06-07 15:00:00,TXN435083
6572,5502,1234,247.88,Debit Card,SUCCESS,2026-07-14 09:00:00,TXN441893
6573,5503,1234,213.52,Wallet,SUCCESS,2026-08-11 07:00:00,TXN438092
6574,5504,1234,135.65,Netbanking,SUCCESS,2026-09-08 09:00:00,TXN420213
6575,5505,1235,391.70,UPI,SUCCESS,2026-04-03 07:00:00,TXN448717
6576,5506,1235,306.55,UPI,FAILED,2026-05-15 09:00:00,TXN332243
6577,5507,1235,269.57,Wallet,SUCCESS,2026-06-10 07:00:00,TXN396267
6578,5508,1235,254.41,Debit Card,SUCCESS,2026-07-03 16:00:00,TXN752655
6579,5509,1235,289.01,Credit Card,SUCCESS,2026-08-03 17:00:00,TXN543851
6580,5510,1235,258.37,Credit Card,SUCCESS,2026-09-10 09:00:00,TXN175785
6581,5511,1238,610.08,UPI,SUCCESS,2026-04-06 13:00:00,TXN533213
6582,5512,1238,745.84,UPI,SUCCESS,2026-05-10 14:00:00,TXN969344
6583,5513,1238,604.56,Netbanking,SUCCESS,2026-06-09 13:00:00,TXN914624
6584,5514,1238,619.19,Netbanking,SUCCESS,2026-07-10 18:00:00,TXN272707
6585,5515,1238,659.05,Debit Card,SUCCESS,2026-08-07 14:00:00,TXN630432
6586,5516,1238,669.15,Debit Card,PENDING,2026-09-12 20:00:00,TXN303063
6587,5517,1244,513.58,Netbanking,SUCCESS,2026-04-04 21:00:00,TXN242085
6588,5518,1244,536.89,Credit Card,SUCCESS,2026-05-14 18:00:00,TXN882243
6589,5519,1244,575.90,Netbanking,SUCCESS,2026-06-05 20:00:00,TXN102485
6590,5520,1244,640.87,Netbanking,SUCCESS,2026-07-05 08:00:00,TXN190540
6591,5521,1244,603.20,Wallet,SUCCESS,2026-08-09 10:00:00,TXN269628
6592,5522,1244,185.14,Debit Card,SUCCESS,2026-09-09 11:00:00,TXN733759
6593,5522,1244,317.22,UPI,SUCCESS,2026-09-12 16:00:00,TXN657635
6594,5523,1245,3689.84,Wallet,SUCCESS,2026-04-02 18:00:00,TXN581706
6595,5524,1245,3660.05,Netbanking,SUCCESS,2026-05-15 10:00:00,TXN491465
6596,5525,1245,3765.30,UPI,SUCCESS,2026-06-05 12:00:00,TXN670292
6597,5526,1245,3584.66,Debit Card,SUCCESS,2026-07-07 11:00:00,TXN986085
6598,5527,1245,3679.78,Credit Card,SUCCESS,2026-08-14 20:00:00,
6599,5528,1245,3620.51,Debit Card,SUCCESS,2026-09-02 22:00:00,TXN366067
6600,5529,1246,479.28,Debit Card,SUCCESS,2026-04-02 20:00:00,TXN354188
6601,5530,1246,413.67,Debit Card,SUCCESS,2026-05-05 14:00:00,TXN173745
6602,5531,1246,258.03,Debit Card,SUCCESS,2026-06-15 21:00:00,TXN764853
6603,5531,1246,116.63,UPI,SUCCESS,2026-06-01 10:00:00,TXN683749
6604,5532,1246,516.42,UPI,SUCCESS,2026-07-15 07:00:00,TXN739838
6605,5533,1246,266.08,Credit Card,SUCCESS,2026-08-05 20:00:00,TXN617422
6606,5533,1246,135.00,Debit Card,SUCCESS,2026-08-02 12:00:00,TXN740789
6607,5534,1246,412.49,Credit Card,SUCCESS,2026-09-08 13:00:00,TXN283457
6608,5535,1253,329.66,Netbanking,FAILED,2026-04-12 16:00:00,TXN613601
6609,5535,1253,383.27,Netbanking,SUCCESS,2026-04-01 09:00:00,TXN830290
6610,5536,1253,644.19,Wallet,SUCCESS,2026-05-09 19:00:00,TXN504672
6611,5537,1253,814.53,Wallet,SUCCESS,2026-06-01 07:00:00,TXN709976
6612,5538,1253,645.24,Wallet,SUCCESS,2026-07-08 06:00:00,TXN751493
6613,5539,1253,693.71,Wallet,SUCCESS,2026-08-06 14:00:00,TXN986266
6614,5540,1253,624.36,Wallet,SUCCESS,2026-09-04 16:00:00,TXN945198
6615,5541,1254,1056.88,Netbanking,SUCCESS,2026-04-05 18:00:00,TXN158481
6616,5542,1254,1053.35,Wallet,SUCCESS,2026-05-07 22:00:00,TXN323014
6617,5543,1254,1008.85,Netbanking,SUCCESS,2026-06-14 18:00:00,TXN958621
6618,5544,1254,1041.61,Debit Card,SUCCESS,2026-07-02 09:00:00,TXN604503
6619,5545,1254,1057.81,Netbanking,SUCCESS,2026-08-09 17:00:00,TXN300219
6620,5546,1254,1087.56,Credit Card,SUCCESS,2026-09-09 12:00:00,TXN876716
6621,5547,1256,928.61,Debit Card,SUCCESS,2026-04-10 19:00:00,TXN974243
6622,5548,1256,859.18,UPI,PENDING,2026-05-08 10:00:00,TXN487040
6623,5549,1256,932.61,Wallet,SUCCESS,2026-06-05 18:00:00,TXN889727
6624,5550,1256,889.13,Wallet,SUCCESS,2026-07-14 07:00:00,TXN558165
6625,5551,1256,923.34,Netbanking,SUCCESS,2026-08-02 12:00:00,TXN559628
6626,5552,1256,975.29,Netbanking,SUCCESS,2026-09-08 13:00:00,TXN425241
6627,5553,1259,645.75,Debit Card,SUCCESS,2026-04-10 14:00:00,TXN476063
6628,5554,1259,612.34,Debit Card,SUCCESS,2026-05-01 07:00:00,TXN249073
6629,5555,1259,704.02,UPI,FAILED,2026-06-03 19:00:00,TXN157275
6630,5556,1259,599.63,UPI,SUCCESS,2026-07-15 16:00:00,TXN317942
6631,5557,1259,626.72,Credit Card,SUCCESS,2026-08-03 16:00:00,TXN233157
6632,5558,1259,652.01,UPI,SUCCESS,2026-09-05 17:00:00,TXN903017
6633,5559,1263,667.44,Wallet,SUCCESS,2026-04-14 10:00:00,
6634,5560,1263,737.20,Debit Card,SUCCESS,2026-05-07 15:00:00,TXN297521
6635,5561,1263,655.48,Debit Card,SUCCESS,2026-06-08 06:00:00,TXN192271
6636,5562,1263,752.95,Netbanking,SUCCESS,2026-07-09 12:00:00,TXN144462
6637,5563,1263,697.83,Debit Card,SUCCESS,2026-08-07 20:00:00,TXN304779
6638,5564,1263,598.48,Netbanking,SUCCESS,2026-09-06 14:00:00,TXN311204
6639,5565,1267,191.03,UPI,SUCCESS,2026-04-11 06:00:00,
6640,5565,1267,296.03,UPI,SUCCESS,2026-04-13 13:00:00,TXN465902
6641,5566,1267,382.20,Wallet,SUCCESS,2026-05-09 09:00:00,TXN364624
6642,5567,1267,558.45,Netbanking,SUCCESS,2026-06-07 15:00:00,TXN907090
6643,5568,1267,249.44,Credit Card,SUCCESS,2026-07-13 11:00:00,TXN458956
6644,5568,1267,132.94,Wallet,SUCCESS,2026-07-07 20:00:00,TXN641458
6645,5569,1267,405.39,Debit Card,PENDING,2026-08-12 07:00:00,TXN503767
6646,5570,1267,480.79,Wallet,SUCCESS,2026-09-02 13:00:00,TXN979648
6647,5571,1270,601.99,Wallet,SUCCESS,2026-04-14 22:00:00,TXN644863
6648,5571,1270,270.42,Debit Card,SUCCESS,2026-04-09 06:00:00,TXN248431
6649,5572,1270,1072.78,Netbanking,SUCCESS,2026-05-08 22:00:00,TXN635385
6650,5573,1270,881.07,Netbanking,SUCCESS,2026-06-04 16:00:00,TXN675654
6651,5574,1270,976.96,Netbanking,SUCCESS,2026-07-06 10:00:00,TXN881301
6652,5575,1270,874.10,Debit Card,SUCCESS,2026-08-08 07:00:00,TXN542431
6653,5576,1270,876.96,Netbanking,SUCCESS,2026-09-06 17:00:00,TXN352080
6654,5577,1271,121.95,UPI,SUCCESS,2026-04-07 10:00:00,TXN357783
6655,5577,1271,264.52,Credit Card,SUCCESS,2026-04-01 20:00:00,TXN614767
6656,5578,1271,279.24,UPI,SUCCESS,2026-05-01 13:00:00,TXN623529
6657,5579,1271,373.43,Wallet,FAILED,2026-06-14 18:00:00,TXN550697
6658,5580,1271,334.05,Wallet,SUCCESS,2026-07-11 16:00:00,TXN843740
6659,5581,1271,295.33,Debit Card,SUCCESS,2026-08-10 20:00:00,TXN305715
6660,5582,1271,221.91,Debit Card,SUCCESS,2026-09-08 18:00:00,TXN253164
6661,5583,1272,1323.12,Wallet,SUCCESS,2026-04-02 21:00:00,TXN229015
6662,5584,1272,1215.12,UPI,SUCCESS,2026-05-09 18:00:00,TXN358224
6663,5585,1272,1257.20,Netbanking,SUCCESS,2026-06-02 11:00:00,TXN853787
6664,5586,1272,1215.82,Credit Card,SUCCESS,2026-07-13 14:00:00,TXN261446
6665,5587,1272,1152.64,Wallet,SUCCESS,2026-08-02 22:00:00,TXN361916
6666,5588,1272,1196.87,UPI,SUCCESS,2026-09-15 07:00:00,TXN954997
6667,5589,1276,1218.77,Debit Card,SUCCESS,2026-04-07 14:00:00,TXN648037
6668,5590,1276,1128.71,Credit Card,SUCCESS,2026-05-09 21:00:00,TXN708835
6669,5591,1276,1193.90,Debit Card,SUCCESS,2026-06-11 15:00:00,TXN863234
6670,5592,1276,1110.49,Wallet,SUCCESS,2026-07-13 09:00:00,TXN508559
6671,5593,1276,1190.45,Wallet,SUCCESS,2026-08-07 16:00:00,TXN301815
6672,5594,1276,1157.53,Credit Card,SUCCESS,2026-09-12 14:00:00,TXN874640
6673,5595,1277,1234.70,Credit Card,SUCCESS,2026-04-04 15:00:00,TXN838773
6674,5596,1277,1194.80,UPI,PENDING,2026-05-05 12:00:00,TXN674102
6675,5597,1277,1184.92,Debit Card,FAILED,2026-06-09 17:00:00,TXN952928
6676,5598,1277,1290.84,UPI,FAILED,2026-07-14 08:00:00,TXN975438
6677,5599,1277,1161.21,Debit Card,SUCCESS,2026-08-13 16:00:00,TXN678262
6678,5600,1277,1251.87,Wallet,SUCCESS,2026-09-15 06:00:00,TXN369340
6679,5601,1282,375.46,Debit Card,SUCCESS,2026-04-13 19:00:00,TXN644883
6680,5601,1282,383.37,Wallet,SUCCESS,2026-04-01 18:00:00,TXN751075
6681,5602,1282,590.19,Debit Card,SUCCESS,2026-05-04 12:00:00,TXN336550
6682,5603,1282,713.23,Debit Card,SUCCESS,2026-06-10 08:00:00,TXN365173
6683,5604,1282,662.40,Credit Card,SUCCESS,2026-07-02 22:00:00,TXN415921
6684,5605,1282,621.34,Credit Card,SUCCESS,2026-08-01 07:00:00,
6685,5606,1282,477.53,Netbanking,SUCCESS,2026-09-01 18:00:00,TXN551007
6686,5606,1282,295.62,Netbanking,SUCCESS,2026-09-11 21:00:00,TXN633380
6687,5607,1284,1066.18,Debit Card,SUCCESS,2026-04-05 08:00:00,TXN121256
6688,5608,1284,1088.93,Credit Card,SUCCESS,2026-05-14 22:00:00,TXN489566
6689,5609,1284,1117.60,Netbanking,SUCCESS,2026-06-06 20:00:00,TXN369848
6690,5610,1284,1223.72,Netbanking,SUCCESS,2026-07-11 19:00:00,TXN752081
6691,5611,1284,1137.74,Credit Card,SUCCESS,2026-08-07 17:00:00,
6692,5612,1284,542.37,UPI,SUCCESS,2026-09-06 19:00:00,TXN183840
6693,5612,1284,571.07,Wallet,SUCCESS,2026-09-05 13:00:00,TXN261603
6694,5613,1286,1154.63,Netbanking,SUCCESS,2026-04-02 16:00:00,TXN705331
6695,5614,1286,1118.95,UPI,SUCCESS,2026-05-14 17:00:00,TXN264411
6696,5615,1286,1009.40,Wallet,SUCCESS,2026-06-05 18:00:00,TXN185198
6697,5616,1286,1115.03,Credit Card,SUCCESS,2026-07-08 20:00:00,TXN689938
6698,5617,1286,1101.54,Wallet,FAILED,2026-08-10 11:00:00,TXN354149
6699,5618,1286,1212.12,UPI,SUCCESS,2026-09-15 14:00:00,TXN665942
6700,5619,1287,1237.34,Wallet,SUCCESS,2026-04-07 12:00:00,
6701,5620,1287,1330.24,UPI,SUCCESS,2026-05-02 21:00:00,TXN308896
6702,5621,1287,1216.43,UPI,SUCCESS,2026-06-10 17:00:00,TXN917997
6703,5622,1287,1208.42,Credit Card,SUCCESS,2026-07-15 16:00:00,TXN407335
6704,5623,1287,1227.47,UPI,SUCCESS,2026-08-04 07:00:00,TXN542478
6705,5624,1287,1148.18,Debit Card,SUCCESS,2026-09-02 11:00:00,TXN843429
6706,5625,1289,1043.86,Netbanking,SUCCESS,2026-04-08 19:00:00,TXN281437
6707,5626,1289,1032.25,Credit Card,SUCCESS,2026-05-03 06:00:00,
6708,5627,1289,1085.00,Credit Card,FAILED,2026-06-09 09:00:00,TXN916660
6709,5628,1289,1115.78,UPI,FAILED,2026-07-04 18:00:00,
6710,5629,1289,1044.22,Credit Card,SUCCESS,2026-08-13 21:00:00,TXN860231
6711,5630,1289,353.40,Wallet,SUCCESS,2026-09-02 20:00:00,TXN964523
6712,5630,1289,722.96,Wallet,SUCCESS,2026-09-01 11:00:00,TXN803170
6713,5631,1290,551.26,Credit Card,SUCCESS,2026-04-03 20:00:00,TXN973719
6714,5632,1290,578.31,Netbanking,SUCCESS,2026-05-02 08:00:00,TXN973121
6715,5633,1290,588.76,UPI,SUCCESS,2026-06-06 21:00:00,TXN625213
6716,5634,1290,574.72,Credit Card,SUCCESS,2026-07-11 14:00:00,TXN750432
6717,5635,1290,625.93,Debit Card,SUCCESS,2026-08-06 06:00:00,TXN633773
6718,5636,1290,614.21,Debit Card,SUCCESS,2026-09-08 10:00:00,TXN310586
6719,5637,1292,371.68,Netbanking,SUCCESS,2026-04-01 20:00:00,TXN673578
6720,5638,1292,300.88,Netbanking,SUCCESS,2026-05-07 09:00:00,TXN430445
6721,5639,1292,276.84,Wallet,SUCCESS,2026-06-09 13:00:00,TXN600413
6722,5640,1292,322.62,UPI,SUCCESS,2026-07-12 11:00:00,TXN497109
6723,5641,1292,296.84,Credit Card,SUCCESS,2026-08-14 11:00:00,TXN112971
6724,5642,1292,230.88,Debit Card,SUCCESS,2026-09-03 09:00:00,TXN452384
6725,5643,1293,558.20,Wallet,SUCCESS,2026-04-04 18:00:00,TXN403588
6726,5643,1293,252.73,Credit Card,SUCCESS,2026-04-01 07:00:00,TXN872141
6727,5644,1293,881.02,UPI,SUCCESS,2026-05-01 06:00:00,TXN677108
6728,5645,1293,896.18,UPI,SUCCESS,2026-06-03 07:00:00,TXN753451
6729,5646,1293,868.92,Wallet,SUCCESS,2026-07-12 11:00:00,TXN868366
6730,5647,1293,546.29,UPI,SUCCESS,2026-08-09 14:00:00,TXN763485
6731,5647,1293,308.61,Credit Card,SUCCESS,2026-08-08 12:00:00,TXN680545
6732,5648,1293,895.86,Credit Card,SUCCESS,2026-09-03 07:00:00,TXN132073
6733,5649,1296,1214.94,Netbanking,SUCCESS,2026-04-01 22:00:00,TXN898118
6734,5650,1296,1222.49,UPI,SUCCESS,2026-05-14 21:00:00,TXN907902
6735,5651,1296,1269.90,Netbanking,SUCCESS,2026-06-12 10:00:00,TXN720238
6736,5652,1296,418.76,Netbanking,SUCCESS,2026-07-10 21:00:00,TXN857216
6737,5652,1296,867.27,Netbanking,SUCCESS,2026-07-14 09:00:00,TXN163893
6738,5653,1296,1213.96,Wallet,SUCCESS,2026-08-03 11:00:00,TXN912423
6739,5654,1296,1281.47,Credit Card,SUCCESS,2026-09-12 17:00:00,TXN440873
6740,5655,1298,1120.15,Credit Card,SUCCESS,2026-04-11 20:00:00,TXN428771
6741,5656,1298,1156.75,Debit Card,SUCCESS,2026-05-06 21:00:00,TXN706192
6742,5657,1298,1136.42,Netbanking,SUCCESS,2026-06-13 10:00:00,TXN873356
6743,5658,1298,1233.72,Netbanking,SUCCESS,2026-07-09 10:00:00,TXN888837
6744,5659,1298,1098.23,Credit Card,SUCCESS,2026-08-07 22:00:00,TXN866980
6745,5660,1298,1202.87,Netbanking,PENDING,2026-09-08 09:00:00,TXN108888
6746,5661,1303,202.44,Credit Card,SUCCESS,2026-04-10 12:00:00,TXN527094
6747,5662,1303,84.59,UPI,SUCCESS,2026-05-01 18:00:00,TXN135725
6748,5662,1303,55.46,UPI,SUCCESS,2026-05-01 22:00:00,TXN746100
6749,5663,1303,163.77,UPI,SUCCESS,2026-06-12 14:00:00,TXN363205
6750,5664,1303,225.01,Netbanking,SUCCESS,2026-07-05 19:00:00,TXN990125
6751,5665,1303,195.42,Debit Card,SUCCESS,2026-08-15 13:00:00,TXN873183
6752,5666,1303,163.51,UPI,SUCCESS,2026-09-13 18:00:00,TXN736856
6753,5667,1306,592.23,Debit Card,SUCCESS,2026-04-14 13:00:00,TXN764907
6754,5667,1306,460.06,Wallet,FAILED,2026-04-14 08:00:00,TXN591645
6755,5668,1306,1075.90,Credit Card,SUCCESS,2026-05-01 20:00:00,TXN500915
6756,5669,1306,1119.04,Wallet,SUCCESS,2026-06-15 21:00:00,TXN345019
6757,5670,1306,400.41,Credit Card,SUCCESS,2026-07-01 06:00:00,TXN634563
6758,5670,1306,717.87,Debit Card,PENDING,2026-07-14 20:00:00,TXN271923
6759,5671,1306,1117.50,Wallet,SUCCESS,2026-08-05 14:00:00,TXN329950
6760,5672,1306,1203.00,Credit Card,SUCCESS,2026-09-02 16:00:00,TXN339828
6761,5673,1307,898.74,Wallet,FAILED,2026-04-08 18:00:00,TXN892721
6762,5674,1307,866.06,Wallet,SUCCESS,2026-05-03 19:00:00,TXN984702
6763,5675,1307,1040.06,Netbanking,SUCCESS,2026-06-06 22:00:00,TXN445123
6764,5676,1307,937.14,Credit Card,SUCCESS,2026-07-06 16:00:00,TXN229120
6765,5677,1307,985.34,Debit Card,SUCCESS,2026-08-07 07:00:00,TXN537908
6766,5678,1307,971.74,Netbanking,SUCCESS,2026-09-02 10:00:00,TXN738826
6767,5679,1311,1127.23,Debit Card,SUCCESS,2026-04-08 07:00:00,TXN306468
6768,5680,1311,708.32,UPI,SUCCESS,2026-05-01 16:00:00,TXN374145
6769,5680,1311,519.25,Credit Card,SUCCESS,2026-05-03 19:00:00,
6770,5681,1311,1095.82,Wallet,SUCCESS,2026-06-14 11:00:00,TXN215224
6771,5682,1311,1150.57,Credit Card,SUCCESS,2026-07-09 11:00:00,TXN438257
6772,5683,1311,1029.46,Wallet,SUCCESS,2026-08-11 06:00:00,TXN796436
6773,5684,1311,1037.42,Netbanking,SUCCESS,2026-09-14 19:00:00,TXN451292
6774,5685,1314,259.46,Debit Card,SUCCESS,2026-04-02 13:00:00,TXN427095
6775,5686,1314,104.40,UPI,SUCCESS,2026-05-12 21:00:00,TXN944878
6776,5686,1314,94.39,Debit Card,SUCCESS,2026-05-08 13:00:00,TXN177461
6777,5687,1314,179.22,Netbanking,PENDING,2026-06-12 11:00:00,TXN125842
6778,5688,1314,174.64,UPI,SUCCESS,2026-07-03 16:00:00,TXN187753
6779,5689,1314,187.51,UPI,SUCCESS,2026-08-14 21:00:00,TXN787311
6780,5690,1314,290.16,Wallet,SUCCESS,2026-09-04 06:00:00,TXN762920
6781,5691,1316,112.15,UPI,SUCCESS,2026-04-07 14:00:00,TXN387796
6782,5691,1316,237.14,UPI,SUCCESS,2026-04-10 07:00:00,TXN747367
6783,5692,1316,353.72,Netbanking,SUCCESS,2026-05-08 14:00:00,TXN518704
6784,5693,1316,424.14,Wallet,SUCCESS,2026-06-13 15:00:00,TXN672030
6785,5694,1316,416.39,Wallet,SUCCESS,2026-07-14 14:00:00,TXN308434
6786,5695,1316,354.61,Netbanking,SUCCESS,2026-08-01 14:00:00,TXN911907
6787,5696,1316,369.91,Debit Card,SUCCESS,2026-09-03 10:00:00,TXN929647
6788,5697,1319,307.86,Credit Card,SUCCESS,2026-04-07 10:00:00,TXN403893
6789,5698,1319,288.59,Wallet,FAILED,2026-05-03 06:00:00,TXN724103
6790,5699,1319,148.91,UPI,SUCCESS,2026-06-14 15:00:00,TXN961080
6791,5699,1319,67.07,Credit Card,SUCCESS,2026-06-07 08:00:00,TXN327312
6792,5700,1319,150.81,Debit Card,SUCCESS,2026-07-01 22:00:00,TXN699361
6793,5700,1319,169.38,Wallet,FAILED,2026-07-09 17:00:00,TXN503323
6794,5701,1319,255.49,Debit Card,SUCCESS,2026-08-12 15:00:00,TXN109643
6795,5702,1319,284.43,Debit Card,SUCCESS,2026-09-02 16:00:00,TXN646793
6796,5703,1320,1160.39,Credit Card,SUCCESS,2026-04-02 17:00:00,TXN956204
6797,5704,1320,1060.64,Netbanking,SUCCESS,2026-05-11 16:00:00,TXN742442
6798,5705,1320,1218.01,Wallet,SUCCESS,2026-06-10 22:00:00,TXN179420
6799,5706,1320,1124.66,Wallet,SUCCESS,2026-07-10 07:00:00,TXN451767
6800,5707,1320,417.86,Netbanking,SUCCESS,2026-08-12 13:00:00,TXN532923
6801,5707,1320,814.64,Netbanking,SUCCESS,2026-08-02 20:00:00,TXN698475
6802,5708,1320,1066.31,Wallet,SUCCESS,2026-09-11 10:00:00,TXN646544
6803,5709,1322,1189.59,UPI,FAILED,2026-04-11 08:00:00,TXN417969
6804,5710,1322,1106.20,Netbanking,SUCCESS,2026-05-07 22:00:00,TXN668423
6805,5711,1322,1027.36,Debit Card,SUCCESS,2026-06-02 22:00:00,TXN581913
6806,5712,1322,1062.85,Debit Card,SUCCESS,2026-07-13 06:00:00,TXN299427
6807,5713,1322,1071.06,UPI,SUCCESS,2026-08-14 09:00:00,TXN169980
6808,5714,1322,1105.67,Debit Card,SUCCESS,2026-09-03 18:00:00,TXN981164
6809,5715,1324,94.79,Credit Card,SUCCESS,2026-04-10 15:00:00,TXN736180
6810,5715,1324,117.47,Netbanking,SUCCESS,2026-04-03 21:00:00,TXN752479
6811,5716,1324,197.06,Wallet,SUCCESS,2026-05-09 19:00:00,TXN520047
6812,5717,1324,237.97,Netbanking,SUCCESS,2026-06-13 10:00:00,TXN749746
6813,5718,1324,206.22,Credit Card,SUCCESS,2026-07-07 07:00:00,TXN594514
6814,5719,1324,139.88,Credit Card,SUCCESS,2026-08-02 20:00:00,TXN783249
6815,5719,1324,156.70,Credit Card,SUCCESS,2026-08-10 13:00:00,TXN839102
6816,5720,1324,198.15,Credit Card,SUCCESS,2026-09-05 12:00:00,TXN375024
6817,5721,1326,269.37,Netbanking,SUCCESS,2026-04-09 20:00:00,TXN444894
6818,5721,1326,399.70,Credit Card,SUCCESS,2026-04-10 06:00:00,TXN181009
6819,5722,1326,600.67,Credit Card,SUCCESS,2026-05-08 17:00:00,TXN926250
6820,5723,1326,666.65,Netbanking,SUCCESS,2026-06-04 08:00:00,TXN687978
6821,5724,1326,217.50,Credit Card,SUCCESS,2026-07-05 08:00:00,
6822,5724,1326,408.86,Netbanking,SUCCESS,2026-07-11 09:00:00,TXN269341
6823,5725,1326,695.13,Debit Card,SUCCESS,2026-08-12 13:00:00,TXN837544
6824,5726,1326,217.86,Netbanking,SUCCESS,2026-09-12 10:00:00,TXN449049
6825,5726,1326,488.81,Debit Card,SUCCESS,2026-09-11 18:00:00,TXN423480
6826,5727,1327,768.75,Wallet,SUCCESS,2026-04-12 16:00:00,TXN399050
6827,5728,1327,871.43,Debit Card,SUCCESS,2026-05-05 20:00:00,TXN728072
6828,5729,1327,801.94,Wallet,SUCCESS,2026-06-01 20:00:00,TXN869546
6829,5730,1327,954.94,Debit Card,SUCCESS,2026-07-11 10:00:00,TXN165530
6830,5731,1327,864.31,UPI,SUCCESS,2026-08-03 07:00:00,TXN517317
6831,5732,1327,967.75,Wallet,FAILED,2026-09-10 19:00:00,TXN672248
6832,5733,1330,396.53,Wallet,SUCCESS,2026-04-05 16:00:00,TXN861288
6833,5734,1330,511.94,UPI,SUCCESS,2026-05-14 16:00:00,TXN567766
6834,5735,1330,409.21,Wallet,SUCCESS,2026-06-08 12:00:00,
6835,5736,1330,435.80,Debit Card,SUCCESS,2026-07-04 19:00:00,TXN112949
6836,5737,1330,191.43,Wallet,SUCCESS,2026-08-14 18:00:00,TXN959195
6837,5737,1330,176.09,UPI,SUCCESS,2026-08-05 16:00:00,TXN924893
6838,5738,1330,269.68,Debit Card,SUCCESS,2026-09-02 12:00:00,TXN147302
6839,5738,1330,179.32,UPI,SUCCESS,2026-09-05 08:00:00,TXN618801
6840,5739,1335,973.46,Credit Card,SUCCESS,2026-04-02 21:00:00,TXN454237
6841,5740,1335,847.18,Credit Card,SUCCESS,2026-05-01 22:00:00,TXN307821
6842,5741,1335,938.55,Debit Card,SUCCESS,2026-06-14 16:00:00,TXN742253
6843,5742,1335,878.92,Netbanking,SUCCESS,2026-07-15 18:00:00,TXN187087
6844,5743,1335,401.10,Netbanking,SUCCESS,2026-08-13 21:00:00,TXN908296
6845,5743,1335,558.72,Wallet,SUCCESS,2026-08-15 17:00:00,TXN187284
6846,5744,1335,353.52,Netbanking,SUCCESS,2026-09-15 07:00:00,TXN111167
6847,5744,1335,579.28,Credit Card,SUCCESS,2026-09-09 11:00:00,TXN311547
6848,5745,1340,919.42,Netbanking,SUCCESS,2026-04-14 20:00:00,TXN979234
6849,5746,1340,916.66,Netbanking,SUCCESS,2026-05-09 14:00:00,TXN567179
6850,5747,1340,792.97,Credit Card,SUCCESS,2026-06-12 18:00:00,TXN989145
6851,5748,1340,823.53,UPI,SUCCESS,2026-07-06 20:00:00,TXN651138
6852,5749,1340,848.05,Debit Card,SUCCESS,2026-08-10 16:00:00,TXN773489
6853,5750,1340,786.95,UPI,SUCCESS,2026-09-14 13:00:00,TXN912599
6854,5751,1341,647.67,Netbanking,SUCCESS,2026-04-11 22:00:00,TXN847245
6855,5752,1341,661.14,Credit Card,SUCCESS,2026-05-09 14:00:00,TXN253125
6856,5753,1341,705.13,Debit Card,SUCCESS,2026-06-08 14:00:00,TXN357764
6857,5754,1341,568.15,UPI,SUCCESS,2026-07-15 17:00:00,TXN405751
6858,5755,1341,716.37,Netbanking,SUCCESS,2026-08-04 19:00:00,TXN979034
6859,5756,1341,661.13,Debit Card,SUCCESS,2026-09-14 13:00:00,TXN741404
6860,5757,1348,903.95,UPI,SUCCESS,2026-04-15 08:00:00,TXN826824
6861,5758,1348,826.80,Wallet,SUCCESS,2026-05-13 13:00:00,TXN178000
6862,5759,1348,936.85,Credit Card,SUCCESS,2026-06-08 22:00:00,TXN418834
6863,5760,1348,1027.96,Debit Card,SUCCESS,2026-07-14 15:00:00,TXN646238
6864,5761,1348,322.45,UPI,SUCCESS,2026-08-02 22:00:00,TXN410514
6865,5761,1348,542.31,Netbanking,SUCCESS,2026-08-02 11:00:00,TXN787326
6866,5762,1348,1032.41,UPI,SUCCESS,2026-09-01 10:00:00,TXN125007
6867,5763,1351,898.11,Credit Card,FAILED,2026-04-07 11:00:00,TXN104697
6868,5764,1351,906.92,Wallet,SUCCESS,2026-05-15 07:00:00,TXN892978
6869,5765,1351,868.57,Debit Card,SUCCESS,2026-06-13 16:00:00,TXN258609
6870,5766,1351,860.60,Debit Card,SUCCESS,2026-07-12 15:00:00,TXN741306
6871,5767,1351,926.57,Credit Card,SUCCESS,2026-08-14 08:00:00,TXN864213
6872,5768,1351,842.00,Netbanking,SUCCESS,2026-09-11 13:00:00,TXN367527
6873,5769,1352,292.91,Credit Card,SUCCESS,2026-04-14 09:00:00,
6874,5770,1352,486.29,UPI,FAILED,2026-05-02 21:00:00,TXN169814
6875,5771,1352,202.43,Debit Card,SUCCESS,2026-06-10 22:00:00,TXN364994
6876,5771,1352,133.06,Netbanking,SUCCESS,2026-06-08 21:00:00,TXN413480
6877,5772,1352,276.03,Credit Card,SUCCESS,2026-07-01 13:00:00,TXN561397
6878,5773,1352,189.45,UPI,SUCCESS,2026-08-02 11:00:00,TXN798050
6879,5773,1352,115.97,Wallet,SUCCESS,2026-08-05 18:00:00,TXN105465
6880,5774,1352,97.81,Netbanking,SUCCESS,2026-09-07 09:00:00,
6881,5774,1352,213.45,Wallet,SUCCESS,2026-09-09 22:00:00,TXN410888
6882,5775,1353,1221.39,Debit Card,PENDING,2026-04-04 22:00:00,TXN170375
6883,5776,1353,1230.70,Wallet,SUCCESS,2026-05-07 21:00:00,TXN282245
6884,5777,1353,1203.28,UPI,SUCCESS,2026-06-06 20:00:00,TXN665948
6885,5778,1353,1158.56,Credit Card,SUCCESS,2026-07-11 19:00:00,TXN829824
6886,5779,1353,1223.99,UPI,SUCCESS,2026-08-14 12:00:00,TXN915920
6887,5780,1353,623.33,Wallet,SUCCESS,2026-09-06 08:00:00,TXN297045
6888,5780,1353,650.88,Debit Card,SUCCESS,2026-09-11 19:00:00,TXN200941
6889,5781,1355,740.69,Credit Card,SUCCESS,2026-04-02 16:00:00,TXN320228
6890,5782,1355,716.28,Credit Card,SUCCESS,2026-05-04 07:00:00,TXN368777
6891,5783,1355,406.92,Netbanking,SUCCESS,2026-06-15 14:00:00,TXN722978
6892,5783,1355,233.02,Debit Card,SUCCESS,2026-06-03 08:00:00,TXN128384
6893,5784,1355,298.74,Wallet,SUCCESS,2026-07-13 13:00:00,TXN690745
6894,5784,1355,359.90,Debit Card,SUCCESS,2026-07-04 22:00:00,TXN105806
6895,5785,1355,637.72,UPI,SUCCESS,2026-08-05 15:00:00,TXN498448
6896,5786,1355,265.00,Credit Card,SUCCESS,2026-09-07 11:00:00,TXN470113
6897,5786,1355,364.28,Debit Card,SUCCESS,2026-09-03 14:00:00,TXN538507
6898,5787,1356,1078.32,Netbanking,SUCCESS,2026-04-04 14:00:00,TXN445639
6899,5788,1356,1186.17,UPI,SUCCESS,2026-05-11 18:00:00,TXN478200
6900,5789,1356,549.52,Netbanking,SUCCESS,2026-06-01 15:00:00,TXN634598
6901,5789,1356,630.82,Netbanking,FAILED,2026-06-11 19:00:00,TXN957360
6902,5790,1356,1178.28,UPI,SUCCESS,2026-07-14 11:00:00,TXN258709
6903,5791,1356,1182.54,Debit Card,FAILED,2026-08-13 12:00:00,TXN692187
6904,5792,1356,1196.89,Credit Card,SUCCESS,2026-09-14 18:00:00,TXN487059
6905,5793,1358,472.04,Wallet,SUCCESS,2026-04-13 16:00:00,TXN432658
6906,5793,1358,369.28,Wallet,SUCCESS,2026-04-06 10:00:00,TXN252452
6907,5794,1358,441.01,Wallet,SUCCESS,2026-05-10 14:00:00,TXN512906
6908,5794,1358,392.22,Debit Card,SUCCESS,2026-05-12 21:00:00,
6909,5795,1358,802.75,Wallet,SUCCESS,2026-06-03 13:00:00,TXN159185
6910,5796,1358,859.71,Netbanking,SUCCESS,2026-07-08 06:00:00,TXN949877
6911,5797,1358,813.56,Credit Card,SUCCESS,2026-08-15 07:00:00,TXN607744
6912,5798,1358,892.46,Wallet,SUCCESS,2026-09-04 18:00:00,TXN577856
6913,5799,1363,194.53,Debit Card,SUCCESS,2026-04-02 22:00:00,TXN619072
6914,5800,1363,180.76,Netbanking,SUCCESS,2026-05-15 14:00:00,TXN684021
6915,5801,1363,148.57,Debit Card,SUCCESS,2026-06-01 06:00:00,TXN642020
6916,5802,1363,280.49,UPI,SUCCESS,2026-07-06 11:00:00,TXN237834
6917,5803,1363,203.88,Netbanking,SUCCESS,2026-08-07 09:00:00,TXN995508
6918,5804,1363,137.21,Credit Card,SUCCESS,2026-09-07 06:00:00,TXN961781
6919,5805,1364,663.41,Wallet,SUCCESS,2026-04-11 08:00:00,TXN703340
6920,5806,1364,672.19,UPI,SUCCESS,2026-05-05 10:00:00,TXN686732
6921,5807,1364,702.15,UPI,SUCCESS,2026-06-10 17:00:00,TXN122771
6922,5808,1364,774.99,Wallet,SUCCESS,2026-07-15 22:00:00,
6923,5809,1364,666.65,Debit Card,SUCCESS,2026-08-13 08:00:00,TXN186001
6924,5810,1364,631.85,Debit Card,SUCCESS,2026-09-13 08:00:00,TXN403745
6925,5811,1366,536.20,Wallet,SUCCESS,2026-04-01 11:00:00,
6926,5811,1366,718.60,Wallet,SUCCESS,2026-04-15 13:00:00,TXN806481
6927,5812,1366,1310.26,Credit Card,SUCCESS,2026-05-03 18:00:00,TXN314300
6928,5813,1366,391.29,Credit Card,SUCCESS,2026-06-11 22:00:00,TXN655739
6929,5813,1366,852.03,Netbanking,SUCCESS,2026-06-03 08:00:00,TXN935428
6930,5814,1366,1144.68,Netbanking,SUCCESS,2026-07-07 10:00:00,TXN489256
6931,5815,1366,1206.35,Netbanking,SUCCESS,2026-08-07 09:00:00,TXN945598
6932,5816,1366,1218.29,Credit Card,SUCCESS,2026-09-10 10:00:00,TXN796044
6933,5817,1369,314.13,Wallet,SUCCESS,2026-04-12 07:00:00,TXN783504
6934,5818,1369,346.63,Debit Card,SUCCESS,2026-05-07 16:00:00,TXN115650
6935,5819,1369,249.70,Debit Card,SUCCESS,2026-06-09 15:00:00,TXN964321
6936,5820,1369,373.66,Netbanking,SUCCESS,2026-07-01 15:00:00,TXN834430
6937,5821,1369,151.62,UPI,SUCCESS,2026-08-15 20:00:00,TXN428296
6938,5821,1369,232.33,UPI,SUCCESS,2026-08-03 15:00:00,TXN467315
6939,5822,1369,369.63,Credit Card,SUCCESS,2026-09-06 11:00:00,TXN765713
6940,5823,1372,727.13,UPI,SUCCESS,2026-04-04 06:00:00,TXN842452
6941,5824,1372,636.68,Credit Card,SUCCESS,2026-05-05 18:00:00,
6942,5825,1372,647.01,Credit Card,SUCCESS,2026-06-10 20:00:00,TXN614138
6943,5826,1372,642.29,Wallet,SUCCESS,2026-07-07 09:00:00,TXN577296
6944,5827,1372,691.36,Netbanking,SUCCESS,2026-08-01 06:00:00,
6945,5828,1372,678.28,Wallet,SUCCESS,2026-09-08 20:00:00,TXN506952
6946,5829,1375,622.71,Netbanking,SUCCESS,2026-04-02 11:00:00,TXN474275
6947,5830,1375,376.48,Netbanking,FAILED,2026-05-10 15:00:00,TXN936206
6948,5830,1375,352.87,Wallet,FAILED,2026-05-12 14:00:00,TXN307901
6949,5831,1375,663.36,Wallet,PENDING,2026-06-05 15:00:00,
6950,5832,1375,488.41,Netbanking,SUCCESS,2026-07-14 09:00:00,
6951,5832,1375,231.06,Credit Card,SUCCESS,2026-07-11 18:00:00,TXN746998
6952,5833,1375,647.12,Wallet,SUCCESS,2026-08-05 18:00:00,TXN331468
6953,5834,1375,230.21,Debit Card,SUCCESS,2026-09-11 14:00:00,TXN509184
6954,5834,1375,412.45,Wallet,SUCCESS,2026-09-08 07:00:00,TXN453635
6955,5835,1378,1114.50,Debit Card,SUCCESS,2026-04-12 20:00:00,TXN154433
6956,5836,1378,1044.77,Debit Card,SUCCESS,2026-05-02 11:00:00,TXN281739
6957,5837,1378,1108.68,Wallet,SUCCESS,2026-06-07 07:00:00,TXN647966
6958,5838,1378,1211.92,Credit Card,SUCCESS,2026-07-04 20:00:00,
6959,5839,1378,1094.36,Credit Card,SUCCESS,2026-08-09 17:00:00,TXN284134
6960,5840,1378,1126.86,Wallet,SUCCESS,2026-09-11 21:00:00,TXN311638
6961,5841,1379,469.14,UPI,SUCCESS,2026-04-13 20:00:00,TXN296293
6962,5842,1379,520.46,Debit Card,SUCCESS,2026-05-05 12:00:00,TXN625810
6963,5843,1379,509.78,Wallet,SUCCESS,2026-06-07 08:00:00,TXN880880
6964,5844,1379,385.10,Wallet,FAILED,2026-07-12 07:00:00,TXN943684
6965,5845,1379,445.26,Credit Card,SUCCESS,2026-08-02 13:00:00,TXN371038
6966,5846,1379,367.97,Wallet,SUCCESS,2026-09-07 12:00:00,TXN982552
6967,5847,1380,98.17,Debit Card,SUCCESS,2026-04-01 18:00:00,TXN350130
6968,5847,1380,96.34,Debit Card,SUCCESS,2026-04-03 11:00:00,TXN984389
6969,5848,1380,223.27,Debit Card,FAILED,2026-05-07 07:00:00,TXN516554
6970,5849,1380,223.09,Wallet,SUCCESS,2026-06-03 14:00:00,TXN158317
6971,5850,1380,274.65,Debit Card,SUCCESS,2026-07-09 09:00:00,TXN253697
6972,5851,1380,221.17,Wallet,SUCCESS,2026-08-02 14:00:00,TXN190154
6973,5852,1380,248.00,Debit Card,SUCCESS,2026-09-02 09:00:00,TXN857053
6974,5853,1381,455.33,Netbanking,SUCCESS,2026-04-11 12:00:00,TXN619307
6975,5853,1381,212.46,UPI,SUCCESS,2026-04-06 11:00:00,TXN622500
6976,5854,1381,605.88,Wallet,SUCCESS,2026-05-09 19:00:00,TXN132743
6977,5855,1381,675.44,Debit Card,SUCCESS,2026-06-02 22:00:00,TXN190815
6978,5856,1381,596.99,Netbanking,SUCCESS,2026-07-15 14:00:00,TXN604872
6979,5857,1381,433.29,Netbanking,SUCCESS,2026-08-01 07:00:00,
6980,5857,1381,298.29,Credit Card,SUCCESS,2026-08-11 21:00:00,TXN824837
6981,5858,1381,570.97,Netbanking,SUCCESS,2026-09-01 21:00:00,TXN544897
6982,5859,1383,243.02,Debit Card,SUCCESS,2026-04-08 15:00:00,TXN611284
6983,5859,1383,199.20,Wallet,SUCCESS,2026-04-07 11:00:00,TXN521365
6984,5860,1383,405.78,Netbanking,SUCCESS,2026-05-03 22:00:00,TXN558930
6985,5861,1383,452.67,Credit Card,SUCCESS,2026-06-08 10:00:00,TXN336166
6986,5862,1383,399.64,UPI,SUCCESS,2026-07-08 10:00:00,TXN135212
6987,5863,1383,380.84,Debit Card,SUCCESS,2026-08-15 08:00:00,TXN939903
6988,5864,1383,319.46,Debit Card,SUCCESS,2026-09-10 18:00:00,TXN208299
6989,5865,1385,1060.57,UPI,SUCCESS,2026-04-04 09:00:00,TXN421339
6990,5866,1385,1124.67,Debit Card,SUCCESS,2026-05-09 06:00:00,TXN575284
6991,5867,1385,1051.57,Wallet,SUCCESS,2026-06-14 15:00:00,
6992,5868,1385,1029.92,UPI,SUCCESS,2026-07-08 22:00:00,TXN513620
6993,5869,1385,984.51,UPI,SUCCESS,2026-08-07 10:00:00,TXN406759
6994,5870,1385,1125.12,UPI,SUCCESS,2026-09-09 19:00:00,TXN718176
6995,5871,1389,233.66,Wallet,SUCCESS,2026-04-12 20:00:00,TXN428400
6996,5872,1389,270.33,Netbanking,SUCCESS,2026-05-02 19:00:00,TXN413789
6997,5873,1389,348.48,Wallet,SUCCESS,2026-06-08 21:00:00,TXN346067
6998,5874,1389,218.50,Netbanking,PENDING,2026-07-08 21:00:00,TXN687861
6999,5874,1389,264.05,Debit Card,SUCCESS,2026-07-05 06:00:00,TXN683982
7000,5875,1389,178.15,Debit Card,SUCCESS,2026-08-08 13:00:00,TXN309666
7001,5875,1389,113.06,Credit Card,FAILED,2026-08-12 10:00:00,TXN776635
7002,5876,1389,325.79,UPI,SUCCESS,2026-09-04 10:00:00,TXN475761
7003,5877,1390,386.92,Netbanking,SUCCESS,2026-04-15 19:00:00,
7004,5878,1390,346.34,Credit Card,SUCCESS,2026-05-11 11:00:00,TXN596787
7005,5879,1390,343.18,Wallet,SUCCESS,2026-06-09 15:00:00,TXN998907
7006,5880,1390,339.12,Wallet,SUCCESS,2026-07-07 18:00:00,TXN156220
7007,5881,1390,348.89,UPI,SUCCESS,2026-08-04 13:00:00,TXN580861
7008,5882,1390,378.63,Netbanking,SUCCESS,2026-09-08 13:00:00,TXN974525
7009,5883,1394,1118.78,Netbanking,FAILED,2026-04-04 22:00:00,
7010,5884,1394,1126.58,Credit Card,SUCCESS,2026-05-02 06:00:00,TXN846513
7011,5885,1394,1136.08,UPI,SUCCESS,2026-06-04 21:00:00,TXN179259
7012,5886,1394,1030.46,Netbanking,PENDING,2026-07-14 15:00:00,TXN570115
7013,5887,1394,644.71,Debit Card,SUCCESS,2026-08-08 06:00:00,TXN253477
7014,5887,1394,450.07,Debit Card,SUCCESS,2026-08-11 13:00:00,TXN789875
7015,5888,1394,1018.73,Netbanking,SUCCESS,2026-09-04 22:00:00,
7016,5889,1405,1020.62,Credit Card,SUCCESS,2026-04-13 06:00:00,TXN804113
7017,5890,1405,635.61,UPI,SUCCESS,2026-05-01 11:00:00,TXN637977
7018,5890,1405,308.21,UPI,SUCCESS,2026-05-09 22:00:00,TXN293877
7019,5891,1405,1065.08,Credit Card,SUCCESS,2026-06-02 14:00:00,TXN525444
7020,5892,1405,1023.08,Netbanking,SUCCESS,2026-07-04 14:00:00,TXN315849
7021,5893,1405,977.56,Netbanking,SUCCESS,2026-08-01 06:00:00,TXN191971
7022,5894,1405,990.30,UPI,SUCCESS,2026-09-02 18:00:00,TXN123761
7023,5895,1406,303.30,Debit Card,SUCCESS,2026-04-13 16:00:00,TXN163667
7024,5896,1406,285.21,Debit Card,SUCCESS,2026-05-05 09:00:00,TXN715884
7025,5897,1406,167.94,Debit Card,SUCCESS,2026-06-10 13:00:00,TXN236825
7026,5897,1406,94.67,Credit Card,SUCCESS,2026-06-05 06:00:00,TXN505749
7027,5898,1406,352.81,UPI,SUCCESS,2026-07-11 21:00:00,TXN194174
7028,5899,1406,328.84,UPI,SUCCESS,2026-08-11 06:00:00,TXN149641
7029,5900,1406,278.10,Debit Card,SUCCESS,2026-09-06 09:00:00,TXN403382
7030,5901,1411,701.57,Credit Card,SUCCESS,2026-04-07 21:00:00,TXN747784
7031,5901,1411,443.73,UPI,SUCCESS,2026-04-06 08:00:00,TXN999021
7032,5902,1411,1054.66,Credit Card,SUCCESS,2026-05-04 14:00:00,TXN830831
7033,5903,1411,1125.93,Wallet,SUCCESS,2026-06-03 19:00:00,TXN112289
7034,5904,1411,1135.12,Wallet,SUCCESS,2026-07-06 09:00:00,TXN733722
7035,5905,1411,1095.77,UPI,SUCCESS,2026-08-11 16:00:00,TXN634512
7036,5906,1411,418.06,UPI,SUCCESS,2026-09-07 10:00:00,TXN399408
7037,5906,1411,751.49,Debit Card,SUCCESS,2026-09-11 16:00:00,TXN520610
7038,5907,1412,100.61,Wallet,FAILED,2026-04-01 16:00:00,TXN165607
7039,5907,1412,200.82,Wallet,SUCCESS,2026-04-15 20:00:00,TXN938328
7040,5908,1412,427.83,Netbanking,SUCCESS,2026-05-05 10:00:00,TXN386397
7041,5909,1412,278.62,Debit Card,SUCCESS,2026-06-06 15:00:00,TXN281443
7042,5910,1412,281.98,Debit Card,SUCCESS,2026-07-14 10:00:00,TXN904052
7043,5911,1412,441.30,Netbanking,SUCCESS,2026-08-09 15:00:00,TXN978573
7044,5912,1412,287.13,Debit Card,SUCCESS,2026-09-04 21:00:00,TXN122646
7045,5913,1413,819.21,Credit Card,SUCCESS,2026-04-08 20:00:00,TXN206694
7046,5914,1413,902.79,Wallet,SUCCESS,2026-05-05 20:00:00,TXN391004
7047,5915,1413,855.74,Wallet,SUCCESS,2026-06-05 17:00:00,TXN323675
7048,5916,1413,800.29,Credit Card,SUCCESS,2026-07-12 16:00:00,TXN774101
7049,5917,1413,839.20,Debit Card,SUCCESS,2026-08-09 07:00:00,
7050,5918,1413,878.95,Netbanking,PENDING,2026-09-13 19:00:00,TXN428301
7051,5919,1416,665.74,Wallet,SUCCESS,2026-04-08 18:00:00,TXN370552
7052,5920,1416,734.59,Debit Card,SUCCESS,2026-05-12 12:00:00,TXN154036
7053,5921,1416,717.30,Netbanking,SUCCESS,2026-06-09 16:00:00,TXN197900
7054,5922,1416,702.10,Wallet,SUCCESS,2026-07-05 22:00:00,TXN254773
7055,5923,1416,705.44,Wallet,SUCCESS,2026-08-13 17:00:00,TXN605051
7056,5924,1416,707.73,Credit Card,SUCCESS,2026-09-06 14:00:00,TXN716929
7057,5925,1421,140.94,UPI,SUCCESS,2026-04-15 15:00:00,TXN489129
7058,5925,1421,94.45,Debit Card,SUCCESS,2026-04-11 07:00:00,TXN431312
7059,5926,1421,203.80,Netbanking,SUCCESS,2026-05-14 15:00:00,TXN333886
7060,5927,1421,208.14,UPI,SUCCESS,2026-06-15 15:00:00,TXN459453
7061,5928,1421,229.71,Debit Card,SUCCESS,2026-07-13 22:00:00,TXN402395
7062,5929,1421,127.69,Debit Card,SUCCESS,2026-08-03 13:00:00,TXN367333
7063,5929,1421,190.97,Wallet,SUCCESS,2026-08-14 17:00:00,TXN803900
7064,5930,1421,300.05,Netbanking,SUCCESS,2026-09-11 08:00:00,TXN298576
7065,5931,1422,1153.95,Credit Card,PENDING,2026-04-12 07:00:00,TXN935236
7066,5932,1422,1013.64,Netbanking,SUCCESS,2026-05-02 16:00:00,TXN557093
7067,5933,1422,1074.21,Debit Card,SUCCESS,2026-06-08 22:00:00,TXN559065
7068,5934,1422,1115.88,Netbanking,SUCCESS,2026-07-04 20:00:00,TXN377786
7069,5935,1422,1161.52,Netbanking,SUCCESS,2026-08-01 07:00:00,TXN967255
7070,5936,1422,1154.92,Credit Card,SUCCESS,2026-09-03 15:00:00,TXN817401
7071,5937,1424,162.83,Debit Card,SUCCESS,2026-04-05 06:00:00,TXN958656
7072,5938,1424,141.32,Credit Card,SUCCESS,2026-05-08 20:00:00,TXN383159
7073,5939,1424,204.91,Netbanking,SUCCESS,2026-06-07 13:00:00,TXN611815
7074,5940,1424,319.21,UPI,FAILED,2026-07-13 10:00:00,TXN643403
7075,5941,1424,174.85,Wallet,SUCCESS,2026-08-15 11:00:00,TXN525371
7076,5942,1424,139.35,Netbanking,SUCCESS,2026-09-06 06:00:00,TXN453662
7077,5943,1425,276.86,Credit Card,SUCCESS,2026-04-11 07:00:00,TXN511802
7078,5944,1425,166.92,Credit Card,FAILED,2026-05-12 15:00:00,TXN493343
7079,5944,1425,210.74,Netbanking,FAILED,2026-05-15 09:00:00,TXN150190
7080,5945,1425,234.15,Netbanking,SUCCESS,2026-06-11 19:00:00,TXN525218
7081,5946,1425,388.83,Netbanking,SUCCESS,2026-07-04 16:00:00,TXN653820
7082,5947,1425,163.46,UPI,SUCCESS,2026-08-10 10:00:00,TXN561715
7083,5947,1425,134.84,Netbanking,SUCCESS,2026-08-02 06:00:00,TXN400127
7084,5948,1425,351.40,UPI,SUCCESS,2026-09-05 20:00:00,TXN836476
7085,5949,1426,859.49,Debit Card,SUCCESS,2026-04-02 22:00:00,TXN808389
7086,5950,1426,986.96,Credit Card,SUCCESS,2026-05-13 12:00:00,TXN889375
7087,5951,1426,876.64,Wallet,FAILED,2026-06-04 06:00:00,TXN222873
7088,5952,1426,861.74,Debit Card,SUCCESS,2026-07-13 06:00:00,TXN190245
7089,5953,1426,978.90,UPI,SUCCESS,2026-08-11 19:00:00,TXN749461
7090,5954,1426,852.69,Wallet,SUCCESS,2026-09-14 06:00:00,TXN563385
7091,5955,1427,643.83,Credit Card,SUCCESS,2026-04-14 07:00:00,TXN739534
7092,5955,1427,602.14,Netbanking,SUCCESS,2026-04-11 16:00:00,TXN499376
7093,5956,1427,721.58,Debit Card,SUCCESS,2026-05-15 16:00:00,TXN167118
7094,5956,1427,416.11,Credit Card,SUCCESS,2026-05-09 15:00:00,TXN448158
7095,5957,1427,1203.37,Debit Card,FAILED,2026-06-01 22:00:00,TXN788553
7096,5958,1427,1165.06,Debit Card,SUCCESS,2026-07-09 11:00:00,TXN782938
7097,5959,1427,1293.07,Wallet,SUCCESS,2026-08-01 20:00:00,TXN420171
7098,5960,1427,1153.73,Wallet,SUCCESS,2026-09-11 13:00:00,TXN129726
7099,5961,1428,528.09,Wallet,SUCCESS,2026-04-03 17:00:00,TXN421102
7100,5962,1428,590.80,UPI,SUCCESS,2026-05-09 08:00:00,TXN710830
7101,5963,1428,538.07,UPI,SUCCESS,2026-06-15 20:00:00,TXN156246
7102,5964,1428,786.80,Netbanking,SUCCESS,2026-07-01 14:00:00,TXN935202
7103,5965,1428,590.13,Debit Card,SUCCESS,2026-08-01 10:00:00,TXN644852
7104,5966,1428,284.90,UPI,SUCCESS,2026-09-11 08:00:00,TXN108802
7105,5966,1428,393.67,Debit Card,SUCCESS,2026-09-02 07:00:00,TXN540961
7106,5967,1429,413.08,Netbanking,SUCCESS,2026-04-10 13:00:00,TXN689742
7107,5968,1429,314.54,Credit Card,SUCCESS,2026-05-10 07:00:00,TXN940659
7108,5969,1429,110.52,Wallet,SUCCESS,2026-06-08 22:00:00,TXN203636
7109,5969,1429,198.98,UPI,SUCCESS,2026-06-08 20:00:00,TXN175392
7110,5970,1429,246.21,Netbanking,FAILED,2026-07-03 21:00:00,TXN594334
7111,5971,1429,326.47,UPI,SUCCESS,2026-08-15 11:00:00,TXN868831
7112,5972,1429,280.92,Wallet,SUCCESS,2026-09-09 06:00:00,TXN972904
7113,5973,1433,1125.85,Netbanking,SUCCESS,2026-04-01 18:00:00,TXN579077
7114,5974,1433,1134.13,Debit Card,SUCCESS,2026-05-14 22:00:00,TXN243365
7115,5975,1433,1140.01,Wallet,SUCCESS,2026-06-09 08:00:00,TXN743397
7116,5976,1433,1143.37,Credit Card,SUCCESS,2026-07-06 19:00:00,TXN878367
7117,5977,1433,1067.68,Debit Card,SUCCESS,2026-08-15 13:00:00,TXN714097
7118,5978,1433,1115.25,Wallet,SUCCESS,2026-09-08 06:00:00,TXN476627
7119,5979,1435,372.89,Netbanking,SUCCESS,2026-04-15 10:00:00,TXN628998
7120,5980,1435,488.88,Credit Card,SUCCESS,2026-05-05 11:00:00,TXN986718
7121,5981,1435,272.51,UPI,SUCCESS,2026-06-10 10:00:00,TXN240447
7122,5982,1435,501.85,Debit Card,SUCCESS,2026-07-12 15:00:00,TXN149216
7123,5983,1435,444.78,Debit Card,SUCCESS,2026-08-14 20:00:00,TXN642674
7124,5984,1435,275.79,Debit Card,SUCCESS,2026-09-02 17:00:00,TXN404803
7125,5985,1437,698.97,Credit Card,SUCCESS,2026-04-14 19:00:00,TXN395347
7126,5986,1437,488.24,UPI,SUCCESS,2026-05-10 07:00:00,TXN949775
7127,5987,1437,612.29,Netbanking,SUCCESS,2026-06-15 07:00:00,TXN264238
7128,5988,1437,643.42,UPI,SUCCESS,2026-07-07 21:00:00,TXN202833
7129,5989,1437,614.71,Debit Card,SUCCESS,2026-08-01 12:00:00,TXN881764
7130,5990,1437,547.59,Credit Card,SUCCESS,2026-09-11 19:00:00,TXN912284
7131,5991,1441,454.50,UPI,SUCCESS,2026-04-11 09:00:00,TXN276475
7132,5992,1441,384.75,Netbanking,FAILED,2026-05-03 13:00:00,TXN677050
7133,5993,1441,648.26,Credit Card,SUCCESS,2026-06-07 15:00:00,TXN864808
7134,5994,1441,430.58,Credit Card,SUCCESS,2026-07-03 09:00:00,TXN465152
7135,5995,1441,369.79,Credit Card,PENDING,2026-08-12 22:00:00,TXN877416
7136,5996,1441,389.53,UPI,SUCCESS,2026-09-10 19:00:00,TXN930066
7137,5997,1457,284.47,UPI,FAILED,2026-04-12 20:00:00,TXN930773
7138,5998,1457,305.56,Netbanking,SUCCESS,2026-05-12 16:00:00,
7139,5999,1457,270.15,Netbanking,SUCCESS,2026-06-04 18:00:00,TXN876193
7140,6000,1457,152.96,Credit Card,SUCCESS,2026-07-03 18:00:00,TXN974514
7141,6000,1457,230.63,UPI,SUCCESS,2026-07-10 19:00:00,TXN159168
7142,6001,1457,343.62,Credit Card,PENDING,2026-08-09 06:00:00,TXN204583
7143,6002,1457,302.45,Credit Card,SUCCESS,2026-09-07 08:00:00,TXN679916
7144,6003,1459,3649.24,Debit Card,SUCCESS,2026-04-06 16:00:00,TXN299371
7145,6004,1459,3602.00,Credit Card,FAILED,2026-05-06 11:00:00,TXN610760
7146,6005,1459,1959.26,Wallet,SUCCESS,2026-06-01 17:00:00,TXN564880
7147,6005,1459,1645.91,Wallet,SUCCESS,2026-06-02 20:00:00,TXN753789
7148,6006,1459,3658.88,Wallet,SUCCESS,2026-07-12 22:00:00,TXN187014
7149,6007,1459,3631.32,Netbanking,SUCCESS,2026-08-04 18:00:00,TXN408553
7150,6008,1459,3676.53,Debit Card,SUCCESS,2026-09-02 10:00:00,
7151,6009,1463,354.14,UPI,SUCCESS,2026-04-09 21:00:00,
7152,6010,1463,290.24,UPI,SUCCESS,2026-05-06 10:00:00,TXN103927
7153,6011,1463,305.22,UPI,SUCCESS,2026-06-09 19:00:00,TXN298828
7154,6012,1463,310.54,Wallet,SUCCESS,2026-07-11 07:00:00,TXN346915
7155,6013,1463,274.74,Netbanking,SUCCESS,2026-08-08 19:00:00,TXN400887
7156,6014,1463,302.47,Wallet,SUCCESS,2026-09-04 20:00:00,TXN995575
7157,6015,1465,1242.60,Debit Card,SUCCESS,2026-04-09 19:00:00,TXN546483
7158,6016,1465,1158.12,UPI,SUCCESS,2026-05-09 13:00:00,TXN500123
7159,6017,1465,1126.92,Wallet,SUCCESS,2026-06-04 22:00:00,TXN301242
7160,6018,1465,1225.24,Netbanking,SUCCESS,2026-07-11 22:00:00,TXN642354
7161,6019,1465,1142.23,UPI,SUCCESS,2026-08-09 19:00:00,TXN308957
7162,6020,1465,1172.19,UPI,SUCCESS,2026-09-11 22:00:00,TXN945622
7163,6021,1470,1316.82,Wallet,SUCCESS,2026-04-06 17:00:00,TXN412698
7164,6022,1470,615.90,Debit Card,PENDING,2026-05-13 14:00:00,TXN581384
7165,6022,1470,626.82,Wallet,SUCCESS,2026-05-08 07:00:00,TXN751316
7166,6023,1470,1205.19,Wallet,SUCCESS,2026-06-03 19:00:00,TXN313599
7167,6024,1470,464.74,UPI,SUCCESS,2026-07-03 12:00:00,TXN894825
7168,6024,1470,746.22,Netbanking,SUCCESS,2026-07-13 12:00:00,TXN259472
7169,6025,1470,1211.51,UPI,SUCCESS,2026-08-12 06:00:00,TXN726320
7170,6026,1470,1249.14,Credit Card,SUCCESS,2026-09-08 09:00:00,TXN141385
7171,6027,1474,170.34,Credit Card,SUCCESS,2026-04-01 19:00:00,TXN398848
7172,6027,1474,239.54,Credit Card,SUCCESS,2026-04-02 17:00:00,TXN368279
7173,6028,1474,277.15,Credit Card,SUCCESS,2026-05-10 19:00:00,TXN700487
7174,6029,1474,281.38,Credit Card,SUCCESS,2026-06-09 19:00:00,TXN858261
7175,6030,1474,289.28,Wallet,FAILED,2026-07-14 20:00:00,TXN780947
7176,6031,1474,199.31,UPI,FAILED,2026-08-10 09:00:00,TXN156368
7177,6032,1474,359.88,Netbanking,SUCCESS,2026-09-06 10:00:00,TXN684943
7178,6033,1475,327.64,Wallet,SUCCESS,2026-04-10 20:00:00,TXN794074
7179,6034,1475,313.77,Debit Card,SUCCESS,2026-05-03 06:00:00,TXN727195
7180,6035,1475,437.14,UPI,SUCCESS,2026-06-07 06:00:00,TXN522283
7181,6036,1475,331.17,Wallet,SUCCESS,2026-07-04 18:00:00,TXN803431
7182,6037,1475,325.29,Netbanking,SUCCESS,2026-08-08 06:00:00,TXN945649
7183,6038,1475,251.97,Credit Card,SUCCESS,2026-09-11 15:00:00,
7184,6039,1477,1118.12,UPI,SUCCESS,2026-04-02 06:00:00,TXN713272
7185,6040,1477,1111.41,UPI,SUCCESS,2026-05-13 13:00:00,TXN397506
7186,6041,1477,1181.07,UPI,SUCCESS,2026-06-01 17:00:00,TXN276601
7187,6042,1477,1098.32,UPI,SUCCESS,2026-07-10 07:00:00,TXN787292
7188,6043,1477,1154.00,Wallet,SUCCESS,2026-08-10 09:00:00,TXN800224
7189,6044,1477,1006.34,Debit Card,SUCCESS,2026-09-01 19:00:00,TXN448073
7190,6045,1478,188.80,UPI,SUCCESS,2026-04-05 06:00:00,TXN507509
7191,6045,1478,137.68,Credit Card,SUCCESS,2026-04-05 12:00:00,TXN115413
7192,6046,1478,328.89,Wallet,SUCCESS,2026-05-15 21:00:00,TXN153008
7193,6047,1478,245.56,Netbanking,SUCCESS,2026-06-08 20:00:00,TXN547354
7194,6048,1478,281.39,Debit Card,SUCCESS,2026-07-11 07:00:00,TXN316079
7195,6049,1478,268.28,Netbanking,SUCCESS,2026-08-08 14:00:00,TXN384964
7196,6050,1478,213.12,Debit Card,SUCCESS,2026-09-01 19:00:00,TXN256482
7197,6051,1480,212.48,Netbanking,SUCCESS,2026-04-08 20:00:00,TXN940071
7198,6051,1480,454.46,Wallet,SUCCESS,2026-04-03 06:00:00,TXN229039
7199,6052,1480,655.84,Wallet,SUCCESS,2026-05-14 13:00:00,TXN171350
7200,6053,1480,706.44,Credit Card,SUCCESS,2026-06-14 16:00:00,TXN404233
7201,6054,1480,595.39,Netbanking,SUCCESS,2026-07-12 17:00:00,TXN390409
7202,6055,1480,420.74,Credit Card,SUCCESS,2026-08-10 06:00:00,TXN166763
7203,6055,1480,331.42,Credit Card,PENDING,2026-08-13 06:00:00,TXN148691
7204,6056,1480,803.32,Netbanking,SUCCESS,2026-09-01 18:00:00,TXN141516
7205,6057,1481,216.05,UPI,SUCCESS,2026-04-06 20:00:00,TXN644240
7206,6057,1481,102.20,Wallet,SUCCESS,2026-04-03 14:00:00,TXN883513
7207,6058,1481,285.05,Wallet,SUCCESS,2026-05-02 14:00:00,TXN816432
7208,6059,1481,308.04,Debit Card,SUCCESS,2026-06-09 20:00:00,TXN805164
7209,6060,1481,224.47,Wallet,SUCCESS,2026-07-13 17:00:00,TXN234144
7210,6061,1481,276.21,Debit Card,SUCCESS,2026-08-06 20:00:00,TXN812455
7211,6062,1481,274.93,Wallet,SUCCESS,2026-09-07 06:00:00,TXN806718
7212,6063,1483,387.55,UPI,SUCCESS,2026-04-02 06:00:00,TXN185481
7213,6064,1483,439.46,Netbanking,SUCCESS,2026-05-12 18:00:00,TXN772133
7214,6065,1483,501.94,Credit Card,SUCCESS,2026-06-09 16:00:00,TXN885925
7215,6066,1483,346.01,UPI,SUCCESS,2026-07-12 15:00:00,TXN221416
7216,6066,1483,167.43,Credit Card,SUCCESS,2026-07-04 09:00:00,TXN968930
7217,6067,1483,394.82,Credit Card,SUCCESS,2026-08-07 18:00:00,TXN310712
7218,6068,1483,475.37,Debit Card,SUCCESS,2026-09-09 18:00:00,TXN661338
7219,6069,1484,934.72,Wallet,SUCCESS,2026-04-13 07:00:00,TXN756910
7220,6070,1484,863.15,UPI,SUCCESS,2026-05-06 20:00:00,TXN632755
7221,6071,1484,908.28,Netbanking,SUCCESS,2026-06-15 06:00:00,TXN500228
7222,6072,1484,938.42,Debit Card,SUCCESS,2026-07-04 21:00:00,TXN845918
7223,6073,1484,857.13,Wallet,SUCCESS,2026-08-15 17:00:00,TXN332088
7224,6074,1484,1057.48,Wallet,SUCCESS,2026-09-01 14:00:00,TXN784909
7225,6075,1489,373.13,Debit Card,SUCCESS,2026-04-01 10:00:00,TXN258168
7226,6076,1489,354.63,Debit Card,SUCCESS,2026-05-15 10:00:00,TXN559095
7227,6077,1489,529.39,Wallet,SUCCESS,2026-06-07 09:00:00,TXN582126
7228,6078,1489,481.36,Wallet,SUCCESS,2026-07-06 12:00:00,TXN157939
7229,6079,1489,465.32,Netbanking,SUCCESS,2026-08-03 13:00:00,TXN629454
7230,6080,1489,555.40,Wallet,SUCCESS,2026-09-04 17:00:00,TXN468507
7231,6081,1491,765.60,Credit Card,SUCCESS,2026-04-10 08:00:00,TXN243681
7232,6082,1491,262.44,Credit Card,SUCCESS,2026-05-04 10:00:00,TXN798495
7233,6082,1491,516.08,Netbanking,FAILED,2026-05-12 21:00:00,TXN626360
7234,6083,1491,379.09,Debit Card,FAILED,2026-06-09 21:00:00,TXN984140
7235,6083,1491,322.46,Netbanking,SUCCESS,2026-06-09 07:00:00,TXN312989
7236,6084,1491,793.69,Debit Card,SUCCESS,2026-07-12 18:00:00,TXN582273
7237,6085,1491,692.28,Wallet,SUCCESS,2026-08-08 16:00:00,TXN901660
7238,6086,1491,737.87,Debit Card,SUCCESS,2026-09-11 06:00:00,TXN214081
7239,6087,1492,957.65,Credit Card,FAILED,2026-04-10 10:00:00,TXN658259
7240,6088,1492,980.75,Netbanking,SUCCESS,2026-05-03 12:00:00,TXN519345
7241,6089,1492,990.14,Debit Card,SUCCESS,2026-06-09 10:00:00,TXN573905
7242,6090,1492,926.19,Credit Card,SUCCESS,2026-07-14 07:00:00,TXN337255
7243,6091,1492,501.14,UPI,SUCCESS,2026-08-06 16:00:00,
7244,6091,1492,539.66,Wallet,SUCCESS,2026-08-13 21:00:00,TXN430853
7245,6092,1492,971.68,Wallet,SUCCESS,2026-09-07 14:00:00,TXN644825
7246,6093,1495,410.01,Debit Card,SUCCESS,2026-04-01 11:00:00,TXN906029
7247,6094,1495,135.45,Debit Card,SUCCESS,2026-05-10 17:00:00,TXN962419
7248,6094,1495,140.72,Wallet,SUCCESS,2026-05-12 16:00:00,TXN826196
7249,6095,1495,339.14,Netbanking,SUCCESS,2026-06-06 13:00:00,TXN889042
7250,6096,1495,297.58,Netbanking,SUCCESS,2026-07-02 21:00:00,TXN327258
7251,6097,1495,337.59,Netbanking,FAILED,2026-08-14 18:00:00,TXN219747
7252,6098,1495,321.00,Debit Card,SUCCESS,2026-09-11 22:00:00,TXN432168
7253,6099,1496,342.63,Credit Card,SUCCESS,2026-04-02 18:00:00,TXN124483
7254,6100,1496,190.68,Credit Card,SUCCESS,2026-05-09 17:00:00,
7255,6100,1496,204.84,UPI,SUCCESS,2026-05-07 22:00:00,TXN387570
7256,6101,1496,300.14,Credit Card,SUCCESS,2026-06-07 17:00:00,TXN857460
7257,6102,1496,340.84,Credit Card,SUCCESS,2026-07-06 08:00:00,TXN330927
7258,6103,1496,269.88,Wallet,SUCCESS,2026-08-12 16:00:00,TXN958955
7259,6104,1496,322.18,UPI,SUCCESS,2026-09-08 18:00:00,TXN423967
7260,6105,1498,746.53,Netbanking,SUCCESS,2026-04-14 12:00:00,TXN500664
7261,6106,1498,683.21,Credit Card,SUCCESS,2026-05-08 06:00:00,
7262,6107,1498,566.09,UPI,SUCCESS,2026-06-02 06:00:00,TXN234466
7263,6108,1498,674.45,Credit Card,PENDING,2026-07-05 06:00:00,TXN539114
7264,6109,1498,609.56,UPI,SUCCESS,2026-08-01 22:00:00,TXN345357
7265,6110,1498,683.09,UPI,SUCCESS,2026-09-06 14:00:00,TXN669482
7266,6111,1499,336.11,UPI,SUCCESS,2026-04-03 08:00:00,
7267,6112,1499,232.39,UPI,SUCCESS,2026-05-06 16:00:00,TXN438894
7268,6113,1499,381.66,Wallet,FAILED,2026-06-07 16:00:00,TXN613810
7269,6114,1499,308.62,Netbanking,SUCCESS,2026-07-08 16:00:00,TXN598010
7270,6115,1499,108.47,Debit Card,SUCCESS,2026-08-12 07:00:00,
7271,6115,1499,230.31,Wallet,SUCCESS,2026-08-12 16:00:00,TXN832873
7272,6116,1499,312.65,UPI,SUCCESS,2026-09-12 17:00:00,TXN863111
7273,6117,1500,680.95,Netbanking,FAILED,2026-04-05 20:00:00,TXN249050
7274,6118,1500,631.84,Debit Card,SUCCESS,2026-05-12 16:00:00,TXN498118
7275,6119,1500,407.44,Credit Card,SUCCESS,2026-06-01 20:00:00,TXN222370
7276,6119,1500,207.00,UPI,SUCCESS,2026-06-12 16:00:00,TXN891289
7277,6120,1500,640.21,Netbanking,FAILED,2026-07-03 22:00:00,TXN307305
7278,6121,1500,591.26,Debit Card,SUCCESS,2026-08-15 22:00:00,TXN673611
7279,6122,1500,567.26,Netbanking,SUCCESS,2026-09-15 18:00:00,TXN258021
7280,6123,1501,336.36,Debit Card,SUCCESS,2026-04-10 08:00:00,TXN663730
7281,6124,1501,439.23,Netbanking,SUCCESS,2026-05-08 18:00:00,TXN481155
7282,6125,1501,425.54,Debit Card,SUCCESS,2026-06-12 22:00:00,TXN576690
7283,6126,1501,151.17,Credit Card,SUCCESS,2026-07-05 22:00:00,TXN586777
7284,6126,1501,134.35,UPI,SUCCESS,2026-07-14 13:00:00,
7285,6127,1501,327.39,Wallet,FAILED,2026-08-02 20:00:00,TXN863644
7286,6128,1501,255.81,Netbanking,SUCCESS,2026-09-02 09:00:00,TXN265442
7287,6129,1514,831.35,UPI,SUCCESS,2026-04-10 13:00:00,TXN158560
7288,6130,1514,801.69,Netbanking,SUCCESS,2026-05-13 16:00:00,TXN457762
7289,6131,1514,953.86,Wallet,SUCCESS,2026-06-13 17:00:00,TXN114439
7290,6132,1514,803.18,UPI,SUCCESS,2026-07-02 08:00:00,TXN402414
7291,6133,1514,856.43,Credit Card,SUCCESS,2026-08-15 13:00:00,TXN575886
7292,6134,1514,876.62,Netbanking,SUCCESS,2026-09-09 13:00:00,TXN170554
7293,6135,1515,498.68,Credit Card,SUCCESS,2026-04-13 06:00:00,TXN931181
7294,6136,1515,617.92,Debit Card,SUCCESS,2026-05-02 11:00:00,TXN795381
7295,6137,1515,489.72,UPI,SUCCESS,2026-06-02 20:00:00,TXN624388
7296,6138,1515,513.23,UPI,FAILED,2026-07-08 17:00:00,TXN850034
7297,6139,1515,575.56,UPI,SUCCESS,2026-08-10 22:00:00,TXN475969
7298,6140,1515,322.75,UPI,SUCCESS,2026-09-15 20:00:00,TXN235132
7299,6140,1515,210.81,Debit Card,FAILED,2026-09-09 11:00:00,TXN295163
7300,6141,1516,322.02,UPI,SUCCESS,2026-04-01 06:00:00,TXN789765
7301,6142,1516,392.02,Wallet,SUCCESS,2026-05-05 18:00:00,TXN712962
7302,6143,1516,333.61,Netbanking,SUCCESS,2026-06-13 21:00:00,TXN787314
7303,6144,1516,376.86,UPI,SUCCESS,2026-07-12 11:00:00,TXN542100
7304,6145,1516,102.86,Credit Card,SUCCESS,2026-08-10 13:00:00,TXN551567
7305,6145,1516,197.67,Credit Card,SUCCESS,2026-08-05 21:00:00,TXN511981
7306,6146,1516,312.36,Wallet,SUCCESS,2026-09-03 07:00:00,TXN679986
7307,6147,1517,1016.13,Credit Card,SUCCESS,2026-04-11 16:00:00,TXN367609
7308,6148,1517,1056.21,Credit Card,SUCCESS,2026-05-10 11:00:00,TXN962252
7309,6149,1517,1055.09,Wallet,SUCCESS,2026-06-06 06:00:00,TXN137241
7310,6150,1517,1014.92,Netbanking,SUCCESS,2026-07-07 10:00:00,TXN677014
7311,6151,1517,1018.20,Debit Card,SUCCESS,2026-08-12 19:00:00,TXN927233
7312,6152,1517,1010.87,UPI,SUCCESS,2026-09-01 18:00:00,
7313,6153,1519,1165.42,UPI,SUCCESS,2026-04-11 17:00:00,TXN377795
7314,6154,1519,1223.92,Wallet,SUCCESS,2026-05-11 18:00:00,TXN852119
7315,6155,1519,1248.29,Debit Card,SUCCESS,2026-06-04 18:00:00,TXN512842
7316,6156,1519,1156.01,Wallet,SUCCESS,2026-07-14 16:00:00,TXN978608
7317,6157,1519,1183.62,Debit Card,SUCCESS,2026-08-05 09:00:00,TXN908670
7318,6158,1519,497.13,Netbanking,SUCCESS,2026-09-15 15:00:00,TXN358201
7319,6158,1519,762.34,Debit Card,SUCCESS,2026-09-06 13:00:00,TXN808445
7320,6159,1521,465.09,Wallet,FAILED,2026-04-12 13:00:00,TXN878797
7321,6160,1521,328.69,Wallet,PENDING,2026-05-04 22:00:00,TXN885287
7322,6161,1521,319.69,Credit Card,FAILED,2026-06-14 22:00:00,TXN245082
7323,6162,1521,289.02,UPI,SUCCESS,2026-07-03 12:00:00,TXN314719
7324,6163,1521,359.70,UPI,SUCCESS,2026-08-10 06:00:00,TXN320054
7325,6164,1521,408.73,Credit Card,SUCCESS,2026-09-14 07:00:00,TXN787377
7326,6165,1529,3552.41,UPI,SUCCESS,2026-04-02 17:00:00,TXN504711
7327,6166,1529,3704.59,Wallet,SUCCESS,2026-05-02 13:00:00,TXN592052
7328,6167,1529,3722.09,Debit Card,PENDING,2026-06-13 07:00:00,TXN805446
7329,6168,1529,3627.35,Netbanking,SUCCESS,2026-07-06 10:00:00,TXN885500
7330,6169,1529,3670.52,Credit Card,SUCCESS,2026-08-08 19:00:00,TXN555831
7331,6170,1529,2180.99,Netbanking,SUCCESS,2026-09-02 16:00:00,TXN960444
7332,6170,1529,1397.05,Credit Card,SUCCESS,2026-09-11 13:00:00,TXN944000
7333,6171,1533,243.14,Netbanking,SUCCESS,2026-04-01 13:00:00,TXN489545
7334,6172,1533,343.34,Credit Card,SUCCESS,2026-05-05 08:00:00,TXN892477
7335,6173,1533,323.37,Wallet,PENDING,2026-06-13 20:00:00,TXN630414
7336,6174,1533,249.05,Debit Card,FAILED,2026-07-06 13:00:00,TXN395618
7337,6175,1533,70.86,Debit Card,SUCCESS,2026-08-10 19:00:00,TXN695327
7338,6175,1533,127.38,Credit Card,SUCCESS,2026-08-14 13:00:00,TXN890054
7339,6176,1533,112.63,Netbanking,SUCCESS,2026-09-04 10:00:00,TXN415973
7340,6176,1533,195.02,UPI,SUCCESS,2026-09-05 13:00:00,TXN320067
7341,6177,1535,1919.11,UPI,SUCCESS,2026-04-14 08:00:00,TXN133289
7342,6177,1535,1777.48,Debit Card,PENDING,2026-04-04 14:00:00,TXN199905
7343,6178,1535,2190.11,Wallet,SUCCESS,2026-05-12 19:00:00,TXN455312
7344,6178,1535,1440.92,Wallet,SUCCESS,2026-05-12 13:00:00,TXN848855
7345,6179,1535,1502.32,Credit Card,SUCCESS,2026-06-14 20:00:00,
7346,6179,1535,2128.71,UPI,SUCCESS,2026-06-06 08:00:00,TXN229759
7347,6180,1535,3660.17,UPI,SUCCESS,2026-07-08 07:00:00,TXN946057
7348,6181,1535,3656.54,Wallet,PENDING,2026-08-10 20:00:00,TXN137819
7349,6182,1535,3655.00,Credit Card,SUCCESS,2026-09-05 21:00:00,TXN758796
7350,6183,1538,1224.12,UPI,SUCCESS,2026-04-03 08:00:00,TXN147667
7351,6184,1538,1302.05,Credit Card,SUCCESS,2026-05-12 08:00:00,TXN653386
7352,6185,1538,1131.96,Credit Card,SUCCESS,2026-06-05 11:00:00,TXN297249
7353,6186,1538,1158.24,UPI,PENDING,2026-07-10 06:00:00,TXN526550
7354,6187,1538,638.29,UPI,SUCCESS,2026-08-01 06:00:00,TXN901837
7355,6187,1538,469.27,Netbanking,SUCCESS,2026-08-12 16:00:00,TXN943467
7356,6188,1538,1126.57,UPI,SUCCESS,2026-09-04 10:00:00,TXN541734
7357,6189,1540,1141.94,Wallet,SUCCESS,2026-04-01 14:00:00,TXN421872
7358,6190,1540,1136.50,Netbanking,SUCCESS,2026-05-03 20:00:00,TXN585683
7359,6191,1540,1113.63,Wallet,SUCCESS,2026-06-06 22:00:00,TXN140130
7360,6192,1540,1269.08,UPI,SUCCESS,2026-07-10 16:00:00,TXN655191
7361,6193,1540,1116.88,Credit Card,SUCCESS,2026-08-05 15:00:00,TXN472802
7362,6194,1540,1088.05,Credit Card,SUCCESS,2026-09-13 09:00:00,TXN864377
7363,6195,1541,1090.69,Wallet,SUCCESS,2026-04-10 21:00:00,TXN420757
7364,6196,1541,358.65,Netbanking,SUCCESS,2026-05-15 11:00:00,TXN220677
7365,6196,1541,687.25,Debit Card,SUCCESS,2026-05-09 15:00:00,TXN527645
7366,6197,1541,1001.87,Debit Card,SUCCESS,2026-06-10 11:00:00,TXN803051
7367,6198,1541,428.76,Netbanking,SUCCESS,2026-07-02 20:00:00,TXN694918
7368,6198,1541,735.30,Debit Card,SUCCESS,2026-07-12 22:00:00,TXN148436
7369,6199,1541,997.86,Credit Card,FAILED,2026-08-13 22:00:00,TXN552940
7370,6200,1541,960.46,Netbanking,SUCCESS,2026-09-04 20:00:00,TXN498116
7371,6201,1543,217.08,Credit Card,SUCCESS,2026-04-07 18:00:00,TXN338565
7372,6201,1543,378.86,UPI,SUCCESS,2026-04-01 20:00:00,TXN933418
7373,6202,1543,706.96,Wallet,SUCCESS,2026-05-03 12:00:00,TXN231424
7374,6203,1543,640.47,Wallet,SUCCESS,2026-06-15 22:00:00,TXN552928
7375,6204,1543,698.28,UPI,SUCCESS,2026-07-06 08:00:00,TXN190032
7376,6205,1543,236.00,Netbanking,SUCCESS,2026-08-15 07:00:00,TXN764462
7377,6205,1543,502.99,Netbanking,SUCCESS,2026-08-11 08:00:00,TXN724805
7378,6206,1543,618.83,Netbanking,SUCCESS,2026-09-07 13:00:00,TXN961117
7379,6207,1549,1258.54,Credit Card,SUCCESS,2026-04-01 14:00:00,TXN978750
7380,6208,1549,1191.62,Netbanking,SUCCESS,2026-05-15 12:00:00,TXN107846
7381,6209,1549,1340.26,Credit Card,SUCCESS,2026-06-06 10:00:00,
7382,6210,1549,1326.57,Debit Card,SUCCESS,2026-07-12 08:00:00,TXN152598
7383,6211,1549,1299.86,Credit Card,SUCCESS,2026-08-07 07:00:00,TXN469543
7384,6212,1549,1175.49,UPI,SUCCESS,2026-09-14 15:00:00,TXN962190
7385,6213,1550,1230.49,Wallet,SUCCESS,2026-04-02 08:00:00,TXN620508
7386,6214,1550,1221.97,UPI,SUCCESS,2026-05-08 10:00:00,TXN699045
7387,6215,1550,1237.65,Wallet,SUCCESS,2026-06-03 21:00:00,TXN368626
7388,6216,1550,1145.19,Netbanking,PENDING,2026-07-02 09:00:00,TXN333051
7389,6217,1550,1147.42,Wallet,SUCCESS,2026-08-05 22:00:00,TXN672739
7390,6218,1550,1283.98,Wallet,SUCCESS,2026-09-11 21:00:00,TXN203487
7391,6219,1555,375.95,Wallet,SUCCESS,2026-04-15 20:00:00,TXN369597
7392,6220,1555,416.34,Debit Card,SUCCESS,2026-05-10 09:00:00,TXN334703
7393,6221,1555,344.95,Debit Card,SUCCESS,2026-06-01 15:00:00,TXN281256
7394,6222,1555,139.62,UPI,SUCCESS,2026-07-12 22:00:00,
7395,6222,1555,254.38,UPI,SUCCESS,2026-07-11 14:00:00,TXN117526
7396,6223,1555,474.70,Credit Card,SUCCESS,2026-08-13 14:00:00,TXN425880
7397,6224,1555,338.12,UPI,SUCCESS,2026-09-04 16:00:00,TXN388635
7398,6225,1557,293.11,Debit Card,SUCCESS,2026-04-02 16:00:00,TXN780761
7399,6226,1557,121.54,Wallet,SUCCESS,2026-05-01 21:00:00,TXN251241
7400,6226,1557,176.48,UPI,SUCCESS,2026-05-15 13:00:00,TXN853855
7401,6227,1557,351.18,UPI,SUCCESS,2026-06-11 10:00:00,TXN592371
7402,6228,1557,404.30,Netbanking,SUCCESS,2026-07-07 20:00:00,TXN819035
7403,6229,1557,281.77,Wallet,SUCCESS,2026-08-05 07:00:00,TXN977688
7404,6230,1557,222.38,Netbanking,SUCCESS,2026-09-06 12:00:00,TXN911337
7405,6231,1558,661.92,Credit Card,SUCCESS,2026-04-14 11:00:00,TXN981185
7406,6231,1558,442.02,Netbanking,SUCCESS,2026-04-02 09:00:00,TXN178715
7407,6232,1558,1049.53,UPI,SUCCESS,2026-05-01 11:00:00,TXN750964
7408,6233,1558,1073.87,Credit Card,SUCCESS,2026-06-09 22:00:00,TXN465426
7409,6234,1558,1125.42,Credit Card,SUCCESS,2026-07-05 21:00:00,TXN979134
7410,6235,1558,1163.48,Credit Card,SUCCESS,2026-08-14 10:00:00,TXN407331
7411,6236,1558,1144.26,Netbanking,SUCCESS,2026-09-02 15:00:00,TXN920801
7412,6237,1561,877.37,Credit Card,SUCCESS,2026-04-02 14:00:00,TXN268019
7413,6238,1561,849.31,UPI,SUCCESS,2026-05-02 17:00:00,TXN408175
7414,6239,1561,863.25,Wallet,SUCCESS,2026-06-11 22:00:00,TXN770309
7415,6240,1561,798.71,Debit Card,FAILED,2026-07-12 22:00:00,TXN717559
7416,6241,1561,844.64,Credit Card,SUCCESS,2026-08-09 20:00:00,
7417,6242,1561,803.65,Credit Card,SUCCESS,2026-09-11 11:00:00,TXN628639
7418,6243,1562,234.14,Credit Card,SUCCESS,2026-04-01 16:00:00,TXN831285
7419,6244,1562,185.44,Netbanking,SUCCESS,2026-05-08 15:00:00,
7420,6244,1562,163.82,Netbanking,SUCCESS,2026-05-05 15:00:00,TXN946474
7421,6245,1562,279.29,Wallet,SUCCESS,2026-06-02 11:00:00,TXN846440
7422,6246,1562,252.44,Debit Card,SUCCESS,2026-07-15 13:00:00,TXN281408
7423,6247,1562,188.54,Netbanking,SUCCESS,2026-08-15 15:00:00,TXN678965
7424,6248,1562,68.17,Debit Card,SUCCESS,2026-09-06 19:00:00,TXN765095
7425,6248,1562,115.65,UPI,SUCCESS,2026-09-05 20:00:00,TXN867358
7426,6249,1573,604.46,Credit Card,SUCCESS,2026-04-12 09:00:00,TXN703661
7427,6250,1573,525.03,UPI,SUCCESS,2026-05-09 13:00:00,TXN768405
7428,6251,1573,546.81,Debit Card,SUCCESS,2026-06-09 21:00:00,TXN297452
7429,6252,1573,488.27,Wallet,FAILED,2026-07-13 12:00:00,TXN454985
7430,6253,1573,508.90,UPI,SUCCESS,2026-08-09 21:00:00,TXN612934
7431,6254,1573,558.60,UPI,SUCCESS,2026-09-13 16:00:00,TXN807011
7432,6255,1574,1178.87,Debit Card,SUCCESS,2026-04-15 15:00:00,TXN389079
7433,6256,1574,1207.35,Netbanking,PENDING,2026-05-01 13:00:00,TXN515369
7434,6257,1574,1199.61,Credit Card,SUCCESS,2026-06-15 15:00:00,TXN938045
7435,6258,1574,1166.18,Credit Card,SUCCESS,2026-07-02 10:00:00,TXN122530
7436,6259,1574,1125.01,Wallet,SUCCESS,2026-08-13 07:00:00,TXN960959
7437,6260,1574,430.48,Debit Card,SUCCESS,2026-09-11 11:00:00,TXN581900
7438,6260,1574,806.69,Debit Card,SUCCESS,2026-09-15 15:00:00,TXN119611
7439,6261,1577,581.73,Debit Card,SUCCESS,2026-04-10 14:00:00,TXN351253
7440,6262,1577,585.81,Debit Card,PENDING,2026-05-03 19:00:00,TXN435521
7441,6263,1577,513.80,UPI,SUCCESS,2026-06-06 18:00:00,TXN898402
7442,6264,1577,273.56,Debit Card,SUCCESS,2026-07-15 11:00:00,TXN306457
7443,6264,1577,317.54,Debit Card,SUCCESS,2026-07-12 17:00:00,TXN815312
7444,6265,1577,588.71,Credit Card,SUCCESS,2026-08-11 16:00:00,TXN673779
7445,6266,1577,529.76,UPI,SUCCESS,2026-09-04 16:00:00,TXN872303
7446,6267,1578,768.56,Debit Card,SUCCESS,2026-04-10 22:00:00,TXN955083
7447,6268,1578,622.17,Netbanking,SUCCESS,2026-05-04 12:00:00,TXN528048
7448,6269,1578,602.80,UPI,SUCCESS,2026-06-03 14:00:00,TXN208137
7449,6270,1578,680.99,Debit Card,SUCCESS,2026-07-13 21:00:00,TXN805931
7450,6271,1578,704.21,Netbanking,SUCCESS,2026-08-15 20:00:00,TXN375144
7451,6272,1578,596.41,Wallet,SUCCESS,2026-09-13 20:00:00,TXN327667
7452,6273,1582,270.22,Credit Card,SUCCESS,2026-04-07 07:00:00,TXN942885
7453,6274,1582,367.99,Wallet,SUCCESS,2026-05-06 07:00:00,TXN675143
7454,6275,1582,367.65,Credit Card,SUCCESS,2026-06-04 14:00:00,
7455,6276,1582,321.04,Netbanking,SUCCESS,2026-07-04 14:00:00,TXN542128
7456,6277,1582,422.53,UPI,SUCCESS,2026-08-09 10:00:00,TXN444597
7457,6278,1582,236.20,UPI,FAILED,2026-09-09 14:00:00,TXN309356
7458,6279,1584,1120.14,UPI,SUCCESS,2026-04-01 19:00:00,TXN565302
7459,6280,1584,1137.21,Netbanking,SUCCESS,2026-05-12 08:00:00,TXN373339
7460,6281,1584,1142.50,Debit Card,SUCCESS,2026-06-02 10:00:00,TXN976638
7461,6282,1584,1049.35,Netbanking,SUCCESS,2026-07-06 13:00:00,TXN487706
7462,6283,1584,1126.00,Debit Card,SUCCESS,2026-08-02 19:00:00,TXN668188
7463,6284,1584,1053.98,Credit Card,SUCCESS,2026-09-12 22:00:00,TXN849570
7464,6285,1586,684.82,Debit Card,SUCCESS,2026-04-13 10:00:00,TXN753975
7465,6286,1586,532.20,Credit Card,SUCCESS,2026-05-12 20:00:00,TXN405013
7466,6287,1586,591.09,UPI,SUCCESS,2026-06-08 10:00:00,TXN979258
7467,6288,1586,211.78,Credit Card,SUCCESS,2026-07-13 14:00:00,TXN437740
7468,6288,1586,492.50,UPI,SUCCESS,2026-07-12 16:00:00,TXN249509
7469,6289,1586,693.20,UPI,SUCCESS,2026-08-09 15:00:00,TXN147506
7470,6290,1586,669.35,UPI,SUCCESS,2026-09-10 22:00:00,
7471,6291,1591,353.36,UPI,SUCCESS,2026-04-02 21:00:00,TXN706013
7472,6292,1591,409.25,Wallet,SUCCESS,2026-05-11 11:00:00,TXN259512
7473,6293,1591,410.05,Wallet,SUCCESS,2026-06-10 10:00:00,TXN991865
7474,6294,1591,487.20,Netbanking,FAILED,2026-07-09 17:00:00,TXN372278
7475,6295,1591,171.74,UPI,SUCCESS,2026-08-11 13:00:00,TXN538029
7476,6295,1591,231.11,Wallet,SUCCESS,2026-08-13 08:00:00,TXN414504
7477,6296,1591,310.01,UPI,SUCCESS,2026-09-09 15:00:00,TXN361141
7478,6297,1592,611.02,UPI,FAILED,2026-04-10 06:00:00,TXN787351
7479,6298,1592,663.25,UPI,SUCCESS,2026-05-09 22:00:00,TXN898425
7480,6299,1592,582.29,Credit Card,SUCCESS,2026-06-09 20:00:00,TXN176342
7481,6300,1592,700.35,Wallet,SUCCESS,2026-07-13 15:00:00,TXN535587
7482,6301,1592,703.99,Wallet,SUCCESS,2026-08-07 09:00:00,TXN810987
7483,6302,1592,632.88,UPI,SUCCESS,2026-09-10 11:00:00,TXN869058
7484,6303,1594,1163.35,Debit Card,SUCCESS,2026-04-02 08:00:00,TXN729287
7485,6304,1594,463.32,Debit Card,SUCCESS,2026-05-06 14:00:00,TXN242588
7486,6304,1594,647.47,Wallet,FAILED,2026-05-03 15:00:00,TXN320852
7487,6305,1594,1147.94,Credit Card,PENDING,2026-06-01 12:00:00,TXN831758
7488,6306,1594,1202.37,Credit Card,SUCCESS,2026-07-09 09:00:00,TXN496306
7489,6307,1594,1142.63,Netbanking,FAILED,2026-08-03 21:00:00,TXN462839
7490,6308,1594,1150.05,Netbanking,SUCCESS,2026-09-09 14:00:00,TXN283913
7491,6309,1596,1177.72,Debit Card,FAILED,2026-04-14 17:00:00,
7492,6310,1596,1132.30,Credit Card,SUCCESS,2026-05-13 08:00:00,TXN575731
7493,6311,1596,1096.64,Credit Card,SUCCESS,2026-06-12 22:00:00,TXN752354
7494,6312,1596,1229.86,Wallet,SUCCESS,2026-07-03 21:00:00,TXN394697
7495,6313,1596,1173.98,Credit Card,SUCCESS,2026-08-06 18:00:00,TXN622813
7496,6314,1596,1112.76,UPI,SUCCESS,2026-09-14 07:00:00,TXN833383
7497,6315,1601,273.38,UPI,SUCCESS,2026-04-12 12:00:00,TXN278000
7498,6316,1601,370.05,UPI,SUCCESS,2026-05-13 14:00:00,TXN620256
7499,6317,1601,295.49,Netbanking,SUCCESS,2026-06-01 08:00:00,TXN423885
7500,6318,1601,272.80,Netbanking,FAILED,2026-07-01 22:00:00,TXN541485
7501,6319,1601,348.03,Debit Card,SUCCESS,2026-08-12 06:00:00,TXN332205
7502,6320,1601,236.93,Netbanking,SUCCESS,2026-09-11 22:00:00,TXN770694
7503,6321,1608,1050.60,Debit Card,SUCCESS,2026-04-11 15:00:00,TXN369284
7504,6322,1608,1022.38,Debit Card,SUCCESS,2026-05-01 19:00:00,TXN470171
7505,6323,1608,994.10,Netbanking,SUCCESS,2026-06-01 11:00:00,TXN589586
7506,6324,1608,946.49,UPI,FAILED,2026-07-01 19:00:00,TXN705171
7507,6325,1608,946.60,Debit Card,SUCCESS,2026-08-02 20:00:00,TXN359020
7508,6326,1608,1049.95,Debit Card,SUCCESS,2026-09-14 06:00:00,TXN484290
7509,6327,1612,445.28,Netbanking,SUCCESS,2026-04-15 10:00:00,TXN171085
7510,6327,1612,262.02,Netbanking,SUCCESS,2026-04-04 15:00:00,TXN419089
7511,6328,1612,697.91,Credit Card,FAILED,2026-05-06 12:00:00,TXN132926
7512,6329,1612,568.61,Debit Card,SUCCESS,2026-06-13 16:00:00,TXN300967
7513,6330,1612,346.26,Wallet,SUCCESS,2026-07-13 20:00:00,TXN137858
7514,6330,1612,259.91,Wallet,SUCCESS,2026-07-02 12:00:00,TXN143365
7515,6331,1612,307.74,Netbanking,SUCCESS,2026-08-14 14:00:00,TXN312264
7516,6331,1612,286.52,Debit Card,SUCCESS,2026-08-09 14:00:00,TXN158900
7517,6332,1612,607.10,Credit Card,SUCCESS,2026-09-15 21:00:00,TXN775027
7518,6333,1614,330.58,Credit Card,SUCCESS,2026-04-08 11:00:00,TXN680927
7519,6334,1614,309.71,Netbanking,SUCCESS,2026-05-09 07:00:00,TXN423656
7520,6335,1614,355.91,Wallet,SUCCESS,2026-06-04 12:00:00,TXN585805
7521,6336,1614,407.82,Debit Card,SUCCESS,2026-07-13 20:00:00,TXN432357
7522,6337,1614,340.21,Netbanking,SUCCESS,2026-08-11 08:00:00,TXN788210
7523,6338,1614,298.65,Credit Card,SUCCESS,2026-09-09 08:00:00,TXN897061
7524,6339,1615,305.71,Credit Card,SUCCESS,2026-04-07 06:00:00,TXN256231
7525,6340,1615,330.02,UPI,SUCCESS,2026-05-12 07:00:00,TXN619746
7526,6341,1615,299.05,Netbanking,PENDING,2026-06-03 07:00:00,TXN260879
7527,6342,1615,394.55,Wallet,SUCCESS,2026-07-03 13:00:00,TXN610736
7528,6343,1615,78.63,Netbanking,SUCCESS,2026-08-05 08:00:00,TXN837839
7529,6343,1615,148.54,Debit Card,SUCCESS,2026-08-05 15:00:00,TXN729937
7530,6344,1615,259.48,Credit Card,PENDING,2026-09-06 06:00:00,TXN949048
7531,6345,1619,1122.55,Credit Card,SUCCESS,2026-04-01 12:00:00,TXN909611
7532,6346,1619,1204.97,Credit Card,PENDING,2026-05-14 15:00:00,TXN389152
7533,6347,1619,1178.53,Wallet,SUCCESS,2026-06-01 20:00:00,TXN916834
7534,6348,1619,1295.10,Credit Card,SUCCESS,2026-07-12 13:00:00,TXN636907
7535,6349,1619,1191.48,UPI,FAILED,2026-08-02 15:00:00,TXN730079
7536,6350,1619,1114.71,Netbanking,SUCCESS,2026-09-13 15:00:00,TXN955262
7537,6351,1624,693.21,Debit Card,PENDING,2026-04-12 18:00:00,TXN984112
7538,6352,1624,701.89,UPI,SUCCESS,2026-05-14 20:00:00,TXN702426
7539,6353,1624,267.26,Credit Card,SUCCESS,2026-06-10 21:00:00,TXN354252
7540,6353,1624,493.36,UPI,SUCCESS,2026-06-10 13:00:00,TXN651909
7541,6354,1624,661.12,Wallet,FAILED,2026-07-07 22:00:00,TXN749915
7542,6355,1624,695.10,UPI,SUCCESS,2026-08-13 06:00:00,TXN341751
7543,6356,1624,258.80,Netbanking,SUCCESS,2026-09-09 10:00:00,TXN910535
7544,6356,1624,349.25,Netbanking,SUCCESS,2026-09-02 20:00:00,TXN475073
7545,6357,1634,539.68,UPI,SUCCESS,2026-04-07 14:00:00,TXN601082
7546,6358,1634,282.96,UPI,SUCCESS,2026-05-01 19:00:00,TXN601433
7547,6358,1634,351.11,Credit Card,SUCCESS,2026-05-04 06:00:00,TXN154811
7548,6359,1634,633.36,Netbanking,SUCCESS,2026-06-01 22:00:00,TXN766847
7549,6360,1634,501.41,UPI,SUCCESS,2026-07-06 06:00:00,TXN285699
7550,6361,1634,553.05,Netbanking,SUCCESS,2026-08-12 15:00:00,TXN610122
7551,6362,1634,683.90,Wallet,SUCCESS,2026-09-11 06:00:00,TXN945040
7552,6363,1643,276.38,Wallet,SUCCESS,2026-04-04 13:00:00,TXN464910
7553,6364,1643,382.02,Netbanking,SUCCESS,2026-05-02 15:00:00,TXN181545
7554,6365,1643,424.87,Netbanking,SUCCESS,2026-06-02 07:00:00,
7555,6366,1643,342.54,Netbanking,SUCCESS,2026-07-11 08:00:00,TXN899561
7556,6367,1643,323.23,UPI,SUCCESS,2026-08-03 11:00:00,TXN259876
7557,6368,1643,337.41,Wallet,SUCCESS,2026-09-04 15:00:00,TXN431711
7558,6369,1644,328.16,Wallet,SUCCESS,2026-04-02 10:00:00,TXN205930
7559,6370,1644,309.80,Wallet,SUCCESS,2026-05-09 17:00:00,
7560,6371,1644,260.65,Wallet,SUCCESS,2026-06-12 21:00:00,
7561,6372,1644,211.42,UPI,SUCCESS,2026-07-04 06:00:00,TXN614714
7562,6373,1644,200.26,Wallet,SUCCESS,2026-08-01 09:00:00,TXN283496
7563,6374,1644,307.53,Netbanking,SUCCESS,2026-09-05 08:00:00,TXN801037
7564,6375,1648,286.68,Credit Card,SUCCESS,2026-04-14 06:00:00,TXN114202
7565,6376,1648,351.59,Debit Card,SUCCESS,2026-05-02 08:00:00,TXN615521
7566,6377,1648,249.75,Netbanking,FAILED,2026-06-08 17:00:00,TXN977588
7567,6378,1648,282.40,Credit Card,SUCCESS,2026-07-12 11:00:00,TXN579317
7568,6379,1648,324.32,Debit Card,FAILED,2026-08-11 08:00:00,TXN283717
7569,6380,1648,237.89,Debit Card,SUCCESS,2026-09-11 07:00:00,TXN389879
7570,6381,1652,692.48,Wallet,SUCCESS,2026-04-08 21:00:00,TXN205780
7571,6382,1652,698.71,Debit Card,SUCCESS,2026-05-07 17:00:00,TXN400622
7572,6383,1652,695.45,Credit Card,SUCCESS,2026-06-14 13:00:00,TXN949942
7573,6384,1652,614.52,Credit Card,SUCCESS,2026-07-02 22:00:00,TXN808247
7574,6385,1652,666.09,Wallet,SUCCESS,2026-08-04 06:00:00,TXN714513
7575,6386,1652,727.20,Netbanking,SUCCESS,2026-09-13 22:00:00,TXN257545
7576,6387,1654,250.60,Debit Card,SUCCESS,2026-04-08 16:00:00,TXN147233
7577,6388,1654,349.11,Wallet,SUCCESS,2026-05-14 21:00:00,TXN278488
7578,6389,1654,233.71,UPI,SUCCESS,2026-06-08 18:00:00,TXN175796
7579,6390,1654,277.96,Wallet,SUCCESS,2026-07-02 13:00:00,TXN232566
7580,6391,1654,308.72,UPI,SUCCESS,2026-08-08 12:00:00,TXN178126
7581,6392,1654,248.35,Credit Card,SUCCESS,2026-09-06 12:00:00,TXN886923
7582,6393,1657,3649.82,UPI,SUCCESS,2026-04-09 18:00:00,TXN156744
7583,6394,1657,2448.20,Debit Card,SUCCESS,2026-05-05 09:00:00,TXN433563
7584,6394,1657,1155.08,Netbanking,SUCCESS,2026-05-04 17:00:00,TXN385426
7585,6395,1657,3643.70,Wallet,FAILED,2026-06-03 10:00:00,TXN806874
7586,6396,1657,3620.42,Credit Card,SUCCESS,2026-07-10 10:00:00,TXN568475
7587,6397,1657,3624.04,UPI,SUCCESS,2026-08-09 17:00:00,TXN116861
7588,6398,1657,3584.14,Credit Card,SUCCESS,2026-09-09 20:00:00,TXN647316
7589,6399,1659,1215.97,UPI,SUCCESS,2026-04-14 21:00:00,TXN752968
7590,6400,1659,1129.46,Wallet,SUCCESS,2026-05-05 19:00:00,TXN767860
7591,6401,1659,1157.37,UPI,SUCCESS,2026-06-02 10:00:00,TXN645782
7592,6402,1659,1066.02,UPI,SUCCESS,2026-07-14 17:00:00,TXN433475
7593,6403,1659,1056.43,UPI,SUCCESS,2026-08-15 07:00:00,TXN129088
7594,6404,1659,1110.85,UPI,SUCCESS,2026-09-14 16:00:00,TXN615680
7595,6405,1662,733.51,Netbanking,SUCCESS,2026-04-08 13:00:00,TXN985342
7596,6405,1662,377.92,Wallet,SUCCESS,2026-04-07 16:00:00,TXN495610
7597,6406,1662,1028.98,Wallet,SUCCESS,2026-05-04 13:00:00,TXN823976
7598,6407,1662,572.79,UPI,SUCCESS,2026-06-12 17:00:00,TXN721383
7599,6407,1662,526.70,Netbanking,SUCCESS,2026-06-10 18:00:00,TXN919343
7600,6408,1662,390.29,Credit Card,SUCCESS,2026-07-02 18:00:00,TXN916840
7601,6408,1662,807.40,UPI,PENDING,2026-07-07 13:00:00,TXN298370
7602,6409,1662,1112.60,UPI,SUCCESS,2026-08-15 19:00:00,TXN716049
7603,6410,1662,469.52,Wallet,SUCCESS,2026-09-05 13:00:00,
7604,6410,1662,579.57,UPI,SUCCESS,2026-09-07 10:00:00,TXN957979
7605,6411,1667,1245.44,Debit Card,SUCCESS,2026-04-03 08:00:00,TXN244014
7606,6412,1667,1235.98,Wallet,SUCCESS,2026-05-11 08:00:00,TXN173615
7607,6413,1667,1236.85,UPI,SUCCESS,2026-06-04 22:00:00,TXN983867
7608,6414,1667,1123.82,Wallet,SUCCESS,2026-07-14 11:00:00,TXN681451
7609,6415,1667,1186.74,Netbanking,FAILED,2026-08-07 07:00:00,TXN293777
7610,6416,1667,1183.67,Debit Card,SUCCESS,2026-09-03 15:00:00,TXN991125
7611,6417,1668,3601.49,Netbanking,SUCCESS,2026-04-14 09:00:00,TXN950895
7612,6418,1668,3581.41,UPI,SUCCESS,2026-05-08 15:00:00,TXN557516
7613,6419,1668,3555.95,Debit Card,SUCCESS,2026-06-14 19:00:00,TXN222713
7614,6420,1668,3585.64,Netbanking,PENDING,2026-07-09 22:00:00,TXN695607
7615,6421,1668,3613.04,Debit Card,SUCCESS,2026-08-09 08:00:00,TXN229098
7616,6422,1668,3736.05,Credit Card,SUCCESS,2026-09-08 19:00:00,TXN191525
7617,6423,1670,353.85,Netbanking,SUCCESS,2026-04-01 10:00:00,TXN756624
7618,6424,1670,455.75,Debit Card,SUCCESS,2026-05-03 21:00:00,TXN777606
7619,6425,1670,334.41,Credit Card,SUCCESS,2026-06-08 07:00:00,TXN476872
7620,6426,1670,575.36,Debit Card,SUCCESS,2026-07-10 15:00:00,TXN430803
7621,6427,1670,355.40,UPI,SUCCESS,2026-08-04 18:00:00,TXN664512
7622,6428,1670,430.82,Credit Card,SUCCESS,2026-09-01 18:00:00,TXN779183
7623,6429,1674,1135.67,UPI,SUCCESS,2026-04-01 06:00:00,TXN334492
7624,6430,1674,1151.72,Netbanking,SUCCESS,2026-05-15 10:00:00,TXN859224
7625,6431,1674,1177.62,UPI,SUCCESS,2026-06-08 06:00:00,TXN370180
7626,6432,1674,1200.40,UPI,SUCCESS,2026-07-11 19:00:00,TXN147163
7627,6433,1674,1175.63,Credit Card,SUCCESS,2026-08-01 15:00:00,TXN539002
7628,6434,1674,1209.71,Debit Card,SUCCESS,2026-09-15 12:00:00,TXN127852
7629,6435,1675,1052.89,UPI,SUCCESS,2026-04-12 07:00:00,TXN813040
7630,6436,1675,1126.20,Netbanking,PENDING,2026-05-15 10:00:00,TXN910030
7631,6437,1675,1095.17,Netbanking,SUCCESS,2026-06-03 18:00:00,TXN995445
7632,6438,1675,323.89,UPI,SUCCESS,2026-07-02 22:00:00,TXN813760
7633,6438,1675,704.44,Credit Card,FAILED,2026-07-07 10:00:00,TXN824605
7634,6439,1675,1069.73,UPI,SUCCESS,2026-08-01 09:00:00,TXN915571
7635,6440,1675,1090.61,UPI,SUCCESS,2026-09-11 06:00:00,TXN954451
7636,6441,1676,157.65,Netbanking,SUCCESS,2026-04-03 13:00:00,TXN580694
7637,6441,1676,112.07,Debit Card,SUCCESS,2026-04-10 12:00:00,TXN930916
7638,6442,1676,325.57,Wallet,SUCCESS,2026-05-07 20:00:00,TXN267353
7639,6443,1676,214.36,Credit Card,SUCCESS,2026-06-01 15:00:00,TXN646057
7640,6444,1676,218.00,Credit Card,SUCCESS,2026-07-09 17:00:00,
7641,6445,1676,266.72,Netbanking,FAILED,2026-08-07 12:00:00,
7642,6446,1676,213.91,Wallet,SUCCESS,2026-09-11 17:00:00,TXN705156
7643,6447,1677,338.20,UPI,SUCCESS,2026-04-01 08:00:00,TXN466111
7644,6448,1677,338.99,Credit Card,SUCCESS,2026-05-01 09:00:00,TXN706766
7645,6449,1677,402.84,Wallet,SUCCESS,2026-06-07 06:00:00,TXN106947
7646,6450,1677,193.06,Netbanking,SUCCESS,2026-07-14 15:00:00,TXN873100
7647,6450,1677,208.41,Credit Card,FAILED,2026-07-10 22:00:00,TXN216326
7648,6451,1677,223.80,Wallet,SUCCESS,2026-08-11 20:00:00,TXN388583
7649,6451,1677,176.86,Wallet,SUCCESS,2026-08-11 08:00:00,TXN360361
7650,6452,1677,258.66,UPI,SUCCESS,2026-09-03 08:00:00,TXN643905
7651,6453,1679,316.71,UPI,PENDING,2026-04-11 21:00:00,TXN203454
7652,6454,1679,370.58,Debit Card,SUCCESS,2026-05-09 22:00:00,TXN390735
7653,6455,1679,110.30,Credit Card,FAILED,2026-06-13 10:00:00,TXN475089
7654,6455,1679,257.34,Credit Card,SUCCESS,2026-06-02 18:00:00,TXN684786
7655,6456,1679,273.32,Credit Card,SUCCESS,2026-07-13 17:00:00,
7656,6457,1679,331.28,Debit Card,SUCCESS,2026-08-12 19:00:00,TXN459690
7657,6458,1679,258.53,Netbanking,SUCCESS,2026-09-11 20:00:00,TXN682158
7658,6459,1680,125.12,Netbanking,SUCCESS,2026-04-13 20:00:00,TXN414034
7659,6459,1680,192.06,Wallet,SUCCESS,2026-04-11 17:00:00,TXN430465
7660,6460,1680,449.71,Credit Card,SUCCESS,2026-05-08 06:00:00,
7661,6461,1680,265.43,Debit Card,SUCCESS,2026-06-15 07:00:00,TXN672857
7662,6462,1680,288.99,Wallet,SUCCESS,2026-07-06 06:00:00,TXN676958
7663,6463,1680,237.26,Wallet,SUCCESS,2026-08-03 17:00:00,TXN896018
7664,6464,1680,287.32,UPI,SUCCESS,2026-09-08 18:00:00,TXN158004
7665,6465,1681,1138.02,UPI,SUCCESS,2026-04-11 15:00:00,TXN153232
7666,6466,1681,1137.51,UPI,FAILED,2026-05-14 11:00:00,TXN937583
7667,6467,1681,1040.62,Debit Card,SUCCESS,2026-06-07 10:00:00,TXN612778
7668,6468,1681,1032.48,Debit Card,FAILED,2026-07-06 11:00:00,
7669,6469,1681,1135.83,Netbanking,SUCCESS,2026-08-12 15:00:00,TXN668809
7670,6470,1681,1009.50,UPI,SUCCESS,2026-09-04 18:00:00,TXN390687
7671,6471,1682,1112.96,Netbanking,FAILED,2026-04-08 06:00:00,TXN669241
7672,6472,1682,1101.67,UPI,FAILED,2026-05-03 22:00:00,TXN885496
7673,6473,1682,1090.71,Credit Card,SUCCESS,2026-06-04 13:00:00,TXN146716
7674,6474,1682,1046.78,Wallet,SUCCESS,2026-07-08 20:00:00,TXN791698
7675,6475,1682,1003.83,Wallet,FAILED,2026-08-13 15:00:00,TXN505187
7676,6476,1682,1067.71,Netbanking,SUCCESS,2026-09-01 13:00:00,TXN636748
7677,6477,1684,1235.92,Netbanking,SUCCESS,2026-04-15 19:00:00,TXN827841
7678,6478,1684,1148.29,Netbanking,SUCCESS,2026-05-06 22:00:00,TXN296192
7679,6479,1684,1354.58,UPI,SUCCESS,2026-06-11 15:00:00,TXN398043
7680,6480,1684,1279.16,Netbanking,FAILED,2026-07-05 13:00:00,TXN801223
7681,6481,1684,1162.05,Wallet,SUCCESS,2026-08-05 08:00:00,TXN446693
7682,6482,1684,1208.58,Credit Card,SUCCESS,2026-09-10 06:00:00,TXN720607
7683,6483,1689,828.88,Debit Card,SUCCESS,2026-04-01 10:00:00,TXN531204
7684,6484,1689,912.61,Netbanking,SUCCESS,2026-05-01 19:00:00,TXN436677
7685,6485,1689,544.51,Netbanking,SUCCESS,2026-06-05 10:00:00,TXN821314
7686,6485,1689,497.04,Wallet,SUCCESS,2026-06-05 07:00:00,TXN863727
7687,6486,1689,876.40,Wallet,SUCCESS,2026-07-02 18:00:00,TXN875743
7688,6487,1689,962.53,Netbanking,SUCCESS,2026-08-04 17:00:00,TXN839206
7689,6488,1689,829.40,Credit Card,SUCCESS,2026-09-05 11:00:00,TXN434211
7690,6489,1693,192.15,Credit Card,SUCCESS,2026-04-02 16:00:00,TXN426051
7691,6490,1693,237.11,Netbanking,SUCCESS,2026-05-14 16:00:00,
7692,6491,1693,234.62,Credit Card,SUCCESS,2026-06-11 19:00:00,TXN652024
7693,6492,1693,153.13,Wallet,SUCCESS,2026-07-01 18:00:00,TXN120318
7694,6493,1693,276.21,Credit Card,SUCCESS,2026-08-11 16:00:00,TXN898356
7695,6494,1693,288.86,Credit Card,SUCCESS,2026-09-15 07:00:00,TXN824494
7696,6495,1694,391.42,Netbanking,SUCCESS,2026-04-15 17:00:00,TXN259539
7697,6496,1694,315.82,UPI,SUCCESS,2026-05-03 07:00:00,TXN994088
7698,6497,1694,341.03,Credit Card,SUCCESS,2026-06-05 17:00:00,TXN989161
7699,6498,1694,301.02,Netbanking,FAILED,2026-07-05 14:00:00,TXN415691
7700,6499,1694,149.25,Debit Card,SUCCESS,2026-08-13 20:00:00,TXN559161
7701,6499,1694,150.55,Credit Card,SUCCESS,2026-08-06 06:00:00,TXN905662
7702,6500,1694,329.80,Credit Card,FAILED,2026-09-12 10:00:00,TXN129421
7703,6501,1695,324.95,Netbanking,SUCCESS,2026-04-09 07:00:00,TXN836992
7704,6502,1695,140.84,Wallet,SUCCESS,2026-05-14 11:00:00,TXN113678
7705,6502,1695,229.88,Netbanking,SUCCESS,2026-05-13 14:00:00,
7706,6503,1695,302.14,Netbanking,FAILED,2026-06-01 20:00:00,TXN420914
7707,6504,1695,435.35,UPI,SUCCESS,2026-07-09 08:00:00,TXN642392
7708,6505,1695,198.33,Wallet,SUCCESS,2026-08-15 13:00:00,TXN555809
7709,6505,1695,133.21,Debit Card,SUCCESS,2026-08-10 15:00:00,TXN252849
7710,6506,1695,443.07,Netbanking,SUCCESS,2026-09-06 16:00:00,TXN132197
7711,6507,1701,729.04,Debit Card,SUCCESS,2026-04-09 15:00:00,TXN877727
7712,6508,1701,649.48,Debit Card,SUCCESS,2026-05-14 06:00:00,TXN809736
7713,6509,1701,653.05,Credit Card,SUCCESS,2026-06-03 06:00:00,TXN539709
7714,6510,1701,639.93,UPI,SUCCESS,2026-07-01 17:00:00,TXN938957
7715,6511,1701,659.24,Debit Card,FAILED,2026-08-11 22:00:00,TXN165771
7716,6512,1701,645.57,Debit Card,SUCCESS,2026-09-12 17:00:00,TXN989825
7717,6513,1704,225.86,UPI,SUCCESS,2026-04-02 21:00:00,
7718,6514,1704,245.25,Credit Card,SUCCESS,2026-05-09 12:00:00,TXN257241
7719,6515,1704,323.06,UPI,SUCCESS,2026-06-13 07:00:00,TXN661939
7720,6516,1704,281.70,Credit Card,SUCCESS,2026-07-06 15:00:00,TXN579438
7721,6517,1704,317.48,Netbanking,SUCCESS,2026-08-10 15:00:00,TXN465284
7722,6518,1704,126.13,Netbanking,SUCCESS,2026-09-03 19:00:00,TXN892119
7723,6518,1704,143.91,Credit Card,SUCCESS,2026-09-05 13:00:00,TXN301456
7724,6519,1706,635.01,UPI,SUCCESS,2026-04-05 17:00:00,
7725,6520,1706,626.15,Debit Card,SUCCESS,2026-05-01 20:00:00,TXN148864
7726,6521,1706,621.81,UPI,SUCCESS,2026-06-05 07:00:00,TXN298563
7727,6522,1706,498.86,Credit Card,SUCCESS,2026-07-05 22:00:00,TXN459336
7728,6523,1706,602.79,Netbanking,SUCCESS,2026-08-14 09:00:00,TXN541518
7729,6524,1706,503.49,Wallet,SUCCESS,2026-09-05 11:00:00,TXN265832
7730,6525,1709,392.48,Credit Card,SUCCESS,2026-04-15 08:00:00,TXN967828
7731,6526,1709,291.97,Netbanking,SUCCESS,2026-05-04 13:00:00,TXN128898
7732,6526,1709,148.63,Debit Card,SUCCESS,2026-05-11 17:00:00,TXN527047
7733,6527,1709,374.93,Debit Card,SUCCESS,2026-06-08 12:00:00,
7734,6528,1709,451.86,Wallet,SUCCESS,2026-07-13 16:00:00,TXN167163
7735,6529,1709,413.08,Netbanking,SUCCESS,2026-08-06 06:00:00,TXN494516
7736,6530,1709,255.46,Credit Card,SUCCESS,2026-09-08 17:00:00,TXN650731
7737,6530,1709,158.13,Netbanking,SUCCESS,2026-09-04 17:00:00,TXN590265
7738,6531,1712,1021.94,Netbanking,SUCCESS,2026-04-15 12:00:00,TXN948025
7739,6532,1712,899.64,Credit Card,SUCCESS,2026-05-02 15:00:00,TXN775511
7740,6533,1712,898.66,Wallet,SUCCESS,2026-06-13 13:00:00,TXN322886
7741,6534,1712,1029.73,Debit Card,SUCCESS,2026-07-07 20:00:00,TXN897557
7742,6535,1712,827.16,Wallet,SUCCESS,2026-08-03 15:00:00,TXN803835
7743,6536,1712,969.66,UPI,SUCCESS,2026-09-01 14:00:00,TXN707363
7744,6537,1714,428.01,UPI,SUCCESS,2026-04-02 10:00:00,TXN779852
7745,6538,1714,141.02,UPI,SUCCESS,2026-05-08 11:00:00,TXN581118
7746,6538,1714,66.12,Credit Card,FAILED,2026-05-11 07:00:00,TXN208147
7747,6539,1714,289.43,Credit Card,SUCCESS,2026-06-12 09:00:00,TXN587986
7748,6540,1714,220.95,Netbanking,SUCCESS,2026-07-15 13:00:00,TXN863919
7749,6541,1714,72.74,Wallet,SUCCESS,2026-08-04 21:00:00,TXN478661
7750,6541,1714,152.51,Wallet,SUCCESS,2026-08-10 22:00:00,TXN735048
7751,6542,1714,291.66,Debit Card,SUCCESS,2026-09-07 10:00:00,TXN894233
7752,6543,1720,550.55,Debit Card,FAILED,2026-04-03 21:00:00,TXN289421
7753,6543,1720,303.03,UPI,SUCCESS,2026-04-02 17:00:00,TXN213607
7754,6544,1720,883.81,Credit Card,SUCCESS,2026-05-09 14:00:00,TXN277107
7755,6545,1720,880.66,Wallet,FAILED,2026-06-12 06:00:00,TXN621445
7756,6546,1720,442.54,UPI,SUCCESS,2026-07-05 06:00:00,TXN801265
7757,6546,1720,440.42,UPI,SUCCESS,2026-07-02 12:00:00,TXN536650
7758,6547,1720,828.75,Netbanking,SUCCESS,2026-08-07 08:00:00,TXN666542
7759,6548,1720,964.74,Wallet,SUCCESS,2026-09-08 22:00:00,TXN220366
7760,6549,1725,387.57,UPI,SUCCESS,2026-04-01 22:00:00,TXN346263
7761,6550,1725,343.92,Wallet,SUCCESS,2026-05-08 09:00:00,TXN924694
7762,6551,1725,420.50,Credit Card,SUCCESS,2026-06-13 22:00:00,TXN170905
7763,6552,1725,258.50,Credit Card,SUCCESS,2026-07-01 15:00:00,TXN797040
7764,6552,1725,160.26,Credit Card,SUCCESS,2026-07-15 07:00:00,TXN444125
7765,6553,1725,406.83,Wallet,SUCCESS,2026-08-04 07:00:00,TXN696130
7766,6554,1725,397.70,Credit Card,SUCCESS,2026-09-05 21:00:00,TXN923632
7767,6555,1727,487.79,Debit Card,SUCCESS,2026-04-09 15:00:00,TXN569104
7768,6556,1727,353.10,Wallet,SUCCESS,2026-05-04 16:00:00,TXN606752
7769,6557,1727,410.26,Debit Card,SUCCESS,2026-06-04 22:00:00,TXN179443
7770,6558,1727,365.62,Netbanking,SUCCESS,2026-07-07 17:00:00,TXN478147
7771,6559,1727,410.49,Netbanking,SUCCESS,2026-08-15 14:00:00,TXN824224
7772,6560,1727,450.19,UPI,SUCCESS,2026-09-12 06:00:00,TXN739915
7773,6561,1728,1222.70,Wallet,FAILED,2026-04-06 12:00:00,TXN992076
7774,6562,1728,1180.07,Netbanking,SUCCESS,2026-05-12 11:00:00,TXN740399
7775,6563,1728,1183.91,Wallet,SUCCESS,2026-06-02 14:00:00,TXN585122
7776,6564,1728,459.64,Credit Card,SUCCESS,2026-07-13 22:00:00,TXN220756
7777,6564,1728,749.81,Debit Card,SUCCESS,2026-07-04 08:00:00,TXN585115
7778,6565,1728,444.00,Netbanking,SUCCESS,2026-08-02 09:00:00,TXN430326
7779,6565,1728,697.45,Debit Card,SUCCESS,2026-08-11 20:00:00,TXN418817
7780,6566,1728,1169.79,Netbanking,SUCCESS,2026-09-15 17:00:00,TXN584975
7781,6567,1730,567.11,Wallet,SUCCESS,2026-04-03 17:00:00,TXN966528
7782,6568,1730,655.83,Debit Card,SUCCESS,2026-05-09 20:00:00,TXN997804
7783,6569,1730,643.97,Debit Card,SUCCESS,2026-06-01 21:00:00,TXN498289
7784,6570,1730,619.61,UPI,SUCCESS,2026-07-12 19:00:00,TXN293804
7785,6571,1730,530.29,Debit Card,SUCCESS,2026-08-12 14:00:00,TXN889917
7786,6572,1730,568.88,UPI,SUCCESS,2026-09-02 14:00:00,TXN127128
7787,6573,1733,130.85,Debit Card,SUCCESS,2026-04-09 14:00:00,
7788,6574,1733,305.57,Credit Card,SUCCESS,2026-05-02 07:00:00,TXN778327
7789,6575,1733,265.87,UPI,SUCCESS,2026-06-15 17:00:00,TXN172026
7790,6576,1733,271.93,Credit Card,SUCCESS,2026-07-15 07:00:00,TXN620922
7791,6577,1733,84.36,Wallet,PENDING,2026-08-11 18:00:00,TXN788707
7792,6577,1733,138.33,Credit Card,SUCCESS,2026-08-13 15:00:00,TXN138439
7793,6578,1733,246.83,UPI,SUCCESS,2026-09-14 09:00:00,TXN722216
7794,6579,1735,3674.63,UPI,SUCCESS,2026-04-06 18:00:00,TXN118088
7795,6580,1735,3636.38,Credit Card,SUCCESS,2026-05-15 06:00:00,TXN105151
7796,6581,1735,3696.74,Debit Card,SUCCESS,2026-06-05 18:00:00,TXN856639
7797,6582,1735,3662.11,Wallet,SUCCESS,2026-07-15 19:00:00,TXN563446
7798,6583,1735,3576.49,Netbanking,SUCCESS,2026-08-06 15:00:00,TXN815733
7799,6584,1735,3630.59,Debit Card,SUCCESS,2026-09-14 15:00:00,TXN266643
7800,6585,1736,138.06,Credit Card,SUCCESS,2026-04-03 21:00:00,TXN738066
7801,6585,1736,150.32,Wallet,SUCCESS,2026-04-11 07:00:00,TXN539596
7802,6586,1736,327.37,UPI,FAILED,2026-05-02 19:00:00,TXN442520
7803,6587,1736,258.95,Debit Card,SUCCESS,2026-06-10 13:00:00,TXN193756
7804,6588,1736,417.14,Debit Card,SUCCESS,2026-07-07 19:00:00,TXN957166
7805,6589,1736,335.24,Netbanking,SUCCESS,2026-08-05 12:00:00,TXN828390
7806,6590,1736,264.57,Netbanking,SUCCESS,2026-09-06 20:00:00,TXN548139
7807,6591,1745,685.56,Credit Card,SUCCESS,2026-04-01 15:00:00,TXN632053
7808,6592,1745,719.67,Wallet,SUCCESS,2026-05-05 19:00:00,TXN573758
7809,6593,1745,623.69,UPI,SUCCESS,2026-06-06 22:00:00,TXN614184
7810,6594,1745,685.60,Wallet,SUCCESS,2026-07-13 17:00:00,TXN808283
7811,6595,1745,274.19,Credit Card,SUCCESS,2026-08-04 11:00:00,TXN791739
7812,6595,1745,367.07,Netbanking,SUCCESS,2026-08-01 06:00:00,TXN316420
7813,6596,1745,369.56,Credit Card,SUCCESS,2026-09-07 22:00:00,TXN338989
7814,6596,1745,293.42,UPI,SUCCESS,2026-09-05 14:00:00,TXN144383
7815,6597,1747,3632.28,UPI,SUCCESS,2026-04-09 15:00:00,TXN137111
7816,6598,1747,3606.67,Wallet,SUCCESS,2026-05-14 11:00:00,TXN102998
7817,6599,1747,3622.39,Wallet,SUCCESS,2026-06-12 08:00:00,TXN182496
7818,6600,1747,2326.91,Credit Card,SUCCESS,2026-07-09 07:00:00,TXN367823
7819,6600,1747,1315.17,Credit Card,SUCCESS,2026-07-07 07:00:00,TXN304012
7820,6601,1747,3553.19,Wallet,SUCCESS,2026-08-11 08:00:00,TXN251641
7821,6602,1747,3579.77,Wallet,SUCCESS,2026-09-12 21:00:00,TXN615307
7822,6603,1752,594.24,Credit Card,SUCCESS,2026-04-02 11:00:00,TXN717888
7823,6604,1752,353.30,Wallet,SUCCESS,2026-05-04 19:00:00,
7824,6604,1752,281.71,Wallet,SUCCESS,2026-05-08 22:00:00,TXN880521
7825,6605,1752,308.38,Debit Card,SUCCESS,2026-06-03 14:00:00,TXN381650
7826,6605,1752,418.79,Netbanking,PENDING,2026-06-04 15:00:00,TXN202193
7827,6606,1752,534.30,Credit Card,SUCCESS,2026-07-05 11:00:00,TXN480520
7828,6607,1752,588.14,UPI,PENDING,2026-08-11 09:00:00,TXN719308
7829,6608,1752,556.81,UPI,SUCCESS,2026-09-04 19:00:00,TXN692708
7830,6609,1755,1112.70,Netbanking,SUCCESS,2026-04-03 21:00:00,TXN231864
7831,6610,1755,478.62,Debit Card,SUCCESS,2026-05-01 16:00:00,TXN590132
7832,6610,1755,570.58,Credit Card,SUCCESS,2026-05-03 13:00:00,TXN321980
7833,6611,1755,598.22,Debit Card,SUCCESS,2026-06-05 12:00:00,TXN676762
7834,6611,1755,583.59,Credit Card,SUCCESS,2026-06-06 20:00:00,TXN496723
7835,6612,1755,1176.91,Netbanking,SUCCESS,2026-07-01 22:00:00,TXN156032
7836,6613,1755,1082.69,Credit Card,SUCCESS,2026-08-04 17:00:00,TXN741443
7837,6614,1755,1098.34,UPI,SUCCESS,2026-09-03 19:00:00,TXN645430
7838,6615,1757,343.64,Debit Card,PENDING,2026-04-09 09:00:00,TXN609531
7839,6616,1757,194.04,Credit Card,SUCCESS,2026-05-08 16:00:00,TXN694603
7840,6616,1757,204.23,Credit Card,SUCCESS,2026-05-06 15:00:00,TXN378163
7841,6617,1757,305.37,Netbanking,PENDING,2026-06-07 12:00:00,TXN333965
7842,6618,1757,376.81,Netbanking,SUCCESS,2026-07-01 18:00:00,TXN453473
7843,6619,1757,352.49,Credit Card,SUCCESS,2026-08-15 20:00:00,TXN973384
7844,6620,1757,386.72,Wallet,SUCCESS,2026-09-01 06:00:00,TXN847551
7845,6621,1758,70.98,Netbanking,SUCCESS,2026-04-15 17:00:00,TXN445088
7846,6621,1758,135.51,Wallet,SUCCESS,2026-04-14 07:00:00,TXN144508
7847,6622,1758,213.23,UPI,FAILED,2026-05-07 19:00:00,TXN460011
7848,6623,1758,258.87,UPI,SUCCESS,2026-06-10 07:00:00,TXN569992
7849,6624,1758,267.47,UPI,SUCCESS,2026-07-08 13:00:00,TXN787747
7850,6625,1758,170.17,UPI,SUCCESS,2026-08-02 21:00:00,TXN158157
7851,6626,1758,172.41,UPI,SUCCESS,2026-09-06 10:00:00,TXN903485
7852,6627,1759,1099.03,Netbanking,SUCCESS,2026-04-14 08:00:00,
7853,6628,1759,958.45,UPI,SUCCESS,2026-05-04 07:00:00,TXN546236
7854,6629,1759,1033.47,Netbanking,SUCCESS,2026-06-09 11:00:00,TXN378263
7855,6630,1759,970.88,Netbanking,FAILED,2026-07-15 19:00:00,TXN142437
7856,6631,1759,1013.17,Debit Card,SUCCESS,2026-08-09 06:00:00,TXN266681
7857,6632,1759,988.70,Netbanking,SUCCESS,2026-09-12 15:00:00,TXN882451
7858,6633,1765,1154.67,Debit Card,SUCCESS,2026-04-09 18:00:00,TXN454231
7859,6634,1765,1124.33,Netbanking,SUCCESS,2026-05-08 21:00:00,TXN133320
7860,6635,1765,1117.80,UPI,SUCCESS,2026-06-13 19:00:00,TXN423788
7861,6636,1765,1167.81,Debit Card,SUCCESS,2026-07-12 16:00:00,TXN868371
7862,6637,1765,1138.59,Wallet,SUCCESS,2026-08-08 12:00:00,TXN382029
7863,6638,1765,1145.97,Credit Card,SUCCESS,2026-09-12 17:00:00,TXN718979
7864,6639,1766,303.11,Netbanking,SUCCESS,2026-04-08 20:00:00,TXN305487
7865,6640,1766,439.54,Netbanking,PENDING,2026-05-11 06:00:00,TXN861109
7866,6641,1766,326.78,Wallet,SUCCESS,2026-06-07 16:00:00,TXN786645
7867,6642,1766,336.12,UPI,SUCCESS,2026-07-05 07:00:00,TXN500122
7868,6643,1766,374.40,Netbanking,SUCCESS,2026-08-14 20:00:00,TXN193215
7869,6644,1766,267.51,Debit Card,SUCCESS,2026-09-10 07:00:00,TXN517308
7870,6645,1767,3637.21,Debit Card,SUCCESS,2026-04-12 16:00:00,TXN823677
7871,6646,1767,3610.26,Netbanking,SUCCESS,2026-05-10 18:00:00,TXN215982
7872,6647,1767,3623.59,Wallet,SUCCESS,2026-06-11 16:00:00,TXN611852
7873,6648,1767,3565.63,Wallet,SUCCESS,2026-07-08 16:00:00,TXN884574
7874,6649,1767,3547.78,Credit Card,SUCCESS,2026-08-11 06:00:00,TXN652140
7875,6650,1767,3715.60,Debit Card,SUCCESS,2026-09-11 12:00:00,TXN385091
7876,6651,1768,250.27,Wallet,SUCCESS,2026-04-01 11:00:00,TXN126911
7877,6652,1768,472.01,Wallet,SUCCESS,2026-05-02 15:00:00,TXN337456
7878,6653,1768,251.84,Netbanking,SUCCESS,2026-06-14 07:00:00,TXN383955
7879,6654,1768,329.70,UPI,SUCCESS,2026-07-10 06:00:00,
7880,6655,1768,313.67,Netbanking,SUCCESS,2026-08-09 10:00:00,TXN749666
7881,6656,1768,305.69,Credit Card,SUCCESS,2026-09-04 22:00:00,TXN932761
7882,6657,1775,343.85,Credit Card,SUCCESS,2026-04-03 17:00:00,TXN764918
7883,6658,1775,434.36,Debit Card,PENDING,2026-05-01 10:00:00,TXN344678
7884,6659,1775,241.10,Credit Card,SUCCESS,2026-06-08 16:00:00,TXN986326
7885,6659,1775,105.70,Debit Card,SUCCESS,2026-06-04 18:00:00,TXN217441
7886,6660,1775,510.86,UPI,SUCCESS,2026-07-02 08:00:00,TXN616373
7887,6661,1775,305.08,Debit Card,FAILED,2026-08-07 11:00:00,TXN378449
7888,6662,1775,356.58,Netbanking,PENDING,2026-09-05 07:00:00,TXN658416
7889,6663,1779,3560.51,Netbanking,SUCCESS,2026-04-06 17:00:00,TXN655622
7890,6664,1779,2431.49,Debit Card,SUCCESS,2026-05-06 15:00:00,TXN329057
7891,6664,1779,1244.88,Credit Card,SUCCESS,2026-05-13 12:00:00,
7892,6665,1779,3597.63,Wallet,SUCCESS,2026-06-05 20:00:00,TXN839493
7893,6666,1779,3582.57,UPI,SUCCESS,2026-07-08 17:00:00,TXN793264
7894,6667,1779,3742.59,UPI,SUCCESS,2026-08-13 07:00:00,TXN399604
7895,6668,1779,3686.72,Netbanking,SUCCESS,2026-09-11 09:00:00,TXN138196
7896,6669,1795,497.48,Credit Card,SUCCESS,2026-04-15 10:00:00,TXN598192
7897,6670,1795,603.26,Debit Card,SUCCESS,2026-05-06 06:00:00,TXN366226
7898,6671,1795,552.37,Debit Card,SUCCESS,2026-06-06 14:00:00,TXN725515
7899,6672,1795,545.47,UPI,SUCCESS,2026-07-08 21:00:00,TXN500403
7900,6673,1795,640.36,Credit Card,FAILED,2026-08-06 11:00:00,TXN282111
7901,6674,1795,693.12,Credit Card,SUCCESS,2026-09-02 14:00:00,TXN933467
7902,6675,1796,274.41,Netbanking,SUCCESS,2026-04-09 14:00:00,TXN885241
7903,6676,1796,319.19,UPI,SUCCESS,2026-05-11 22:00:00,TXN404000
7904,6677,1796,270.92,Debit Card,SUCCESS,2026-06-06 13:00:00,TXN742567
7905,6678,1796,336.74,Netbanking,SUCCESS,2026-07-12 19:00:00,TXN684694
7906,6679,1796,309.16,Credit Card,FAILED,2026-08-06 10:00:00,TXN577893
7907,6680,1796,394.11,Debit Card,SUCCESS,2026-09-02 14:00:00,TXN559399
7908,6681,1797,850.39,Credit Card,SUCCESS,2026-04-15 20:00:00,TXN516726
7909,6682,1797,891.21,Credit Card,SUCCESS,2026-05-10 11:00:00,TXN440911
7910,6683,1797,828.34,Debit Card,SUCCESS,2026-06-04 21:00:00,TXN730370
7911,6684,1797,939.22,Credit Card,SUCCESS,2026-07-08 16:00:00,TXN958978
7912,6685,1797,828.21,Debit Card,SUCCESS,2026-08-07 14:00:00,TXN518042
7913,6686,1797,896.69,Credit Card,SUCCESS,2026-09-11 17:00:00,TXN463692
7914,6687,1802,1003.77,Credit Card,SUCCESS,2026-04-15 08:00:00,TXN873389
7915,6688,1802,1069.27,Debit Card,SUCCESS,2026-05-07 10:00:00,TXN627310
7916,6689,1802,969.44,Credit Card,SUCCESS,2026-06-10 06:00:00,TXN394140
7917,6690,1802,1015.21,Debit Card,PENDING,2026-07-08 21:00:00,TXN541793
7918,6691,1802,995.06,Wallet,SUCCESS,2026-08-04 19:00:00,TXN848329
7919,6692,1802,1053.40,UPI,SUCCESS,2026-09-03 12:00:00,TXN460965
7920,6693,1805,302.14,Netbanking,SUCCESS,2026-04-02 19:00:00,TXN344578
7921,6694,1805,341.04,UPI,SUCCESS,2026-05-07 10:00:00,TXN821505
7922,6695,1805,389.27,Credit Card,SUCCESS,2026-06-04 17:00:00,TXN762816
7923,6696,1805,332.50,Wallet,SUCCESS,2026-07-10 07:00:00,TXN381017
7924,6697,1805,293.78,Wallet,SUCCESS,2026-08-14 12:00:00,TXN683717
7925,6698,1805,465.11,Debit Card,PENDING,2026-09-07 17:00:00,TXN506692
7926,6699,1811,1205.75,UPI,SUCCESS,2026-04-09 06:00:00,TXN533028
7927,6700,1811,1190.79,Debit Card,SUCCESS,2026-05-04 18:00:00,TXN852150
7928,6701,1811,1195.94,UPI,SUCCESS,2026-06-15 16:00:00,TXN889566
7929,6702,1811,1136.75,UPI,SUCCESS,2026-07-02 19:00:00,TXN309964
7930,6703,1811,1119.48,Credit Card,SUCCESS,2026-08-13 11:00:00,TXN627714
7931,6704,1811,1216.32,Wallet,SUCCESS,2026-09-06 07:00:00,TXN625214
7932,6705,1818,306.12,Netbanking,SUCCESS,2026-04-07 15:00:00,TXN420325
7933,6706,1818,471.86,Debit Card,SUCCESS,2026-05-05 16:00:00,TXN911649
7934,6707,1818,452.52,Netbanking,FAILED,2026-06-13 18:00:00,
7935,6708,1818,385.34,Debit Card,SUCCESS,2026-07-01 22:00:00,TXN867357
7936,6709,1818,422.12,Debit Card,SUCCESS,2026-08-11 12:00:00,TXN491016
7937,6710,1818,419.99,Debit Card,SUCCESS,2026-09-08 20:00:00,TXN421710
7938,6711,1820,368.86,UPI,SUCCESS,2026-04-06 09:00:00,TXN350354
7939,6712,1820,296.03,Debit Card,SUCCESS,2026-05-09 14:00:00,TXN280097
7940,6712,1820,201.12,Debit Card,SUCCESS,2026-05-14 07:00:00,TXN496441
7941,6713,1820,426.33,Debit Card,PENDING,2026-06-03 22:00:00,TXN460750
7942,6714,1820,195.91,Netbanking,SUCCESS,2026-07-13 18:00:00,TXN109800
7943,6714,1820,246.96,Netbanking,SUCCESS,2026-07-15 21:00:00,TXN660652
7944,6715,1820,217.89,Credit Card,SUCCESS,2026-08-07 13:00:00,TXN615691
7945,6715,1820,141.28,Netbanking,SUCCESS,2026-08-09 20:00:00,TXN668552
7946,6716,1820,498.47,Wallet,SUCCESS,2026-09-04 17:00:00,TXN411084
7947,6717,1822,350.77,Wallet,SUCCESS,2026-04-01 06:00:00,TXN327184
7948,6718,1822,229.79,Netbanking,SUCCESS,2026-05-07 18:00:00,TXN544527
7949,6719,1822,151.08,Wallet,FAILED,2026-06-15 19:00:00,TXN544274
7950,6719,1822,99.30,Debit Card,SUCCESS,2026-06-12 16:00:00,TXN697708
7951,6720,1822,131.76,Credit Card,SUCCESS,2026-07-15 13:00:00,TXN938074
7952,6720,1822,157.19,Debit Card,SUCCESS,2026-07-08 13:00:00,TXN977490
7953,6721,1822,252.53,Netbanking,SUCCESS,2026-08-04 13:00:00,TXN820255
7954,6722,1822,246.77,Netbanking,FAILED,2026-09-09 21:00:00,TXN111856
7955,6723,1825,287.71,Credit Card,SUCCESS,2026-04-13 06:00:00,TXN180102
7956,6723,1825,190.17,UPI,SUCCESS,2026-04-07 19:00:00,TXN323723
7957,6724,1825,451.63,Wallet,SUCCESS,2026-05-07 19:00:00,TXN851433
7958,6725,1825,454.54,UPI,SUCCESS,2026-06-07 09:00:00,TXN202274
7959,6726,1825,467.28,Debit Card,SUCCESS,2026-07-06 09:00:00,TXN935884
7960,6727,1825,458.56,UPI,FAILED,2026-08-10 07:00:00,TXN941307
7961,6728,1825,301.04,UPI,SUCCESS,2026-09-02 08:00:00,
7962,6728,1825,208.11,Credit Card,SUCCESS,2026-09-09 09:00:00,TXN933435
7963,6729,1827,353.88,Wallet,SUCCESS,2026-04-07 19:00:00,TXN169652
7964,6730,1827,324.80,Debit Card,SUCCESS,2026-05-14 10:00:00,TXN595549
7965,6731,1827,286.46,Netbanking,PENDING,2026-06-07 21:00:00,TXN650441
7966,6732,1827,280.38,Debit Card,SUCCESS,2026-07-09 17:00:00,TXN458474
7967,6733,1827,106.09,Wallet,SUCCESS,2026-08-05 18:00:00,TXN654470
7968,6733,1827,158.90,Wallet,SUCCESS,2026-08-08 19:00:00,TXN589922
7969,6734,1827,287.28,Credit Card,SUCCESS,2026-09-10 13:00:00,TXN576917
7970,6735,1829,605.97,Wallet,SUCCESS,2026-04-13 09:00:00,TXN548960
7971,6736,1829,188.99,UPI,SUCCESS,2026-05-12 18:00:00,TXN854779
7972,6736,1829,396.20,Debit Card,SUCCESS,2026-05-08 09:00:00,TXN234232
7973,6737,1829,508.49,Wallet,SUCCESS,2026-06-10 18:00:00,TXN101947
7974,6738,1829,536.38,Wallet,SUCCESS,2026-07-13 06:00:00,TXN140126
7975,6739,1829,555.04,Debit Card,SUCCESS,2026-08-03 06:00:00,TXN836400
7976,6740,1829,581.65,Netbanking,SUCCESS,2026-09-10 13:00:00,TXN704408
7977,6741,1833,1203.74,UPI,SUCCESS,2026-04-11 08:00:00,TXN142847
7978,6742,1833,1070.56,UPI,SUCCESS,2026-05-11 12:00:00,TXN144084
7979,6743,1833,1127.63,Credit Card,SUCCESS,2026-06-08 10:00:00,TXN917839
7980,6744,1833,1245.15,Credit Card,SUCCESS,2026-07-07 08:00:00,TXN241635
7981,6745,1833,1088.81,Debit Card,SUCCESS,2026-08-14 08:00:00,TXN457406
7982,6746,1833,1156.44,Credit Card,SUCCESS,2026-09-09 08:00:00,TXN807441
7983,6747,1834,598.59,Credit Card,SUCCESS,2026-04-14 13:00:00,TXN921132
7984,6748,1834,563.11,Credit Card,FAILED,2026-05-10 06:00:00,TXN888717
7985,6749,1834,242.94,UPI,PENDING,2026-06-06 18:00:00,TXN687643
7986,6749,1834,363.28,Netbanking,SUCCESS,2026-06-09 07:00:00,TXN208157
7987,6750,1834,639.72,Debit Card,SUCCESS,2026-07-13 15:00:00,TXN195043
7988,6751,1834,362.56,UPI,SUCCESS,2026-08-06 16:00:00,TXN969108
7989,6751,1834,163.96,Credit Card,SUCCESS,2026-08-15 08:00:00,TXN965169
7990,6752,1834,543.61,Debit Card,FAILED,2026-09-02 17:00:00,TXN106829
7991,6753,1836,224.62,UPI,FAILED,2026-04-09 16:00:00,TXN233091
7992,6754,1836,230.51,Debit Card,PENDING,2026-05-09 11:00:00,TXN823363
7993,6755,1836,176.69,Debit Card,SUCCESS,2026-06-04 18:00:00,TXN776473
7994,6756,1836,174.32,UPI,SUCCESS,2026-07-11 14:00:00,TXN771294
7995,6756,1836,234.20,UPI,SUCCESS,2026-07-03 13:00:00,TXN839510
7996,6757,1836,193.65,UPI,SUCCESS,2026-08-07 15:00:00,TXN362051
7997,6758,1836,260.19,Credit Card,SUCCESS,2026-09-07 21:00:00,TXN608103
7998,6759,1837,472.06,Debit Card,SUCCESS,2026-04-10 17:00:00,TXN414974
7999,6760,1837,655.95,Debit Card,SUCCESS,2026-05-01 14:00:00,TXN161795
8000,6761,1837,671.43,UPI,SUCCESS,2026-06-08 20:00:00,TXN395884
8001,6762,1837,605.37,Debit Card,SUCCESS,2026-07-12 18:00:00,TXN728353
8002,6763,1837,601.95,UPI,FAILED,2026-08-15 06:00:00,TXN530347
8003,6764,1837,639.47,Debit Card,FAILED,2026-09-08 09:00:00,TXN667429
8004,6765,1838,1205.02,Credit Card,SUCCESS,2026-04-05 08:00:00,TXN168963
8005,6766,1838,1057.04,Netbanking,SUCCESS,2026-05-13 13:00:00,TXN713922
8006,6767,1838,1036.76,Wallet,SUCCESS,2026-06-09 19:00:00,TXN812193
8007,6768,1838,400.11,Credit Card,SUCCESS,2026-07-05 16:00:00,TXN518378
8008,6768,1838,650.86,Credit Card,SUCCESS,2026-07-12 10:00:00,TXN709976
8009,6769,1838,1104.14,UPI,SUCCESS,2026-08-05 10:00:00,TXN470539
8010,6770,1838,1131.77,UPI,SUCCESS,2026-09-12 19:00:00,TXN750738
8011,6771,1845,168.53,Debit Card,SUCCESS,2026-04-03 22:00:00,TXN567668
8012,6772,1845,186.72,UPI,FAILED,2026-05-02 13:00:00,TXN912156
8013,6773,1845,52.27,Debit Card,SUCCESS,2026-06-01 18:00:00,TXN946855
8014,6773,1845,71.54,Wallet,SUCCESS,2026-06-12 17:00:00,TXN946060
8015,6774,1845,65.98,Credit Card,SUCCESS,2026-07-11 14:00:00,
8016,6774,1845,92.18,Credit Card,SUCCESS,2026-07-07 08:00:00,TXN918937
8017,6775,1845,223.02,Wallet,SUCCESS,2026-08-02 18:00:00,TXN362093
8018,6776,1845,149.27,Netbanking,SUCCESS,2026-09-05 11:00:00,TXN967805
8019,6777,1846,307.86,Netbanking,SUCCESS,2026-04-14 16:00:00,TXN749247
8020,6778,1846,426.23,Debit Card,SUCCESS,2026-05-06 15:00:00,TXN256528
8021,6779,1846,191.23,Netbanking,FAILED,2026-06-13 09:00:00,TXN769858
8022,6779,1846,129.92,Debit Card,PENDING,2026-06-15 09:00:00,TXN449363
8023,6780,1846,309.33,Debit Card,SUCCESS,2026-07-13 08:00:00,TXN879066
8024,6781,1846,334.47,Credit Card,PENDING,2026-08-10 08:00:00,
8025,6782,1846,420.82,Debit Card,PENDING,2026-09-09 16:00:00,TXN953656
8026,6783,1848,1198.84,Credit Card,SUCCESS,2026-04-13 11:00:00,TXN785152
8027,6784,1848,1119.42,Credit Card,SUCCESS,2026-05-07 10:00:00,TXN477324
8028,6785,1848,1104.79,Debit Card,SUCCESS,2026-06-08 12:00:00,TXN164954
8029,6786,1848,1166.88,Wallet,SUCCESS,2026-07-14 08:00:00,TXN578068
8030,6787,1848,676.57,Credit Card,SUCCESS,2026-08-08 10:00:00,TXN394476
8031,6787,1848,462.32,Wallet,FAILED,2026-08-11 21:00:00,TXN779113
8032,6788,1848,1114.96,Wallet,SUCCESS,2026-09-12 19:00:00,TXN460046
8033,6789,1849,658.88,Credit Card,SUCCESS,2026-04-03 13:00:00,TXN468068
8034,6790,1849,599.02,Debit Card,SUCCESS,2026-05-12 21:00:00,TXN177781
8035,6791,1849,544.82,UPI,SUCCESS,2026-06-14 12:00:00,TXN441527
8036,6792,1849,692.85,UPI,SUCCESS,2026-07-01 14:00:00,TXN674621
8037,6793,1849,484.45,UPI,SUCCESS,2026-08-07 12:00:00,
8038,6794,1849,571.20,Credit Card,SUCCESS,2026-09-09 13:00:00,TXN259480
8039,6795,1852,497.22,UPI,SUCCESS,2026-04-03 22:00:00,TXN571103
8040,6796,1852,373.42,Debit Card,SUCCESS,2026-05-15 08:00:00,TXN366554
8041,6796,1852,218.79,Debit Card,SUCCESS,2026-05-07 06:00:00,TXN835568
8042,6797,1852,561.00,Credit Card,SUCCESS,2026-06-04 17:00:00,TXN339661
8043,6798,1852,567.23,Netbanking,SUCCESS,2026-07-05 12:00:00,TXN442206
8044,6799,1852,603.55,UPI,SUCCESS,2026-08-15 12:00:00,TXN524376
8045,6800,1852,586.71,Credit Card,SUCCESS,2026-09-14 15:00:00,TXN677792
8046,6801,1855,1033.82,Credit Card,FAILED,2026-04-02 11:00:00,TXN108357
8047,6802,1855,1072.64,UPI,SUCCESS,2026-05-05 22:00:00,TXN732870
8048,6803,1855,1057.33,Netbanking,SUCCESS,2026-06-09 09:00:00,TXN230243
8049,6804,1855,1153.27,Credit Card,SUCCESS,2026-07-07 22:00:00,TXN131376
8050,6805,1855,442.35,Netbanking,SUCCESS,2026-08-15 12:00:00,TXN617433
8051,6805,1855,575.98,Credit Card,SUCCESS,2026-08-10 14:00:00,TXN841934
8052,6806,1855,603.49,Wallet,SUCCESS,2026-09-09 10:00:00,
8053,6806,1855,463.56,Wallet,SUCCESS,2026-09-02 09:00:00,TXN249590
8054,6807,1859,381.06,Credit Card,SUCCESS,2026-04-10 15:00:00,TXN927509
8055,6808,1859,434.55,Wallet,SUCCESS,2026-05-09 22:00:00,TXN426631
8056,6809,1859,474.64,Netbanking,SUCCESS,2026-06-10 14:00:00,TXN345557
8057,6810,1859,413.20,Wallet,SUCCESS,2026-07-09 07:00:00,TXN677811
8058,6811,1859,462.41,Credit Card,FAILED,2026-08-07 08:00:00,TXN709976
8059,6812,1859,451.83,Netbanking,SUCCESS,2026-09-14 08:00:00,TXN765861
8060,6813,1867,221.21,Netbanking,SUCCESS,2026-04-04 14:00:00,TXN599161
8061,6813,1867,247.31,Wallet,SUCCESS,2026-04-01 20:00:00,TXN894999
8062,6814,1867,359.55,UPI,SUCCESS,2026-05-11 06:00:00,TXN523499
8063,6815,1867,426.55,Wallet,SUCCESS,2026-06-01 06:00:00,TXN620504
8064,6816,1867,390.32,Debit Card,SUCCESS,2026-07-11 20:00:00,TXN318788
8065,6817,1867,405.58,Debit Card,SUCCESS,2026-08-14 15:00:00,TXN244330
8066,6818,1867,421.01,UPI,SUCCESS,2026-09-11 10:00:00,TXN827026
8067,6819,1870,536.50,Wallet,SUCCESS,2026-04-08 08:00:00,TXN874115
8068,6819,1870,812.23,Debit Card,SUCCESS,2026-04-08 09:00:00,TXN367521
8069,6820,1870,1285.09,UPI,SUCCESS,2026-05-01 09:00:00,TXN825260
8070,6821,1870,1288.07,Wallet,SUCCESS,2026-06-13 12:00:00,TXN522365
8071,6822,1870,606.33,Netbanking,SUCCESS,2026-07-08 13:00:00,TXN307019
8072,6822,1870,726.87,Debit Card,SUCCESS,2026-07-12 12:00:00,TXN805937
8073,6823,1870,1224.97,UPI,SUCCESS,2026-08-10 15:00:00,TXN125515
8074,6824,1870,1218.70,Wallet,SUCCESS,2026-09-14 14:00:00,TXN125183
8075,6825,1872,1086.11,UPI,SUCCESS,2026-04-09 10:00:00,TXN868241
8076,6826,1872,1071.96,Credit Card,FAILED,2026-05-04 18:00:00,
8077,6827,1872,1182.11,Credit Card,SUCCESS,2026-06-10 19:00:00,TXN512484
8078,6828,1872,1149.15,Netbanking,FAILED,2026-07-04 06:00:00,TXN609331
8079,6829,1872,1177.42,Netbanking,SUCCESS,2026-08-15 13:00:00,TXN659558
8080,6830,1872,1152.03,Debit Card,SUCCESS,2026-09-06 14:00:00,TXN148671
8081,6831,1880,1925.40,Wallet,SUCCESS,2026-04-13 15:00:00,TXN825122
8082,6831,1880,1631.05,Credit Card,SUCCESS,2026-04-10 15:00:00,TXN640673
8083,6832,1880,3626.25,Netbanking,SUCCESS,2026-05-04 16:00:00,TXN347416
8084,6833,1880,3631.46,Credit Card,FAILED,2026-06-08 13:00:00,TXN988588
8085,6834,1880,3551.26,Wallet,SUCCESS,2026-07-06 19:00:00,TXN525344
8086,6835,1880,3630.88,UPI,SUCCESS,2026-08-05 06:00:00,TXN410852
8087,6836,1880,3705.81,Debit Card,SUCCESS,2026-09-09 16:00:00,TXN913360
8088,6837,1881,686.90,Wallet,FAILED,2026-04-09 15:00:00,TXN201841
8089,6837,1881,431.41,Credit Card,FAILED,2026-04-13 10:00:00,TXN507460
8090,6838,1881,457.45,Netbanking,SUCCESS,2026-05-10 17:00:00,TXN324795
8091,6838,1881,624.30,Netbanking,SUCCESS,2026-05-02 20:00:00,TXN263507
8092,6839,1881,1212.37,Netbanking,SUCCESS,2026-06-11 12:00:00,TXN687159
8093,6840,1881,333.76,Netbanking,SUCCESS,2026-07-08 19:00:00,TXN154170
8094,6840,1881,756.24,Wallet,FAILED,2026-07-15 06:00:00,TXN387026
8095,6841,1881,1111.35,Debit Card,SUCCESS,2026-08-09 15:00:00,TXN918944
8096,6842,1881,1232.13,Wallet,SUCCESS,2026-09-15 06:00:00,TXN627342
8097,6843,1882,243.09,UPI,SUCCESS,2026-04-08 17:00:00,TXN952167
8098,6844,1882,318.36,UPI,SUCCESS,2026-05-01 14:00:00,TXN486714
8099,6845,1882,131.03,Credit Card,FAILED,2026-06-05 16:00:00,TXN239817
8100,6845,1882,103.38,Credit Card,SUCCESS,2026-06-08 15:00:00,TXN907261
8101,6846,1882,305.20,Wallet,SUCCESS,2026-07-05 19:00:00,TXN436933
8102,6847,1882,402.39,UPI,SUCCESS,2026-08-10 06:00:00,TXN478818
8103,6848,1882,335.85,Wallet,FAILED,2026-09-13 14:00:00,TXN807360
8104,6849,1885,534.54,Credit Card,SUCCESS,2026-04-07 11:00:00,TXN219714
8105,6850,1885,285.30,Wallet,SUCCESS,2026-05-08 21:00:00,TXN431721
8106,6850,1885,282.93,Netbanking,SUCCESS,2026-05-03 18:00:00,TXN783721
8107,6851,1885,557.55,Wallet,SUCCESS,2026-06-13 08:00:00,TXN353380
8108,6852,1885,549.43,Wallet,SUCCESS,2026-07-15 16:00:00,TXN802490
8109,6853,1885,321.53,Credit Card,SUCCESS,2026-08-03 14:00:00,TXN819527
8110,6853,1885,155.05,UPI,SUCCESS,2026-08-11 08:00:00,TXN656880
8111,6854,1885,604.58,Credit Card,SUCCESS,2026-09-08 12:00:00,TXN850590
8112,6855,1888,1011.66,UPI,SUCCESS,2026-04-05 08:00:00,TXN192420
8113,6856,1888,1051.47,Netbanking,SUCCESS,2026-05-07 16:00:00,
8114,6857,1888,1089.32,Netbanking,SUCCESS,2026-06-05 19:00:00,TXN147220
8115,6858,1888,1075.96,Wallet,SUCCESS,2026-07-13 09:00:00,TXN577347
8116,6859,1888,1095.64,UPI,SUCCESS,2026-08-09 20:00:00,TXN808046
8117,6860,1888,1106.91,Credit Card,SUCCESS,2026-09-10 17:00:00,TXN459796
8118,6861,1894,120.27,UPI,SUCCESS,2026-04-07 07:00:00,TXN110772
8119,6861,1894,165.33,Credit Card,SUCCESS,2026-04-02 06:00:00,TXN988251
8120,6862,1894,193.12,Netbanking,SUCCESS,2026-05-02 09:00:00,TXN588575
8121,6863,1894,325.64,UPI,SUCCESS,2026-06-12 20:00:00,TXN607447
8122,6864,1894,307.09,Credit Card,SUCCESS,2026-07-04 20:00:00,TXN216374
8123,6865,1894,233.93,Debit Card,SUCCESS,2026-08-01 18:00:00,TXN770747
8124,6866,1894,285.81,Debit Card,FAILED,2026-09-06 13:00:00,TXN132557
8125,6867,1895,582.77,UPI,SUCCESS,2026-04-12 08:00:00,TXN903328
8126,6867,1895,562.73,Wallet,SUCCESS,2026-04-01 14:00:00,TXN973074
8127,6868,1895,1183.26,UPI,SUCCESS,2026-05-10 19:00:00,TXN400504
8128,6869,1895,1192.51,UPI,SUCCESS,2026-06-13 07:00:00,TXN358641
8129,6870,1895,598.05,Debit Card,SUCCESS,2026-07-09 21:00:00,TXN240413
8130,6870,1895,540.08,Credit Card,SUCCESS,2026-07-03 18:00:00,TXN933337
8131,6871,1895,1188.96,UPI,SUCCESS,2026-08-11 08:00:00,TXN962891
8132,6872,1895,1127.41,Credit Card,SUCCESS,2026-09-10 06:00:00,TXN164308
8133,6873,1900,1005.90,UPI,SUCCESS,2026-04-07 14:00:00,TXN596892
8134,6874,1900,1135.42,Credit Card,SUCCESS,2026-05-09 14:00:00,TXN657269
8135,6875,1900,319.70,Debit Card,SUCCESS,2026-06-15 15:00:00,TXN790559
8136,6875,1900,704.78,Wallet,SUCCESS,2026-06-07 18:00:00,TXN730616
8137,6876,1900,1153.46,Netbanking,FAILED,2026-07-02 07:00:00,TXN463640
8138,6877,1900,1079.85,Netbanking,SUCCESS,2026-08-10 08:00:00,TXN923461
8139,6878,1900,1140.47,Debit Card,SUCCESS,2026-09-07 18:00:00,TXN992311
8140,6879,1905,1091.43,UPI,SUCCESS,2026-04-02 18:00:00,TXN363702
8141,6880,1905,1124.00,Wallet,SUCCESS,2026-05-02 11:00:00,TXN498510
8142,6881,1905,1119.03,Credit Card,SUCCESS,2026-06-12 09:00:00,TXN656057
8143,6882,1905,576.75,Debit Card,SUCCESS,2026-07-01 15:00:00,TXN217916
8144,6882,1905,529.43,UPI,SUCCESS,2026-07-02 09:00:00,TXN620283
8145,6883,1905,1085.09,Debit Card,SUCCESS,2026-08-12 12:00:00,
8146,6884,1905,1119.86,Credit Card,SUCCESS,2026-09-12 17:00:00,TXN266361
8147,6885,1908,450.51,Debit Card,SUCCESS,2026-04-04 18:00:00,TXN865255
8148,6886,1908,429.81,Netbanking,SUCCESS,2026-05-05 10:00:00,TXN225653
8149,6887,1908,149.54,Wallet,SUCCESS,2026-06-06 09:00:00,TXN941089
8150,6887,1908,306.25,UPI,SUCCESS,2026-06-01 15:00:00,TXN135093
8151,6888,1908,364.42,Debit Card,SUCCESS,2026-07-07 20:00:00,TXN681956
8152,6889,1908,508.12,Netbanking,SUCCESS,2026-08-01 08:00:00,TXN704994
8153,6890,1908,514.98,Wallet,PENDING,2026-09-06 15:00:00,TXN440287
8154,6891,1909,165.23,Netbanking,SUCCESS,2026-04-03 07:00:00,TXN107653
8155,6891,1909,325.50,Credit Card,SUCCESS,2026-04-11 10:00:00,TXN760430
8156,6892,1909,286.61,UPI,SUCCESS,2026-05-10 15:00:00,TXN630705
8157,6893,1909,313.49,Debit Card,SUCCESS,2026-06-02 17:00:00,TXN408804
8158,6894,1909,381.62,Netbanking,SUCCESS,2026-07-14 20:00:00,TXN153618
8159,6895,1909,263.10,Wallet,SUCCESS,2026-08-02 07:00:00,TXN403066
8160,6896,1909,254.76,Wallet,FAILED,2026-09-11 16:00:00,TXN976436
8161,6897,1911,267.84,Debit Card,SUCCESS,2026-04-14 08:00:00,TXN899064
8162,6898,1911,325.89,Debit Card,SUCCESS,2026-05-08 07:00:00,TXN397447
8163,6899,1911,279.71,Netbanking,SUCCESS,2026-06-03 22:00:00,TXN910215
8164,6900,1911,306.95,Wallet,SUCCESS,2026-07-07 18:00:00,
8165,6901,1911,182.53,Debit Card,SUCCESS,2026-08-13 08:00:00,TXN528171
8166,6902,1911,329.02,Wallet,SUCCESS,2026-09-06 16:00:00,TXN775601
8167,6903,1916,274.13,Netbanking,SUCCESS,2026-04-05 14:00:00,TXN521272
8168,6904,1916,361.71,Wallet,SUCCESS,2026-05-02 10:00:00,
8169,6905,1916,236.03,Debit Card,SUCCESS,2026-06-14 09:00:00,TXN148495
8170,6906,1916,314.16,Wallet,SUCCESS,2026-07-04 22:00:00,TXN889719
8171,6907,1916,263.51,UPI,SUCCESS,2026-08-12 14:00:00,TXN820809
8172,6908,1916,133.71,UPI,FAILED,2026-09-06 06:00:00,
8173,6908,1916,139.31,Debit Card,SUCCESS,2026-09-04 21:00:00,TXN924307
8174,6909,1917,295.97,Netbanking,SUCCESS,2026-04-13 15:00:00,TXN870255
8175,6910,1917,255.69,UPI,SUCCESS,2026-05-09 10:00:00,TXN717605
8176,6911,1917,326.50,Debit Card,SUCCESS,2026-06-08 13:00:00,TXN441601
8177,6912,1917,345.89,UPI,SUCCESS,2026-07-14 11:00:00,TXN817392
8178,6913,1917,217.97,Wallet,SUCCESS,2026-08-07 06:00:00,TXN524131
8179,6914,1917,252.21,Netbanking,FAILED,2026-09-05 16:00:00,TXN570276
8180,6915,1919,611.75,Wallet,SUCCESS,2026-04-09 06:00:00,TXN460479
8181,6915,1919,357.44,Wallet,PENDING,2026-04-14 16:00:00,TXN313778
8182,6916,1919,882.00,Wallet,SUCCESS,2026-05-09 11:00:00,TXN273613
8183,6917,1919,894.17,Netbanking,PENDING,2026-06-01 08:00:00,TXN548734
8184,6918,1919,836.87,Netbanking,SUCCESS,2026-07-07 17:00:00,TXN480098
8185,6919,1919,871.01,Debit Card,FAILED,2026-08-08 21:00:00,TXN430886
8186,6920,1919,931.46,Netbanking,SUCCESS,2026-09-12 11:00:00,TXN935563
8187,6921,1921,627.83,UPI,SUCCESS,2026-04-07 06:00:00,TXN951708
8188,6922,1921,571.92,Debit Card,SUCCESS,2026-05-10 14:00:00,TXN639284
8189,6923,1921,585.76,Netbanking,SUCCESS,2026-06-05 10:00:00,TXN544366
8190,6924,1921,564.44,Debit Card,SUCCESS,2026-07-14 12:00:00,TXN213911
8191,6925,1921,256.55,UPI,SUCCESS,2026-08-10 13:00:00,TXN684567
8192,6925,1921,265.21,UPI,SUCCESS,2026-08-09 13:00:00,TXN787095
8193,6926,1921,370.62,Wallet,SUCCESS,2026-09-14 18:00:00,TXN271238
8194,6926,1921,163.34,Credit Card,SUCCESS,2026-09-02 12:00:00,TXN629345
8195,6927,1922,448.17,Netbanking,FAILED,2026-04-10 18:00:00,TXN896131
8196,6927,1922,631.85,UPI,SUCCESS,2026-04-09 17:00:00,TXN731651
8197,6928,1922,1097.53,Debit Card,FAILED,2026-05-15 06:00:00,TXN785963
8198,6929,1922,1262.67,Netbanking,FAILED,2026-06-05 13:00:00,TXN790041
8199,6930,1922,410.33,Credit Card,SUCCESS,2026-07-02 08:00:00,TXN596179
8200,6930,1922,745.42,Wallet,SUCCESS,2026-07-05 08:00:00,TXN964473
8201,6931,1922,1106.72,Wallet,SUCCESS,2026-08-14 22:00:00,TXN189318
8202,6932,1922,1052.05,Debit Card,SUCCESS,2026-09-10 06:00:00,TXN802745
8203,6933,1926,222.48,UPI,SUCCESS,2026-04-15 11:00:00,TXN482531
8204,6934,1926,297.09,Debit Card,SUCCESS,2026-05-01 21:00:00,TXN725019
8205,6935,1926,92.17,UPI,SUCCESS,2026-06-12 09:00:00,TXN808661
8206,6935,1926,172.80,Credit Card,SUCCESS,2026-06-02 11:00:00,TXN461332
8207,6936,1926,263.97,UPI,SUCCESS,2026-07-14 13:00:00,TXN324035
8208,6936,1926,117.17,Credit Card,SUCCESS,2026-07-13 09:00:00,TXN918313
8209,6937,1926,280.60,Debit Card,SUCCESS,2026-08-08 19:00:00,
8210,6938,1926,281.61,Credit Card,SUCCESS,2026-09-14 08:00:00,TXN556473
8211,6939,1930,299.98,Credit Card,SUCCESS,2026-04-03 08:00:00,TXN481145
8212,6939,1930,511.93,Debit Card,SUCCESS,2026-04-08 11:00:00,TXN377653
8213,6940,1930,771.79,Credit Card,FAILED,2026-05-07 16:00:00,TXN319857
8214,6941,1930,959.09,UPI,FAILED,2026-06-06 14:00:00,TXN495446
8215,6942,1930,875.19,Credit Card,SUCCESS,2026-07-04 19:00:00,TXN346390
8216,6943,1930,856.41,Credit Card,SUCCESS,2026-08-10 16:00:00,TXN722158
8217,6944,1930,381.55,UPI,SUCCESS,2026-09-02 15:00:00,TXN270841
8218,6944,1930,485.23,UPI,SUCCESS,2026-09-15 16:00:00,TXN710818
8219,6945,1938,388.83,Credit Card,SUCCESS,2026-04-12 14:00:00,
8220,6946,1938,322.66,Debit Card,SUCCESS,2026-05-04 16:00:00,TXN282471
8221,6947,1938,341.22,UPI,SUCCESS,2026-06-11 06:00:00,TXN921670
8222,6948,1938,300.77,Credit Card,SUCCESS,2026-07-03 15:00:00,TXN107468
8223,6949,1938,265.19,UPI,SUCCESS,2026-08-06 22:00:00,TXN428513
8224,6950,1938,284.77,Wallet,SUCCESS,2026-09-15 20:00:00,TXN568979
8225,6950,1938,160.73,Netbanking,SUCCESS,2026-09-02 07:00:00,TXN420999
8226,6951,1940,391.59,Debit Card,SUCCESS,2026-04-04 10:00:00,TXN614082
8227,6952,1940,327.65,Wallet,SUCCESS,2026-05-13 11:00:00,TXN931404
8228,6953,1940,127.32,Credit Card,SUCCESS,2026-06-13 08:00:00,TXN315555
8229,6953,1940,220.34,UPI,SUCCESS,2026-06-07 10:00:00,TXN413083
8230,6954,1940,310.56,Debit Card,SUCCESS,2026-07-08 10:00:00,TXN629824
8231,6955,1940,118.24,Credit Card,SUCCESS,2026-08-15 17:00:00,TXN109675
8232,6955,1940,264.92,Netbanking,SUCCESS,2026-08-01 21:00:00,TXN153521
8233,6956,1940,425.05,Netbanking,SUCCESS,2026-09-09 14:00:00,TXN598798
8234,6957,1941,909.66,Wallet,PENDING,2026-04-15 21:00:00,TXN757431
8235,6958,1941,888.74,UPI,SUCCESS,2026-05-04 13:00:00,TXN433788
8236,6959,1941,915.50,Credit Card,SUCCESS,2026-06-02 12:00:00,TXN263503
8237,6960,1941,945.18,Debit Card,SUCCESS,2026-07-02 06:00:00,TXN680625
8238,6961,1941,451.10,UPI,SUCCESS,2026-08-04 16:00:00,TXN224943
8239,6961,1941,436.81,Wallet,SUCCESS,2026-08-06 20:00:00,TXN500967
8240,6962,1941,827.62,Debit Card,SUCCESS,2026-09-12 09:00:00,TXN470120
8241,6963,1942,569.42,Wallet,SUCCESS,2026-04-09 21:00:00,TXN350173
8242,6964,1942,444.33,Netbanking,SUCCESS,2026-05-06 16:00:00,TXN536223
8243,6965,1942,482.45,UPI,SUCCESS,2026-06-11 09:00:00,TXN423850
8244,6966,1942,388.07,Debit Card,SUCCESS,2026-07-06 21:00:00,TXN434830
8245,6967,1942,507.98,UPI,SUCCESS,2026-08-15 09:00:00,TXN798540
8246,6968,1942,382.61,Debit Card,SUCCESS,2026-09-11 16:00:00,TXN574292
8247,6969,1947,386.78,Debit Card,SUCCESS,2026-04-05 18:00:00,TXN298210
8248,6969,1947,414.42,Wallet,SUCCESS,2026-04-08 08:00:00,TXN336012
8249,6970,1947,1000.00,Credit Card,SUCCESS,2026-05-02 20:00:00,TXN347444
8250,6971,1947,982.21,Credit Card,SUCCESS,2026-06-12 08:00:00,TXN763896
8251,6972,1947,856.16,Wallet,SUCCESS,2026-07-02 11:00:00,TXN626439
8252,6973,1947,897.06,Credit Card,SUCCESS,2026-08-01 17:00:00,TXN802513
8253,6974,1947,978.74,Netbanking,SUCCESS,2026-09-11 16:00:00,TXN765884
8254,6975,1948,3656.30,Netbanking,SUCCESS,2026-04-06 18:00:00,TXN372520
8255,6976,1948,3675.48,UPI,SUCCESS,2026-05-05 15:00:00,TXN573890
8256,6977,1948,3546.60,Netbanking,SUCCESS,2026-06-07 15:00:00,TXN185531
8257,6978,1948,3539.95,Wallet,SUCCESS,2026-07-03 14:00:00,TXN433884
8258,6979,1948,2153.84,Credit Card,SUCCESS,2026-08-07 14:00:00,TXN551089
8259,6979,1948,1508.37,Debit Card,SUCCESS,2026-08-15 21:00:00,TXN296322
8260,6980,1948,1876.38,Wallet,SUCCESS,2026-09-09 17:00:00,TXN892728
8261,6980,1948,1732.53,Credit Card,SUCCESS,2026-09-03 08:00:00,TXN665804
8262,6981,1950,347.51,Debit Card,SUCCESS,2026-04-07 09:00:00,TXN498389
8263,6982,1950,321.88,Wallet,PENDING,2026-05-10 20:00:00,TXN448459
8264,6983,1950,121.23,Debit Card,SUCCESS,2026-06-15 15:00:00,TXN503242
8265,6983,1950,149.92,Wallet,SUCCESS,2026-06-04 18:00:00,TXN530724
8266,6984,1950,193.93,Netbanking,SUCCESS,2026-07-04 18:00:00,TXN355073
8267,6985,1950,113.57,Netbanking,SUCCESS,2026-08-08 09:00:00,TXN688409
8268,6985,1950,131.02,Debit Card,SUCCESS,2026-08-02 14:00:00,TXN675062
8269,6986,1950,351.22,Credit Card,SUCCESS,2026-09-15 22:00:00,TXN358311
8270,6987,1956,226.24,Credit Card,SUCCESS,2026-04-15 17:00:00,TXN576842
8271,6988,1956,179.31,Credit Card,SUCCESS,2026-05-10 20:00:00,TXN579082
8272,6988,1956,205.84,Netbanking,SUCCESS,2026-05-04 14:00:00,TXN346130
8273,6989,1956,213.45,Netbanking,SUCCESS,2026-06-11 11:00:00,TXN768975
8274,6990,1956,361.66,Wallet,PENDING,2026-07-05 10:00:00,TXN523256
8275,6991,1956,217.04,Debit Card,SUCCESS,2026-08-13 14:00:00,TXN443645
8276,6992,1956,353.92,Debit Card,SUCCESS,2026-09-05 14:00:00,TXN517416
8277,6993,1964,3702.46,UPI,SUCCESS,2026-04-04 07:00:00,TXN115559
8278,6994,1964,1490.55,Credit Card,SUCCESS,2026-05-12 10:00:00,TXN305605
8279,6994,1964,2108.86,Wallet,SUCCESS,2026-05-03 10:00:00,TXN853921
8280,6995,1964,3669.27,Debit Card,FAILED,2026-06-13 22:00:00,TXN761543
8281,6996,1964,3647.85,Debit Card,SUCCESS,2026-07-14 19:00:00,TXN429240
8282,6997,1964,3665.87,Wallet,SUCCESS,2026-08-05 19:00:00,TXN860275
8283,6998,1964,3699.39,Credit Card,SUCCESS,2026-09-14 14:00:00,TXN567352
8284,6999,1971,437.82,Wallet,FAILED,2026-04-03 22:00:00,TXN304940
8285,7000,1971,277.67,Wallet,SUCCESS,2026-05-06 14:00:00,TXN729388
8286,7001,1971,100.60,UPI,SUCCESS,2026-06-08 16:00:00,TXN463266
8287,7001,1971,183.71,Wallet,SUCCESS,2026-06-01 17:00:00,TXN646117
8288,7002,1971,281.08,Netbanking,SUCCESS,2026-07-01 10:00:00,TXN526341
8289,7003,1971,345.41,Netbanking,FAILED,2026-08-13 12:00:00,TXN703116
8290,7004,1971,347.59,Credit Card,SUCCESS,2026-09-13 11:00:00,TXN996537
8291,7005,1972,326.38,UPI,FAILED,2026-04-06 11:00:00,TXN368149
8292,7006,1972,342.99,Wallet,SUCCESS,2026-05-07 09:00:00,TXN145178
8293,7007,1972,470.09,UPI,SUCCESS,2026-06-11 13:00:00,TXN534970
8294,7008,1972,484.27,UPI,SUCCESS,2026-07-09 07:00:00,TXN753109
8295,7009,1972,431.87,Netbanking,SUCCESS,2026-08-15 06:00:00,TXN843409
8296,7010,1972,344.93,Credit Card,SUCCESS,2026-09-02 22:00:00,TXN447843
8297,7011,1974,1065.89,Debit Card,SUCCESS,2026-04-03 13:00:00,TXN796203
8298,7012,1974,799.47,Debit Card,SUCCESS,2026-05-10 22:00:00,TXN727212
8299,7013,1974,813.36,UPI,SUCCESS,2026-06-03 11:00:00,TXN263016
8300,7014,1974,485.16,Wallet,SUCCESS,2026-07-14 21:00:00,TXN996978
8301,7014,1974,438.14,UPI,SUCCESS,2026-07-13 21:00:00,TXN559166
8302,7015,1974,918.94,Wallet,SUCCESS,2026-08-06 19:00:00,TXN491423
8303,7016,1974,817.89,UPI,SUCCESS,2026-09-06 10:00:00,TXN641141
8304,7017,1975,408.35,Debit Card,SUCCESS,2026-04-04 17:00:00,TXN273357
8305,7018,1975,347.57,Credit Card,SUCCESS,2026-05-03 20:00:00,TXN708656
8306,7019,1975,136.70,Credit Card,PENDING,2026-06-03 10:00:00,TXN702555
8307,7019,1975,237.24,Netbanking,SUCCESS,2026-06-15 10:00:00,TXN676448
8308,7020,1975,423.60,Debit Card,FAILED,2026-07-10 14:00:00,TXN472087
8309,7021,1975,312.85,Wallet,SUCCESS,2026-08-02 20:00:00,TXN138900
8310,7022,1975,380.31,Wallet,SUCCESS,2026-09-11 21:00:00,
8311,7023,1976,167.32,Wallet,SUCCESS,2026-04-10 08:00:00,TXN497484
8312,7024,1976,158.33,Wallet,SUCCESS,2026-05-08 11:00:00,TXN851895
8313,7025,1976,134.54,Wallet,SUCCESS,2026-06-04 15:00:00,TXN518114
8314,7026,1976,282.44,UPI,FAILED,2026-07-07 07:00:00,TXN117295
8315,7027,1976,156.63,Netbanking,SUCCESS,2026-08-10 22:00:00,TXN305702
8316,7028,1976,196.89,UPI,SUCCESS,2026-09-04 09:00:00,TXN449532
8317,7029,1980,267.03,UPI,SUCCESS,2026-04-01 06:00:00,TXN406238
8318,7030,1980,382.98,Credit Card,FAILED,2026-05-14 07:00:00,TXN660280
8319,7031,1980,338.74,Netbanking,SUCCESS,2026-06-07 19:00:00,TXN187495
8320,7032,1980,244.81,Debit Card,SUCCESS,2026-07-11 12:00:00,TXN764640
8321,7033,1980,284.04,Netbanking,SUCCESS,2026-08-13 15:00:00,TXN343885
8322,7034,1980,397.20,Netbanking,PENDING,2026-09-08 11:00:00,TXN514054
8323,7035,1981,1183.26,Credit Card,SUCCESS,2026-04-09 18:00:00,TXN689812
8324,7036,1981,1265.93,UPI,FAILED,2026-05-03 11:00:00,TXN829793
8325,7037,1981,1267.57,Credit Card,FAILED,2026-06-07 12:00:00,TXN679708
8326,7038,1981,1230.01,Credit Card,SUCCESS,2026-07-09 12:00:00,TXN436507
8327,7039,1981,1169.91,Wallet,SUCCESS,2026-08-09 21:00:00,TXN108310
8328,7040,1981,574.52,Netbanking,SUCCESS,2026-09-02 16:00:00,TXN538106
8329,7040,1981,564.96,Netbanking,SUCCESS,2026-09-15 11:00:00,TXN869234
8330,7041,1988,445.41,Wallet,SUCCESS,2026-04-03 10:00:00,TXN790005
8331,7042,1988,511.53,Debit Card,FAILED,2026-05-03 06:00:00,TXN308460
8332,7043,1988,377.41,Netbanking,SUCCESS,2026-06-06 07:00:00,TXN927868
8333,7044,1988,391.30,Wallet,SUCCESS,2026-07-09 07:00:00,TXN157860
8334,7045,1988,449.85,Credit Card,SUCCESS,2026-08-01 19:00:00,TXN924331
8335,7046,1988,442.49,Credit Card,SUCCESS,2026-09-02 17:00:00,TXN544557
8336,7047,1989,653.48,UPI,SUCCESS,2026-04-06 20:00:00,TXN952710
8337,7048,1989,430.53,UPI,SUCCESS,2026-05-06 12:00:00,TXN668628
8338,7048,1989,329.19,UPI,SUCCESS,2026-05-05 17:00:00,TXN750518
8339,7049,1989,657.93,Debit Card,SUCCESS,2026-06-02 21:00:00,TXN158573
8340,7050,1989,253.02,Credit Card,SUCCESS,2026-07-06 13:00:00,
8341,7050,1989,439.72,Netbanking,FAILED,2026-07-13 16:00:00,
8342,7051,1989,596.44,Netbanking,SUCCESS,2026-08-02 12:00:00,
8343,7052,1989,279.80,Debit Card,SUCCESS,2026-09-09 15:00:00,TXN103105
8344,7052,1989,429.47,Netbanking,SUCCESS,2026-09-10 17:00:00,TXN431396
8345,7053,1994,1166.43,Credit Card,SUCCESS,2026-04-15 20:00:00,TXN211590
8346,7054,1994,1218.17,Wallet,SUCCESS,2026-05-07 09:00:00,TXN121589
8347,7055,1994,1156.10,Credit Card,SUCCESS,2026-06-10 08:00:00,TXN465936
8348,7056,1994,1206.72,Credit Card,SUCCESS,2026-07-14 08:00:00,TXN188470
8349,7057,1994,1112.96,Debit Card,SUCCESS,2026-08-10 13:00:00,TXN289160
8350,7058,1994,1284.26,UPI,SUCCESS,2026-09-08 16:00:00,TXN271660
8351,7059,1996,242.03,Wallet,SUCCESS,2026-04-01 16:00:00,TXN254351
8352,7060,1996,305.38,Wallet,SUCCESS,2026-05-01 18:00:00,
8353,7061,1996,232.29,Wallet,FAILED,2026-06-07 13:00:00,TXN193635
8354,7062,1996,286.81,Debit Card,SUCCESS,2026-07-06 10:00:00,TXN336657
8355,7063,1996,234.14,Debit Card,SUCCESS,2026-08-13 09:00:00,TXN933951
8356,7064,1996,97.16,UPI,SUCCESS,2026-09-07 11:00:00,TXN496098
8357,7064,1996,189.97,Debit Card,SUCCESS,2026-09-11 08:00:00,TXN137138
8358,7065,1998,3681.94,Credit Card,SUCCESS,2026-04-11 09:00:00,TXN399768
8359,7066,1998,3674.37,Debit Card,SUCCESS,2026-05-11 14:00:00,TXN210091
8360,7067,1998,3742.59,Credit Card,SUCCESS,2026-06-04 10:00:00,TXN603854
8361,7068,1998,3627.86,Credit Card,FAILED,2026-07-06 12:00:00,TXN794688
8362,7069,1998,3674.57,Netbanking,SUCCESS,2026-08-14 20:00:00,TXN157365
8363,7070,1998,1730.58,Debit Card,SUCCESS,2026-09-04 20:00:00,TXN565472
8364,7070,1998,1866.56,Wallet,SUCCESS,2026-09-01 17:00:00,TXN223719
8365,7071,1999,314.48,Wallet,FAILED,2026-04-01 11:00:00,TXN462574
8366,7072,1999,110.29,Wallet,SUCCESS,2026-05-15 06:00:00,TXN513628
8367,7072,1999,113.21,Netbanking,SUCCESS,2026-05-04 11:00:00,TXN404562
8368,7073,1999,91.00,Credit Card,SUCCESS,2026-06-03 21:00:00,TXN829929
8369,7073,1999,157.60,Wallet,SUCCESS,2026-06-06 07:00:00,TXN477985
8370,7074,1999,248.77,UPI,SUCCESS,2026-07-13 10:00:00,TXN588458
8371,7075,1999,317.21,Wallet,SUCCESS,2026-08-06 17:00:00,TXN182667
8372,7076,1999,317.40,Netbanking,SUCCESS,2026-09-12 06:00:00,TXN453787
8373,7077,2002,123.06,Netbanking,SUCCESS,2026-04-13 09:00:00,
8374,7077,2002,108.31,Debit Card,SUCCESS,2026-04-14 10:00:00,TXN271214
8375,7078,2002,366.48,Debit Card,SUCCESS,2026-05-14 12:00:00,TXN701317
8376,7079,2002,263.27,Credit Card,SUCCESS,2026-06-09 15:00:00,TXN414041
8377,7080,2002,298.17,Debit Card,SUCCESS,2026-07-03 18:00:00,TXN114721
8378,7081,2002,370.00,UPI,FAILED,2026-08-05 22:00:00,TXN196241
8379,7082,2002,262.11,Wallet,SUCCESS,2026-09-13 14:00:00,TXN367604
8380,7083,2003,307.21,Netbanking,SUCCESS,2026-04-10 15:00:00,TXN511646
8381,7084,2003,235.63,Debit Card,SUCCESS,2026-05-06 16:00:00,TXN360106
8382,7085,2003,410.72,Netbanking,SUCCESS,2026-06-11 12:00:00,TXN184245
8383,7086,2003,255.25,Wallet,SUCCESS,2026-07-08 17:00:00,TXN930471
8384,7087,2003,138.58,Debit Card,SUCCESS,2026-08-01 18:00:00,TXN974810
8385,7087,2003,150.18,UPI,SUCCESS,2026-08-07 16:00:00,TXN720046
8386,7088,2003,342.39,Debit Card,SUCCESS,2026-09-03 17:00:00,TXN121962
8387,7089,2006,336.43,UPI,SUCCESS,2026-04-02 19:00:00,TXN924993
8388,7090,2006,337.09,UPI,SUCCESS,2026-05-09 11:00:00,TXN659507
8389,7091,2006,247.82,Netbanking,SUCCESS,2026-06-08 11:00:00,TXN272709
8390,7091,2006,134.79,Credit Card,FAILED,2026-06-04 15:00:00,TXN726835
8391,7092,2006,398.80,Wallet,SUCCESS,2026-07-12 13:00:00,TXN352599
8392,7093,2006,358.65,Netbanking,SUCCESS,2026-08-05 13:00:00,TXN800247
8393,7094,2006,361.54,Debit Card,SUCCESS,2026-09-08 18:00:00,TXN705460
8394,7095,2011,413.07,Wallet,SUCCESS,2026-04-07 09:00:00,TXN560547
8395,7096,2011,354.07,Credit Card,SUCCESS,2026-05-03 12:00:00,TXN769043
8396,7097,2011,405.34,Credit Card,FAILED,2026-06-06 06:00:00,TXN367859
8397,7098,2011,443.69,Netbanking,FAILED,2026-07-08 10:00:00,TXN442478
8398,7099,2011,466.47,Debit Card,PENDING,2026-08-08 15:00:00,TXN738954
8399,7100,2011,388.43,Wallet,SUCCESS,2026-09-09 06:00:00,TXN154384
8400,7101,2015,339.78,Wallet,SUCCESS,2026-04-12 10:00:00,
8401,7102,2015,339.14,Netbanking,SUCCESS,2026-05-05 22:00:00,TXN827526
8402,7103,2015,475.18,Credit Card,PENDING,2026-06-14 11:00:00,TXN187398
8403,7104,2015,317.83,UPI,SUCCESS,2026-07-08 08:00:00,TXN679178
8404,7105,2015,361.43,Netbanking,SUCCESS,2026-08-09 13:00:00,TXN442446
8405,7106,2015,341.96,Netbanking,SUCCESS,2026-09-08 17:00:00,TXN766857
8406,7107,2018,308.00,Wallet,SUCCESS,2026-04-03 12:00:00,TXN676857
8407,7107,2018,141.75,Netbanking,FAILED,2026-04-06 11:00:00,TXN175693
8408,7108,2018,387.36,Credit Card,SUCCESS,2026-05-10 07:00:00,TXN978077
8409,7109,2018,119.81,Debit Card,SUCCESS,2026-06-04 08:00:00,TXN105481
8410,7109,2018,133.16,Netbanking,FAILED,2026-06-06 22:00:00,TXN715487
8411,7110,2018,269.08,Debit Card,SUCCESS,2026-07-05 19:00:00,TXN530054
8412,7111,2018,192.27,Netbanking,SUCCESS,2026-08-03 12:00:00,TXN173280
8413,7112,2018,268.52,Credit Card,SUCCESS,2026-09-13 11:00:00,TXN540127
8414,7113,2024,284.62,Netbanking,SUCCESS,2026-04-09 12:00:00,TXN403903
8415,7114,2024,325.59,Debit Card,SUCCESS,2026-05-13 18:00:00,TXN247947
8416,7115,2024,222.84,Netbanking,SUCCESS,2026-06-08 19:00:00,TXN593223
8417,7116,2024,295.57,Netbanking,SUCCESS,2026-07-03 07:00:00,TXN678189
8418,7117,2024,288.70,Netbanking,SUCCESS,2026-08-14 21:00:00,TXN620305
8419,7118,2024,227.00,Credit Card,SUCCESS,2026-09-12 21:00:00,TXN947090
8420,7119,2026,375.48,Netbanking,SUCCESS,2026-04-06 11:00:00,TXN708008
8421,7120,2026,292.63,UPI,SUCCESS,2026-05-05 06:00:00,TXN980332
8422,7121,2026,121.82,Netbanking,SUCCESS,2026-06-03 10:00:00,TXN921978
8423,7121,2026,139.17,Netbanking,SUCCESS,2026-06-10 15:00:00,
8424,7122,2026,196.92,Wallet,SUCCESS,2026-07-12 09:00:00,
8425,7123,2026,230.60,UPI,SUCCESS,2026-08-12 14:00:00,TXN948943
8426,7124,2026,272.14,Wallet,SUCCESS,2026-09-15 07:00:00,TXN947875
8427,7125,2029,3563.42,UPI,SUCCESS,2026-04-05 15:00:00,TXN816278
8428,7126,2029,1396.09,Wallet,SUCCESS,2026-05-04 22:00:00,TXN428757
8429,7126,2029,2194.46,Netbanking,SUCCESS,2026-05-11 21:00:00,TXN728859
8430,7127,2029,1942.18,UPI,SUCCESS,2026-06-04 21:00:00,TXN451792
8431,7127,2029,1723.76,Debit Card,SUCCESS,2026-06-03 13:00:00,
8432,7128,2029,2059.36,Wallet,SUCCESS,2026-07-06 08:00:00,TXN665649
8433,7128,2029,1582.37,Wallet,SUCCESS,2026-07-14 16:00:00,TXN972523
8434,7129,2029,3673.67,Netbanking,SUCCESS,2026-08-01 21:00:00,TXN110989
8435,7130,2029,3661.27,Wallet,SUCCESS,2026-09-03 19:00:00,TXN426373
8436,7131,2034,414.57,Credit Card,SUCCESS,2026-04-03 22:00:00,TXN179001
8437,7132,2034,175.95,UPI,SUCCESS,2026-05-13 13:00:00,TXN446898
8438,7132,2034,385.43,Debit Card,SUCCESS,2026-05-02 11:00:00,TXN949412
8439,7133,2034,251.57,Netbanking,FAILED,2026-06-08 14:00:00,TXN257086
8440,7133,2034,171.72,Wallet,SUCCESS,2026-06-02 21:00:00,TXN228255
8441,7134,2034,487.59,UPI,SUCCESS,2026-07-05 14:00:00,TXN679087
8442,7135,2034,431.81,Debit Card,SUCCESS,2026-08-15 12:00:00,
8443,7136,2034,491.08,Wallet,FAILED,2026-09-06 14:00:00,TXN694794
8444,7137,2035,237.24,Wallet,SUCCESS,2026-04-15 08:00:00,TXN893698
8445,7138,2035,214.81,UPI,SUCCESS,2026-05-09 12:00:00,TXN682811
8446,7139,2035,218.24,Netbanking,SUCCESS,2026-06-11 14:00:00,TXN596755
8447,7140,2035,187.32,UPI,SUCCESS,2026-07-10 20:00:00,TXN542207
8448,7141,2035,306.65,Debit Card,SUCCESS,2026-08-02 20:00:00,TXN967525
8449,7142,2035,302.50,Wallet,FAILED,2026-09-05 20:00:00,TXN329763
8450,7143,2037,1175.15,Debit Card,SUCCESS,2026-04-06 19:00:00,TXN970485
8451,7144,2037,673.47,Debit Card,SUCCESS,2026-05-05 12:00:00,TXN691657
8452,7144,2037,692.78,UPI,SUCCESS,2026-05-14 12:00:00,TXN965464
8453,7145,2037,1153.86,UPI,PENDING,2026-06-01 07:00:00,TXN159380
8454,7146,2037,1275.93,Netbanking,SUCCESS,2026-07-15 19:00:00,TXN753976
8455,7147,2037,1144.84,Wallet,SUCCESS,2026-08-08 21:00:00,TXN111513
8456,7148,2037,1289.93,Credit Card,SUCCESS,2026-09-03 22:00:00,TXN702260
8457,7149,2038,505.63,Wallet,SUCCESS,2026-04-15 19:00:00,TXN486493
8458,7149,2038,571.20,Credit Card,SUCCESS,2026-04-12 09:00:00,TXN497072
8459,7150,2038,1128.76,UPI,SUCCESS,2026-05-11 13:00:00,TXN285838
8460,7151,2038,1049.50,UPI,SUCCESS,2026-06-10 18:00:00,TXN959378
8461,7152,2038,1116.98,UPI,SUCCESS,2026-07-10 07:00:00,TXN711288
8462,7153,2038,1107.50,UPI,FAILED,2026-08-03 22:00:00,TXN706761
8463,7154,2038,1112.72,Netbanking,SUCCESS,2026-09-15 19:00:00,TXN530844
8464,7155,2039,375.82,Wallet,FAILED,2026-04-13 13:00:00,TXN866821
8465,7156,2039,374.13,Credit Card,SUCCESS,2026-05-01 20:00:00,TXN186919
8466,7157,2039,337.13,Debit Card,FAILED,2026-06-10 22:00:00,TXN855782
8467,7158,2039,436.28,Debit Card,SUCCESS,2026-07-01 22:00:00,TXN978833
8468,7159,2039,156.38,Wallet,SUCCESS,2026-08-10 19:00:00,TXN994562
8469,7159,2039,267.30,Wallet,PENDING,2026-08-01 11:00:00,TXN410326
8470,7160,2039,488.76,Debit Card,SUCCESS,2026-09-01 10:00:00,TXN482590
8471,7161,2040,777.31,Netbanking,SUCCESS,2026-04-01 07:00:00,TXN753075
8472,7162,2040,819.96,UPI,SUCCESS,2026-05-10 06:00:00,TXN669677
8473,7163,2040,899.80,Netbanking,SUCCESS,2026-06-02 08:00:00,
8474,7164,2040,875.11,Credit Card,SUCCESS,2026-07-03 06:00:00,TXN748061
8475,7165,2040,829.81,Credit Card,SUCCESS,2026-08-08 21:00:00,TXN491373
8476,7166,2040,559.90,Debit Card,SUCCESS,2026-09-10 14:00:00,TXN700891
8477,7166,2040,362.78,Credit Card,SUCCESS,2026-09-12 08:00:00,TXN497978
8478,7167,2041,977.62,Credit Card,FAILED,2026-04-03 09:00:00,TXN101991
8479,7168,2041,970.11,Debit Card,SUCCESS,2026-05-09 20:00:00,TXN932782
8480,7169,2041,926.16,Credit Card,SUCCESS,2026-06-04 22:00:00,TXN968419
8481,7170,2041,905.13,UPI,SUCCESS,2026-07-09 20:00:00,TXN778567
8482,7171,2041,899.44,Netbanking,SUCCESS,2026-08-14 09:00:00,TXN274391
8483,7172,2041,871.70,Wallet,SUCCESS,2026-09-03 06:00:00,TXN134141
8484,7173,2045,355.79,Credit Card,SUCCESS,2026-04-09 13:00:00,TXN613222
8485,7173,2045,160.94,Credit Card,SUCCESS,2026-04-15 19:00:00,TXN638276
8486,7174,2045,218.28,UPI,SUCCESS,2026-05-03 19:00:00,TXN572634
8487,7174,2045,287.41,Wallet,SUCCESS,2026-05-02 14:00:00,TXN820834
8488,7175,2045,534.33,Netbanking,SUCCESS,2026-06-02 08:00:00,TXN241993
8489,7176,2045,587.77,UPI,SUCCESS,2026-07-01 17:00:00,TXN768185
8490,7177,2045,377.05,Credit Card,SUCCESS,2026-08-06 10:00:00,TXN926300
8491,7177,2045,238.98,Wallet,SUCCESS,2026-08-12 14:00:00,TXN454590
8492,7178,2045,683.48,Netbanking,SUCCESS,2026-09-04 12:00:00,TXN711894
8493,7179,2050,1003.42,UPI,SUCCESS,2026-04-12 09:00:00,TXN705417
8494,7180,2050,1086.84,UPI,SUCCESS,2026-05-11 21:00:00,TXN160210
8495,7181,2050,1073.61,Netbanking,PENDING,2026-06-07 10:00:00,TXN725277
8496,7182,2050,1105.54,Debit Card,SUCCESS,2026-07-09 14:00:00,TXN971775
8497,7183,2050,956.00,Credit Card,FAILED,2026-08-04 08:00:00,TXN754203
8498,7184,2050,970.17,Debit Card,SUCCESS,2026-09-14 21:00:00,TXN959723
8499,7185,2051,1141.48,Wallet,SUCCESS,2026-04-05 21:00:00,TXN278841
8500,7186,2051,1157.30,Netbanking,SUCCESS,2026-05-05 10:00:00,TXN370099
8501,7187,2051,733.99,Credit Card,SUCCESS,2026-06-06 09:00:00,TXN395274
8502,7187,2051,354.87,Wallet,SUCCESS,2026-06-02 17:00:00,TXN652379
8503,7188,2051,1287.17,Credit Card,SUCCESS,2026-07-14 21:00:00,TXN649609
8504,7189,2051,1174.36,Wallet,SUCCESS,2026-08-12 07:00:00,TXN261242
8505,7190,2051,1113.48,Netbanking,SUCCESS,2026-09-12 13:00:00,TXN758149
8506,7191,2059,258.50,UPI,SUCCESS,2026-04-12 11:00:00,TXN193781
8507,7192,2059,230.10,Wallet,SUCCESS,2026-05-04 06:00:00,TXN120833
8508,7193,2059,191.02,Netbanking,SUCCESS,2026-06-10 13:00:00,TXN773569
8509,7194,2059,268.32,Netbanking,SUCCESS,2026-07-11 15:00:00,TXN196394
8510,7195,2059,318.20,UPI,SUCCESS,2026-08-12 19:00:00,
8511,7196,2059,256.67,UPI,SUCCESS,2026-09-04 19:00:00,TXN899619
8512,7197,2065,223.39,Debit Card,SUCCESS,2026-04-05 11:00:00,TXN147453
8513,7198,2065,250.54,Debit Card,SUCCESS,2026-05-11 22:00:00,TXN634368
8514,7199,2065,332.04,UPI,SUCCESS,2026-06-05 21:00:00,TXN891328
8515,7200,2065,220.00,Debit Card,SUCCESS,2026-07-08 22:00:00,TXN868451
8516,7201,2065,305.67,UPI,SUCCESS,2026-08-05 11:00:00,TXN341354
8517,7202,2065,310.63,Netbanking,SUCCESS,2026-09-09 17:00:00,TXN310565
8518,7203,2067,770.48,Debit Card,SUCCESS,2026-04-08 19:00:00,TXN696751
8519,7204,2067,914.12,UPI,PENDING,2026-05-12 09:00:00,TXN171827
8520,7205,2067,843.58,Wallet,SUCCESS,2026-06-13 10:00:00,TXN201377
8521,7206,2067,599.73,Credit Card,SUCCESS,2026-07-02 06:00:00,TXN900196
8522,7206,2067,275.28,Debit Card,SUCCESS,2026-07-09 19:00:00,TXN379472
8523,7207,2067,845.15,Wallet,SUCCESS,2026-08-08 10:00:00,TXN568923
8524,7208,2067,789.68,Credit Card,SUCCESS,2026-09-08 06:00:00,TXN111273
8525,7209,2070,782.58,Debit Card,SUCCESS,2026-04-09 15:00:00,TXN530245
8526,7210,2070,610.39,UPI,SUCCESS,2026-05-13 18:00:00,TXN945315
8527,7211,2070,683.00,UPI,SUCCESS,2026-06-03 20:00:00,TXN397621
8528,7212,2070,601.94,Wallet,SUCCESS,2026-07-05 16:00:00,TXN379872
8529,7213,2070,602.30,Wallet,SUCCESS,2026-08-11 18:00:00,TXN637235
8530,7214,2070,705.34,Netbanking,FAILED,2026-09-10 15:00:00,TXN327188
8531,7215,2076,841.23,Netbanking,SUCCESS,2026-04-13 07:00:00,TXN944751
8532,7216,2076,918.50,Wallet,SUCCESS,2026-05-13 10:00:00,TXN915229
8533,7217,2076,931.35,Debit Card,SUCCESS,2026-06-12 07:00:00,TXN656781
8534,7218,2076,975.26,Netbanking,PENDING,2026-07-08 11:00:00,TXN391689
8535,7219,2076,902.62,UPI,SUCCESS,2026-08-14 17:00:00,TXN182079
8536,7220,2076,768.14,UPI,SUCCESS,2026-09-11 17:00:00,TXN451764
8537,7221,2078,539.84,Debit Card,SUCCESS,2026-04-03 21:00:00,TXN988549
8538,7222,2078,592.12,Wallet,SUCCESS,2026-05-04 14:00:00,TXN289319
8539,7223,2078,604.25,Credit Card,SUCCESS,2026-06-08 09:00:00,TXN230717
8540,7224,2078,702.25,Credit Card,SUCCESS,2026-07-12 10:00:00,
8541,7225,2078,293.57,Wallet,SUCCESS,2026-08-01 12:00:00,TXN766020
8542,7225,2078,248.98,Wallet,FAILED,2026-08-09 07:00:00,TXN253067
8543,7226,2078,213.59,Debit Card,SUCCESS,2026-09-05 08:00:00,TXN691286
8544,7226,2078,449.36,Credit Card,SUCCESS,2026-09-11 11:00:00,TXN921909
8545,7227,2080,499.09,Debit Card,SUCCESS,2026-04-03 22:00:00,TXN705305
8546,7228,2080,511.35,UPI,SUCCESS,2026-05-01 19:00:00,TXN592580
8547,7229,2080,510.16,Netbanking,SUCCESS,2026-06-09 14:00:00,TXN204797
8548,7230,2080,540.85,Netbanking,SUCCESS,2026-07-05 10:00:00,TXN457307
8549,7231,2080,542.32,Credit Card,PENDING,2026-08-12 12:00:00,TXN174256
8550,7232,2080,599.66,Wallet,SUCCESS,2026-09-10 10:00:00,TXN987666
8551,7233,2083,1252.94,Wallet,SUCCESS,2026-04-08 07:00:00,TXN258487
8552,7234,2083,475.71,Credit Card,SUCCESS,2026-05-08 20:00:00,TXN899433
8553,7234,2083,770.84,Debit Card,SUCCESS,2026-05-04 21:00:00,TXN822143
8554,7235,2083,613.26,Debit Card,SUCCESS,2026-06-11 17:00:00,TXN852318
8555,7235,2083,585.83,Debit Card,FAILED,2026-06-11 13:00:00,TXN951898
8556,7236,2083,1182.05,Wallet,SUCCESS,2026-07-01 08:00:00,TXN338530
8557,7237,2083,1151.02,Credit Card,SUCCESS,2026-08-11 10:00:00,TXN702925
8558,7238,2083,579.58,Debit Card,SUCCESS,2026-09-09 19:00:00,TXN430998
8559,7238,2083,609.58,Debit Card,SUCCESS,2026-09-08 20:00:00,TXN992167
8560,7239,2086,1244.16,UPI,SUCCESS,2026-04-01 15:00:00,TXN301924
8561,7240,2086,1239.81,Wallet,SUCCESS,2026-05-03 18:00:00,TXN376096
8562,7241,2086,740.96,Netbanking,SUCCESS,2026-06-08 08:00:00,TXN400665
8563,7241,2086,384.38,Netbanking,SUCCESS,2026-06-10 12:00:00,TXN811851
8564,7242,2086,494.93,Credit Card,SUCCESS,2026-07-03 22:00:00,TXN902115
8565,7242,2086,732.09,UPI,SUCCESS,2026-07-07 18:00:00,TXN443516
8566,7243,2086,607.15,Debit Card,SUCCESS,2026-08-05 09:00:00,TXN117887
8567,7243,2086,582.35,Debit Card,PENDING,2026-08-03 18:00:00,TXN109000
8568,7244,2086,1297.81,Netbanking,SUCCESS,2026-09-14 11:00:00,TXN251640
8569,7245,2087,390.54,Credit Card,SUCCESS,2026-04-09 20:00:00,TXN704190
8570,7246,2087,325.41,UPI,PENDING,2026-05-02 14:00:00,TXN753258
8571,7247,2087,316.46,Wallet,FAILED,2026-06-07 08:00:00,TXN784587
8572,7248,2087,321.15,Netbanking,SUCCESS,2026-07-04 10:00:00,TXN696264
8573,7249,2087,321.05,Debit Card,SUCCESS,2026-08-04 09:00:00,TXN531572
8574,7250,2087,311.65,Wallet,SUCCESS,2026-09-10 19:00:00,TXN518945
8575,7251,2088,628.86,Debit Card,PENDING,2026-04-03 14:00:00,TXN799119
8576,7251,2088,610.13,Wallet,SUCCESS,2026-04-15 11:00:00,TXN925632
8577,7252,2088,1240.96,UPI,SUCCESS,2026-05-03 19:00:00,TXN517966
8578,7253,2088,1169.96,Wallet,SUCCESS,2026-06-04 17:00:00,TXN645316
8579,7254,2088,1180.50,Wallet,SUCCESS,2026-07-15 21:00:00,TXN399291
8580,7255,2088,1258.66,Credit Card,SUCCESS,2026-08-07 16:00:00,TXN766160
8581,7256,2088,1223.24,UPI,FAILED,2026-09-05 12:00:00,TXN940696
8582,7257,2095,162.47,UPI,SUCCESS,2026-04-12 20:00:00,TXN489231
8583,7257,2095,151.89,Netbanking,SUCCESS,2026-04-13 19:00:00,TXN277639
8584,7258,2095,306.98,Netbanking,SUCCESS,2026-05-15 10:00:00,TXN723063
8585,7259,2095,349.11,Netbanking,SUCCESS,2026-06-05 10:00:00,TXN327109
8586,7260,2095,113.31,Debit Card,SUCCESS,2026-07-13 15:00:00,TXN323555
8587,7260,2095,180.52,Credit Card,SUCCESS,2026-07-01 20:00:00,TXN690573
8588,7261,2095,320.55,UPI,SUCCESS,2026-08-02 07:00:00,TXN167683
8589,7262,2095,393.16,Credit Card,SUCCESS,2026-09-01 14:00:00,TXN564248
8590,7263,2097,595.46,Netbanking,SUCCESS,2026-04-15 20:00:00,TXN615262
8591,7264,2097,599.33,Debit Card,SUCCESS,2026-05-11 21:00:00,TXN651688
8592,7265,2097,597.47,Debit Card,SUCCESS,2026-06-02 08:00:00,TXN160842
8593,7266,2097,568.78,Debit Card,SUCCESS,2026-07-10 06:00:00,TXN951589
8594,7267,2097,602.41,Credit Card,PENDING,2026-08-10 22:00:00,TXN880487
8595,7268,2097,659.71,Credit Card,SUCCESS,2026-09-15 10:00:00,TXN205415
8596,7269,2099,479.83,Wallet,SUCCESS,2026-04-11 07:00:00,TXN386793
8597,7270,2099,164.40,Netbanking,SUCCESS,2026-05-01 19:00:00,TXN426767
8598,7270,2099,97.01,Wallet,PENDING,2026-05-03 19:00:00,TXN728422
8599,7271,2099,315.40,Credit Card,SUCCESS,2026-06-12 11:00:00,TXN680485
8600,7272,2099,413.42,Netbanking,SUCCESS,2026-07-03 17:00:00,TXN794154
8601,7273,2099,273.97,Credit Card,SUCCESS,2026-08-10 11:00:00,TXN991918
8602,7274,2099,264.47,UPI,SUCCESS,2026-09-03 14:00:00,TXN458852
8603,7275,2100,1018.07,UPI,SUCCESS,2026-04-14 10:00:00,TXN805601
8604,7276,2100,1073.92,Credit Card,SUCCESS,2026-05-04 16:00:00,TXN361209
8605,7277,2100,1095.21,Credit Card,SUCCESS,2026-06-13 21:00:00,TXN451707
8606,7278,2100,1047.30,Netbanking,SUCCESS,2026-07-05 17:00:00,TXN944187
8607,7279,2100,1100.72,UPI,SUCCESS,2026-08-14 06:00:00,TXN839440
8608,7280,2100,1232.90,Wallet,SUCCESS,2026-09-08 12:00:00,TXN494742
8609,7281,2102,1061.93,Debit Card,SUCCESS,2026-04-08 16:00:00,TXN313662
8610,7282,2102,644.40,Wallet,SUCCESS,2026-05-11 07:00:00,TXN503589
8611,7282,2102,573.19,Wallet,SUCCESS,2026-05-09 19:00:00,TXN726120
8612,7283,2102,1108.81,Wallet,SUCCESS,2026-06-09 22:00:00,TXN850477
8613,7284,2102,1191.62,Credit Card,SUCCESS,2026-07-08 11:00:00,TXN902965
8614,7285,2102,1182.38,Wallet,SUCCESS,2026-08-05 17:00:00,TXN157413
8615,7286,2102,1179.46,UPI,SUCCESS,2026-09-07 13:00:00,TXN373655
8616,7287,2107,234.08,Credit Card,SUCCESS,2026-04-04 07:00:00,TXN198149
8617,7288,2107,301.48,Debit Card,SUCCESS,2026-05-13 12:00:00,TXN447992
8618,7289,2107,272.95,Credit Card,SUCCESS,2026-06-10 10:00:00,TXN105343
8619,7290,2107,343.19,Credit Card,FAILED,2026-07-09 17:00:00,TXN769895
8620,7291,2107,312.95,Wallet,PENDING,2026-08-08 19:00:00,TXN440191
8621,7292,2107,235.13,Wallet,SUCCESS,2026-09-07 07:00:00,TXN865166
8622,7293,2109,387.46,Debit Card,FAILED,2026-04-01 13:00:00,TXN348492
8623,7294,2109,456.95,Debit Card,SUCCESS,2026-05-07 08:00:00,TXN394387
8624,7295,2109,151.20,Credit Card,SUCCESS,2026-06-06 19:00:00,TXN864099
8625,7295,2109,104.14,Credit Card,SUCCESS,2026-06-14 16:00:00,TXN805911
8626,7296,2109,337.96,Debit Card,SUCCESS,2026-07-09 08:00:00,TXN803575
8627,7297,2109,308.05,UPI,SUCCESS,2026-08-07 07:00:00,TXN861154
8628,7298,2109,124.23,Wallet,SUCCESS,2026-09-08 06:00:00,TXN645266
8629,7298,2109,184.93,Netbanking,SUCCESS,2026-09-04 11:00:00,TXN875556
8630,7299,2113,1165.21,Credit Card,SUCCESS,2026-04-01 14:00:00,TXN294412
8631,7300,2113,1086.66,Netbanking,SUCCESS,2026-05-12 22:00:00,TXN162782
8632,7301,2113,1111.56,UPI,SUCCESS,2026-06-10 22:00:00,TXN295995
8633,7302,2113,1118.19,UPI,SUCCESS,2026-07-04 13:00:00,TXN115736
8634,7303,2113,1073.56,Netbanking,SUCCESS,2026-08-06 11:00:00,TXN734483
8635,7304,2113,1195.20,Debit Card,SUCCESS,2026-09-08 14:00:00,TXN380074
8636,7305,2114,1050.42,Credit Card,FAILED,2026-04-08 18:00:00,TXN403364
8637,7306,2114,1052.82,Credit Card,SUCCESS,2026-05-04 18:00:00,TXN224440
8638,7307,2114,1001.37,Debit Card,SUCCESS,2026-06-04 07:00:00,TXN947313
8639,7308,2114,360.14,Debit Card,SUCCESS,2026-07-10 19:00:00,TXN920000
8640,7308,2114,598.34,Credit Card,SUCCESS,2026-07-03 14:00:00,TXN719776
8641,7309,2114,1033.42,Wallet,SUCCESS,2026-08-11 17:00:00,TXN141916
8642,7310,2114,1071.10,Netbanking,SUCCESS,2026-09-12 21:00:00,
8643,7311,2116,1358.39,Netbanking,SUCCESS,2026-04-05 17:00:00,TXN647322
8644,7312,2116,1208.47,UPI,SUCCESS,2026-05-07 20:00:00,TXN286240
8645,7313,2116,1174.04,Wallet,SUCCESS,2026-06-07 12:00:00,TXN789640
8646,7314,2116,1140.52,Netbanking,SUCCESS,2026-07-05 12:00:00,TXN928859
8647,7315,2116,1226.34,Netbanking,SUCCESS,2026-08-07 22:00:00,TXN565563
8648,7316,2116,1251.09,Debit Card,SUCCESS,2026-09-04 13:00:00,TXN352529
8649,7317,2121,384.65,UPI,SUCCESS,2026-04-13 13:00:00,TXN399929
8650,7318,2121,290.04,Netbanking,SUCCESS,2026-05-09 14:00:00,TXN120149
8651,7319,2121,239.13,Debit Card,SUCCESS,2026-06-14 20:00:00,TXN595412
8652,7320,2121,96.50,Credit Card,SUCCESS,2026-07-05 11:00:00,TXN749023
8653,7320,2121,198.41,Debit Card,SUCCESS,2026-07-09 14:00:00,TXN324924
8654,7321,2121,301.73,Wallet,FAILED,2026-08-01 20:00:00,TXN774952
8655,7322,2121,299.63,Wallet,SUCCESS,2026-09-10 10:00:00,TXN546875
8656,7323,2129,568.55,Credit Card,SUCCESS,2026-04-02 14:00:00,TXN948018
8657,7324,2129,549.47,Wallet,FAILED,2026-05-06 15:00:00,TXN402271
8658,7325,2129,532.06,UPI,SUCCESS,2026-06-05 22:00:00,TXN597005
8659,7326,2129,530.91,Netbanking,SUCCESS,2026-07-02 09:00:00,TXN400026
8660,7327,2129,525.14,Wallet,SUCCESS,2026-08-15 20:00:00,TXN993807
8661,7328,2129,540.64,Debit Card,SUCCESS,2026-09-08 20:00:00,TXN341336
8662,7329,2135,230.61,UPI,SUCCESS,2026-04-02 13:00:00,
8663,7330,2135,139.66,UPI,SUCCESS,2026-05-11 15:00:00,TXN111983
8664,7331,2135,235.78,Wallet,SUCCESS,2026-06-11 20:00:00,TXN203291
8665,7332,2135,181.07,UPI,PENDING,2026-07-07 16:00:00,TXN379275
8666,7333,2135,187.82,Credit Card,SUCCESS,2026-08-06 14:00:00,TXN516781
8667,7334,2135,159.50,Netbanking,SUCCESS,2026-09-15 11:00:00,TXN813376
8668,7335,2136,567.50,Wallet,SUCCESS,2026-04-06 10:00:00,TXN370786
8669,7336,2136,576.35,Wallet,SUCCESS,2026-05-06 08:00:00,TXN903967
8670,7337,2136,548.41,Netbanking,PENDING,2026-06-13 13:00:00,TXN826709
8671,7338,2136,667.17,Debit Card,SUCCESS,2026-07-13 09:00:00,TXN770575
8672,7339,2136,600.50,Credit Card,SUCCESS,2026-08-01 22:00:00,TXN310954
8673,7340,2136,536.66,Debit Card,SUCCESS,2026-09-08 07:00:00,TXN968832
8674,7341,2137,267.51,Debit Card,SUCCESS,2026-04-10 08:00:00,TXN150686
8675,7342,2137,198.00,UPI,SUCCESS,2026-05-11 13:00:00,TXN912441
8676,7343,2137,243.71,Netbanking,SUCCESS,2026-06-14 14:00:00,TXN564379
8677,7343,2137,147.55,UPI,SUCCESS,2026-06-07 06:00:00,TXN694804
8678,7344,2137,284.79,Netbanking,SUCCESS,2026-07-09 10:00:00,TXN241309
8679,7345,2137,262.79,Debit Card,SUCCESS,2026-08-06 14:00:00,TXN526049
8680,7346,2137,202.77,Wallet,SUCCESS,2026-09-09 14:00:00,TXN412449
8681,7347,2138,459.09,UPI,FAILED,2026-04-07 10:00:00,TXN579649
8682,7348,2138,332.56,Wallet,SUCCESS,2026-05-08 17:00:00,
8683,7349,2138,392.07,Netbanking,SUCCESS,2026-06-06 14:00:00,
8684,7350,2138,307.36,Wallet,SUCCESS,2026-07-07 07:00:00,TXN308769
8685,7351,2138,264.36,Credit Card,SUCCESS,2026-08-12 07:00:00,TXN723978
8686,7352,2138,242.89,Credit Card,SUCCESS,2026-09-08 07:00:00,TXN614327
8687,7353,2141,309.62,Wallet,SUCCESS,2026-04-14 14:00:00,TXN589704
8688,7354,2141,400.87,Wallet,SUCCESS,2026-05-08 15:00:00,TXN724548
8689,7355,2141,335.82,Credit Card,SUCCESS,2026-06-01 09:00:00,TXN179504
8690,7356,2141,257.72,Debit Card,SUCCESS,2026-07-02 08:00:00,TXN715406
8691,7357,2141,255.62,UPI,SUCCESS,2026-08-10 15:00:00,TXN784055
8692,7358,2141,237.17,Debit Card,SUCCESS,2026-09-09 18:00:00,TXN297262
8693,7359,2147,1013.80,Credit Card,SUCCESS,2026-04-12 14:00:00,TXN291459
8694,7360,2147,1034.01,Credit Card,FAILED,2026-05-02 16:00:00,TXN514135
8695,7361,2147,1121.28,UPI,SUCCESS,2026-06-14 08:00:00,TXN586022
8696,7362,2147,1190.10,Credit Card,SUCCESS,2026-07-03 08:00:00,TXN223659
8697,7363,2147,1025.07,Wallet,SUCCESS,2026-08-03 22:00:00,TXN952511
8698,7364,2147,1086.82,Netbanking,SUCCESS,2026-09-07 20:00:00,TXN186903
8699,7365,2151,310.35,Credit Card,SUCCESS,2026-04-12 14:00:00,TXN807585
8700,7366,2151,276.65,Credit Card,SUCCESS,2026-05-06 21:00:00,
8701,7367,2151,211.61,UPI,SUCCESS,2026-06-12 20:00:00,TXN896796
8702,7368,2151,334.92,Wallet,SUCCESS,2026-07-10 07:00:00,TXN784615
8703,7369,2151,211.54,Wallet,SUCCESS,2026-08-13 19:00:00,TXN576353
8704,7370,2151,311.40,Debit Card,FAILED,2026-09-11 10:00:00,TXN473480
8705,7371,2155,1231.11,UPI,FAILED,2026-04-01 06:00:00,TXN636951
8706,7372,2155,1126.58,Netbanking,SUCCESS,2026-05-07 17:00:00,TXN584477
8707,7373,2155,1337.74,Wallet,SUCCESS,2026-06-05 12:00:00,TXN795629
8708,7374,2155,1198.58,Credit Card,SUCCESS,2026-07-02 07:00:00,TXN875687
8709,7375,2155,1220.07,Debit Card,SUCCESS,2026-08-05 15:00:00,TXN797523
8710,7376,2155,1332.88,Debit Card,SUCCESS,2026-09-07 08:00:00,TXN453811
8711,7377,2157,331.52,Debit Card,SUCCESS,2026-04-15 21:00:00,TXN940266
8712,7377,2157,182.10,UPI,SUCCESS,2026-04-11 06:00:00,TXN597235
8713,7378,2157,664.13,Credit Card,SUCCESS,2026-05-15 15:00:00,TXN706421
8714,7379,2157,582.05,Wallet,SUCCESS,2026-06-14 20:00:00,
8715,7380,2157,585.49,Credit Card,SUCCESS,2026-07-04 18:00:00,TXN142265
8716,7381,2157,670.11,Netbanking,SUCCESS,2026-08-11 22:00:00,TXN421887
8717,7382,2157,524.43,UPI,SUCCESS,2026-09-07 17:00:00,TXN585264
8718,7383,2159,219.96,Credit Card,SUCCESS,2026-04-13 11:00:00,TXN698707
8719,7384,2159,255.52,Credit Card,SUCCESS,2026-05-13 12:00:00,TXN676408
8720,7385,2159,312.83,Wallet,SUCCESS,2026-06-09 06:00:00,TXN960316
8721,7386,2159,286.10,UPI,SUCCESS,2026-07-15 07:00:00,TXN217228
8722,7387,2159,373.89,Wallet,SUCCESS,2026-08-04 17:00:00,TXN195208
8723,7388,2159,291.60,UPI,SUCCESS,2026-09-14 12:00:00,TXN900977
8724,7389,2160,390.55,Debit Card,SUCCESS,2026-04-13 11:00:00,TXN556087
8725,7389,2160,656.97,Debit Card,SUCCESS,2026-04-11 10:00:00,TXN436612
8726,7390,2160,1133.38,UPI,SUCCESS,2026-05-03 13:00:00,TXN483581
8727,7391,2160,1133.56,Credit Card,SUCCESS,2026-06-10 09:00:00,TXN244327
8728,7392,2160,399.34,Netbanking,SUCCESS,2026-07-10 09:00:00,TXN765775
8729,7392,2160,630.02,UPI,SUCCESS,2026-07-13 14:00:00,TXN903162
8730,7393,2160,1074.24,Credit Card,SUCCESS,2026-08-13 09:00:00,TXN735278
8731,7394,2160,1137.31,Debit Card,SUCCESS,2026-09-04 15:00:00,TXN838506
8732,7395,2162,1183.61,Netbanking,SUCCESS,2026-04-03 19:00:00,TXN876385
8733,7396,2162,1208.27,Netbanking,SUCCESS,2026-05-09 18:00:00,TXN404955
8734,7397,2162,1165.03,Wallet,SUCCESS,2026-06-10 22:00:00,TXN585489
8735,7398,2162,1167.69,Debit Card,FAILED,2026-07-07 06:00:00,TXN911569
8736,7399,2162,1232.71,UPI,SUCCESS,2026-08-09 20:00:00,TXN779598
8737,7400,2162,1154.70,Debit Card,SUCCESS,2026-09-13 06:00:00,TXN129871
8738,7401,2163,3647.47,Wallet,FAILED,2026-04-15 14:00:00,TXN667336
8739,7402,2163,1960.99,Netbanking,SUCCESS,2026-05-02 20:00:00,TXN188989
8740,7402,2163,1809.03,Debit Card,SUCCESS,2026-05-14 06:00:00,TXN799475
8741,7403,2163,3590.83,UPI,SUCCESS,2026-06-04 13:00:00,
8742,7404,2163,3707.44,UPI,SUCCESS,2026-07-03 09:00:00,TXN943206
8743,7405,2163,3569.42,Credit Card,FAILED,2026-08-13 10:00:00,TXN429118
8744,7406,2163,3689.21,UPI,SUCCESS,2026-09-06 18:00:00,TXN773499
8745,7407,2164,555.86,Netbanking,SUCCESS,2026-04-06 13:00:00,TXN320130
8746,7407,2164,328.23,Netbanking,SUCCESS,2026-04-06 20:00:00,TXN899097
8747,7408,2164,929.51,Credit Card,SUCCESS,2026-05-07 14:00:00,TXN632437
8748,7409,2164,510.17,Debit Card,SUCCESS,2026-06-10 18:00:00,TXN451786
8749,7409,2164,372.43,Netbanking,SUCCESS,2026-06-11 18:00:00,TXN880470
8750,7410,2164,836.43,Credit Card,SUCCESS,2026-07-04 20:00:00,TXN116451
8751,7411,2164,882.77,Debit Card,SUCCESS,2026-08-03 06:00:00,TXN789466
8752,7412,2164,881.38,Credit Card,SUCCESS,2026-09-12 15:00:00,TXN427426
8753,7413,2171,973.49,Wallet,SUCCESS,2026-04-01 18:00:00,TXN152328
8754,7414,2171,866.29,Debit Card,SUCCESS,2026-05-14 14:00:00,TXN664887
8755,7415,2171,816.96,Credit Card,PENDING,2026-06-14 14:00:00,TXN266635
8756,7416,2171,793.90,UPI,PENDING,2026-07-07 15:00:00,TXN691966
8757,7417,2171,598.76,Wallet,PENDING,2026-08-06 06:00:00,TXN851067
8758,7417,2171,289.36,Debit Card,FAILED,2026-08-08 14:00:00,
8759,7418,2171,997.42,Netbanking,SUCCESS,2026-09-09 16:00:00,TXN577525
8760,7419,2173,1208.89,Wallet,FAILED,2026-04-05 17:00:00,TXN581165
8761,7420,2173,1289.44,Wallet,SUCCESS,2026-05-07 13:00:00,TXN145187
8762,7421,2173,1181.97,Credit Card,SUCCESS,2026-06-08 09:00:00,TXN102512
8763,7422,2173,707.56,Credit Card,SUCCESS,2026-07-05 06:00:00,TXN381650
8764,7422,2173,455.02,Debit Card,SUCCESS,2026-07-08 20:00:00,TXN538750
8765,7423,2173,1107.01,UPI,SUCCESS,2026-08-05 15:00:00,TXN511905
8766,7424,2173,1096.94,Debit Card,SUCCESS,2026-09-14 18:00:00,TXN948583
8767,7425,2176,197.61,Credit Card,SUCCESS,2026-04-08 10:00:00,TXN758931
8768,7426,2176,338.63,Netbanking,FAILED,2026-05-01 08:00:00,TXN295379
8769,7427,2176,216.72,Credit Card,SUCCESS,2026-06-07 15:00:00,TXN333190
8770,7428,2176,402.18,Wallet,SUCCESS,2026-07-11 08:00:00,TXN993523
8771,7429,2176,256.18,UPI,SUCCESS,2026-08-06 11:00:00,TXN258528
8772,7430,2176,404.42,UPI,SUCCESS,2026-09-02 10:00:00,TXN315468
8773,7431,2179,193.80,Debit Card,SUCCESS,2026-04-13 14:00:00,TXN102074
8774,7431,2179,164.96,UPI,SUCCESS,2026-04-02 19:00:00,TXN343831
8775,7432,2179,476.48,Debit Card,SUCCESS,2026-05-07 06:00:00,TXN740295
8776,7433,2179,176.54,Wallet,SUCCESS,2026-06-12 08:00:00,TXN898203
8777,7433,2179,159.55,Debit Card,SUCCESS,2026-06-13 06:00:00,TXN644814
8778,7434,2179,391.25,Debit Card,SUCCESS,2026-07-08 15:00:00,TXN944804
8779,7435,2179,409.53,Wallet,SUCCESS,2026-08-09 14:00:00,TXN759402
8780,7436,2179,344.27,Credit Card,SUCCESS,2026-09-12 22:00:00,TXN418737
8781,7437,2180,1045.22,Debit Card,FAILED,2026-04-15 19:00:00,TXN218031
8782,7438,2180,1112.93,Debit Card,PENDING,2026-05-13 16:00:00,TXN348914
8783,7439,2180,1084.68,Debit Card,SUCCESS,2026-06-09 12:00:00,TXN932262
8784,7440,2180,1063.24,UPI,SUCCESS,2026-07-13 17:00:00,TXN290770
8785,7441,2180,1027.02,Debit Card,SUCCESS,2026-08-02 06:00:00,TXN158454
8786,7442,2180,665.82,Netbanking,SUCCESS,2026-09-15 17:00:00,TXN217708
8787,7442,2180,396.89,Wallet,SUCCESS,2026-09-09 09:00:00,TXN670762
8788,7443,2183,1179.30,Wallet,PENDING,2026-04-05 11:00:00,TXN524995
8789,7444,2183,1219.04,Credit Card,SUCCESS,2026-05-08 06:00:00,TXN845560
8790,7445,2183,1138.46,Debit Card,SUCCESS,2026-06-11 09:00:00,TXN737798
8791,7446,2183,388.60,Debit Card,SUCCESS,2026-07-08 11:00:00,TXN186445
8792,7446,2183,852.37,Debit Card,FAILED,2026-07-06 21:00:00,
8793,7447,2183,1219.05,Debit Card,SUCCESS,2026-08-08 10:00:00,TXN643800
8794,7448,2183,1255.47,UPI,FAILED,2026-09-08 20:00:00,TXN420407
8795,7449,2186,3579.75,UPI,SUCCESS,2026-04-12 22:00:00,TXN919373
8796,7450,2186,3603.31,Debit Card,SUCCESS,2026-05-12 12:00:00,TXN519895
8797,7451,2186,3579.16,UPI,FAILED,2026-06-02 08:00:00,TXN487474
8798,7452,2186,3681.29,UPI,SUCCESS,2026-07-02 22:00:00,TXN337951
8799,7453,2186,3610.87,Wallet,PENDING,2026-08-05 19:00:00,TXN577835
8800,7454,2186,3652.82,Netbanking,SUCCESS,2026-09-12 18:00:00,TXN627109
8801,7455,2188,337.77,Credit Card,PENDING,2026-04-03 19:00:00,TXN937560
8802,7456,2188,338.79,Credit Card,SUCCESS,2026-05-15 12:00:00,TXN942217
8803,7457,2188,344.12,Debit Card,SUCCESS,2026-06-09 14:00:00,TXN316425
8804,7458,2188,386.86,Debit Card,SUCCESS,2026-07-09 19:00:00,TXN896964
8805,7459,2188,425.15,Netbanking,SUCCESS,2026-08-07 06:00:00,TXN170101
8806,7460,2188,344.47,Netbanking,PENDING,2026-09-06 10:00:00,TXN121289
8807,7461,2189,645.75,Credit Card,SUCCESS,2026-04-15 21:00:00,TXN133437
8808,7462,2189,828.44,UPI,SUCCESS,2026-05-15 20:00:00,TXN639684
8809,7463,2189,701.18,Credit Card,PENDING,2026-06-03 09:00:00,TXN386566
8810,7464,2189,647.70,Credit Card,SUCCESS,2026-07-05 14:00:00,TXN103227
8811,7465,2189,730.11,UPI,SUCCESS,2026-08-01 19:00:00,TXN904398
8812,7466,2189,644.87,Wallet,PENDING,2026-09-14 11:00:00,TXN732428
8813,7467,2190,323.86,Wallet,SUCCESS,2026-04-02 20:00:00,TXN125153
8814,7468,2190,442.19,Debit Card,SUCCESS,2026-05-13 19:00:00,TXN371310
8815,7469,2190,332.84,Credit Card,SUCCESS,2026-06-02 21:00:00,TXN125503
8816,7470,2190,314.43,Debit Card,SUCCESS,2026-07-09 18:00:00,TXN872005
8817,7471,2190,292.10,UPI,FAILED,2026-08-02 17:00:00,TXN405942
8818,7472,2190,260.18,Wallet,FAILED,2026-09-11 08:00:00,TXN591672
8819,7473,2192,348.18,UPI,SUCCESS,2026-04-15 08:00:00,TXN262135
8820,7474,2192,117.48,Debit Card,SUCCESS,2026-05-09 09:00:00,TXN236004
8821,7474,2192,208.53,Netbanking,SUCCESS,2026-05-03 18:00:00,TXN357205
8822,7475,2192,362.58,Netbanking,SUCCESS,2026-06-03 19:00:00,TXN152748
8823,7476,2192,264.27,Wallet,SUCCESS,2026-07-01 15:00:00,TXN455531
8824,7476,2192,177.29,Debit Card,SUCCESS,2026-07-06 17:00:00,TXN851828
8825,7477,2192,374.47,Wallet,SUCCESS,2026-08-13 11:00:00,TXN336738
8826,7478,2192,350.54,Netbanking,SUCCESS,2026-09-07 22:00:00,TXN388236
8827,7479,2198,1004.63,Credit Card,PENDING,2026-04-01 07:00:00,TXN479048
8828,7480,2198,1117.09,UPI,SUCCESS,2026-05-10 18:00:00,TXN133751
8829,7481,2198,846.50,Credit Card,SUCCESS,2026-06-02 21:00:00,TXN338870
8830,7481,2198,369.63,Netbanking,SUCCESS,2026-06-11 22:00:00,TXN324702
8831,7482,2198,1082.44,Credit Card,SUCCESS,2026-07-07 16:00:00,
8832,7483,2198,654.46,UPI,SUCCESS,2026-08-13 16:00:00,TXN370863
8833,7483,2198,422.02,Netbanking,SUCCESS,2026-08-05 06:00:00,TXN529997
8834,7484,2198,1051.84,Wallet,SUCCESS,2026-09-02 08:00:00,TXN533817
8835,7485,2200,1165.20,Netbanking,SUCCESS,2026-04-01 22:00:00,TXN378778
8836,7486,2200,1131.20,UPI,SUCCESS,2026-05-13 09:00:00,TXN656390
8837,7487,2200,1127.11,Wallet,SUCCESS,2026-06-09 22:00:00,TXN484662
8838,7488,2200,1154.49,Credit Card,SUCCESS,2026-07-07 22:00:00,TXN980104
8839,7489,2200,1194.11,Credit Card,SUCCESS,2026-08-03 06:00:00,TXN950169
8840,7490,2200,1201.52,Wallet,FAILED,2026-09-14 14:00:00,TXN704823
8841,7491,2201,182.33,UPI,SUCCESS,2026-04-13 12:00:00,TXN486399
8842,7491,2201,114.10,Credit Card,SUCCESS,2026-04-11 09:00:00,TXN812270
8843,7492,2201,257.51,Netbanking,FAILED,2026-05-12 22:00:00,TXN654579
8844,7493,2201,373.75,Credit Card,SUCCESS,2026-06-15 10:00:00,TXN955767
8845,7494,2201,284.32,Netbanking,SUCCESS,2026-07-13 16:00:00,TXN143012
8846,7495,2201,289.56,Debit Card,SUCCESS,2026-08-07 17:00:00,TXN549708
8847,7496,2201,346.12,Netbanking,SUCCESS,2026-09-10 19:00:00,TXN237840
8848,7497,2203,348.62,Credit Card,SUCCESS,2026-04-11 22:00:00,TXN200894
8849,7498,2203,239.19,Netbanking,SUCCESS,2026-05-08 11:00:00,TXN647349
8850,7499,2203,271.97,Wallet,SUCCESS,2026-06-06 16:00:00,TXN399035
8851,7500,2203,348.36,UPI,SUCCESS,2026-07-09 11:00:00,TXN109775
8852,7501,2203,423.30,Credit Card,SUCCESS,2026-08-01 08:00:00,TXN173105
8853,7502,2203,413.37,Netbanking,SUCCESS,2026-09-01 09:00:00,TXN216702
8854,7503,2204,956.44,Netbanking,SUCCESS,2026-04-02 21:00:00,TXN120240
8855,7504,2204,513.79,Wallet,FAILED,2026-05-11 10:00:00,TXN968377
8856,7504,2204,398.30,UPI,SUCCESS,2026-05-04 19:00:00,TXN198204
8857,7505,2204,844.49,Netbanking,PENDING,2026-06-05 22:00:00,TXN844960
8858,7506,2204,1032.81,Credit Card,SUCCESS,2026-07-07 21:00:00,TXN191736
8859,7507,2204,873.21,Debit Card,SUCCESS,2026-08-09 19:00:00,TXN716217
8860,7508,2204,924.71,Netbanking,SUCCESS,2026-09-03 09:00:00,TXN937333
8861,7509,2207,387.06,UPI,SUCCESS,2026-04-09 11:00:00,TXN982879
8862,7510,2207,382.15,Debit Card,SUCCESS,2026-05-12 08:00:00,TXN190742
8863,7511,2207,485.07,Wallet,SUCCESS,2026-06-04 19:00:00,
8864,7512,2207,164.84,UPI,SUCCESS,2026-07-03 12:00:00,TXN567653
8865,7512,2207,283.91,Wallet,SUCCESS,2026-07-07 14:00:00,TXN228601
8866,7513,2207,154.70,UPI,SUCCESS,2026-08-10 17:00:00,TXN670415
8867,7513,2207,250.95,Netbanking,SUCCESS,2026-08-02 12:00:00,TXN380049
8868,7514,2207,185.02,UPI,SUCCESS,2026-09-10 22:00:00,TXN697008
8869,7514,2207,176.00,Debit Card,SUCCESS,2026-09-15 07:00:00,TXN423190
8870,7515,2210,197.26,UPI,SUCCESS,2026-04-10 14:00:00,TXN440974
8871,7516,2210,205.56,Credit Card,SUCCESS,2026-05-05 09:00:00,TXN227127
8872,7517,2210,319.91,Credit Card,FAILED,2026-06-09 12:00:00,TXN995324
8873,7518,2210,182.76,UPI,SUCCESS,2026-07-07 21:00:00,TXN403644
8874,7519,2210,85.13,Credit Card,SUCCESS,2026-08-01 09:00:00,TXN903528
8875,7519,2210,126.54,Debit Card,SUCCESS,2026-08-07 10:00:00,TXN144764
8876,7520,2210,277.63,UPI,SUCCESS,2026-09-10 17:00:00,TXN884147
8877,7521,2214,201.82,Credit Card,SUCCESS,2026-04-15 08:00:00,TXN928749
8878,7521,2214,105.17,Credit Card,SUCCESS,2026-04-04 16:00:00,TXN936130
8879,7522,2214,261.94,UPI,SUCCESS,2026-05-03 19:00:00,TXN982058
8880,7523,2214,385.91,UPI,SUCCESS,2026-06-12 19:00:00,TXN842725
8881,7524,2214,372.25,Wallet,SUCCESS,2026-07-01 12:00:00,TXN143178
8882,7525,2214,347.93,Netbanking,SUCCESS,2026-08-13 17:00:00,TXN545319
8883,7526,2214,304.88,Debit Card,SUCCESS,2026-09-14 19:00:00,TXN976967
8884,7527,2219,315.11,Debit Card,SUCCESS,2026-04-11 19:00:00,TXN161305
8885,7528,2219,353.99,UPI,FAILED,2026-05-03 19:00:00,TXN895180
8886,7529,2219,271.62,Netbanking,SUCCESS,2026-06-03 19:00:00,TXN716964
8887,7530,2219,350.59,Wallet,SUCCESS,2026-07-03 22:00:00,TXN262320
8888,7531,2219,224.38,Credit Card,SUCCESS,2026-08-04 06:00:00,TXN597579
8889,7532,2219,278.92,UPI,SUCCESS,2026-09-07 13:00:00,TXN510557
8890,7533,2221,1073.54,Wallet,PENDING,2026-04-07 15:00:00,
8891,7534,2221,1088.44,Wallet,PENDING,2026-05-06 17:00:00,
8892,7535,2221,1156.09,Debit Card,SUCCESS,2026-06-04 22:00:00,TXN641792
8893,7536,2221,949.71,Netbanking,SUCCESS,2026-07-12 10:00:00,TXN471337
8894,7537,2221,946.35,Netbanking,FAILED,2026-08-01 17:00:00,TXN765977
8895,7538,2221,949.75,Netbanking,SUCCESS,2026-09-05 15:00:00,TXN416192
8896,7539,2223,484.81,Netbanking,SUCCESS,2026-04-02 07:00:00,TXN806862
8897,7540,2223,631.68,Netbanking,SUCCESS,2026-05-08 18:00:00,TXN109285
8898,7541,2223,534.61,Debit Card,SUCCESS,2026-06-11 06:00:00,TXN659964
8899,7542,2223,544.94,UPI,SUCCESS,2026-07-11 10:00:00,TXN218382
8900,7543,2223,574.36,Credit Card,SUCCESS,2026-08-03 06:00:00,TXN889501
8901,7544,2223,494.59,Credit Card,PENDING,2026-09-11 06:00:00,TXN485866
8902,7545,2225,1215.01,Wallet,PENDING,2026-04-11 08:00:00,TXN828643
8903,7546,2225,746.60,Credit Card,SUCCESS,2026-05-12 15:00:00,TXN716314
8904,7546,2225,483.90,Netbanking,SUCCESS,2026-05-09 11:00:00,TXN821227
8905,7547,2225,1239.63,Credit Card,PENDING,2026-06-13 21:00:00,TXN650386
8906,7548,2225,1173.39,Credit Card,SUCCESS,2026-07-02 19:00:00,TXN808406
8907,7549,2225,1209.82,Credit Card,SUCCESS,2026-08-14 19:00:00,TXN119451
8908,7550,2225,1173.88,Wallet,SUCCESS,2026-09-03 17:00:00,TXN125521
8909,7551,2226,1050.59,Credit Card,SUCCESS,2026-04-11 21:00:00,TXN231235
8910,7552,2226,1020.26,Wallet,FAILED,2026-05-09 21:00:00,TXN175930
8911,7553,2226,364.73,Wallet,SUCCESS,2026-06-01 08:00:00,TXN546697
8912,7553,2226,778.15,Credit Card,FAILED,2026-06-10 11:00:00,TXN184754
8913,7554,2226,1075.84,Netbanking,SUCCESS,2026-07-03 19:00:00,TXN957894
8914,7555,2226,1161.97,Debit Card,SUCCESS,2026-08-15 06:00:00,TXN523683
8915,7556,2226,697.38,Credit Card,SUCCESS,2026-09-04 13:00:00,TXN914128
8916,7556,2226,521.42,Wallet,SUCCESS,2026-09-11 17:00:00,TXN788121
8917,7557,2230,1004.06,Debit Card,SUCCESS,2026-04-03 18:00:00,TXN104203
8918,7558,2230,1027.24,Netbanking,SUCCESS,2026-05-02 08:00:00,TXN226681
8919,7559,2230,1111.15,Wallet,SUCCESS,2026-06-15 11:00:00,TXN944197
8920,7560,2230,1254.36,Wallet,SUCCESS,2026-07-15 10:00:00,TXN524662
8921,7561,2230,1134.37,Wallet,SUCCESS,2026-08-09 11:00:00,TXN964766
8922,7562,2230,443.81,Wallet,SUCCESS,2026-09-08 10:00:00,TXN550025
8923,7562,2230,635.76,UPI,SUCCESS,2026-09-03 07:00:00,TXN404960
8924,7563,2231,320.36,Credit Card,SUCCESS,2026-04-13 13:00:00,TXN571384
8925,7564,2231,357.37,UPI,SUCCESS,2026-05-06 19:00:00,TXN500877
8926,7565,2231,305.16,UPI,FAILED,2026-06-07 12:00:00,TXN632873
8927,7566,2231,275.60,Wallet,SUCCESS,2026-07-02 07:00:00,TXN777480
8928,7567,2231,363.73,Credit Card,SUCCESS,2026-08-09 20:00:00,TXN614659
8929,7568,2231,292.23,UPI,SUCCESS,2026-09-06 07:00:00,TXN420769
8930,7569,2233,363.68,Debit Card,SUCCESS,2026-04-15 22:00:00,
8931,7570,2233,169.92,Wallet,SUCCESS,2026-05-13 09:00:00,TXN826517
8932,7570,2233,74.02,Wallet,SUCCESS,2026-05-13 08:00:00,TXN600687
8933,7571,2233,327.52,Wallet,SUCCESS,2026-06-06 11:00:00,TXN171410
8934,7572,2233,257.75,Debit Card,SUCCESS,2026-07-14 19:00:00,TXN410209
8935,7573,2233,127.03,Wallet,SUCCESS,2026-08-07 14:00:00,TXN565663
8936,7573,2233,150.47,Debit Card,PENDING,2026-08-03 20:00:00,TXN882180
8937,7574,2233,276.93,Netbanking,SUCCESS,2026-09-05 09:00:00,TXN840935
8938,7575,2235,332.93,Credit Card,PENDING,2026-04-14 17:00:00,TXN668005
8939,7576,2235,386.16,Wallet,SUCCESS,2026-05-03 11:00:00,TXN720310
8940,7577,2235,195.80,UPI,SUCCESS,2026-06-14 12:00:00,TXN347793
8941,7577,2235,201.35,Wallet,SUCCESS,2026-06-02 10:00:00,TXN394246
8942,7578,2235,316.87,UPI,SUCCESS,2026-07-01 20:00:00,TXN996037
8943,7579,2235,353.02,Debit Card,SUCCESS,2026-08-13 22:00:00,TXN877405
8944,7580,2235,359.58,Debit Card,SUCCESS,2026-09-08 10:00:00,TXN717530
8945,7581,2238,1222.94,Credit Card,SUCCESS,2026-04-01 18:00:00,TXN467193
8946,7582,2238,1204.28,UPI,FAILED,2026-05-10 12:00:00,TXN273778
8947,7583,2238,1281.94,Debit Card,SUCCESS,2026-06-10 07:00:00,TXN690183
8948,7584,2238,1291.23,Debit Card,SUCCESS,2026-07-11 09:00:00,TXN761320
8949,7585,2238,1071.62,Netbanking,SUCCESS,2026-08-12 22:00:00,TXN869438
8950,7586,2238,1193.71,Debit Card,SUCCESS,2026-09-06 22:00:00,TXN270775
8951,7587,2239,1137.86,Credit Card,SUCCESS,2026-04-02 10:00:00,TXN718871
8952,7588,2239,1198.96,Credit Card,SUCCESS,2026-05-02 09:00:00,TXN818936
8953,7589,2239,1149.65,Credit Card,SUCCESS,2026-06-11 11:00:00,TXN541815
8954,7590,2239,748.03,UPI,SUCCESS,2026-07-03 10:00:00,TXN796012
8955,7590,2239,408.78,UPI,SUCCESS,2026-07-03 17:00:00,TXN439624
8956,7591,2239,1196.18,Credit Card,SUCCESS,2026-08-09 13:00:00,TXN330880
8957,7592,2239,776.02,Debit Card,SUCCESS,2026-09-14 19:00:00,TXN748039
8958,7592,2239,472.64,Wallet,PENDING,2026-09-07 17:00:00,TXN110370
8959,7593,2243,1134.96,UPI,SUCCESS,2026-04-05 06:00:00,
8960,7594,2243,351.18,UPI,SUCCESS,2026-05-03 15:00:00,TXN340841
8961,7594,2243,789.50,UPI,SUCCESS,2026-05-10 08:00:00,TXN994339
8962,7595,2243,1235.06,Debit Card,SUCCESS,2026-06-03 08:00:00,TXN765324
8963,7596,2243,1002.10,UPI,SUCCESS,2026-07-03 19:00:00,
8964,7597,2243,1008.57,Credit Card,SUCCESS,2026-08-15 17:00:00,TXN915505
8965,7598,2243,1186.09,Credit Card,PENDING,2026-09-01 08:00:00,TXN927117
8966,7599,2247,274.28,UPI,SUCCESS,2026-04-01 08:00:00,TXN240639
8967,7600,2247,395.35,Debit Card,SUCCESS,2026-05-12 15:00:00,TXN189871
8968,7601,2247,213.45,Credit Card,SUCCESS,2026-06-10 11:00:00,TXN804839
8969,7602,2247,264.47,Netbanking,FAILED,2026-07-11 18:00:00,TXN651584
8970,7603,2247,287.50,Credit Card,PENDING,2026-08-10 15:00:00,TXN674316
8971,7604,2247,262.00,Netbanking,SUCCESS,2026-09-11 06:00:00,TXN106905
8972,7605,2248,224.38,UPI,SUCCESS,2026-04-02 09:00:00,TXN783642
8973,7605,2248,134.16,Debit Card,SUCCESS,2026-04-15 17:00:00,TXN496668
8974,7606,2248,429.83,UPI,SUCCESS,2026-05-02 09:00:00,TXN298497
8975,7607,2248,373.48,Credit Card,SUCCESS,2026-06-05 21:00:00,
8976,7608,2248,136.64,UPI,SUCCESS,2026-07-13 21:00:00,TXN906421
8977,7608,2248,235.63,UPI,SUCCESS,2026-07-04 20:00:00,TXN665940
8978,7609,2248,441.17,Wallet,SUCCESS,2026-08-03 15:00:00,TXN541781
8979,7610,2248,248.50,UPI,SUCCESS,2026-09-14 12:00:00,TXN933656
8980,7611,2250,590.83,Debit Card,SUCCESS,2026-04-05 18:00:00,TXN625114
8981,7612,2250,740.23,UPI,SUCCESS,2026-05-07 14:00:00,TXN485712
8982,7613,2250,694.52,Netbanking,SUCCESS,2026-06-14 19:00:00,TXN798083
8983,7614,2250,688.18,Credit Card,SUCCESS,2026-07-06 15:00:00,TXN530759
8984,7615,2250,808.15,Netbanking,SUCCESS,2026-08-01 18:00:00,TXN281863
8985,7616,2250,312.04,Netbanking,SUCCESS,2026-09-09 21:00:00,TXN580219
8986,7616,2250,295.49,Netbanking,PENDING,2026-09-02 08:00:00,TXN390037
8987,7617,2253,285.75,Debit Card,SUCCESS,2026-04-13 12:00:00,TXN836336
8988,7617,2253,304.56,UPI,SUCCESS,2026-04-07 12:00:00,TXN372275
8989,7618,2253,518.66,UPI,SUCCESS,2026-05-02 11:00:00,TXN630912
8990,7619,2253,557.08,Credit Card,FAILED,2026-06-05 18:00:00,TXN795351
8991,7620,2253,527.47,Credit Card,SUCCESS,2026-07-09 11:00:00,TXN608795
8992,7621,2253,643.44,Netbanking,SUCCESS,2026-08-02 18:00:00,TXN986521
8993,7622,2253,634.89,UPI,SUCCESS,2026-09-11 21:00:00,TXN711062
8994,7623,2259,457.92,Credit Card,SUCCESS,2026-04-11 08:00:00,TXN784803
8995,7624,2259,435.81,Netbanking,SUCCESS,2026-05-03 10:00:00,TXN183192
8996,7625,2259,382.10,Credit Card,SUCCESS,2026-06-12 16:00:00,TXN798891
8997,7626,2259,231.48,UPI,FAILED,2026-07-10 07:00:00,TXN471289
8998,7626,2259,125.42,Netbanking,FAILED,2026-07-04 18:00:00,TXN182648
8999,7627,2259,420.34,UPI,SUCCESS,2026-08-05 10:00:00,TXN118382
9000,7628,2259,223.44,Netbanking,SUCCESS,2026-09-13 16:00:00,TXN267693
9001,7628,2259,286.37,UPI,SUCCESS,2026-09-09 09:00:00,TXN214814
9002,7629,2265,237.56,Debit Card,SUCCESS,2026-04-14 21:00:00,TXN642772
9003,7630,2265,326.15,UPI,SUCCESS,2026-05-10 18:00:00,TXN256596
9004,7631,2265,189.05,Netbanking,SUCCESS,2026-06-06 14:00:00,TXN215079
9005,7631,2265,233.37,Wallet,SUCCESS,2026-06-13 10:00:00,TXN546782
9006,7632,2265,220.40,Netbanking,SUCCESS,2026-07-12 14:00:00,TXN397732
9007,7633,2265,269.96,Wallet,SUCCESS,2026-08-10 22:00:00,TXN469967
9008,7634,2265,333.88,Wallet,SUCCESS,2026-09-09 10:00:00,TXN868311
9009,7635,2266,425.97,Netbanking,SUCCESS,2026-04-06 12:00:00,TXN429348
9010,7636,2266,194.68,Debit Card,SUCCESS,2026-05-08 17:00:00,TXN511493
9011,7636,2266,118.74,Credit Card,SUCCESS,2026-05-05 13:00:00,TXN530863
9012,7637,2266,431.66,UPI,SUCCESS,2026-06-02 06:00:00,TXN513768
9013,7638,2266,129.12,UPI,SUCCESS,2026-07-08 13:00:00,TXN942442
9014,7638,2266,166.01,Credit Card,FAILED,2026-07-12 07:00:00,TXN883313
9015,7639,2266,82.22,Credit Card,SUCCESS,2026-08-10 14:00:00,TXN918048
9016,7639,2266,170.71,Netbanking,SUCCESS,2026-08-15 18:00:00,TXN577095
9017,7640,2266,373.93,Wallet,SUCCESS,2026-09-15 14:00:00,TXN298828
9018,7641,2268,1259.91,Debit Card,SUCCESS,2026-04-07 07:00:00,TXN226790
9019,7642,2268,347.39,Credit Card,SUCCESS,2026-05-02 09:00:00,TXN613330
9020,7642,2268,805.56,Debit Card,SUCCESS,2026-05-03 06:00:00,TXN174806
9021,7643,2268,1174.76,Wallet,SUCCESS,2026-06-08 20:00:00,TXN740620
9022,7644,2268,1241.60,Credit Card,SUCCESS,2026-07-04 14:00:00,TXN263120
9023,7645,2268,1162.36,Debit Card,SUCCESS,2026-08-03 08:00:00,TXN990496
9024,7646,2268,1138.91,Credit Card,SUCCESS,2026-09-01 16:00:00,TXN837542
9025,7647,2269,572.55,Wallet,PENDING,2026-04-09 15:00:00,TXN911609
9026,7648,2269,546.22,Netbanking,SUCCESS,2026-05-13 08:00:00,TXN794892
9027,7649,2269,562.68,Credit Card,SUCCESS,2026-06-03 19:00:00,TXN310199
9028,7650,2269,690.89,Netbanking,SUCCESS,2026-07-12 15:00:00,TXN751027
9029,7651,2269,546.49,Credit Card,SUCCESS,2026-08-10 10:00:00,TXN119401
9030,7652,2269,563.63,UPI,PENDING,2026-09-12 13:00:00,TXN779649
9031,7653,2272,379.04,Wallet,SUCCESS,2026-04-09 10:00:00,TXN924170
9032,7654,2272,202.87,UPI,SUCCESS,2026-05-04 15:00:00,TXN202480
9033,7654,2272,187.84,UPI,SUCCESS,2026-05-03 17:00:00,TXN808163
9034,7655,2272,439.54,Debit Card,FAILED,2026-06-14 08:00:00,TXN748651
9035,7656,2272,447.61,UPI,FAILED,2026-07-12 11:00:00,TXN543045
9036,7657,2272,315.10,Netbanking,SUCCESS,2026-08-09 15:00:00,TXN623606
9037,7658,2272,328.56,Credit Card,SUCCESS,2026-09-02 14:00:00,TXN607622
9038,7659,2273,78.97,Netbanking,SUCCESS,2026-04-08 15:00:00,TXN652642
9039,7659,2273,160.57,Credit Card,SUCCESS,2026-04-14 09:00:00,TXN882242
9040,7660,2273,390.78,Credit Card,SUCCESS,2026-05-03 07:00:00,TXN508582
9041,7661,2273,184.21,UPI,SUCCESS,2026-06-09 12:00:00,TXN784599
9042,7662,2273,238.06,UPI,SUCCESS,2026-07-11 15:00:00,TXN890046
9043,7663,2273,265.33,Debit Card,SUCCESS,2026-08-10 06:00:00,TXN164400
9044,7664,2273,244.24,Netbanking,SUCCESS,2026-09-09 07:00:00,
9045,7665,2277,400.14,Wallet,SUCCESS,2026-04-15 11:00:00,
9046,7666,2277,101.28,Wallet,SUCCESS,2026-05-11 18:00:00,TXN642828
9047,7666,2277,164.49,UPI,SUCCESS,2026-05-03 10:00:00,TXN629495
9048,7667,2277,319.24,UPI,SUCCESS,2026-06-03 13:00:00,TXN720259
9049,7668,2277,356.60,UPI,SUCCESS,2026-07-01 19:00:00,TXN681842
9050,7669,2277,298.02,Debit Card,SUCCESS,2026-08-14 06:00:00,TXN304553
9051,7670,2277,363.59,Credit Card,SUCCESS,2026-09-15 21:00:00,TXN420271
9052,7671,2278,150.67,UPI,FAILED,2026-04-15 14:00:00,TXN594918
9053,7671,2278,82.78,Credit Card,SUCCESS,2026-04-05 16:00:00,TXN193053
9054,7672,2278,186.90,Credit Card,SUCCESS,2026-05-11 19:00:00,TXN265709
9055,7673,2278,245.38,Debit Card,SUCCESS,2026-06-08 14:00:00,TXN200184
9056,7674,2278,247.26,Netbanking,SUCCESS,2026-07-10 12:00:00,TXN398592
9057,7675,2278,136.96,Debit Card,SUCCESS,2026-08-05 14:00:00,TXN471604
9058,7675,2278,97.45,Credit Card,SUCCESS,2026-08-05 15:00:00,TXN365088
9059,7676,2278,226.19,Netbanking,SUCCESS,2026-09-14 14:00:00,TXN353573
9060,7677,2282,1104.54,Netbanking,SUCCESS,2026-04-12 09:00:00,TXN132152
9061,7678,2282,1163.31,Wallet,SUCCESS,2026-05-01 18:00:00,TXN481188
9062,7679,2282,464.49,Credit Card,SUCCESS,2026-06-09 17:00:00,TXN736228
9063,7679,2282,700.26,UPI,SUCCESS,2026-06-04 10:00:00,TXN968754
9064,7680,2282,1156.91,Credit Card,SUCCESS,2026-07-04 22:00:00,TXN962492
9065,7681,2282,354.60,Wallet,SUCCESS,2026-08-02 06:00:00,TXN831693
9066,7681,2282,761.43,Wallet,SUCCESS,2026-08-01 20:00:00,TXN170158
9067,7682,2282,1110.47,Netbanking,SUCCESS,2026-09-14 12:00:00,TXN152779
9068,7683,2285,536.23,UPI,SUCCESS,2026-04-05 14:00:00,TXN868111
9069,7683,2285,622.74,Credit Card,SUCCESS,2026-04-01 09:00:00,TXN288519
9070,7684,2285,1165.98,Debit Card,SUCCESS,2026-05-09 16:00:00,TXN878214
9071,7685,2285,1065.91,Wallet,FAILED,2026-06-06 19:00:00,TXN516868
9072,7686,2285,597.13,UPI,SUCCESS,2026-07-11 12:00:00,TXN642897
9073,7686,2285,512.55,Credit Card,FAILED,2026-07-11 17:00:00,TXN566183
9074,7687,2285,1151.73,Credit Card,SUCCESS,2026-08-08 11:00:00,
9075,7688,2285,1090.08,Wallet,SUCCESS,2026-09-13 12:00:00,TXN387609
9076,7689,2287,1065.73,Debit Card,SUCCESS,2026-04-08 14:00:00,TXN854114
9077,7690,2287,1139.49,Wallet,SUCCESS,2026-05-03 15:00:00,TXN311627
9078,7691,2287,1155.01,Wallet,SUCCESS,2026-06-02 10:00:00,TXN382597
9079,7692,2287,1183.56,Debit Card,SUCCESS,2026-07-12 19:00:00,TXN192976
9080,7693,2287,358.57,Netbanking,SUCCESS,2026-08-14 14:00:00,TXN951482
9081,7693,2287,801.49,Debit Card,SUCCESS,2026-08-15 11:00:00,TXN640771
9082,7694,2287,1165.50,Credit Card,SUCCESS,2026-09-03 14:00:00,TXN832430
9083,7695,2289,481.42,UPI,FAILED,2026-04-10 19:00:00,TXN194236
9084,7696,2289,550.43,Netbanking,SUCCESS,2026-05-09 07:00:00,TXN617935
9085,7697,2289,200.43,Wallet,SUCCESS,2026-06-11 10:00:00,TXN368159
9086,7697,2289,345.38,UPI,SUCCESS,2026-06-09 10:00:00,TXN391941
9087,7698,2289,562.10,Debit Card,SUCCESS,2026-07-15 15:00:00,TXN820118
9088,7699,2289,551.74,Credit Card,SUCCESS,2026-08-08 08:00:00,TXN920815
9089,7700,2289,486.95,Debit Card,SUCCESS,2026-09-14 13:00:00,TXN489020
9090,7701,2300,267.45,Netbanking,SUCCESS,2026-04-04 12:00:00,TXN457691
9091,7702,2300,381.90,Netbanking,FAILED,2026-05-11 08:00:00,TXN800038
9092,7703,2300,277.19,Netbanking,SUCCESS,2026-06-05 08:00:00,TXN673068
9093,7704,2300,241.98,Netbanking,SUCCESS,2026-07-13 20:00:00,TXN908778
9094,7705,2300,282.07,Wallet,SUCCESS,2026-08-14 10:00:00,TXN269733
9095,7706,2300,418.23,Credit Card,SUCCESS,2026-09-10 11:00:00,TXN285502
9096,7707,2304,139.08,Debit Card,SUCCESS,2026-04-13 14:00:00,TXN434951
9097,7707,2304,98.47,Credit Card,PENDING,2026-04-12 13:00:00,TXN775633
9098,7708,2304,351.91,Credit Card,SUCCESS,2026-05-05 22:00:00,TXN521379
9099,7709,2304,257.19,UPI,SUCCESS,2026-06-08 15:00:00,TXN340862
9100,7710,2304,261.55,Wallet,SUCCESS,2026-07-08 16:00:00,TXN378223
9101,7711,2304,148.28,Netbanking,SUCCESS,2026-08-11 07:00:00,TXN576224
9102,7711,2304,132.80,Debit Card,SUCCESS,2026-08-02 16:00:00,TXN855545
9103,7712,2304,346.59,Netbanking,FAILED,2026-09-07 10:00:00,TXN698453
9104,7713,2306,230.32,Netbanking,SUCCESS,2026-04-10 13:00:00,TXN977403
9105,7713,2306,224.31,UPI,SUCCESS,2026-04-02 22:00:00,TXN319294
9106,7714,2306,150.31,Netbanking,SUCCESS,2026-05-05 15:00:00,TXN267993
9107,7714,2306,344.04,Debit Card,SUCCESS,2026-05-14 10:00:00,TXN906400
9108,7715,2306,484.73,Credit Card,SUCCESS,2026-06-13 10:00:00,TXN103238
9109,7716,2306,160.81,Netbanking,PENDING,2026-07-15 20:00:00,TXN546579
9110,7716,2306,287.19,Netbanking,PENDING,2026-07-06 08:00:00,TXN743627
9111,7717,2306,166.30,UPI,SUCCESS,2026-08-03 15:00:00,TXN988679
9112,7717,2306,243.84,Credit Card,SUCCESS,2026-08-06 09:00:00,TXN543667
9113,7718,2306,442.46,Wallet,SUCCESS,2026-09-03 06:00:00,TXN383972
9114,7719,2308,1109.51,Wallet,SUCCESS,2026-04-12 10:00:00,TXN708878
9115,7720,2308,1114.77,UPI,SUCCESS,2026-05-03 18:00:00,TXN999140
9116,7721,2308,1144.08,Wallet,FAILED,2026-06-14 09:00:00,TXN200117
9117,7722,2308,1072.37,Wallet,SUCCESS,2026-07-10 18:00:00,
9118,7723,2308,1144.73,Debit Card,SUCCESS,2026-08-03 18:00:00,TXN467685
9119,7724,2308,1046.36,Netbanking,SUCCESS,2026-09-12 18:00:00,TXN626471
9120,7725,2311,585.33,Credit Card,SUCCESS,2026-04-09 20:00:00,TXN965285
9121,7726,2311,589.76,UPI,SUCCESS,2026-05-09 07:00:00,TXN176202
9122,7727,2311,490.43,Debit Card,SUCCESS,2026-06-11 07:00:00,TXN313831
9123,7728,2311,493.51,Netbanking,SUCCESS,2026-07-07 16:00:00,TXN666849
9124,7729,2311,549.97,UPI,SUCCESS,2026-08-06 10:00:00,TXN755508
9125,7730,2311,538.27,Netbanking,SUCCESS,2026-09-02 21:00:00,TXN480021
9126,7731,2317,544.59,Credit Card,SUCCESS,2026-04-06 12:00:00,TXN347886
9127,7732,2317,322.47,Debit Card,SUCCESS,2026-05-05 09:00:00,TXN610897
9128,7732,2317,192.58,Debit Card,SUCCESS,2026-05-13 21:00:00,TXN870654
9129,7733,2317,429.23,UPI,SUCCESS,2026-06-07 16:00:00,TXN964133
9130,7734,2317,426.97,Wallet,SUCCESS,2026-07-01 16:00:00,TXN855311
9131,7735,2317,407.74,UPI,SUCCESS,2026-08-04 13:00:00,TXN823029
9132,7736,2317,388.89,UPI,SUCCESS,2026-09-05 06:00:00,TXN843536
9133,7737,2318,362.51,UPI,SUCCESS,2026-04-06 10:00:00,TXN954913
9134,7738,2318,181.72,Netbanking,SUCCESS,2026-05-09 12:00:00,TXN249431
9135,7738,2318,146.37,Credit Card,FAILED,2026-05-04 18:00:00,
9136,7739,2318,214.87,Wallet,SUCCESS,2026-06-06 21:00:00,TXN484166
9137,7739,2318,189.94,Debit Card,SUCCESS,2026-06-14 14:00:00,TXN529123
9138,7740,2318,333.17,Wallet,SUCCESS,2026-07-10 17:00:00,TXN969470
9139,7741,2318,351.06,Credit Card,SUCCESS,2026-08-12 18:00:00,TXN437896
9140,7742,2318,402.10,Wallet,SUCCESS,2026-09-03 21:00:00,TXN518237
9141,7743,2320,1187.22,Wallet,PENDING,2026-04-05 21:00:00,TXN301949
9142,7744,2320,1203.38,Netbanking,SUCCESS,2026-05-07 19:00:00,TXN633611
9143,7745,2320,1229.54,Credit Card,SUCCESS,2026-06-10 19:00:00,TXN887659
9144,7746,2320,1194.45,UPI,SUCCESS,2026-07-05 14:00:00,TXN275443
9145,7747,2320,1332.69,Debit Card,SUCCESS,2026-08-01 08:00:00,TXN623417
9146,7748,2320,744.71,Wallet,SUCCESS,2026-09-14 11:00:00,TXN654458
9147,7748,2320,424.33,Debit Card,SUCCESS,2026-09-01 22:00:00,TXN817652
9148,7749,2328,713.84,UPI,SUCCESS,2026-04-15 17:00:00,TXN789020
9149,7749,2328,511.69,Netbanking,FAILED,2026-04-06 16:00:00,TXN409887
9150,7750,2328,723.50,Wallet,FAILED,2026-05-01 08:00:00,TXN693789
9151,7750,2328,518.75,Debit Card,SUCCESS,2026-05-01 11:00:00,TXN925528
9152,7751,2328,721.40,Credit Card,FAILED,2026-06-03 07:00:00,TXN619152
9153,7751,2328,641.20,UPI,SUCCESS,2026-06-13 11:00:00,TXN592973
9154,7752,2328,569.26,UPI,SUCCESS,2026-07-11 13:00:00,
9155,7752,2328,634.00,UPI,SUCCESS,2026-07-15 19:00:00,TXN559935
9156,7753,2328,1143.25,Wallet,SUCCESS,2026-08-11 07:00:00,TXN552048
9157,7754,2328,1254.35,Credit Card,SUCCESS,2026-09-01 13:00:00,TXN537827
9158,7755,2329,146.44,UPI,SUCCESS,2026-04-04 21:00:00,TXN964494
9159,7755,2329,125.89,Debit Card,PENDING,2026-04-04 09:00:00,TXN447292
9160,7756,2329,341.08,UPI,PENDING,2026-05-03 11:00:00,TXN368930
9161,7757,2329,315.13,Credit Card,SUCCESS,2026-06-07 14:00:00,TXN261215
9162,7758,2329,492.92,Netbanking,SUCCESS,2026-07-14 21:00:00,TXN257054
9163,7759,2329,399.65,Wallet,SUCCESS,2026-08-14 09:00:00,TXN720891
9164,7760,2329,273.41,UPI,SUCCESS,2026-09-12 21:00:00,TXN731809
9165,7761,2336,809.93,Debit Card,PENDING,2026-04-11 11:00:00,TXN502547
9166,7762,2336,446.55,Credit Card,SUCCESS,2026-05-11 07:00:00,TXN385571
9167,7762,2336,505.85,Credit Card,FAILED,2026-05-11 07:00:00,TXN510545
9168,7763,2336,917.12,Credit Card,SUCCESS,2026-06-08 11:00:00,TXN596788
9169,7764,2336,908.78,UPI,SUCCESS,2026-07-08 10:00:00,TXN128235
9170,7765,2336,825.37,Credit Card,PENDING,2026-08-02 15:00:00,TXN907253
9171,7766,2336,956.09,Netbanking,SUCCESS,2026-09-03 21:00:00,TXN272938
9172,7767,2337,488.28,Wallet,PENDING,2026-04-11 15:00:00,TXN922510
9173,7768,2337,435.54,Wallet,SUCCESS,2026-05-04 14:00:00,TXN316077
9174,7769,2337,175.21,Wallet,SUCCESS,2026-06-11 16:00:00,TXN130425
9175,7769,2337,250.95,UPI,SUCCESS,2026-06-05 08:00:00,TXN872101
9176,7770,2337,447.21,UPI,SUCCESS,2026-07-10 08:00:00,TXN166054
9177,7771,2337,146.71,Debit Card,SUCCESS,2026-08-02 20:00:00,TXN258083
9178,7771,2337,337.00,Debit Card,SUCCESS,2026-08-03 07:00:00,TXN676553
9179,7772,2337,458.44,Wallet,SUCCESS,2026-09-10 16:00:00,TXN880668
9180,7773,2342,182.10,Wallet,SUCCESS,2026-04-10 22:00:00,TXN700049
9181,7774,2342,141.39,Debit Card,SUCCESS,2026-05-08 16:00:00,TXN974984
9182,7774,2342,68.40,Credit Card,SUCCESS,2026-05-09 20:00:00,TXN889092
9183,7775,2342,242.33,Credit Card,SUCCESS,2026-06-13 22:00:00,TXN980696
9184,7776,2342,133.65,Credit Card,SUCCESS,2026-07-11 20:00:00,TXN710061
9185,7777,2342,140.36,Wallet,SUCCESS,2026-08-11 15:00:00,TXN971447
9186,7778,2342,253.84,Netbanking,SUCCESS,2026-09-15 13:00:00,TXN903311
9187,7779,2347,1041.64,Credit Card,SUCCESS,2026-04-14 12:00:00,TXN922981
9188,7780,2347,1215.45,UPI,SUCCESS,2026-05-09 09:00:00,
9189,7781,2347,1176.93,UPI,SUCCESS,2026-06-02 22:00:00,TXN579096
9190,7782,2347,1072.90,UPI,FAILED,2026-07-02 19:00:00,TXN246254
9191,7783,2347,1201.95,UPI,SUCCESS,2026-08-02 11:00:00,TXN583005
9192,7784,2347,1053.24,Wallet,SUCCESS,2026-09-02 07:00:00,TXN707318
9193,7785,2353,581.54,Credit Card,SUCCESS,2026-04-14 18:00:00,TXN133055
9194,7786,2353,198.83,Wallet,SUCCESS,2026-05-15 19:00:00,TXN554821
9195,7786,2353,429.93,Netbanking,SUCCESS,2026-05-15 15:00:00,TXN118451
9196,7787,2353,629.18,Wallet,SUCCESS,2026-06-13 09:00:00,TXN459377
9197,7788,2353,248.75,Netbanking,SUCCESS,2026-07-01 18:00:00,TXN255447
9198,7788,2353,380.44,Debit Card,SUCCESS,2026-07-08 14:00:00,TXN228822
9199,7789,2353,554.61,UPI,PENDING,2026-08-02 16:00:00,TXN791098
9200,7790,2353,554.69,Credit Card,SUCCESS,2026-09-11 10:00:00,TXN804229
9201,7791,2357,1053.28,Netbanking,PENDING,2026-04-04 14:00:00,TXN129446
9202,7792,2357,1024.63,Wallet,FAILED,2026-05-05 20:00:00,TXN893162
9203,7793,2357,1070.32,Netbanking,SUCCESS,2026-06-07 20:00:00,TXN453851
9204,7794,2357,968.19,Credit Card,SUCCESS,2026-07-08 11:00:00,TXN507426
9205,7795,2357,991.83,Credit Card,SUCCESS,2026-08-01 08:00:00,TXN378245
9206,7796,2357,994.09,UPI,SUCCESS,2026-09-07 08:00:00,TXN558443
9207,7797,2360,951.59,UPI,SUCCESS,2026-04-12 15:00:00,TXN281957
9208,7798,2360,877.73,UPI,SUCCESS,2026-05-15 09:00:00,TXN960505
9209,7799,2360,825.92,Wallet,SUCCESS,2026-06-14 06:00:00,TXN420192
9210,7800,2360,904.87,Wallet,SUCCESS,2026-07-02 15:00:00,TXN376839
9211,7801,2360,831.50,UPI,SUCCESS,2026-08-10 11:00:00,
9212,7802,2360,792.04,Credit Card,SUCCESS,2026-09-01 17:00:00,
9213,7803,2361,465.84,Wallet,SUCCESS,2026-04-13 14:00:00,TXN734307
9214,7803,2361,231.80,Netbanking,SUCCESS,2026-04-01 07:00:00,TXN707257
9215,7804,2361,738.40,Debit Card,SUCCESS,2026-05-01 08:00:00,TXN946116
9216,7805,2361,761.23,UPI,SUCCESS,2026-06-13 19:00:00,TXN408580
9217,7806,2361,742.62,Wallet,SUCCESS,2026-07-01 15:00:00,TXN834397
9218,7807,2361,251.14,Credit Card,FAILED,2026-08-05 17:00:00,TXN495059
9219,7807,2361,441.85,Wallet,SUCCESS,2026-08-08 11:00:00,TXN543902
9220,7808,2361,723.48,Credit Card,SUCCESS,2026-09-07 11:00:00,TXN465384
9221,7809,2367,335.72,Credit Card,FAILED,2026-04-01 12:00:00,TXN714747
9222,7810,2367,273.90,Credit Card,SUCCESS,2026-05-13 14:00:00,TXN721057
9223,7811,2367,234.01,Credit Card,FAILED,2026-06-08 14:00:00,TXN636764
9224,7812,2367,84.96,Netbanking,SUCCESS,2026-07-11 07:00:00,TXN376849
9225,7812,2367,123.03,Netbanking,SUCCESS,2026-07-11 12:00:00,TXN508628
9226,7813,2367,175.70,Credit Card,SUCCESS,2026-08-07 06:00:00,TXN617491
9227,7813,2367,82.26,Wallet,SUCCESS,2026-08-14 17:00:00,TXN303304
9228,7814,2367,204.62,Debit Card,SUCCESS,2026-09-15 13:00:00,TXN813237
9229,7815,2374,209.11,Credit Card,FAILED,2026-04-10 13:00:00,TXN248425
9230,7816,2374,240.18,Debit Card,SUCCESS,2026-05-14 17:00:00,TXN706320
9231,7817,2374,243.46,Netbanking,SUCCESS,2026-06-15 07:00:00,
9232,7818,2374,240.35,Wallet,SUCCESS,2026-07-06 13:00:00,TXN323678
9233,7819,2374,160.03,Debit Card,SUCCESS,2026-08-14 16:00:00,TXN851917
9234,7819,2374,117.22,Wallet,SUCCESS,2026-08-07 15:00:00,TXN730566
9235,7820,2374,257.55,Debit Card,FAILED,2026-09-01 13:00:00,TXN787723
9236,7821,2381,278.56,Debit Card,FAILED,2026-04-11 18:00:00,TXN127685
9237,7821,2381,180.50,Wallet,SUCCESS,2026-04-03 14:00:00,TXN887674
9238,7822,2381,340.01,UPI,SUCCESS,2026-05-15 07:00:00,TXN810572
9239,7823,2381,197.04,Netbanking,SUCCESS,2026-06-03 18:00:00,TXN315923
9240,7823,2381,106.31,Debit Card,SUCCESS,2026-06-13 14:00:00,TXN263623
9241,7824,2381,276.93,Credit Card,SUCCESS,2026-07-02 19:00:00,TXN972348
9242,7825,2381,344.73,UPI,SUCCESS,2026-08-02 09:00:00,TXN753382
9243,7826,2381,346.44,Netbanking,SUCCESS,2026-09-02 16:00:00,TXN885677
9244,7827,2382,428.69,UPI,PENDING,2026-04-10 11:00:00,TXN311809
9245,7828,2382,427.30,Credit Card,SUCCESS,2026-05-02 17:00:00,TXN768975
9246,7829,2382,290.86,Debit Card,SUCCESS,2026-06-13 10:00:00,TXN908584
9247,7830,2382,312.09,UPI,FAILED,2026-07-08 15:00:00,TXN579530
9248,7831,2382,408.82,Wallet,SUCCESS,2026-08-06 08:00:00,TXN441358
9249,7832,2382,365.41,Debit Card,SUCCESS,2026-09-10 15:00:00,TXN716968
9250,7833,2387,3669.52,Netbanking,SUCCESS,2026-04-05 17:00:00,TXN458709
9251,7834,2387,3553.99,Credit Card,PENDING,2026-05-11 06:00:00,TXN633216
9252,7835,2387,3603.89,Debit Card,SUCCESS,2026-06-14 11:00:00,TXN705930
9253,7836,2387,3553.24,Credit Card,SUCCESS,2026-07-01 11:00:00,TXN758792
9254,7837,2387,3686.39,Credit Card,SUCCESS,2026-08-10 10:00:00,TXN236098
9255,7838,2387,3584.36,UPI,FAILED,2026-09-13 11:00:00,TXN295195
9256,7839,2389,1068.23,UPI,SUCCESS,2026-04-12 12:00:00,TXN985224
9257,7840,2389,1153.46,UPI,SUCCESS,2026-05-09 08:00:00,TXN177109
9258,7841,2389,1100.31,Credit Card,SUCCESS,2026-06-10 17:00:00,TXN435586
9259,7842,2389,1220.23,Netbanking,SUCCESS,2026-07-12 20:00:00,TXN785222
9260,7843,2389,1129.86,Debit Card,SUCCESS,2026-08-07 10:00:00,TXN249761
9261,7844,2389,1167.74,Credit Card,SUCCESS,2026-09-14 07:00:00,TXN400799
9262,7845,2393,884.87,Credit Card,SUCCESS,2026-04-08 09:00:00,TXN383428
9263,7846,2393,948.96,Debit Card,FAILED,2026-05-04 16:00:00,TXN320690
9264,7847,2393,826.00,Debit Card,SUCCESS,2026-06-10 10:00:00,TXN181857
9265,7848,2393,783.01,Debit Card,SUCCESS,2026-07-05 19:00:00,TXN946775
9266,7849,2393,802.40,Credit Card,FAILED,2026-08-11 06:00:00,TXN657950
9267,7850,2393,973.76,Wallet,FAILED,2026-09-12 14:00:00,TXN518765
9268,7851,2394,1241.18,Debit Card,SUCCESS,2026-04-08 13:00:00,TXN918027
9269,7852,2394,1184.53,Wallet,SUCCESS,2026-05-02 06:00:00,TXN918989
9270,7853,2394,1140.78,Netbanking,SUCCESS,2026-06-05 12:00:00,TXN335095
9271,7854,2394,414.27,Netbanking,SUCCESS,2026-07-15 14:00:00,TXN388086
9272,7854,2394,809.26,UPI,SUCCESS,2026-07-15 09:00:00,TXN398616
9273,7855,2394,1134.23,Credit Card,SUCCESS,2026-08-01 21:00:00,TXN960317
9274,7856,2394,568.40,UPI,SUCCESS,2026-09-02 18:00:00,TXN373999
9275,7856,2394,694.71,Netbanking,SUCCESS,2026-09-15 11:00:00,TXN980090
9276,7857,2396,301.22,UPI,SUCCESS,2026-04-10 13:00:00,TXN687010
9277,7858,2396,294.79,UPI,SUCCESS,2026-05-12 12:00:00,TXN733833
9278,7859,2396,418.70,Debit Card,SUCCESS,2026-06-06 18:00:00,TXN515048
9279,7860,2396,395.23,UPI,SUCCESS,2026-07-15 19:00:00,TXN167992
9280,7861,2396,342.07,Credit Card,SUCCESS,2026-08-14 07:00:00,TXN148982
9281,7862,2396,421.27,Netbanking,SUCCESS,2026-09-14 19:00:00,TXN184040
9282,7863,2397,227.93,Credit Card,SUCCESS,2026-04-10 19:00:00,TXN177473
9283,7863,2397,144.91,Netbanking,SUCCESS,2026-04-01 07:00:00,TXN660345
9284,7864,2397,175.31,Wallet,SUCCESS,2026-05-06 08:00:00,TXN711652
9285,7864,2397,82.50,Wallet,SUCCESS,2026-05-11 22:00:00,TXN355587
9286,7865,2397,408.91,UPI,SUCCESS,2026-06-12 12:00:00,TXN164416
9287,7866,2397,421.72,UPI,SUCCESS,2026-07-12 18:00:00,TXN515537
9288,7867,2397,234.83,Credit Card,SUCCESS,2026-08-06 11:00:00,TXN539154
9289,7868,2397,213.97,Wallet,SUCCESS,2026-09-07 15:00:00,TXN443308
9290,7869,2403,962.21,Debit Card,SUCCESS,2026-04-01 08:00:00,TXN475903
9291,7870,2403,533.21,UPI,SUCCESS,2026-05-15 09:00:00,TXN288424
9292,7870,2403,355.18,Wallet,PENDING,2026-05-15 16:00:00,TXN339623
9293,7871,2403,930.32,Debit Card,SUCCESS,2026-06-01 18:00:00,
9294,7872,2403,909.92,Netbanking,SUCCESS,2026-07-05 15:00:00,TXN797052
9295,7873,2403,933.50,Wallet,SUCCESS,2026-08-04 18:00:00,TXN275495
9296,7874,2403,996.20,Netbanking,SUCCESS,2026-09-06 19:00:00,TXN123639
9297,7875,2406,280.19,Wallet,SUCCESS,2026-04-04 11:00:00,TXN560455
9298,7876,2406,162.37,Credit Card,SUCCESS,2026-05-08 21:00:00,TXN917582
9299,7876,2406,176.18,Credit Card,SUCCESS,2026-05-10 14:00:00,TXN988488
9300,7877,2406,284.76,Credit Card,SUCCESS,2026-06-06 18:00:00,TXN630795
9301,7878,2406,207.38,Wallet,SUCCESS,2026-07-08 17:00:00,TXN277342
9302,7879,2406,239.92,Credit Card,SUCCESS,2026-08-06 17:00:00,TXN804435
9303,7880,2406,142.64,Credit Card,SUCCESS,2026-09-13 20:00:00,TXN819364
9304,7880,2406,148.67,Debit Card,SUCCESS,2026-09-04 17:00:00,TXN621076
9305,7881,2407,285.54,Netbanking,SUCCESS,2026-04-13 12:00:00,TXN737957
9306,7882,2407,234.51,UPI,SUCCESS,2026-05-11 10:00:00,TXN270250
9307,7883,2407,214.42,Wallet,SUCCESS,2026-06-12 07:00:00,TXN871022
9308,7884,2407,365.94,Netbanking,FAILED,2026-07-08 12:00:00,TXN952933
9309,7885,2407,188.29,Wallet,SUCCESS,2026-08-13 14:00:00,TXN858053
9310,7886,2407,259.28,Wallet,SUCCESS,2026-09-11 17:00:00,TXN584077
9311,7887,2409,3598.76,Credit Card,SUCCESS,2026-04-01 09:00:00,
9312,7888,2409,3679.53,Debit Card,SUCCESS,2026-05-02 14:00:00,TXN748079
9313,7889,2409,3613.33,Debit Card,SUCCESS,2026-06-04 15:00:00,TXN136150
9314,7890,2409,3600.80,Wallet,SUCCESS,2026-07-03 13:00:00,TXN284768
9315,7891,2409,1493.75,Debit Card,SUCCESS,2026-08-13 07:00:00,TXN322929
9316,7891,2409,2169.63,Wallet,FAILED,2026-08-14 10:00:00,TXN790930
9317,7892,2409,3628.15,UPI,SUCCESS,2026-09-13 14:00:00,TXN358810
9318,7893,2410,699.17,Debit Card,SUCCESS,2026-04-10 17:00:00,TXN478776
9319,7894,2410,608.28,UPI,SUCCESS,2026-05-13 19:00:00,TXN599879
9320,7895,2410,542.18,Debit Card,SUCCESS,2026-06-11 22:00:00,TXN270599
9321,7896,2410,519.11,Netbanking,SUCCESS,2026-07-07 08:00:00,TXN971281
9322,7897,2410,482.08,Debit Card,SUCCESS,2026-08-10 06:00:00,TXN541363
9323,7898,2410,562.12,Netbanking,SUCCESS,2026-09-15 09:00:00,TXN707073
9324,7899,2411,890.62,UPI,SUCCESS,2026-04-11 14:00:00,TXN359909
9325,7900,2411,832.38,Wallet,SUCCESS,2026-05-12 08:00:00,TXN632098
9326,7901,2411,861.18,Credit Card,SUCCESS,2026-06-12 07:00:00,TXN300671
9327,7902,2411,800.80,Netbanking,SUCCESS,2026-07-06 12:00:00,TXN554689
9328,7903,2411,910.54,Wallet,SUCCESS,2026-08-09 13:00:00,TXN851353
9329,7904,2411,966.04,Wallet,PENDING,2026-09-12 22:00:00,TXN950617
9330,7905,2412,181.33,UPI,PENDING,2026-04-03 11:00:00,TXN494361
9331,7905,2412,86.20,Credit Card,FAILED,2026-04-05 20:00:00,TXN105783
9332,7906,2412,285.71,Credit Card,SUCCESS,2026-05-05 13:00:00,TXN910378
9333,7907,2412,346.00,UPI,SUCCESS,2026-06-14 20:00:00,TXN981854
9334,7908,2412,182.53,Credit Card,SUCCESS,2026-07-08 15:00:00,TXN383443
9335,7909,2412,167.76,UPI,SUCCESS,2026-08-13 18:00:00,TXN460748
9336,7909,2412,94.11,UPI,SUCCESS,2026-08-03 13:00:00,TXN482910
9337,7910,2412,215.57,Wallet,SUCCESS,2026-09-12 22:00:00,
9338,7911,2419,178.30,Credit Card,SUCCESS,2026-04-14 09:00:00,TXN851558
9339,7911,2419,314.90,Wallet,SUCCESS,2026-04-15 07:00:00,TXN249064
9340,7912,2419,519.53,Credit Card,SUCCESS,2026-05-01 19:00:00,TXN467068
9341,7913,2419,519.32,Netbanking,FAILED,2026-06-11 12:00:00,TXN207388
9342,7914,2419,664.19,Netbanking,SUCCESS,2026-07-05 11:00:00,TXN380210
9343,7915,2419,564.36,Wallet,SUCCESS,2026-08-07 17:00:00,TXN897554
9344,7916,2419,661.01,UPI,SUCCESS,2026-09-04 17:00:00,TXN523193
9345,7917,2428,543.22,Debit Card,SUCCESS,2026-04-15 18:00:00,TXN301212
9346,7918,2428,205.47,Debit Card,SUCCESS,2026-05-08 16:00:00,TXN517599
9347,7918,2428,104.23,Wallet,SUCCESS,2026-05-06 10:00:00,TXN850218
9348,7919,2428,398.57,UPI,SUCCESS,2026-06-14 09:00:00,TXN348136
9349,7920,2428,406.64,Netbanking,SUCCESS,2026-07-11 13:00:00,TXN331621
9350,7921,2428,521.67,Wallet,PENDING,2026-08-12 16:00:00,TXN838405
9351,7922,2428,350.29,Netbanking,SUCCESS,2026-09-15 14:00:00,TXN648988
9352,7923,2429,253.69,Wallet,SUCCESS,2026-04-04 16:00:00,TXN489468
9353,7924,2429,317.57,Credit Card,PENDING,2026-05-02 13:00:00,TXN761289
9354,7925,2429,291.42,Wallet,SUCCESS,2026-06-09 09:00:00,TXN737087
9355,7926,2429,375.91,Credit Card,SUCCESS,2026-07-02 13:00:00,TXN764775
9356,7927,2429,280.93,UPI,SUCCESS,2026-08-11 12:00:00,TXN467955
9357,7928,2429,423.68,Netbanking,SUCCESS,2026-09-04 22:00:00,TXN678833
9358,7929,2432,819.07,Credit Card,SUCCESS,2026-04-02 15:00:00,TXN223153
9359,7930,2432,874.96,Debit Card,SUCCESS,2026-05-04 21:00:00,TXN430833
9360,7931,2432,430.10,Credit Card,SUCCESS,2026-06-07 22:00:00,TXN234854
9361,7931,2432,354.19,Credit Card,SUCCESS,2026-06-03 12:00:00,TXN116409
9362,7932,2432,870.11,Debit Card,SUCCESS,2026-07-07 12:00:00,TXN508573
9363,7933,2432,848.35,Netbanking,FAILED,2026-08-11 08:00:00,TXN550664
9364,7934,2432,768.99,Wallet,SUCCESS,2026-09-13 06:00:00,TXN504464
9365,7935,2438,1218.97,UPI,SUCCESS,2026-04-04 11:00:00,TXN739248
9366,7936,2438,1223.41,Debit Card,SUCCESS,2026-05-02 15:00:00,TXN291867
9367,7937,2438,1100.81,Netbanking,SUCCESS,2026-06-01 18:00:00,TXN814851
9368,7938,2438,1124.15,Wallet,SUCCESS,2026-07-02 08:00:00,TXN351796
9369,7939,2438,1157.93,Debit Card,FAILED,2026-08-04 11:00:00,TXN698705
9370,7940,2438,1119.53,Debit Card,SUCCESS,2026-09-13 11:00:00,TXN547271
9371,7941,2440,713.94,Debit Card,SUCCESS,2026-04-10 13:00:00,TXN762188
9372,7942,2440,706.06,UPI,PENDING,2026-05-15 07:00:00,TXN913245
9373,7943,2440,604.96,UPI,SUCCESS,2026-06-07 21:00:00,
9374,7944,2440,761.87,UPI,SUCCESS,2026-07-08 21:00:00,TXN477280
9375,7945,2440,225.41,Wallet,SUCCESS,2026-08-13 08:00:00,
9376,7945,2440,398.86,Netbanking,SUCCESS,2026-08-07 08:00:00,TXN570556
9377,7946,2440,676.60,Debit Card,SUCCESS,2026-09-04 13:00:00,TXN552467
9378,7947,2449,392.52,Netbanking,SUCCESS,2026-04-03 11:00:00,TXN325384
9379,7948,2449,381.29,Netbanking,SUCCESS,2026-05-11 06:00:00,TXN691506
9380,7949,2449,413.74,Wallet,SUCCESS,2026-06-06 13:00:00,TXN750759
9381,7950,2449,312.59,Debit Card,PENDING,2026-07-09 10:00:00,TXN454942
9382,7951,2449,97.46,UPI,SUCCESS,2026-08-05 12:00:00,TXN200468
9383,7951,2449,191.39,Wallet,SUCCESS,2026-08-11 16:00:00,TXN338484
9384,7952,2449,354.22,Credit Card,SUCCESS,2026-09-15 09:00:00,TXN790174
9385,7953,2450,269.74,UPI,SUCCESS,2026-04-01 12:00:00,TXN982173
9386,7954,2450,280.16,Netbanking,SUCCESS,2026-05-10 11:00:00,
9387,7955,2450,278.35,Credit Card,SUCCESS,2026-06-13 18:00:00,TXN337623
9388,7956,2450,131.86,Credit Card,SUCCESS,2026-07-14 19:00:00,TXN686753
9389,7956,2450,198.35,UPI,SUCCESS,2026-07-15 09:00:00,TXN766305
9390,7957,2450,309.31,Wallet,SUCCESS,2026-08-15 12:00:00,TXN542739
9391,7958,2450,234.83,UPI,SUCCESS,2026-09-14 09:00:00,TXN689226
9392,7959,2452,481.43,UPI,SUCCESS,2026-04-14 14:00:00,TXN641966
9393,7960,2452,338.99,Netbanking,SUCCESS,2026-05-02 12:00:00,TXN417258
9394,7960,2452,203.69,Netbanking,SUCCESS,2026-05-02 20:00:00,TXN538088
9395,7961,2452,310.94,Netbanking,SUCCESS,2026-06-07 06:00:00,TXN742320
9396,7961,2452,170.78,Credit Card,SUCCESS,2026-06-08 22:00:00,TXN183274
9397,7962,2452,527.59,Wallet,SUCCESS,2026-07-05 14:00:00,TXN851699
9398,7963,2452,483.20,Credit Card,FAILED,2026-08-04 22:00:00,TXN154802
9399,7964,2452,527.37,Debit Card,SUCCESS,2026-09-03 22:00:00,TXN815126
9400,7965,2455,358.98,Wallet,SUCCESS,2026-04-02 09:00:00,TXN319476
9401,7966,2455,263.16,Wallet,SUCCESS,2026-05-05 07:00:00,TXN872602
9402,7966,2455,176.45,Credit Card,SUCCESS,2026-05-05 10:00:00,TXN398473
9403,7967,2455,317.34,Credit Card,SUCCESS,2026-06-03 07:00:00,
9404,7968,2455,343.42,UPI,SUCCESS,2026-07-13 22:00:00,
9405,7969,2455,460.21,UPI,SUCCESS,2026-08-14 10:00:00,TXN364018
9406,7970,2455,403.19,Credit Card,FAILED,2026-09-14 20:00:00,TXN586004
9407,7971,2456,577.20,Wallet,SUCCESS,2026-04-06 14:00:00,TXN381387
9408,7972,2456,656.24,UPI,FAILED,2026-05-15 13:00:00,TXN577289
9409,7973,2456,581.96,Wallet,SUCCESS,2026-06-12 18:00:00,TXN385020
9410,7974,2456,608.97,UPI,SUCCESS,2026-07-11 08:00:00,TXN571922
9411,7975,2456,605.23,Debit Card,SUCCESS,2026-08-14 22:00:00,TXN999673
9412,7976,2456,666.45,Debit Card,SUCCESS,2026-09-05 08:00:00,TXN385383
9413,7977,2459,1161.21,Debit Card,SUCCESS,2026-04-08 18:00:00,TXN805929
9414,7978,2459,1206.70,Netbanking,SUCCESS,2026-05-03 11:00:00,TXN396432
9415,7979,2459,1234.17,Wallet,SUCCESS,2026-06-15 14:00:00,
9416,7980,2459,1107.36,Netbanking,SUCCESS,2026-07-14 10:00:00,TXN986697
9417,7981,2459,1157.25,Netbanking,SUCCESS,2026-08-07 12:00:00,TXN414627
9418,7982,2459,828.87,UPI,FAILED,2026-09-10 21:00:00,TXN150662
9419,7982,2459,405.76,UPI,SUCCESS,2026-09-01 14:00:00,
9420,7983,2463,963.75,UPI,SUCCESS,2026-04-05 16:00:00,TXN183386
9421,7984,2463,970.74,Debit Card,SUCCESS,2026-05-11 14:00:00,TXN794545
9422,7985,2463,922.80,UPI,SUCCESS,2026-06-07 20:00:00,TXN757005
9423,7986,2463,959.44,Debit Card,SUCCESS,2026-07-14 09:00:00,TXN216634
9424,7987,2463,568.71,Credit Card,SUCCESS,2026-08-14 06:00:00,TXN610526
9425,7987,2463,346.95,Wallet,PENDING,2026-08-14 18:00:00,TXN625348
9426,7988,2463,936.13,Wallet,SUCCESS,2026-09-05 18:00:00,TXN556873
9427,7989,2466,600.62,UPI,SUCCESS,2026-04-13 15:00:00,TXN933352
9428,7990,2466,401.16,Netbanking,SUCCESS,2026-05-11 08:00:00,TXN984426
9429,7990,2466,254.14,Debit Card,SUCCESS,2026-05-14 11:00:00,TXN646493
9430,7991,2466,639.05,Credit Card,SUCCESS,2026-06-08 13:00:00,TXN344777
9431,7992,2466,543.98,UPI,SUCCESS,2026-07-06 22:00:00,TXN779354
9432,7993,2466,562.13,Wallet,SUCCESS,2026-08-12 15:00:00,TXN580769
9433,7994,2466,606.60,Credit Card,SUCCESS,2026-09-05 06:00:00,TXN871933
9434,7995,2469,3596.81,Wallet,SUCCESS,2026-04-13 18:00:00,TXN114769
9435,7996,2469,3563.88,Netbanking,SUCCESS,2026-05-06 09:00:00,TXN482100
9436,7997,2469,3611.24,Netbanking,SUCCESS,2026-06-07 08:00:00,TXN227505
9437,7998,2469,3608.83,Netbanking,SUCCESS,2026-07-08 16:00:00,TXN701829
9438,7999,2469,3658.38,Wallet,FAILED,2026-08-02 17:00:00,TXN846801
9439,8000,2469,1727.80,Credit Card,SUCCESS,2026-09-08 11:00:00,TXN406584
9440,8000,2469,1984.81,Wallet,SUCCESS,2026-09-04 13:00:00,TXN527890
9441,8001,2471,230.60,Netbanking,SUCCESS,2026-04-04 13:00:00,TXN923497
9442,8002,2471,250.94,Netbanking,SUCCESS,2026-05-12 07:00:00,TXN742782
9443,8003,2471,152.04,Debit Card,SUCCESS,2026-06-01 13:00:00,TXN196244
9444,8004,2471,152.75,Netbanking,SUCCESS,2026-07-09 20:00:00,TXN294106
9445,8005,2471,276.50,UPI,SUCCESS,2026-08-01 07:00:00,TXN411785
9446,8006,2471,101.67,Debit Card,PENDING,2026-09-02 11:00:00,TXN635254
9447,8006,2471,44.23,Debit Card,SUCCESS,2026-09-02 07:00:00,TXN583372
9448,8007,2474,1084.34,Netbanking,SUCCESS,2026-04-15 19:00:00,TXN296867
9449,8008,2474,428.15,Credit Card,SUCCESS,2026-05-07 12:00:00,TXN660864
9450,8008,2474,680.64,Credit Card,SUCCESS,2026-05-05 14:00:00,TXN381253
9451,8009,2474,1040.80,UPI,SUCCESS,2026-06-14 07:00:00,TXN864416
9452,8010,2474,1136.43,Netbanking,SUCCESS,2026-07-06 07:00:00,TXN370153
9453,8011,2474,1021.73,Wallet,SUCCESS,2026-08-02 06:00:00,TXN949165
9454,8012,2474,722.63,Netbanking,SUCCESS,2026-09-04 10:00:00,TXN997572
9455,8012,2474,351.68,Debit Card,SUCCESS,2026-09-13 12:00:00,TXN419459
9456,8013,2477,360.55,Netbanking,SUCCESS,2026-04-04 19:00:00,TXN225677
9457,8014,2477,453.03,Wallet,SUCCESS,2026-05-15 17:00:00,
9458,8015,2477,414.19,UPI,SUCCESS,2026-06-01 18:00:00,TXN505602
9459,8016,2477,104.40,UPI,SUCCESS,2026-07-01 17:00:00,TXN803557
9460,8016,2477,112.05,Debit Card,SUCCESS,2026-07-10 22:00:00,TXN739886
9461,8017,2477,296.84,Debit Card,SUCCESS,2026-08-05 15:00:00,TXN106048
9462,8018,2477,221.10,Credit Card,SUCCESS,2026-09-06 18:00:00,TXN294902
9463,8019,2480,312.02,Debit Card,SUCCESS,2026-04-13 22:00:00,TXN796266
9464,8020,2480,279.20,Debit Card,SUCCESS,2026-05-05 12:00:00,TXN165355
9465,8021,2480,137.46,UPI,SUCCESS,2026-06-06 07:00:00,TXN809616
9466,8021,2480,190.58,Debit Card,SUCCESS,2026-06-10 22:00:00,TXN738074
9467,8022,2480,228.70,Credit Card,SUCCESS,2026-07-08 14:00:00,TXN458968
9468,8023,2480,405.55,Debit Card,SUCCESS,2026-08-05 15:00:00,TXN732299
9469,8024,2480,296.30,Credit Card,SUCCESS,2026-09-06 20:00:00,TXN216007
9470,8025,2491,1211.67,Credit Card,SUCCESS,2026-04-15 19:00:00,TXN166909
9471,8026,2491,1184.64,UPI,SUCCESS,2026-05-10 19:00:00,TXN687499
9472,8027,2491,1188.47,UPI,PENDING,2026-06-07 08:00:00,TXN861334
9473,8028,2491,1200.11,Debit Card,SUCCESS,2026-07-06 13:00:00,TXN152211
9474,8029,2491,1121.78,Credit Card,SUCCESS,2026-08-08 20:00:00,TXN207579
9475,8030,2491,1188.47,Credit Card,PENDING,2026-09-03 09:00:00,TXN128089
9476,8031,2492,289.27,Netbanking,SUCCESS,2026-04-03 21:00:00,TXN604320
9477,8032,2492,293.58,Wallet,SUCCESS,2026-05-05 09:00:00,TXN891542
9478,8033,2492,432.38,Debit Card,FAILED,2026-06-05 09:00:00,TXN164693
9479,8034,2492,340.23,Netbanking,SUCCESS,2026-07-03 21:00:00,
9480,8035,2492,354.00,Debit Card,SUCCESS,2026-08-03 09:00:00,TXN473329
9481,8036,2492,313.15,UPI,SUCCESS,2026-09-04 19:00:00,TXN349415
9482,8037,2500,1083.72,Netbanking,FAILED,2026-04-02 14:00:00,TXN746823
9483,8038,2500,535.32,Netbanking,SUCCESS,2026-05-13 14:00:00,TXN628450
9484,8038,2500,633.28,Credit Card,SUCCESS,2026-05-07 17:00:00,TXN834834
9485,8039,2500,1196.66,Wallet,SUCCESS,2026-06-14 19:00:00,TXN890093
9486,8040,2500,1098.97,Wallet,SUCCESS,2026-07-08 15:00:00,TXN516811
9487,8041,2500,709.45,Debit Card,SUCCESS,2026-08-13 09:00:00,TXN990979
9488,8041,2500,384.69,Netbanking,SUCCESS,2026-08-10 19:00:00,
9489,8042,2500,804.81,UPI,SUCCESS,2026-09-07 18:00:00,TXN262541
9490,8042,2500,362.88,Credit Card,FAILED,2026-09-04 17:00:00,TXN120965
9491,8043,2501,308.09,Wallet,FAILED,2026-04-09 22:00:00,TXN821301
9492,8044,2501,287.25,UPI,SUCCESS,2026-05-13 17:00:00,TXN516543
9493,8045,2501,380.27,UPI,SUCCESS,2026-06-08 18:00:00,TXN823034
9494,8046,2501,300.29,Debit Card,SUCCESS,2026-07-15 15:00:00,TXN477841
9495,8047,2501,201.89,Credit Card,SUCCESS,2026-08-12 11:00:00,
9496,8047,2501,257.39,Netbanking,SUCCESS,2026-08-09 08:00:00,TXN478174
9497,8048,2501,418.36,Debit Card,PENDING,2026-09-01 13:00:00,TXN497841
9498,8049,2504,218.62,Wallet,SUCCESS,2026-04-01 20:00:00,TXN366906
9499,8049,2504,202.17,Netbanking,SUCCESS,2026-04-07 22:00:00,TXN172273
9500,8050,2504,359.22,Wallet,SUCCESS,2026-05-09 22:00:00,TXN513458
9501,8051,2504,525.08,Credit Card,SUCCESS,2026-06-14 18:00:00,TXN741081
9502,8052,2504,173.37,Wallet,SUCCESS,2026-07-10 13:00:00,TXN610011
9503,8052,2504,318.08,Wallet,SUCCESS,2026-07-11 14:00:00,TXN829650
9504,8053,2504,542.46,Netbanking,SUCCESS,2026-08-15 06:00:00,TXN624376
9505,8054,2504,439.62,Netbanking,SUCCESS,2026-09-04 15:00:00,TXN792884
9506,8055,2507,895.79,Debit Card,SUCCESS,2026-04-12 17:00:00,TXN876890
9507,8056,2507,466.52,Netbanking,SUCCESS,2026-05-02 19:00:00,TXN185063
9508,8056,2507,484.44,Debit Card,SUCCESS,2026-05-03 20:00:00,TXN745782
9509,8057,2507,827.82,Wallet,SUCCESS,2026-06-13 11:00:00,TXN650699
9510,8058,2507,918.82,UPI,SUCCESS,2026-07-03 08:00:00,TXN624704
9511,8059,2507,955.13,Debit Card,FAILED,2026-08-07 16:00:00,TXN987073
9512,8060,2507,946.89,Netbanking,SUCCESS,2026-09-01 17:00:00,TXN503924
9513,8061,2508,620.46,Debit Card,SUCCESS,2026-04-11 15:00:00,TXN838548
9514,8061,2508,454.15,Debit Card,SUCCESS,2026-04-03 07:00:00,TXN742236
9515,8062,2508,1232.52,UPI,SUCCESS,2026-05-02 07:00:00,TXN492616
9516,8063,2508,1161.86,Debit Card,SUCCESS,2026-06-01 22:00:00,TXN626659
9517,8064,2508,762.24,UPI,SUCCESS,2026-07-07 07:00:00,TXN676626
9518,8064,2508,402.70,Credit Card,SUCCESS,2026-07-13 20:00:00,TXN757676
9519,8065,2508,1128.67,Debit Card,SUCCESS,2026-08-06 21:00:00,TXN395671
9520,8066,2508,1073.81,Netbanking,SUCCESS,2026-09-11 06:00:00,TXN331662
9521,8067,2511,140.86,Credit Card,SUCCESS,2026-04-02 10:00:00,TXN226946
9522,8068,2511,273.93,Credit Card,SUCCESS,2026-05-11 20:00:00,TXN189239
9523,8069,2511,234.08,UPI,SUCCESS,2026-06-04 10:00:00,TXN479195
9524,8070,2511,139.97,Credit Card,SUCCESS,2026-07-01 10:00:00,
9525,8070,2511,191.02,Wallet,FAILED,2026-07-10 14:00:00,TXN968430
9526,8071,2511,217.86,Wallet,SUCCESS,2026-08-03 06:00:00,TXN561941
9527,8072,2511,170.53,Debit Card,SUCCESS,2026-09-02 15:00:00,TXN731096
9528,8073,2513,188.07,UPI,FAILED,2026-04-11 17:00:00,
9529,8073,2513,125.52,Debit Card,SUCCESS,2026-04-09 22:00:00,TXN911165
9530,8074,2513,371.38,Wallet,SUCCESS,2026-05-08 07:00:00,TXN696637
9531,8075,2513,437.76,Debit Card,SUCCESS,2026-06-05 10:00:00,TXN345791
9532,8076,2513,375.70,UPI,SUCCESS,2026-07-14 06:00:00,TXN669743
9533,8077,2513,241.91,Netbanking,SUCCESS,2026-08-05 19:00:00,TXN553838
9534,8078,2513,131.91,Debit Card,FAILED,2026-09-05 11:00:00,TXN713314
9535,8078,2513,226.49,Credit Card,SUCCESS,2026-09-07 17:00:00,TXN112302
9536,8079,2516,293.71,Wallet,SUCCESS,2026-04-11 20:00:00,TXN389583
9537,8080,2516,354.88,Debit Card,SUCCESS,2026-05-12 08:00:00,TXN937225
9538,8081,2516,220.44,UPI,SUCCESS,2026-06-05 21:00:00,TXN919154
9539,8082,2516,233.99,Credit Card,SUCCESS,2026-07-02 06:00:00,TXN653605
9540,8083,2516,267.93,Wallet,SUCCESS,2026-08-03 07:00:00,TXN961910
9541,8084,2516,389.31,Netbanking,SUCCESS,2026-09-10 08:00:00,TXN343188
9542,8085,2523,491.99,Debit Card,SUCCESS,2026-04-15 06:00:00,TXN957478
9543,8086,2523,491.58,UPI,SUCCESS,2026-05-10 13:00:00,TXN400761
9544,8087,2523,356.93,Wallet,SUCCESS,2026-06-12 09:00:00,TXN119418
9545,8088,2523,397.89,Netbanking,SUCCESS,2026-07-10 10:00:00,TXN655558
9546,8089,2523,401.53,UPI,SUCCESS,2026-08-10 19:00:00,
9547,8090,2523,454.93,Netbanking,SUCCESS,2026-09-09 07:00:00,TXN998855
9548,8091,2524,1053.93,Wallet,SUCCESS,2026-04-09 13:00:00,
9549,8092,2524,1058.46,Credit Card,SUCCESS,2026-05-11 11:00:00,TXN608935
9550,8093,2524,1160.12,UPI,SUCCESS,2026-06-07 18:00:00,TXN100485
9551,8094,2524,1177.26,Wallet,FAILED,2026-07-05 14:00:00,TXN749677
9552,8095,2524,1086.58,Wallet,SUCCESS,2026-08-04 20:00:00,TXN670983
9553,8096,2524,626.56,Credit Card,FAILED,2026-09-08 21:00:00,TXN323055
9554,8096,2524,415.43,Netbanking,SUCCESS,2026-09-01 18:00:00,TXN249119
9555,8097,2526,824.58,Credit Card,SUCCESS,2026-04-14 13:00:00,TXN807437
9556,8098,2526,610.35,Wallet,SUCCESS,2026-05-02 20:00:00,TXN243063
9557,8099,2526,249.26,Netbanking,SUCCESS,2026-06-01 19:00:00,TXN549218
9558,8099,2526,501.33,Credit Card,SUCCESS,2026-06-10 19:00:00,TXN477307
9559,8100,2526,656.88,Wallet,SUCCESS,2026-07-05 21:00:00,TXN206553
9560,8101,2526,636.34,Wallet,SUCCESS,2026-08-09 09:00:00,TXN951941
9561,8102,2526,614.43,Netbanking,FAILED,2026-09-03 14:00:00,TXN290957
9562,8103,2527,1153.17,Debit Card,SUCCESS,2026-04-14 16:00:00,TXN419869
9563,8104,2527,1192.90,UPI,SUCCESS,2026-05-11 16:00:00,TXN140636
9564,8105,2527,1210.01,Netbanking,SUCCESS,2026-06-05 20:00:00,TXN518298
9565,8106,2527,1122.40,UPI,SUCCESS,2026-07-14 19:00:00,TXN981405
9566,8107,2527,1152.19,Netbanking,PENDING,2026-08-07 08:00:00,TXN705113
9567,8108,2527,1105.75,Credit Card,SUCCESS,2026-09-15 20:00:00,TXN445643
9568,8109,2528,644.67,Credit Card,SUCCESS,2026-04-03 20:00:00,TXN722115
9569,8110,2528,735.05,Debit Card,SUCCESS,2026-05-02 21:00:00,TXN440064
9570,8111,2528,287.91,UPI,FAILED,2026-06-06 10:00:00,TXN950114
9571,8111,2528,383.66,Wallet,SUCCESS,2026-06-12 16:00:00,TXN220804
9572,8112,2528,330.45,Netbanking,SUCCESS,2026-07-09 06:00:00,TXN978393
9573,8112,2528,276.55,Debit Card,SUCCESS,2026-07-12 16:00:00,TXN266830
9574,8113,2528,618.01,Netbanking,PENDING,2026-08-06 20:00:00,TXN241819
9575,8114,2528,626.43,Netbanking,SUCCESS,2026-09-09 19:00:00,TXN913202
9576,8115,2534,541.80,Netbanking,SUCCESS,2026-04-07 21:00:00,TXN704948
9577,8116,2534,519.20,Debit Card,SUCCESS,2026-05-09 06:00:00,TXN697268
9578,8117,2534,520.12,Netbanking,SUCCESS,2026-06-10 22:00:00,TXN512251
9579,8118,2534,560.05,Debit Card,SUCCESS,2026-07-04 20:00:00,
9580,8119,2534,539.00,Debit Card,PENDING,2026-08-08 08:00:00,TXN532532
9581,8120,2534,179.43,Debit Card,SUCCESS,2026-09-13 19:00:00,TXN433840
9582,8120,2534,316.56,Credit Card,SUCCESS,2026-09-13 10:00:00,TXN998468
9583,8121,2535,167.49,Wallet,SUCCESS,2026-04-15 10:00:00,TXN196757
9584,8122,2535,210.97,Netbanking,SUCCESS,2026-05-08 06:00:00,TXN461581
9585,8123,2535,211.73,Debit Card,SUCCESS,2026-06-14 14:00:00,TXN118891
9586,8124,2535,139.70,Netbanking,SUCCESS,2026-07-09 12:00:00,TXN526963
9587,8125,2535,197.50,Netbanking,FAILED,2026-08-12 15:00:00,
9588,8126,2535,99.34,Credit Card,SUCCESS,2026-09-03 10:00:00,TXN978994
9589,8126,2535,130.57,Credit Card,SUCCESS,2026-09-06 13:00:00,TXN350685
9590,8127,2540,320.30,Debit Card,SUCCESS,2026-04-12 12:00:00,TXN961963
9591,8128,2540,241.04,Debit Card,PENDING,2026-05-11 10:00:00,TXN633491
9592,8129,2540,154.01,Wallet,SUCCESS,2026-06-14 06:00:00,TXN436457
9593,8129,2540,136.70,Credit Card,SUCCESS,2026-06-05 10:00:00,TXN796187
9594,8130,2540,296.94,Netbanking,FAILED,2026-07-06 06:00:00,TXN156210
9595,8131,2540,205.45,Credit Card,SUCCESS,2026-08-12 12:00:00,TXN225019
9596,8132,2540,186.56,Wallet,SUCCESS,2026-09-08 17:00:00,TXN620251
9597,8133,2541,455.89,Wallet,SUCCESS,2026-04-04 07:00:00,TXN865713
9598,8134,2541,190.30,UPI,SUCCESS,2026-05-04 14:00:00,
9599,8134,2541,268.81,Debit Card,SUCCESS,2026-05-09 09:00:00,TXN355259
9600,8135,2541,411.08,UPI,SUCCESS,2026-06-12 09:00:00,TXN214631
9601,8136,2541,401.14,Credit Card,SUCCESS,2026-07-04 09:00:00,TXN618083
9602,8137,2541,433.32,Credit Card,SUCCESS,2026-08-14 22:00:00,TXN134809
9603,8138,2541,447.47,UPI,SUCCESS,2026-09-09 17:00:00,TXN111814
9604,8139,2554,300.81,Wallet,SUCCESS,2026-04-15 08:00:00,TXN961869
9605,8140,2554,332.64,UPI,SUCCESS,2026-05-03 16:00:00,TXN404762
9606,8141,2554,376.31,Netbanking,SUCCESS,2026-06-15 17:00:00,TXN902852
9607,8142,2554,298.63,Debit Card,SUCCESS,2026-07-05 10:00:00,TXN866037
9608,8143,2554,416.73,UPI,SUCCESS,2026-08-01 20:00:00,TXN981486
9609,8144,2554,295.86,UPI,SUCCESS,2026-09-07 20:00:00,TXN633886
9610,8145,2556,1064.32,Credit Card,SUCCESS,2026-04-14 06:00:00,TXN420051
9611,8146,2556,1235.13,Netbanking,SUCCESS,2026-05-03 11:00:00,TXN971181
9612,8147,2556,1105.69,Credit Card,SUCCESS,2026-06-04 06:00:00,TXN246435
9613,8148,2556,1142.07,Wallet,SUCCESS,2026-07-05 17:00:00,TXN414562
9614,8149,2556,1007.60,UPI,SUCCESS,2026-08-10 06:00:00,TXN119685
9615,8150,2556,1026.64,Netbanking,SUCCESS,2026-09-07 17:00:00,TXN834630
9616,8151,2563,1111.04,Debit Card,SUCCESS,2026-04-06 07:00:00,TXN538096
9617,8152,2563,1068.12,Debit Card,SUCCESS,2026-05-01 17:00:00,TXN937708
9618,8153,2563,507.37,Debit Card,FAILED,2026-06-11 17:00:00,TXN468114
9619,8153,2563,690.01,Credit Card,FAILED,2026-06-02 09:00:00,TXN803207
9620,8154,2563,1043.07,Debit Card,SUCCESS,2026-07-14 21:00:00,
9621,8155,2563,574.88,Netbanking,FAILED,2026-08-04 12:00:00,TXN907813
9622,8155,2563,522.24,Wallet,SUCCESS,2026-08-01 14:00:00,TXN832556
9623,8156,2563,362.67,Debit Card,SUCCESS,2026-09-13 09:00:00,TXN522907
9624,8156,2563,708.89,Wallet,SUCCESS,2026-09-09 22:00:00,TXN545304
9625,8157,2566,606.01,Credit Card,SUCCESS,2026-04-09 14:00:00,TXN565293
9626,8158,2566,586.46,UPI,SUCCESS,2026-05-14 10:00:00,TXN980518
9627,8159,2566,274.52,Netbanking,SUCCESS,2026-06-12 21:00:00,TXN909531
9628,8159,2566,409.86,Credit Card,SUCCESS,2026-06-14 18:00:00,TXN451937
9629,8160,2566,785.44,UPI,SUCCESS,2026-07-06 09:00:00,TXN929492
9630,8161,2566,729.45,Wallet,SUCCESS,2026-08-10 14:00:00,TXN278651
9631,8162,2566,619.94,Netbanking,SUCCESS,2026-09-07 12:00:00,TXN518648
9632,8163,2570,796.11,Wallet,SUCCESS,2026-04-04 15:00:00,TXN774903
9633,8164,2570,685.28,Credit Card,SUCCESS,2026-05-13 16:00:00,
9634,8165,2570,671.51,UPI,FAILED,2026-06-12 06:00:00,TXN272679
9635,8166,2570,681.90,Debit Card,SUCCESS,2026-07-13 20:00:00,TXN616636
9636,8167,2570,747.55,Wallet,SUCCESS,2026-08-12 11:00:00,TXN856639
9637,8168,2570,688.66,UPI,FAILED,2026-09-11 14:00:00,TXN719869
9638,8169,2573,739.69,Debit Card,SUCCESS,2026-04-02 18:00:00,TXN318687
9639,8170,2573,792.81,Wallet,SUCCESS,2026-05-09 17:00:00,
9640,8171,2573,761.88,Netbanking,SUCCESS,2026-06-14 14:00:00,TXN775870
9641,8172,2573,675.10,Debit Card,PENDING,2026-07-06 19:00:00,TXN536932
9642,8173,2573,683.00,Credit Card,SUCCESS,2026-08-07 15:00:00,TXN229601
9643,8174,2573,580.60,Wallet,SUCCESS,2026-09-03 20:00:00,TXN360050
9644,8175,2574,424.73,Debit Card,SUCCESS,2026-04-05 13:00:00,TXN704922
9645,8176,2574,426.96,Wallet,SUCCESS,2026-05-14 09:00:00,TXN474143
9646,8177,2574,511.67,Wallet,SUCCESS,2026-06-07 15:00:00,TXN312074
9647,8178,2574,399.84,Credit Card,SUCCESS,2026-07-01 11:00:00,TXN628285
9648,8179,2574,89.01,Netbanking,SUCCESS,2026-08-08 07:00:00,TXN609194
9649,8179,2574,205.75,Netbanking,SUCCESS,2026-08-05 20:00:00,TXN775910
9650,8180,2574,113.72,Wallet,SUCCESS,2026-09-09 16:00:00,TXN935806
9651,8180,2574,206.46,UPI,SUCCESS,2026-09-11 13:00:00,TXN558269
9652,8181,2577,619.59,Credit Card,SUCCESS,2026-04-04 07:00:00,TXN396576
9653,8182,2577,741.94,UPI,PENDING,2026-05-01 21:00:00,TXN403571
9654,8183,2577,658.43,Credit Card,SUCCESS,2026-06-04 10:00:00,TXN960158
9655,8184,2577,683.15,Credit Card,SUCCESS,2026-07-12 19:00:00,TXN147413
9656,8185,2577,626.87,Wallet,SUCCESS,2026-08-11 19:00:00,
9657,8186,2577,609.77,UPI,SUCCESS,2026-09-03 12:00:00,TXN761624
9658,8187,2578,343.93,UPI,SUCCESS,2026-04-02 16:00:00,TXN454713
9659,8188,2578,135.87,Wallet,FAILED,2026-05-10 08:00:00,TXN391694
9660,8188,2578,80.14,Debit Card,SUCCESS,2026-05-04 14:00:00,TXN347831
9661,8189,2578,407.73,Credit Card,SUCCESS,2026-06-14 10:00:00,TXN516304
9662,8190,2578,269.31,Credit Card,SUCCESS,2026-07-01 21:00:00,TXN601486
9663,8191,2578,279.29,Debit Card,SUCCESS,2026-08-14 14:00:00,TXN949431
9664,8192,2578,307.35,Wallet,SUCCESS,2026-09-10 21:00:00,TXN427810
9665,8193,2579,930.62,Debit Card,SUCCESS,2026-04-01 19:00:00,TXN969903
9666,8194,2579,938.42,Wallet,SUCCESS,2026-05-11 17:00:00,TXN622412
9667,8195,2579,917.45,Wallet,SUCCESS,2026-06-06 22:00:00,TXN497286
9668,8196,2579,648.76,Wallet,SUCCESS,2026-07-05 19:00:00,TXN585469
9669,8196,2579,288.12,Credit Card,SUCCESS,2026-07-02 10:00:00,TXN203834
9670,8197,2579,867.84,Wallet,SUCCESS,2026-08-12 11:00:00,TXN820977
9671,8198,2579,881.94,Debit Card,FAILED,2026-09-10 08:00:00,TXN545105
9672,8199,2581,1221.29,Wallet,SUCCESS,2026-04-05 08:00:00,TXN456939
9673,8200,2581,1148.88,Wallet,FAILED,2026-05-07 12:00:00,TXN910030
9674,8201,2581,1255.96,Debit Card,SUCCESS,2026-06-15 06:00:00,TXN184538
9675,8202,2581,1135.55,Credit Card,SUCCESS,2026-07-02 16:00:00,TXN920400
9676,8203,2581,1241.41,Credit Card,SUCCESS,2026-08-02 11:00:00,TXN870256
9677,8204,2581,615.00,Wallet,SUCCESS,2026-09-06 10:00:00,TXN664132
9678,8204,2581,621.91,Wallet,SUCCESS,2026-09-03 18:00:00,TXN659216
9679,8205,2582,1177.37,UPI,SUCCESS,2026-04-07 12:00:00,TXN788601
9680,8206,2582,1088.10,UPI,SUCCESS,2026-05-14 15:00:00,
9681,8207,2582,1081.58,Debit Card,SUCCESS,2026-06-03 11:00:00,TXN174986
9682,8208,2582,1059.43,Wallet,SUCCESS,2026-07-11 06:00:00,TXN240887
9683,8209,2582,1076.55,UPI,SUCCESS,2026-08-08 08:00:00,TXN646927
9684,8210,2582,1056.03,Netbanking,SUCCESS,2026-09-10 22:00:00,
9685,8211,2590,394.88,Credit Card,SUCCESS,2026-04-08 17:00:00,TXN438837
9686,8212,2590,187.76,Wallet,PENDING,2026-05-10 19:00:00,TXN539659
9687,8213,2590,287.12,Wallet,FAILED,2026-06-07 10:00:00,TXN205766
9688,8214,2590,282.67,Credit Card,SUCCESS,2026-07-12 21:00:00,TXN430809
9689,8215,2590,241.68,Credit Card,SUCCESS,2026-08-12 16:00:00,TXN644521
9690,8216,2590,349.41,UPI,SUCCESS,2026-09-15 14:00:00,TXN632745
9691,8217,2594,1183.37,Netbanking,SUCCESS,2026-04-05 10:00:00,TXN718737
9692,8218,2594,1195.01,Credit Card,FAILED,2026-05-07 22:00:00,TXN942456
9693,8219,2594,1142.97,Debit Card,SUCCESS,2026-06-07 20:00:00,TXN898402
9694,8220,2594,1219.97,Netbanking,SUCCESS,2026-07-09 19:00:00,TXN702417
9695,8221,2594,1240.64,UPI,SUCCESS,2026-08-10 16:00:00,TXN369948
9696,8222,2594,1281.34,Netbanking,SUCCESS,2026-09-11 22:00:00,TXN744764
9697,8223,2595,928.27,Netbanking,FAILED,2026-04-06 16:00:00,TXN806976
9698,8224,2595,925.26,Wallet,SUCCESS,2026-05-03 19:00:00,
9699,8225,2595,942.40,Credit Card,SUCCESS,2026-06-11 16:00:00,TXN313769
9700,8226,2595,949.31,Netbanking,SUCCESS,2026-07-13 15:00:00,TXN148232
9701,8227,2595,522.77,Debit Card,SUCCESS,2026-08-10 06:00:00,TXN266625
9702,8227,2595,394.15,Debit Card,SUCCESS,2026-08-05 07:00:00,TXN281295
9703,8228,2595,918.97,Wallet,SUCCESS,2026-09-14 10:00:00,TXN900861
9704,8229,2596,181.47,Debit Card,SUCCESS,2026-04-08 13:00:00,TXN209324
9705,8230,2596,277.12,UPI,SUCCESS,2026-05-13 16:00:00,TXN523229
9706,8231,2596,100.53,Wallet,SUCCESS,2026-06-08 12:00:00,TXN136226
9707,8231,2596,190.72,Wallet,SUCCESS,2026-06-07 13:00:00,TXN276214
9708,8232,2596,206.92,Debit Card,SUCCESS,2026-07-11 10:00:00,TXN120613
9709,8233,2596,405.13,Credit Card,SUCCESS,2026-08-08 13:00:00,
9710,8234,2596,135.92,Netbanking,SUCCESS,2026-09-02 13:00:00,TXN967599
9711,8234,2596,148.18,Debit Card,SUCCESS,2026-09-09 22:00:00,TXN363511
9712,8235,2599,380.24,Netbanking,PENDING,2026-04-04 15:00:00,TXN634917
9713,8236,2599,288.38,UPI,SUCCESS,2026-05-06 07:00:00,TXN353868
9714,8237,2599,331.46,Netbanking,SUCCESS,2026-06-05 18:00:00,TXN987915
9715,8238,2599,294.41,UPI,SUCCESS,2026-07-07 08:00:00,TXN160369
9716,8239,2599,311.61,UPI,SUCCESS,2026-08-04 19:00:00,TXN704739
9717,8240,2599,312.55,Wallet,SUCCESS,2026-09-01 08:00:00,TXN103600
9718,8241,2601,1160.26,Wallet,SUCCESS,2026-04-04 10:00:00,TXN235756
9719,8242,2601,501.80,Wallet,SUCCESS,2026-05-07 11:00:00,TXN226303
9720,8242,2601,568.50,Wallet,SUCCESS,2026-05-09 22:00:00,TXN518098
9721,8243,2601,577.46,Credit Card,SUCCESS,2026-06-14 20:00:00,TXN942451
9722,8243,2601,504.31,UPI,SUCCESS,2026-06-11 17:00:00,TXN727225
9723,8244,2601,1199.25,UPI,SUCCESS,2026-07-14 15:00:00,TXN683969
9724,8245,2601,1040.31,Netbanking,PENDING,2026-08-12 13:00:00,TXN784356
9725,8246,2601,1103.68,Credit Card,SUCCESS,2026-09-13 12:00:00,TXN435964
9726,8247,2603,489.29,UPI,SUCCESS,2026-04-13 09:00:00,TXN507810
9727,8248,2603,344.57,Debit Card,SUCCESS,2026-05-05 17:00:00,TXN131182
9728,8249,2603,373.69,UPI,SUCCESS,2026-06-15 14:00:00,TXN989045
9729,8250,2603,421.18,Netbanking,SUCCESS,2026-07-05 12:00:00,
9730,8251,2603,286.53,Wallet,SUCCESS,2026-08-07 12:00:00,TXN274092
9731,8252,2603,512.23,Wallet,PENDING,2026-09-09 14:00:00,TXN902769
9732,8253,2604,739.58,Netbanking,SUCCESS,2026-04-15 10:00:00,TXN777907
9733,8253,2604,604.75,UPI,SUCCESS,2026-04-14 11:00:00,TXN961700
9734,8254,2604,1200.81,Credit Card,SUCCESS,2026-05-06 11:00:00,TXN897675
9735,8255,2604,1226.14,Debit Card,SUCCESS,2026-06-05 12:00:00,TXN929862
9736,8256,2604,744.99,Debit Card,SUCCESS,2026-07-01 20:00:00,TXN488859
9737,8256,2604,530.40,UPI,SUCCESS,2026-07-07 16:00:00,TXN451946
9738,8257,2604,1245.60,Netbanking,SUCCESS,2026-08-12 08:00:00,TXN507579
9739,8258,2604,1248.20,Credit Card,SUCCESS,2026-09-02 08:00:00,TXN793169
9740,8259,2616,726.89,Wallet,SUCCESS,2026-04-14 11:00:00,TXN224210
9741,8260,2616,238.60,Debit Card,SUCCESS,2026-05-14 20:00:00,TXN240199
9742,8260,2616,288.40,Netbanking,SUCCESS,2026-05-14 20:00:00,TXN370385
9743,8261,2616,402.38,Wallet,SUCCESS,2026-06-12 10:00:00,TXN570693
9744,8261,2616,324.76,Credit Card,SUCCESS,2026-06-06 14:00:00,TXN752846
9745,8262,2616,614.34,Credit Card,SUCCESS,2026-07-09 12:00:00,TXN983262
9746,8263,2616,499.75,UPI,SUCCESS,2026-08-10 06:00:00,TXN924601
9747,8264,2616,515.73,UPI,SUCCESS,2026-09-10 22:00:00,TXN381482
9748,8265,2623,404.68,Credit Card,SUCCESS,2026-04-07 13:00:00,TXN902106
9749,8266,2623,410.37,UPI,SUCCESS,2026-05-04 07:00:00,TXN458137
9750,8267,2623,336.24,Debit Card,SUCCESS,2026-06-09 11:00:00,TXN904801
9751,8268,2623,433.25,UPI,SUCCESS,2026-07-08 22:00:00,TXN168117
9752,8269,2623,358.00,Debit Card,SUCCESS,2026-08-02 19:00:00,TXN556334
9753,8270,2623,248.85,UPI,FAILED,2026-09-10 09:00:00,TXN819259
9754,8270,2623,134.90,Netbanking,SUCCESS,2026-09-07 10:00:00,TXN352505
9755,8271,2627,3650.37,Credit Card,SUCCESS,2026-04-03 10:00:00,TXN373585
9756,8272,2627,1161.47,UPI,SUCCESS,2026-05-11 13:00:00,TXN219748
9757,8272,2627,2517.43,Debit Card,SUCCESS,2026-05-06 12:00:00,TXN761499
9758,8273,2627,3585.78,Wallet,SUCCESS,2026-06-07 20:00:00,TXN752215
9759,8274,2627,3685.79,Netbanking,SUCCESS,2026-07-13 15:00:00,TXN683419
9760,8275,2627,3724.58,UPI,SUCCESS,2026-08-08 14:00:00,TXN987568
9761,8276,2627,3750.00,UPI,SUCCESS,2026-09-10 08:00:00,TXN807252
9762,8277,2628,3680.43,Credit Card,SUCCESS,2026-04-15 07:00:00,TXN456813
9763,8278,2628,3700.39,Wallet,SUCCESS,2026-05-04 20:00:00,TXN482390
9764,8279,2628,3630.32,Debit Card,SUCCESS,2026-06-05 08:00:00,TXN142040
9765,8280,2628,3565.51,Wallet,SUCCESS,2026-07-01 07:00:00,TXN508942
9766,8281,2628,2559.73,Debit Card,SUCCESS,2026-08-10 11:00:00,TXN261091
9767,8281,2628,1145.34,Wallet,SUCCESS,2026-08-10 10:00:00,TXN834580
9768,8282,2628,3690.11,Credit Card,SUCCESS,2026-09-15 21:00:00,TXN127452
9769,8283,2630,262.68,Credit Card,SUCCESS,2026-04-13 18:00:00,TXN492591
9770,8284,2630,214.52,Wallet,SUCCESS,2026-05-10 06:00:00,TXN452000
9771,8285,2630,274.01,UPI,SUCCESS,2026-06-07 17:00:00,TXN730674
9772,8286,2630,175.61,Netbanking,SUCCESS,2026-07-05 09:00:00,
9773,8286,2630,75.77,Wallet,SUCCESS,2026-07-05 20:00:00,TXN552584
9774,8287,2630,159.96,UPI,SUCCESS,2026-08-02 09:00:00,TXN976194
9775,8287,2630,131.22,UPI,FAILED,2026-08-06 08:00:00,TXN281896
9776,8288,2630,339.65,Debit Card,SUCCESS,2026-09-07 17:00:00,TXN131412
9777,8289,2638,674.04,Credit Card,FAILED,2026-04-03 11:00:00,TXN826680
9778,8290,2638,680.91,UPI,SUCCESS,2026-05-12 10:00:00,
9779,8291,2638,409.72,Credit Card,SUCCESS,2026-06-04 16:00:00,TXN786945
9780,8291,2638,197.58,Netbanking,SUCCESS,2026-06-02 09:00:00,TXN129179
9781,8292,2638,717.95,Credit Card,SUCCESS,2026-07-08 08:00:00,TXN555404
9782,8293,2638,654.51,Wallet,SUCCESS,2026-08-07 12:00:00,TXN631257
9783,8294,2638,605.56,Credit Card,SUCCESS,2026-09-15 13:00:00,TXN168136
9784,8295,2639,616.31,Netbanking,SUCCESS,2026-04-07 12:00:00,TXN988390
9785,8295,2639,295.35,Credit Card,SUCCESS,2026-04-06 19:00:00,TXN339707
9786,8296,2639,904.12,Debit Card,SUCCESS,2026-05-07 11:00:00,TXN449399
9787,8297,2639,911.03,Netbanking,PENDING,2026-06-15 15:00:00,TXN952095
9788,8298,2639,919.04,Credit Card,FAILED,2026-07-08 16:00:00,TXN907026
9789,8299,2639,873.94,Debit Card,SUCCESS,2026-08-09 13:00:00,TXN971697
9790,8300,2639,931.87,UPI,SUCCESS,2026-09-04 11:00:00,TXN873691
9791,8301,2640,411.43,UPI,SUCCESS,2026-04-07 18:00:00,TXN133273
9792,8302,2640,417.46,Netbanking,SUCCESS,2026-05-13 19:00:00,TXN720562
9793,8303,2640,577.92,Wallet,SUCCESS,2026-06-11 17:00:00,TXN922954
9794,8304,2640,425.51,Wallet,SUCCESS,2026-07-15 11:00:00,TXN989308
9795,8305,2640,537.83,Debit Card,SUCCESS,2026-08-11 19:00:00,TXN561526
9796,8306,2640,453.98,Wallet,SUCCESS,2026-09-04 17:00:00,TXN734340
9797,8307,2641,180.33,Debit Card,SUCCESS,2026-04-13 10:00:00,TXN279355
9798,8308,2641,280.71,UPI,SUCCESS,2026-05-15 07:00:00,TXN879307
9799,8309,2641,124.17,Netbanking,SUCCESS,2026-06-02 09:00:00,TXN389920
9800,8309,2641,125.10,Credit Card,SUCCESS,2026-06-01 11:00:00,TXN131813
9801,8310,2641,257.39,Netbanking,FAILED,2026-07-08 17:00:00,TXN491659
9802,8311,2641,213.78,UPI,FAILED,2026-08-07 10:00:00,TXN912438
9803,8312,2641,243.84,Wallet,SUCCESS,2026-09-14 18:00:00,TXN733804
9804,8313,2652,228.44,UPI,SUCCESS,2026-04-14 06:00:00,TXN503783
9805,8314,2652,125.14,Wallet,SUCCESS,2026-05-04 07:00:00,TXN346028
9806,8314,2652,114.59,Netbanking,SUCCESS,2026-05-08 17:00:00,TXN732045
9807,8315,2652,228.37,Credit Card,SUCCESS,2026-06-09 20:00:00,TXN830584
9808,8316,2652,344.64,Wallet,SUCCESS,2026-07-01 16:00:00,TXN296490
9809,8317,2652,366.34,UPI,SUCCESS,2026-08-01 19:00:00,
9810,8318,2652,176.78,Credit Card,SUCCESS,2026-09-08 14:00:00,TXN328892
9811,8319,2654,613.08,Netbanking,SUCCESS,2026-04-13 14:00:00,TXN881057
9812,8320,2654,670.11,Debit Card,FAILED,2026-05-12 15:00:00,TXN496060
9813,8321,2654,729.94,Wallet,SUCCESS,2026-06-15 07:00:00,TXN694904
9814,8322,2654,678.00,Credit Card,SUCCESS,2026-07-01 09:00:00,
9815,8323,2654,690.09,Wallet,SUCCESS,2026-08-06 07:00:00,TXN367580
9816,8324,2654,647.31,UPI,FAILED,2026-09-09 13:00:00,TXN117137
9817,8325,2656,589.74,Wallet,SUCCESS,2026-04-11 12:00:00,TXN305397
9818,8326,2656,629.74,Credit Card,SUCCESS,2026-05-04 09:00:00,TXN301053
9819,8327,2656,727.10,Debit Card,FAILED,2026-06-14 18:00:00,TXN694618
9820,8328,2656,429.10,Wallet,SUCCESS,2026-07-04 17:00:00,TXN230730
9821,8328,2656,289.84,UPI,SUCCESS,2026-07-12 17:00:00,TXN545936
9822,8329,2656,501.21,Netbanking,SUCCESS,2026-08-05 19:00:00,TXN186765
9823,8329,2656,214.97,UPI,SUCCESS,2026-08-15 13:00:00,TXN413644
9824,8330,2656,217.29,Wallet,SUCCESS,2026-09-09 17:00:00,TXN868097
9825,8330,2656,411.99,Wallet,SUCCESS,2026-09-08 22:00:00,TXN527927
9826,8331,2657,133.55,Credit Card,SUCCESS,2026-04-02 22:00:00,TXN232080
9827,8331,2657,116.02,Wallet,SUCCESS,2026-04-02 17:00:00,TXN130479
9828,8332,2657,222.50,UPI,SUCCESS,2026-05-06 13:00:00,TXN626847
9829,8332,2657,207.80,Netbanking,SUCCESS,2026-05-15 17:00:00,TXN129795
9830,8333,2657,212.07,Netbanking,SUCCESS,2026-06-05 18:00:00,TXN766121
9831,8334,2657,306.81,Debit Card,FAILED,2026-07-10 07:00:00,TXN753888
9832,8335,2657,410.18,Netbanking,SUCCESS,2026-08-13 17:00:00,TXN210789
9833,8336,2657,197.96,Wallet,FAILED,2026-09-12 10:00:00,TXN566780
9834,8336,2657,141.37,Wallet,SUCCESS,2026-09-14 08:00:00,TXN487446
9835,8337,2666,239.13,UPI,SUCCESS,2026-04-14 18:00:00,TXN787603
9836,8338,2666,74.25,Debit Card,SUCCESS,2026-05-01 20:00:00,TXN479428
9837,8338,2666,107.52,Credit Card,SUCCESS,2026-05-06 12:00:00,TXN365711
9838,8339,2666,339.76,UPI,FAILED,2026-06-03 20:00:00,TXN997394
9839,8340,2666,217.43,UPI,SUCCESS,2026-07-08 15:00:00,TXN169939
9840,8341,2666,350.06,UPI,FAILED,2026-08-14 17:00:00,TXN747628
9841,8342,2666,175.93,Credit Card,SUCCESS,2026-09-03 21:00:00,TXN836712
9842,8343,2669,975.86,Credit Card,SUCCESS,2026-04-09 21:00:00,TXN368601
9843,8344,2669,1004.53,Debit Card,SUCCESS,2026-05-04 11:00:00,TXN145301
9844,8345,2669,1007.54,Debit Card,SUCCESS,2026-06-06 20:00:00,TXN642287
9845,8346,2669,998.28,UPI,SUCCESS,2026-07-15 08:00:00,TXN462835
9846,8347,2669,1063.99,Wallet,SUCCESS,2026-08-03 07:00:00,TXN708982
9847,8348,2669,1064.48,UPI,PENDING,2026-09-10 15:00:00,TXN948333
9848,8349,2671,315.64,Netbanking,SUCCESS,2026-04-02 19:00:00,TXN197519
9849,8350,2671,215.82,Debit Card,SUCCESS,2026-05-01 19:00:00,TXN528467
9850,8351,2671,263.80,Wallet,SUCCESS,2026-06-15 11:00:00,TXN462292
9851,8352,2671,381.05,Credit Card,SUCCESS,2026-07-14 21:00:00,TXN113003
9852,8353,2671,329.01,Wallet,SUCCESS,2026-08-07 22:00:00,TXN445249
9853,8354,2671,304.88,Credit Card,SUCCESS,2026-09-03 14:00:00,TXN627094
9854,8355,2674,342.33,Debit Card,SUCCESS,2026-04-12 22:00:00,TXN155846
9855,8356,2674,153.21,Wallet,SUCCESS,2026-05-10 11:00:00,TXN896776
9856,8356,2674,125.74,Netbanking,SUCCESS,2026-05-06 19:00:00,TXN555586
9857,8357,2674,327.65,Debit Card,SUCCESS,2026-06-10 12:00:00,TXN339719
9858,8358,2674,500.67,UPI,SUCCESS,2026-07-11 19:00:00,TXN189356
9859,8359,2674,467.63,Debit Card,SUCCESS,2026-08-11 11:00:00,TXN140839
9860,8360,2674,255.88,Credit Card,FAILED,2026-09-15 17:00:00,TXN794914
9861,8361,2677,973.64,UPI,SUCCESS,2026-04-06 20:00:00,TXN321917
9862,8362,2677,1078.92,UPI,SUCCESS,2026-05-08 22:00:00,TXN682435
9863,8363,2677,1019.58,Wallet,SUCCESS,2026-06-08 08:00:00,TXN941221
9864,8364,2677,1135.20,Netbanking,SUCCESS,2026-07-04 19:00:00,TXN553541
9865,8365,2677,350.53,Wallet,SUCCESS,2026-08-02 18:00:00,TXN855222
9866,8365,2677,647.34,UPI,SUCCESS,2026-08-01 07:00:00,TXN449101
9867,8366,2677,1039.30,Netbanking,SUCCESS,2026-09-08 06:00:00,TXN849029
9868,8367,2682,726.94,Debit Card,SUCCESS,2026-04-05 21:00:00,TXN651767
9869,8368,2682,679.40,Debit Card,SUCCESS,2026-05-01 06:00:00,TXN821334
9870,8369,2682,698.11,Credit Card,SUCCESS,2026-06-01 15:00:00,TXN829653
9871,8370,2682,632.70,UPI,SUCCESS,2026-07-04 11:00:00,TXN508463
9872,8371,2682,652.48,Netbanking,SUCCESS,2026-08-07 12:00:00,TXN216728
9873,8372,2682,690.61,Debit Card,SUCCESS,2026-09-02 15:00:00,TXN833288
9874,8373,2684,954.09,Netbanking,SUCCESS,2026-04-13 18:00:00,TXN510544
9875,8374,2684,921.27,UPI,SUCCESS,2026-05-06 16:00:00,TXN929247
9876,8375,2684,322.71,Netbanking,SUCCESS,2026-06-05 11:00:00,TXN321716
9877,8375,2684,537.26,Credit Card,SUCCESS,2026-06-11 19:00:00,TXN157662
9878,8376,2684,960.23,UPI,SUCCESS,2026-07-01 10:00:00,
9879,8377,2684,996.36,Wallet,SUCCESS,2026-08-10 09:00:00,TXN587627
9880,8378,2684,664.50,Debit Card,SUCCESS,2026-09-09 22:00:00,TXN876775
9881,8378,2684,287.59,Debit Card,SUCCESS,2026-09-06 14:00:00,TXN667705
9882,8379,2685,1117.04,Wallet,SUCCESS,2026-04-15 15:00:00,TXN979662
9883,8380,2685,1013.94,Credit Card,SUCCESS,2026-05-07 07:00:00,TXN620617
9884,8381,2685,1081.67,Wallet,FAILED,2026-06-15 11:00:00,TXN255783
9885,8382,2685,1124.93,Wallet,SUCCESS,2026-07-11 17:00:00,TXN963240
9886,8383,2685,485.36,Debit Card,SUCCESS,2026-08-12 16:00:00,TXN486545
9887,8383,2685,713.46,Debit Card,SUCCESS,2026-08-15 21:00:00,TXN693266
9888,8384,2685,598.84,Credit Card,FAILED,2026-09-04 06:00:00,TXN623661
9889,8384,2685,408.99,Netbanking,SUCCESS,2026-09-06 07:00:00,TXN339304
9890,8385,2686,651.22,Netbanking,SUCCESS,2026-04-10 09:00:00,TXN416349
9891,8386,2686,661.33,Credit Card,SUCCESS,2026-05-05 10:00:00,TXN478524
9892,8387,2686,699.33,Wallet,SUCCESS,2026-06-13 21:00:00,TXN130752
9893,8388,2686,606.27,UPI,SUCCESS,2026-07-02 07:00:00,TXN501061
9894,8389,2686,601.61,Credit Card,SUCCESS,2026-08-15 12:00:00,TXN118114
9895,8390,2686,727.29,UPI,SUCCESS,2026-09-02 18:00:00,TXN384504
9896,8391,2690,247.66,Credit Card,SUCCESS,2026-04-14 08:00:00,TXN963505
9897,8392,2690,223.17,Credit Card,SUCCESS,2026-05-13 14:00:00,TXN304890
9898,8393,2690,299.24,Debit Card,SUCCESS,2026-06-11 17:00:00,TXN263381
9899,8394,2690,127.87,UPI,SUCCESS,2026-07-09 12:00:00,TXN724548
9900,8394,2690,154.70,Netbanking,PENDING,2026-07-13 14:00:00,TXN447570
9901,8395,2690,221.17,Wallet,SUCCESS,2026-08-11 06:00:00,TXN889049
9902,8396,2690,228.40,Netbanking,SUCCESS,2026-09-02 08:00:00,TXN882679
9903,8397,2695,214.90,Wallet,SUCCESS,2026-04-06 06:00:00,TXN843562
9904,8398,2695,251.51,Netbanking,PENDING,2026-05-09 22:00:00,TXN715937
9905,8399,2695,294.41,Credit Card,FAILED,2026-06-08 20:00:00,TXN965316
9906,8400,2695,112.02,UPI,FAILED,2026-07-07 12:00:00,TXN708890
9907,8400,2695,107.75,Debit Card,SUCCESS,2026-07-13 14:00:00,TXN209903
9908,8401,2695,219.00,Wallet,SUCCESS,2026-08-10 11:00:00,TXN781440
9909,8402,2695,99.72,Netbanking,SUCCESS,2026-09-14 06:00:00,TXN719075
9910,8402,2695,150.91,Wallet,SUCCESS,2026-09-13 11:00:00,TXN811749
9911,8403,2699,489.74,UPI,SUCCESS,2026-04-01 11:00:00,TXN949593
9912,8404,2699,426.32,Netbanking,SUCCESS,2026-05-09 22:00:00,TXN135265
9913,8405,2699,277.14,UPI,SUCCESS,2026-06-05 13:00:00,TXN669561
9914,8405,2699,178.19,Netbanking,SUCCESS,2026-06-05 21:00:00,TXN880634
9915,8406,2699,234.40,Debit Card,SUCCESS,2026-07-03 08:00:00,TXN965434
9916,8406,2699,221.02,Wallet,FAILED,2026-07-15 22:00:00,TXN115319
9917,8407,2699,434.25,UPI,SUCCESS,2026-08-07 09:00:00,TXN576935
9918,8408,2699,357.79,Credit Card,SUCCESS,2026-09-03 16:00:00,TXN401791
9919,8409,2706,385.54,UPI,SUCCESS,2026-04-14 22:00:00,TXN547877
9920,8410,2706,523.16,Debit Card,SUCCESS,2026-05-05 07:00:00,TXN844921
9921,8411,2706,353.86,Credit Card,SUCCESS,2026-06-06 22:00:00,TXN758475
9922,8412,2706,465.06,Credit Card,FAILED,2026-07-14 10:00:00,TXN603461
9923,8413,2706,467.88,UPI,SUCCESS,2026-08-14 13:00:00,TXN123809
9924,8414,2706,195.65,Netbanking,SUCCESS,2026-09-06 08:00:00,TXN366974
9925,8414,2706,177.48,UPI,SUCCESS,2026-09-09 14:00:00,TXN482504
9926,8415,2707,302.10,Netbanking,SUCCESS,2026-04-08 10:00:00,
9927,8416,2707,297.54,Netbanking,SUCCESS,2026-05-04 14:00:00,
9928,8417,2707,200.08,Debit Card,SUCCESS,2026-06-04 09:00:00,TXN864993
9929,8418,2707,225.25,UPI,SUCCESS,2026-07-11 08:00:00,TXN655063
9930,8419,2707,410.58,Netbanking,SUCCESS,2026-08-09 19:00:00,TXN499354
9931,8420,2707,213.70,Debit Card,FAILED,2026-09-03 20:00:00,TXN388959
9932,8421,2710,285.73,UPI,SUCCESS,2026-04-15 17:00:00,TXN992004
9933,8422,2710,279.32,Wallet,SUCCESS,2026-05-12 22:00:00,TXN214238
9934,8423,2710,308.03,Netbanking,SUCCESS,2026-06-15 15:00:00,TXN458383
9935,8424,2710,298.86,Netbanking,SUCCESS,2026-07-09 15:00:00,TXN242908
9936,8425,2710,302.48,Debit Card,SUCCESS,2026-08-02 11:00:00,TXN161276
9937,8426,2710,435.53,Wallet,SUCCESS,2026-09-12 18:00:00,TXN764558
9938,8427,2719,1235.35,Debit Card,SUCCESS,2026-04-13 13:00:00,TXN385203
9939,8428,2719,649.66,Credit Card,SUCCESS,2026-05-01 07:00:00,TXN141146
9940,8428,2719,594.64,Netbanking,SUCCESS,2026-05-02 06:00:00,TXN686838
9941,8429,2719,1262.02,Netbanking,SUCCESS,2026-06-07 10:00:00,TXN518846
9942,8430,2719,1176.05,Debit Card,SUCCESS,2026-07-09 12:00:00,
9943,8431,2719,1209.87,Credit Card,SUCCESS,2026-08-08 15:00:00,TXN430765
9944,8432,2719,1231.75,Credit Card,SUCCESS,2026-09-01 06:00:00,TXN846454
9945,8433,2722,318.16,UPI,SUCCESS,2026-04-03 13:00:00,
9946,8434,2722,343.86,UPI,PENDING,2026-05-11 07:00:00,TXN694280
9947,8435,2722,419.67,Debit Card,SUCCESS,2026-06-13 14:00:00,TXN593439
9948,8436,2722,354.11,Wallet,SUCCESS,2026-07-04 19:00:00,TXN191500
9949,8437,2722,376.93,Netbanking,SUCCESS,2026-08-03 20:00:00,TXN718257
9950,8438,2722,357.89,Credit Card,SUCCESS,2026-09-01 21:00:00,TXN824316
9951,8439,2725,1082.33,Wallet,SUCCESS,2026-04-04 09:00:00,TXN400267
9952,8440,2725,1188.34,Wallet,SUCCESS,2026-05-05 14:00:00,TXN299876
9953,8441,2725,1248.62,Netbanking,SUCCESS,2026-06-07 22:00:00,TXN200429
9954,8442,2725,1198.34,Netbanking,SUCCESS,2026-07-15 07:00:00,TXN484253
9955,8443,2725,1145.19,Credit Card,SUCCESS,2026-08-04 16:00:00,TXN658081
9956,8444,2725,1099.55,UPI,SUCCESS,2026-09-14 21:00:00,TXN278756
9957,8445,2726,291.99,Debit Card,SUCCESS,2026-04-10 16:00:00,TXN489745
9958,8446,2726,110.41,UPI,SUCCESS,2026-05-15 07:00:00,TXN706737
9959,8446,2726,192.12,Wallet,SUCCESS,2026-05-02 08:00:00,TXN204612
9960,8447,2726,278.47,Credit Card,SUCCESS,2026-06-06 20:00:00,TXN437323
9961,8448,2726,289.64,Netbanking,FAILED,2026-07-04 12:00:00,TXN873997
9962,8449,2726,318.53,UPI,SUCCESS,2026-08-09 07:00:00,TXN388940
9963,8450,2726,215.60,Netbanking,SUCCESS,2026-09-11 10:00:00,TXN648842
9964,8451,2728,3724.76,Credit Card,SUCCESS,2026-04-11 13:00:00,TXN195714
9965,8452,2728,1273.36,UPI,FAILED,2026-05-14 20:00:00,TXN996507
9966,8452,2728,2426.65,Netbanking,SUCCESS,2026-05-02 07:00:00,TXN942403
9967,8453,2728,3628.79,Netbanking,SUCCESS,2026-06-04 11:00:00,TXN316353
9968,8454,2728,1848.05,Credit Card,SUCCESS,2026-07-11 20:00:00,TXN118132
9969,8454,2728,1796.96,Credit Card,SUCCESS,2026-07-08 17:00:00,TXN686007
9970,8455,2728,3609.24,Netbanking,SUCCESS,2026-08-11 15:00:00,TXN614994
9971,8456,2728,1458.84,Credit Card,SUCCESS,2026-09-07 13:00:00,TXN545305
9972,8456,2728,2193.33,Debit Card,SUCCESS,2026-09-10 15:00:00,TXN830369
9973,8457,2729,1168.08,UPI,PENDING,2026-04-03 12:00:00,TXN294894
9974,8458,2729,476.64,Credit Card,SUCCESS,2026-05-13 22:00:00,TXN778156
9975,8458,2729,746.35,Netbanking,PENDING,2026-05-12 08:00:00,TXN578981
9976,8459,2729,1124.14,Netbanking,SUCCESS,2026-06-08 17:00:00,TXN306359
9977,8460,2729,1124.63,Netbanking,SUCCESS,2026-07-14 12:00:00,TXN423957
9978,8461,2729,1150.24,Wallet,SUCCESS,2026-08-06 14:00:00,TXN160482
9979,8462,2729,1248.07,Credit Card,SUCCESS,2026-09-13 19:00:00,TXN623127
9980,8463,2736,269.82,Wallet,SUCCESS,2026-04-08 14:00:00,TXN251693
9981,8464,2736,418.33,Credit Card,SUCCESS,2026-05-13 08:00:00,TXN995257
9982,8465,2736,359.23,UPI,SUCCESS,2026-06-08 15:00:00,TXN565342
9983,8466,2736,244.99,Credit Card,SUCCESS,2026-07-02 07:00:00,TXN862629
9984,8467,2736,267.03,Credit Card,SUCCESS,2026-08-02 15:00:00,TXN156969
9985,8468,2736,136.39,Wallet,SUCCESS,2026-09-10 12:00:00,
9986,8468,2736,144.13,Wallet,PENDING,2026-09-11 16:00:00,TXN686227
9987,8469,2738,370.34,Wallet,SUCCESS,2026-04-07 08:00:00,TXN106718
9988,8470,2738,390.60,Netbanking,FAILED,2026-05-01 19:00:00,TXN973819
9989,8471,2738,247.48,Credit Card,SUCCESS,2026-06-14 10:00:00,TXN892196
9990,8472,2738,257.71,Netbanking,SUCCESS,2026-07-07 09:00:00,TXN672011
9991,8473,2738,273.45,Wallet,SUCCESS,2026-08-03 18:00:00,TXN471263
9992,8474,2738,314.39,Netbanking,SUCCESS,2026-09-11 14:00:00,TXN472203
9993,8475,2740,917.85,Wallet,SUCCESS,2026-04-02 11:00:00,TXN856892
9994,8476,2740,340.92,UPI,SUCCESS,2026-05-14 21:00:00,TXN215007
9995,8476,2740,595.26,UPI,SUCCESS,2026-05-14 22:00:00,TXN615359
9996,8477,2740,863.88,Netbanking,SUCCESS,2026-06-07 09:00:00,TXN514794
9997,8478,2740,925.05,UPI,SUCCESS,2026-07-11 12:00:00,TXN410866
9998,8479,2740,877.61,Credit Card,SUCCESS,2026-08-05 13:00:00,TXN363807
9999,8480,2740,876.61,Netbanking,SUCCESS,2026-09-01 12:00:00,TXN218800
10000,8481,2741,368.73,Debit Card,SUCCESS,2026-04-15 20:00:00,TXN483675
10001,8482,2741,373.16,Credit Card,SUCCESS,2026-05-04 17:00:00,TXN264643
10002,8483,2741,328.06,Netbanking,FAILED,2026-06-12 15:00:00,TXN448756
10003,8484,2741,182.10,Wallet,SUCCESS,2026-07-12 15:00:00,TXN931799
10004,8484,2741,231.82,Credit Card,SUCCESS,2026-07-03 11:00:00,TXN533407
10005,8485,2741,371.61,Netbanking,SUCCESS,2026-08-09 13:00:00,TXN118720
10006,8486,2741,425.91,Credit Card,SUCCESS,2026-09-05 12:00:00,TXN456315
10007,8487,2743,254.49,Debit Card,SUCCESS,2026-04-13 12:00:00,TXN476511
10008,8488,2743,321.18,Netbanking,SUCCESS,2026-05-07 14:00:00,TXN693980
10009,8489,2743,158.16,Netbanking,SUCCESS,2026-06-06 12:00:00,TXN700627
10010,8489,2743,112.45,Credit Card,SUCCESS,2026-06-05 15:00:00,TXN527556
10011,8490,2743,79.81,Debit Card,SUCCESS,2026-07-12 17:00:00,TXN747826
10012,8490,2743,171.38,Netbanking,SUCCESS,2026-07-02 17:00:00,TXN764141
10013,8491,2743,138.78,UPI,SUCCESS,2026-08-13 14:00:00,TXN659602
10014,8491,2743,129.96,Credit Card,SUCCESS,2026-08-10 16:00:00,TXN343884
10015,8492,2743,231.33,UPI,PENDING,2026-09-08 13:00:00,TXN826445
10016,8493,2745,298.81,Netbanking,SUCCESS,2026-04-02 10:00:00,
10017,8494,2745,341.11,Netbanking,SUCCESS,2026-05-05 08:00:00,TXN434783
10018,8495,2745,363.99,Netbanking,SUCCESS,2026-06-15 14:00:00,TXN652790
10019,8496,2745,434.94,Debit Card,SUCCESS,2026-07-09 07:00:00,TXN507321
10020,8497,2745,306.82,Credit Card,SUCCESS,2026-08-05 20:00:00,
10021,8498,2745,321.96,UPI,SUCCESS,2026-09-02 08:00:00,TXN190457
10022,8499,2749,351.55,UPI,SUCCESS,2026-04-04 21:00:00,TXN803968
10023,8500,2749,349.81,Netbanking,SUCCESS,2026-05-13 07:00:00,TXN776904
10024,8501,2749,304.83,Netbanking,SUCCESS,2026-06-07 07:00:00,TXN982908
10025,8502,2749,251.45,Wallet,FAILED,2026-07-10 18:00:00,
10026,8503,2749,264.56,Netbanking,SUCCESS,2026-08-04 15:00:00,TXN584332
10027,8504,2749,356.55,UPI,SUCCESS,2026-09-15 14:00:00,TXN127219
10028,8505,2753,634.17,Debit Card,SUCCESS,2026-04-02 13:00:00,TXN513688
10029,8506,2753,757.55,Wallet,SUCCESS,2026-05-07 15:00:00,TXN656600
10030,8507,2753,572.93,Netbanking,SUCCESS,2026-06-12 16:00:00,TXN895779
10031,8508,2753,592.49,Netbanking,SUCCESS,2026-07-07 12:00:00,TXN689539
10032,8509,2753,565.20,UPI,SUCCESS,2026-08-10 08:00:00,TXN116207
10033,8510,2753,522.76,Debit Card,PENDING,2026-09-13 10:00:00,TXN470431
10034,8511,2754,692.48,UPI,SUCCESS,2026-04-04 14:00:00,TXN900802
10035,8512,2754,726.35,Wallet,SUCCESS,2026-05-05 08:00:00,TXN403914
10036,8513,2754,519.89,Netbanking,SUCCESS,2026-06-05 15:00:00,
10037,8513,2754,244.49,Debit Card,SUCCESS,2026-06-12 12:00:00,TXN563144
10038,8514,2754,646.05,Wallet,SUCCESS,2026-07-10 21:00:00,
10039,8515,2754,718.48,Wallet,PENDING,2026-08-13 20:00:00,TXN209347
10040,8516,2754,628.86,UPI,SUCCESS,2026-09-02 12:00:00,TXN717669
10041,8517,2755,402.44,Netbanking,SUCCESS,2026-04-11 08:00:00,TXN215283
10042,8518,2755,155.46,UPI,SUCCESS,2026-05-04 06:00:00,TXN123546
10043,8518,2755,96.28,UPI,SUCCESS,2026-05-01 13:00:00,TXN727506
10044,8519,2755,262.73,Netbanking,SUCCESS,2026-06-07 14:00:00,TXN717018
10045,8520,2755,450.03,Debit Card,FAILED,2026-07-07 17:00:00,
10046,8521,2755,279.84,Debit Card,SUCCESS,2026-08-15 10:00:00,TXN730505
10047,8522,2755,157.66,Netbanking,PENDING,2026-09-12 16:00:00,TXN751944
10048,8522,2755,185.76,Netbanking,SUCCESS,2026-09-12 07:00:00,TXN854858
10049,8523,2758,385.13,Wallet,SUCCESS,2026-04-04 21:00:00,TXN458846
10050,8524,2758,177.30,Credit Card,SUCCESS,2026-05-14 12:00:00,TXN461585
10051,8524,2758,159.91,Debit Card,SUCCESS,2026-05-03 20:00:00,TXN105810
10052,8525,2758,222.55,Credit Card,SUCCESS,2026-06-06 22:00:00,TXN958816
10053,8526,2758,149.23,Credit Card,FAILED,2026-07-12 20:00:00,TXN844295
10054,8526,2758,69.64,Netbanking,SUCCESS,2026-07-15 16:00:00,TXN612417
10055,8527,2758,239.69,Wallet,SUCCESS,2026-08-15 18:00:00,TXN400179
10056,8528,2758,199.69,UPI,SUCCESS,2026-09-02 16:00:00,TXN781669
10057,8529,2766,1006.65,Netbanking,SUCCESS,2026-04-06 10:00:00,TXN969735
10058,8530,2766,933.27,Netbanking,SUCCESS,2026-05-04 21:00:00,TXN546341
10059,8531,2766,918.69,UPI,SUCCESS,2026-06-06 14:00:00,TXN306674
10060,8532,2766,917.58,Wallet,SUCCESS,2026-07-10 22:00:00,TXN965155
10061,8533,2766,978.26,UPI,SUCCESS,2026-08-02 06:00:00,TXN167167
10062,8534,2766,963.88,Debit Card,SUCCESS,2026-09-03 14:00:00,TXN592133
10063,8535,2767,502.07,UPI,FAILED,2026-04-08 09:00:00,TXN313335
10064,8536,2767,488.69,Netbanking,SUCCESS,2026-05-07 21:00:00,TXN941930
10065,8537,2767,548.32,Debit Card,SUCCESS,2026-06-04 16:00:00,TXN528795
10066,8538,2767,218.78,Wallet,SUCCESS,2026-07-09 20:00:00,TXN802376
10067,8538,2767,374.44,Debit Card,SUCCESS,2026-07-15 10:00:00,TXN624520
10068,8539,2767,501.04,UPI,SUCCESS,2026-08-12 18:00:00,TXN873941
10069,8540,2767,563.40,Netbanking,SUCCESS,2026-09-03 11:00:00,TXN803320
10070,8541,2769,705.13,Debit Card,SUCCESS,2026-04-05 20:00:00,TXN995282
10071,8542,2769,706.29,UPI,SUCCESS,2026-05-06 06:00:00,TXN664829
10072,8543,2769,778.16,UPI,SUCCESS,2026-06-11 10:00:00,TXN165815
10073,8544,2769,681.06,Netbanking,SUCCESS,2026-07-05 15:00:00,TXN473339
10074,8545,2769,590.31,Netbanking,SUCCESS,2026-08-11 12:00:00,TXN938240
10075,8546,2769,764.30,Wallet,SUCCESS,2026-09-10 07:00:00,TXN807580
10076,8547,2771,344.80,Credit Card,SUCCESS,2026-04-04 15:00:00,TXN896084
10077,8547,2771,678.46,Wallet,SUCCESS,2026-04-15 06:00:00,TXN514529
10078,8548,2771,1071.07,UPI,SUCCESS,2026-05-05 09:00:00,TXN124967
10079,8549,2771,1093.92,Netbanking,SUCCESS,2026-06-02 17:00:00,TXN110258
10080,8550,2771,686.49,Debit Card,SUCCESS,2026-07-05 06:00:00,TXN751163
10081,8550,2771,330.85,Credit Card,SUCCESS,2026-07-03 10:00:00,TXN646478
10082,8551,2771,1046.14,Credit Card,FAILED,2026-08-10 19:00:00,TXN696957
10083,8552,2771,1079.63,Debit Card,SUCCESS,2026-09-07 20:00:00,TXN453305
10084,8553,2774,1242.49,UPI,SUCCESS,2026-04-05 18:00:00,TXN832533
10085,8554,2774,1258.54,Wallet,SUCCESS,2026-05-03 10:00:00,TXN730023
10086,8555,2774,1174.76,Credit Card,SUCCESS,2026-06-11 15:00:00,TXN386810
10087,8556,2774,1318.21,Wallet,FAILED,2026-07-14 19:00:00,TXN542247
10088,8557,2774,1191.82,Netbanking,SUCCESS,2026-08-15 19:00:00,TXN907961
10089,8558,2774,1144.05,Credit Card,SUCCESS,2026-09-09 14:00:00,TXN804672
10090,8559,2776,1185.65,Credit Card,SUCCESS,2026-04-10 08:00:00,TXN181209
10091,8560,2776,1068.28,Debit Card,SUCCESS,2026-05-03 18:00:00,TXN226777
10092,8561,2776,1077.76,Netbanking,FAILED,2026-06-10 18:00:00,TXN184838
10093,8562,2776,1080.63,Wallet,PENDING,2026-07-01 12:00:00,TXN777336
10094,8563,2776,1047.72,Credit Card,FAILED,2026-08-11 17:00:00,TXN945168
10095,8564,2776,760.85,Credit Card,SUCCESS,2026-09-02 17:00:00,TXN323693
10096,8564,2776,377.38,Wallet,SUCCESS,2026-09-13 15:00:00,TXN912264
10097,8565,2785,1210.30,Wallet,SUCCESS,2026-04-12 20:00:00,TXN256673
10098,8566,2785,1227.73,Debit Card,SUCCESS,2026-05-11 07:00:00,TXN277112
10099,8567,2785,1159.03,Netbanking,SUCCESS,2026-06-06 18:00:00,TXN314866
10100,8568,2785,848.29,Netbanking,SUCCESS,2026-07-14 10:00:00,TXN857310
10101,8568,2785,401.65,Netbanking,SUCCESS,2026-07-07 15:00:00,TXN887120
10102,8569,2785,1277.76,Netbanking,SUCCESS,2026-08-06 08:00:00,TXN353611
10103,8570,2785,1198.73,Netbanking,SUCCESS,2026-09-10 17:00:00,
10104,8571,2786,397.75,Debit Card,SUCCESS,2026-04-05 06:00:00,TXN727459
10105,8572,2786,389.82,Credit Card,SUCCESS,2026-05-07 11:00:00,TXN512144
10106,8573,2786,243.03,Credit Card,SUCCESS,2026-06-14 22:00:00,TXN567176
10107,8574,2786,351.90,Debit Card,FAILED,2026-07-11 17:00:00,TXN206813
10108,8575,2786,263.33,UPI,SUCCESS,2026-08-12 07:00:00,TXN631077
10109,8576,2786,392.85,Wallet,SUCCESS,2026-09-10 14:00:00,TXN637025
10110,8577,2788,268.67,Netbanking,SUCCESS,2026-04-06 12:00:00,TXN176606
10111,8577,2788,238.59,Credit Card,SUCCESS,2026-04-03 12:00:00,TXN165984
10112,8578,2788,510.79,Wallet,SUCCESS,2026-05-14 16:00:00,TXN781901
10113,8579,2788,630.25,Netbanking,SUCCESS,2026-06-03 14:00:00,TXN751815
10114,8580,2788,528.94,Netbanking,PENDING,2026-07-08 14:00:00,TXN775742
10115,8581,2788,584.17,UPI,SUCCESS,2026-08-13 12:00:00,TXN333621
10116,8582,2788,606.06,Credit Card,SUCCESS,2026-09-15 13:00:00,TXN543807
10117,8583,2791,884.86,Wallet,SUCCESS,2026-04-05 21:00:00,TXN253498
10118,8584,2791,1004.86,Wallet,SUCCESS,2026-05-11 18:00:00,TXN972124
10119,8585,2791,345.93,Debit Card,SUCCESS,2026-06-09 12:00:00,TXN570888
10120,8585,2791,532.52,Netbanking,SUCCESS,2026-06-11 14:00:00,TXN312138
10121,8586,2791,914.91,UPI,SUCCESS,2026-07-11 10:00:00,TXN891150
10122,8587,2791,837.97,Wallet,SUCCESS,2026-08-13 07:00:00,TXN435631
10123,8588,2791,959.99,UPI,SUCCESS,2026-09-14 13:00:00,TXN819039
10124,8589,2799,221.91,Netbanking,SUCCESS,2026-04-04 15:00:00,TXN707726
10125,8590,2799,196.82,UPI,SUCCESS,2026-05-02 17:00:00,TXN953294
10126,8591,2799,240.85,Credit Card,SUCCESS,2026-06-13 09:00:00,TXN614492
10127,8592,2799,178.95,Debit Card,SUCCESS,2026-07-15 19:00:00,TXN818248
10128,8593,2799,189.18,UPI,SUCCESS,2026-08-12 12:00:00,TXN215798
10129,8594,2799,147.30,UPI,SUCCESS,2026-09-03 10:00:00,TXN509639
10130,8595,2800,783.06,UPI,SUCCESS,2026-04-12 06:00:00,TXN957244
10131,8596,2800,374.33,Netbanking,SUCCESS,2026-05-11 21:00:00,TXN548922
10132,8596,2800,273.93,Netbanking,SUCCESS,2026-05-04 21:00:00,TXN711005
10133,8597,2800,638.25,Wallet,SUCCESS,2026-06-14 22:00:00,TXN559143
10134,8598,2800,682.44,UPI,SUCCESS,2026-07-07 11:00:00,TXN997825
10135,8599,2800,716.61,Credit Card,SUCCESS,2026-08-14 17:00:00,TXN807192
10136,8600,2800,680.35,Debit Card,SUCCESS,2026-09-11 16:00:00,TXN549272
10137,8601,2803,1171.42,UPI,SUCCESS,2026-04-08 15:00:00,TXN101288
10138,8602,2803,1081.29,Credit Card,SUCCESS,2026-05-14 11:00:00,TXN269077
10139,8603,2803,1146.11,Wallet,SUCCESS,2026-06-04 06:00:00,TXN905045
10140,8604,2803,1127.16,Credit Card,SUCCESS,2026-07-10 22:00:00,TXN934668
10141,8605,2803,1103.13,Netbanking,SUCCESS,2026-08-13 19:00:00,TXN484144
10142,8606,2803,699.90,Netbanking,SUCCESS,2026-09-10 07:00:00,TXN962752
10143,8606,2803,507.48,Wallet,SUCCESS,2026-09-11 06:00:00,TXN741398
10144,8607,2806,1118.10,UPI,SUCCESS,2026-04-08 17:00:00,TXN162487
10145,8608,2806,1060.87,Debit Card,SUCCESS,2026-05-04 07:00:00,TXN555088
10146,8609,2806,1080.99,Debit Card,SUCCESS,2026-06-01 08:00:00,TXN570589
10147,8610,2806,1348.86,UPI,SUCCESS,2026-07-08 17:00:00,TXN311859
10148,8611,2806,1111.68,UPI,SUCCESS,2026-08-09 12:00:00,TXN631739
10149,8612,2806,1068.09,Netbanking,SUCCESS,2026-09-03 18:00:00,TXN951344
10150,8613,2808,354.27,Netbanking,SUCCESS,2026-04-09 07:00:00,TXN407463
10151,8614,2808,281.06,Debit Card,SUCCESS,2026-05-15 08:00:00,TXN810080
10152,8615,2808,272.39,Wallet,SUCCESS,2026-06-12 08:00:00,TXN171497
10153,8616,2808,109.42,UPI,SUCCESS,2026-07-05 13:00:00,TXN950823
10154,8616,2808,161.96,Credit Card,SUCCESS,2026-07-11 17:00:00,TXN981809
10155,8617,2808,372.16,Credit Card,SUCCESS,2026-08-10 16:00:00,TXN798483
10156,8618,2808,298.23,Wallet,SUCCESS,2026-09-04 10:00:00,TXN147939
10157,8619,2809,1279.76,UPI,SUCCESS,2026-04-09 11:00:00,TXN553160
10158,8620,2809,1177.83,Credit Card,SUCCESS,2026-05-09 12:00:00,TXN350098
10159,8621,2809,1336.56,Netbanking,SUCCESS,2026-06-07 07:00:00,TXN910543
10160,8622,2809,1192.78,Credit Card,SUCCESS,2026-07-13 13:00:00,TXN598711
10161,8623,2809,1238.72,Wallet,SUCCESS,2026-08-12 21:00:00,TXN509298
10162,8624,2809,1229.12,Netbanking,PENDING,2026-09-05 18:00:00,TXN474178
