recharge_id,msisdn,amount,plan_id,channel,timestamp,status,balance_after
4001,9860866938,986.96,2009,App,2025-08-29 04:01:00,PENDING,125.14
4002,9622843019,949.00,2013,App,2025-11-14 20:52:00,FAILED,25.14
4003,9325737452,149.00,2002,USSD,2025-12-30 02:06:00,PENDING,2.47
4004,9181990715,399.00,2007,USSD,2025-10-14 14:32:00,SUCCESS,530.27
4005,9348436435,499.00,2001,Online,2026-06-29 22:13:00,SUCCESS,676.74
4006,9822571845,299.00,2020,Online,2025-10-06 18:13:00,SUCCESS,456.36
4007,9912600675,899.00,2016,Online,2025-09-04 08:16:00,SUCCESS,1028.00
4008,9594823692,149.00,2003,Online,2025-10-17 09:51:00,SUCCESS,304.29
4009,9587920991,318.99,2023,Retailer,2025-10-23 00:41:00,SUCCESS,471.26
4010,9493943514,899.00,2016,Retailer,2026-03-29 15:22:00,SUCCESS,933.24
4011,9936325482,849.00,2022,USSD,2026-07-13 23:13:00,SUCCESS,1022.60
4012,9516681609,149.00,2003,App,2026-06-21 14:40:00,SUCCESS,149.83
4013,9904117280,849.00,2015,Online,2026-06-23 18:24:00,SUCCESS,1037.68
4014,9164061537,899.00,2016,,2026-01-13 04:21:00,SUCCESS,1080.63
4015,9678283390,297.88,2025,App,2026-01-26 00:09:00,SUCCESS,493.34
4016,9191762701,649.00,2019,App,2025-11-30 05:31:00,SUCCESS,765.98
4017,9616175588,306.42,2008,Online,2026-01-23 12:58:00,SUCCESS,340.34
4018,9890977992,179.00,2009,Retailer,2026-08-06 10:23:00,SUCCESS,268.53
4019,9817708292,499.00,2001,Online,2026-08-03 21:08:00,SUCCESS,508.19
4020,9153292866,149.00,2003,App,2025-10-20 03:43:00,SUCCESS,196.12
4021,9788982046,649.00,2019,,2026-06-01 18:35:00,FAILED,134.56
4022,9596576052,179.00,2009,Retailer,2026-04-09 22:59:00,FAILED,32.33
4023,9908925990,2999.00,2025,App,2026-03-14 02:17:00,SUCCESS,3037.24
4024,9590605164,707.16,2001,Bank Portal,2025-09-04 00:33:00,SUCCESS,794.79
4025,9723932732,801.71,2019,USSD,2026-05-10 12:03:00,SUCCESS,886.58
4026,9717212766,149.00,2003,Retailer,2026-03-05 18:14:00,SUCCESS,220.31
4027,9827686467,949.00,2010,Bank Portal,2025-10-22 00:11:00,SUCCESS,1122.69
4028,9405300991,899.00,2018,Bank Portal,2026-02-13 23:41:00,SUCCESS,1091.23
4029,9460499989,849.00,2015,App,2026-07-03 07:58:00,SUCCESS,995.53
4030,9047797926,849.00,2015,App,2026-07-21 16:46:00,SUCCESS,894.98
4031,9440265125,965.45,2022,Retailer,2026-06-03 18:41:00,FAILED,115.06
4032,9645417845,946.85,2010,,2026-07-08 09:22:00,SUCCESS,1078.69
4033,9479723140,499.00,2001,USSD,2026-04-14 20:58:00,SUCCESS,692.38
4034,9471496750,957.28,2021,Bank Portal,2025-08-18 17:30:00,SUCCESS,1090.19
4035,9353531213,149.00,2003,Online,2025-09-18 08:28:00,SUCCESS,284.69
4036,9291680295,495.36,2017,Bank Portal,2026-01-15 07:15:00,SUCCESS,610.67
4037,9085477032,2999.00,2025,,2025-08-12 05:15:00,SUCCESS,3182.17
4038,9773178668,899.00,2016,USSD,2026-02-12 01:03:00,SUCCESS,1056.12
4039,9460203900,479.00,2024,Retailer,2025-09-28 22:09:00,SUCCESS,564.07
4040,9554154137,239.00,2017,Online,2026-02-05 14:07:00,SUCCESS,408.00
4041,9171524016,849.00,2022,Online,2026-07-17 01:47:00,SUCCESS,954.29
4042,9676065242,849.00,2022,Online,2025-10-27 02:36:00,SUCCESS,867.38
4043,9713975976,678.19,2015,Bank Portal,2026-05-08 11:51:00,SUCCESS,723.67
4044,9491810458,835.70,2022,App,2025-12-27 03:25:00,SUCCESS,974.69
4045,9516681609,649.00,2019,,2026-04-17 03:57:00,REFUNDED,149.83
4046,9148065394,89.14,2012,USSD,2026-01-25 22:54:00,SUCCESS,91.60
4047,9562677058,899.00,2016,App,2026-05-09 20:43:00,SUCCESS,945.27
4048,9254265243,899.00,2016,Retailer,2025-08-20 22:28:00,SUCCESS,1050.44
4049,9460112861,499.00,2001,Online,2026-02-05 19:56:00,SUCCESS,539.83
4050,9356264430,99.00,2023,USSD,2026-06-27 11:14:00,SUCCESS,145.65
4051,9744056667,799.00,2005,USSD,2025-08-16 00:37:00,FAILED,27.72
4052,9074096260,179.00,2008,USSD,2026-03-05 21:02:00,SUCCESS,251.21
4053,9452736120,949.00,2013,App,2026-08-03 14:55:00,SUCCESS,1057.12
4054,9585845616,633.06,2014,Online,2025-11-13 17:43:00,SUCCESS,638.30
4055,9444059476,2999.00,2025,Online,2026-04-30 12:53:00,PENDING,2.21
4056,9283416454,199.00,2011,Online,2025-12-16 09:21:00,SUCCESS,222.40
4057,9461000693,394.72,2006,Bank Portal,2025-09-13 21:07:00,SUCCESS,581.07
4058,9601204325,899.00,2016,USSD,2025-08-16 04:15:00,SUCCESS,975.37
4059,9261183658,899.00,2018,USSD,2025-12-07 19:58:00,SUCCESS,1039.64
4060,9303281850,699.00,2021,USSD,2026-07-09 22:32:00,SUCCESS,830.25
4061,9102989885,179.00,2012,Bank Portal,2026-06-23 13:34:00,SUCCESS,355.66
4062,9196472126,954.27,2001,USSD,2025-10-23 04:10:00,SUCCESS,1018.78
4063,9181045136,199.00,2011,Retailer,2026-01-02 19:41:00,SUCCESS,356.89
4064,9976082062,949.00,2013,USSD,2026-07-01 11:11:00,SUCCESS,1120.24
4065,9547850454,679.58,2022,USSD,2026-04-17 00:15:00,PENDING,158.81
4066,9319295201,479.00,2024,USSD,2025-09-18 11:05:00,SUCCESS,543.83
4067,9833739256,623.55,2018,Retailer,2025-11-25 14:30:00,SUCCESS,749.95
4068,9448401668,899.00,2018,App,2026-01-21 23:18:00,FAILED,173.36
4069,9479521121,649.00,2019,Online,2025-09-24 12:29:00,SUCCESS,707.75
4070,9184651840,499.00,2001,App,2025-08-26 14:21:00,SUCCESS,528.40
4071,9966445815,730.54,2010,App,2025-09-07 15:42:00,SUCCESS,804.23
4072,9133706007,149.00,2002,Retailer,2026-02-12 18:39:00,SUCCESS,294.79
4073,9703879517,239.00,2017,USSD,2026-05-03 08:57:00,SUCCESS,399.83
4074,9263974247,239.00,2017,USSD,2026-07-20 18:30:00,SUCCESS,351.57
4075,9528445430,479.00,2024,Retailer,2025-12-27 20:46:00,SUCCESS,563.15
4076,9826607330,699.00,2021,Bank Portal,2025-11-04 09:39:00,FAILED,62.91
4077,9234857417,399.00,2006,USSD,2026-07-24 00:09:00,SUCCESS,481.04
4078,9460440138,653.06,2008,App,2026-04-10 02:30:00,SUCCESS,689.75
4079,9860642466,2999.00,2025,USSD,2026-04-26 20:27:00,SUCCESS,3195.78
4080,9220735426,399.00,2007,App,2026-07-16 19:16:00,SUCCESS,585.71
4081,9356702006,199.00,2004,USSD,2026-04-27 03:18:00,SUCCESS,397.81
4082,9344975865,649.00,2019,USSD,2025-12-09 19:04:00,SUCCESS,735.31
4083,9880356285,179.00,2009,App,2026-03-08 15:51:00,SUCCESS,357.92
4084,9742455446,179.00,2009,Retailer,2026-07-15 07:40:00,SUCCESS,232.48
4085,9005893517,523.64,2003,Online,2026-06-03 03:03:00,PENDING,132.09
4086,9649997188,239.00,2017,Online,2025-11-02 07:25:00,SUCCESS,435.65
4087,9729501750,949.00,2010,USSD,2025-09-24 22:26:00,SUCCESS,1146.01
4088,9096455686,249.00,2014,USSD,2026-06-28 00:45:00,SUCCESS,381.97
4089,9302722320,529.29,2009,App,2025-11-02 07:37:00,REFUNDED,72.40
4090,9209238094,99.00,2023,Bank Portal,2026-03-08 14:56:00,SUCCESS,162.91
4091,9684474610,899.00,2018,Bank Portal,2025-09-19 17:26:00,SUCCESS,948.53
4092,9672939857,481.83,2012,App,2026-04-29 09:26:00,SUCCESS,615.64
4093,9908822016,799.00,2005,App,2026-04-29 06:59:00,SUCCESS,855.43
4094,9954195582,849.00,2022,Bank Portal,2025-08-28 16:12:00,SUCCESS,984.54
4095,9043878021,399.00,2006,USSD,2025-10-10 06:58:00,SUCCESS,447.37
4096,9913235075,381.39,2001,,2025-12-11 05:46:00,PENDING,182.28
4097,9370121582,249.00,2014,Bank Portal,2025-09-18 04:13:00,SUCCESS,428.15
4098,9406287036,949.00,2013,Retailer,2025-08-09 04:52:00,SUCCESS,1073.56
4099,9113915658,199.00,2004,Retailer,2025-11-12 17:29:00,SUCCESS,297.72
4100,9485845898,149.00,2003,App,2025-12-11 20:55:00,SUCCESS,307.66
4101,9586461558,864.27,2016,Online,2025-12-10 00:00:00,SUCCESS,994.98
4102,9201298375,499.00,2001,Bank Portal,2026-05-16 12:28:00,SUCCESS,567.40
4103,9113352689,149.00,2003,Bank Portal,2026-05-21 13:59:00,SUCCESS,213.96
4104,9973494914,649.00,2019,App,2026-05-11 08:49:00,FAILED,6.64
4105,9679711118,2999.00,2025,App,2025-10-07 15:20:00,FAILED,112.25
4106,9188707264,699.00,2021,Bank Portal,2026-07-27 22:39:00,SUCCESS,807.88
4107,9369337271,199.00,2011,Bank Portal,2026-06-02 18:10:00,SUCCESS,385.73
4108,9679413933,16.44,2015,USSD,2026-02-27 01:18:00,SUCCESS,120.11
4109,9963281918,69.42,2015,App,2026-03-05 13:06:00,SUCCESS,89.15
4110,9106431298,949.00,2010,App,2026-08-06 22:07:00,SUCCESS,1052.46
4111,9710275623,199.00,2011,Retailer,2025-12-26 22:32:00,SUCCESS,285.59
4112,9502424314,949.00,2013,Retailer,2025-09-12 03:20:00,FAILED,104.91
4113,9631457717,149.00,2002,USSD,2026-04-19 19:50:00,SUCCESS,185.70
4114,9773254753,239.00,2017,Retailer,2026-07-01 03:47:00,SUCCESS,269.01
4115,9065775470,199.00,2011,,2026-06-30 15:27:00,SUCCESS,253.06
4116,9283317877,179.00,2012,USSD,2026-02-10 15:09:00,FAILED,163.61
4117,9573406557,899.00,2018,App,2026-01-29 04:29:00,SUCCESS,972.38
4118,9720507464,849.00,2022,Retailer,2025-11-18 18:34:00,SUCCESS,1010.02
4119,9645836279,149.00,2002,Bank Portal,2026-07-10 11:21:00,SUCCESS,199.33
4120,9678650673,399.00,2007,Retailer,2026-03-10 08:58:00,REFUNDED,84.78
4121,9280025769,199.00,2011,Retailer,2025-09-16 21:12:00,SUCCESS,355.97
4122,9091949746,399.00,2007,USSD,2026-04-27 04:37:00,SUCCESS,498.53
4123,9310976491,849.00,2015,Retailer,2026-01-20 17:06:00,SUCCESS,991.48
4124,9074096260,899.00,2016,Retailer,2025-10-09 03:14:00,SUCCESS,1150.21
4125,9032536933,899.00,2016,Bank Portal,2025-12-27 02:01:00,SUCCESS,952.24
4126,9719827192,899.00,2018,USSD,2026-04-18 18:26:00,SUCCESS,1078.54
4127,9435235529,306.49,2018,App,2025-08-18 22:04:00,SUCCESS,471.93
4128,9807652232,699.00,2021,USSD,2026-01-24 00:49:00,SUCCESS,722.57
4129,9663502880,899.00,2018,App,2026-01-13 07:56:00,SUCCESS,1067.09
4130,9710323285,99.00,2023,,2026-01-05 05:46:00,SUCCESS,179.07
4131,9316479699,899.00,2016,App,2026-06-28 02:35:00,SUCCESS,1029.66
4132,9129656577,179.00,2008,Retailer,2026-05-01 15:53:00,SUCCESS,189.84
4133,9720814920,249.00,2014,App,2026-07-17 23:36:00,SUCCESS,301.86
4134,9129360373,399.00,2007,Retailer,2026-05-27 19:11:00,SUCCESS,463.44
4135,9182374891,149.00,2002,Bank Portal,2026-01-16 07:31:00,SUCCESS,298.52
4136,9334600602,399.00,2006,Retailer,2025-11-25 18:26:00,SUCCESS,448.78
4137,9962850362,219.09,2016,Online,2026-06-24 18:21:00,SUCCESS,252.73
4138,9466472070,199.00,2011,Retailer,2025-08-12 02:45:00,SUCCESS,363.84
4139,9181222607,192.52,2011,Bank Portal,2026-08-06 14:35:00,SUCCESS,313.60
4140,9904117280,149.00,2003,Retailer,2025-10-03 01:06:00,SUCCESS,1186.68
4141,9098217330,249.00,2014,Retailer,2025-12-08 15:52:00,SUCCESS,282.72
4142,9793693760,239.00,2017,Retailer,2026-05-07 16:39:00,SUCCESS,363.93
4143,9708459887,2999.00,2025,,2026-01-04 21:22:00,SUCCESS,3090.86
4144,9784734680,886.69,2012,Retailer,2026-05-20 04:02:00,SUCCESS,993.39
4145,9341956658,179.00,2012,Online,2025-10-26 06:57:00,SUCCESS,342.46
4146,9328879965,837.75,2009,App,2026-02-05 21:15:00,SUCCESS,936.79
4147,9277826289,104.84,2022,Online,2025-11-09 14:34:00,SUCCESS,302.70
4148,9114353759,949.00,2013,Bank Portal,2026-06-24 22:16:00,SUCCESS,1107.52
4149,9731762453,479.00,2024,Bank Portal,2026-02-04 06:18:00,SUCCESS,674.67
4150,9496963502,949.00,2010,Online,2026-06-05 14:04:00,FAILED,27.63
4151,9141509800,849.00,2015,USSD,2026-01-06 22:52:00,SUCCESS,889.05
4152,9294943670,199.00,2011,App,2026-05-23 01:17:00,SUCCESS,217.73
4153,9079626966,899.00,2018,Online,2026-01-26 21:14:00,SUCCESS,1080.67
4154,9203205842,149.00,2002,App,2025-09-24 21:52:00,SUCCESS,322.77
4155,9691727530,430.20,2013,App,2026-04-24 01:55:00,SUCCESS,536.47
4156,9622843019,179.00,2008,Online,2026-04-02 08:58:00,SUCCESS,204.14
4157,9908680706,249.00,2014,USSD,2025-08-30 15:37:00,SUCCESS,432.37
4158,9870804539,479.00,2024,Retailer,2026-07-26 16:01:00,SUCCESS,670.55
4159,9188458452,249.00,2014,Retailer,2025-11-20 18:10:00,SUCCESS,404.95
4160,9785090735,849.00,2022,App,2026-03-03 19:42:00,SUCCESS,881.05
4161,9191889111,849.00,2015,App,2026-01-06 16:59:00,SUCCESS,960.53
4162,9181045136,179.00,2008,Online,2025-11-09 07:04:00,SUCCESS,535.89
4163,9592373798,631.57,2023,USSD,2026-01-17 15:13:00,SUCCESS,638.32
4164,9240528424,149.00,2003,,2026-05-17 08:39:00,SUCCESS,341.62
4165,9356224399,199.00,2004,Retailer,2026-08-08 18:00:00,SUCCESS,251.03
4166,9310976491,640.84,2014,Online,2026-03-09 06:53:00,SUCCESS,1632.32
4167,9887512422,199.00,2004,Retailer,2026-01-16 02:37:00,SUCCESS,320.07
4168,9984238513,699.00,2021,App,2025-10-15 10:13:00,SUCCESS,841.81
4169,9594823692,199.00,2011,Online,2026-07-27 13:13:00,SUCCESS,503.29
4170,9734092400,699.00,2021,USSD,2026-07-02 21:06:00,SUCCESS,783.45
4171,9903072949,456.97,2020,USSD,2025-09-25 07:06:00,FAILED,126.96
4172,9946399696,479.00,2024,App,2025-10-07 18:58:00,SUCCESS,611.41
4173,9880154142,744.06,2002,Retailer,2026-05-18 07:17:00,SUCCESS,811.82
4174,9207627540,949.00,2013,Online,2026-02-25 09:42:00,SUCCESS,1103.38
4175,9378947562,149.00,2002,USSD,2026-06-22 20:29:00,SUCCESS,231.55
4176,9335507529,399.00,2006,Bank Portal,2026-07-14 04:39:00,SUCCESS,465.39
4177,9362824218,499.00,2001,Retailer,2026-07-02 23:50:00,PENDING,7.80
4178,9012947379,907.56,2004,Bank Portal,2026-01-17 04:29:00,SUCCESS,978.02
4179,9589109415,149.00,2003,Online,2025-09-04 13:11:00,FAILED,69.52
4180,9671868299,479.00,2024,Retailer,2025-10-14 22:58:00,SUCCESS,516.30
4181,9331976937,499.00,2001,,2026-07-28 02:38:00,REFUNDED,21.29
4182,9119515529,860.91,2001,Online,2026-03-06 21:43:00,SUCCESS,922.50
4183,9109226005,799.00,2005,Retailer,2026-05-05 09:38:00,SUCCESS,979.68
4184,9533729628,899.00,2018,,2026-01-20 15:16:00,SUCCESS,926.89
4185,9025367205,149.00,2002,USSD,2025-08-21 21:08:00,SUCCESS,185.41
4186,9840608577,649.00,2019,USSD,2025-10-30 11:30:00,SUCCESS,782.39
4187,9843931461,649.00,2019,App,2026-07-05 03:25:00,REFUNDED,32.65
4188,9387079174,179.00,2009,App,2026-05-23 11:00:00,REFUNDED,57.86
4189,9908822016,899.00,2016,USSD,2026-01-22 00:36:00,SUCCESS,1754.43
4190,9843931461,149.00,2002,USSD,2025-10-06 06:12:00,SUCCESS,181.65
4191,9207627507,149.00,2002,Online,2025-12-05 23:41:00,FAILED,1.96
4192,9539790584,699.00,2021,Online,2025-11-22 22:16:00,SUCCESS,717.68
4193,9753947818,262.13,2005,Retailer,2026-02-08 11:15:00,SUCCESS,308.12
4194,9339920239,849.00,2022,Bank Portal,2026-05-22 14:17:00,SUCCESS,977.89
4195,9295612850,179.00,2008,App,2025-09-20 04:54:00,PENDING,167.47
4196,9407183186,757.78,2007,App,2025-11-04 11:19:00,SUCCESS,928.72
4197,9226140523,949.00,2010,Bank Portal,2025-12-11 09:41:00,SUCCESS,1145.10
4198,9678283390,699.00,2021,Bank Portal,2026-06-18 09:10:00,SUCCESS,1192.34
4199,9037911462,365.49,2002,Online,2026-03-14 02:34:00,SUCCESS,418.90
4200,9806192469,199.00,2011,App,2026-02-22 05:54:00,SUCCESS,215.61
4201,9994423776,649.00,2019,Bank Portal,2025-09-19 11:17:00,SUCCESS,847.37
4202,9452982688,149.00,2002,USSD,2025-12-01 23:38:00,FAILED,198.18
4203,9207299322,249.00,2014,Online,2026-03-17 08:31:00,SUCCESS,447.27
4204,9798260963,799.00,2005,Retailer,2026-02-07 03:53:00,SUCCESS,900.00
4205,9913675449,239.00,2017,Retailer,2026-03-22 16:49:00,SUCCESS,325.89
4206,9340595040,149.00,2003,USSD,2026-06-09 02:42:00,FAILED,41.91
4207,9537265562,399.00,2007,,2025-09-01 02:32:00,SUCCESS,487.59
4208,9183088032,799.00,2005,USSD,2025-11-07 12:25:00,PENDING,152.60
4209,9593562461,699.00,2021,App,2026-07-26 20:41:00,SUCCESS,851.83
4210,9959833017,199.00,2004,App,2026-04-05 06:32:00,FAILED,138.83
4211,9219531810,399.00,2007,Retailer,2026-03-03 09:56:00,SUCCESS,512.25
4212,9926518136,949.00,2010,USSD,2025-08-19 02:38:00,SUCCESS,950.40
4213,9951316861,399.00,2006,USSD,2026-03-30 12:33:00,SUCCESS,520.29
4214,9950067841,179.00,2012,App,2025-12-04 18:05:00,SUCCESS,264.15
4215,9950965101,299.00,2020,USSD,2026-02-14 10:08:00,SUCCESS,460.36
4216,9814703362,799.00,2005,Bank Portal,2026-04-10 05:48:00,PENDING,176.64
4217,9206610687,249.00,2014,Bank Portal,2026-03-08 08:04:00,SUCCESS,317.17
4218,9356836237,179.00,2009,App,2026-07-17 14:14:00,PENDING,11.87
4219,9814744697,179.00,2008,App,2026-03-21 08:48:00,SUCCESS,242.64
4220,9158781453,2999.00,2025,USSD,2025-09-25 13:10:00,SUCCESS,3188.04
4221,9102989885,949.00,2013,Online,2025-12-12 21:15:00,SUCCESS,1304.66
4222,9987962847,181.45,2018,App,2025-11-08 20:26:00,SUCCESS,303.08
4223,9570600612,949.00,2013,Retailer,2026-02-28 22:58:00,SUCCESS,1062.85
4224,9171781247,949.00,2013,USSD,2026-05-01 12:52:00,SUCCESS,1115.66
4225,9829595142,179.00,2008,Online,2026-08-03 09:25:00,REFUNDED,12.15
4226,9283921992,299.00,2020,Retailer,2025-09-17 21:48:00,SUCCESS,384.64
4227,9812450030,399.00,2006,Retailer,2026-02-19 20:48:00,SUCCESS,542.91
4228,9643945620,149.00,2003,Online,2026-07-29 15:44:00,SUCCESS,247.66
4229,9250376333,762.71,2010,App,2025-11-18 00:59:00,FAILED,190.60
4230,9357705612,243.74,2006,App,2026-02-10 01:12:00,SUCCESS,422.40
4231,9827014901,399.00,2007,Online,2025-10-09 03:12:00,FAILED,158.52
4232,9623304410,149.00,2003,Bank Portal,2026-03-12 02:48:00,REFUNDED,63.21
4233,9637449685,699.00,2021,App,2026-02-07 17:03:00,SUCCESS,799.29
4234,9168248942,702.62,2021,USSD,2026-05-09 11:40:00,SUCCESS,756.97
4235,9706526412,149.00,2003,App,2026-04-22 22:25:00,SUCCESS,276.95
4236,9526783920,99.00,2023,USSD,2026-02-28 19:40:00,SUCCESS,154.47
4237,9573295533,199.00,2011,Retailer,2026-07-03 15:21:00,SUCCESS,366.86
4238,9770833235,399.00,2006,Retailer,2026-02-21 23:35:00,SUCCESS,473.72
4239,9129226473,849.00,2022,USSD,2026-05-05 11:13:00,SUCCESS,886.61
4240,9342525005,239.00,2017,Online,2026-01-21 01:37:00,SUCCESS,242.79
4241,9579938094,239.00,2017,USSD,2026-04-23 18:17:00,SUCCESS,376.47
4242,9491534581,179.00,2008,Online,2026-07-29 10:56:00,SUCCESS,372.98
4243,9329607107,967.84,2015,Online,2025-12-21 20:46:00,SUCCESS,1013.81
4244,9850489326,899.00,2016,USSD,2025-11-18 12:42:00,SUCCESS,953.98
4245,9368392062,949.00,2013,Online,2026-06-25 21:04:00,SUCCESS,1086.01
4246,9601239809,199.00,2011,App,2025-12-05 01:52:00,SUCCESS,306.99
4247,9865185140,2999.00,2025,App,2025-08-25 15:11:00,SUCCESS,3178.80
4248,9863557208,899.00,2016,Online,2026-06-04 00:25:00,SUCCESS,1062.17
4249,9203205842,149.00,2002,Retailer,2026-04-11 18:38:00,SUCCESS,471.77
4250,9752611744,45.84,2008,Online,2025-11-02 09:08:00,SUCCESS,95.59
4251,9163121700,149.00,2002,USSD,2026-01-14 16:37:00,SUCCESS,282.46
4252,9421861171,399.00,2006,Online,2026-04-24 19:57:00,FAILED,11.52
4253,9612196177,149.00,2002,,2026-05-15 11:50:00,SUCCESS,208.23
4254,9146794714,399.00,2007,Bank Portal,2026-04-17 11:06:00,SUCCESS,525.62
4255,9136802588,149.00,2003,Retailer,2026-01-06 11:13:00,SUCCESS,186.86
4256,9897468864,207.13,2010,Retailer,2026-06-16 14:33:00,SUCCESS,394.57
4257,9524712013,699.00,2021,Online,2026-07-10 18:00:00,SUCCESS,704.29
4258,9086091750,728.85,2010,,2026-04-10 03:08:00,SUCCESS,913.58
4259,9790798596,668.77,2016,USSD,2026-07-22 21:38:00,SUCCESS,747.48
4260,9887348561,616.98,2007,App,2026-08-07 08:20:00,SUCCESS,802.59
4261,9230345583,249.00,2014,USSD,2025-09-06 16:56:00,SUCCESS,296.44
4262,9263929473,399.00,2006,Bank Portal,2025-12-11 16:18:00,SUCCESS,460.53
4263,9926097351,499.00,2001,App,2025-08-31 03:12:00,SUCCESS,654.39
4264,9827686467,199.00,2011,USSD,2026-06-19 15:42:00,SUCCESS,1321.69
4265,9086734425,299.44,2002,Retailer,2026-03-14 10:19:00,SUCCESS,357.81
4266,9945645521,765.47,2003,USSD,2025-08-18 18:01:00,REFUNDED,86.40
4267,9961535300,849.00,2022,Online,2026-07-08 10:44:00,FAILED,70.70
4268,9521083493,799.00,2005,Bank Portal,2025-12-16 22:18:00,SUCCESS,965.08
4269,9427582923,358.97,2001,App,2026-02-10 20:51:00,SUCCESS,408.05
4270,9369337271,99.00,2023,USSD,2026-01-22 10:53:00,SUCCESS,484.73
4271,9994592472,399.00,2006,Retailer,2025-11-26 21:56:00,PENDING,174.27
4272,9263929473,949.00,2013,Bank Portal,2025-11-14 17:13:00,SUCCESS,1409.53
4273,9523343007,949.00,2010,USSD,2026-06-14 20:07:00,SUCCESS,1050.19
4274,9732154473,249.00,2014,,2026-06-19 21:18:00,SUCCESS,254.68
4275,9945424627,849.00,2015,,2026-05-29 01:59:00,SUCCESS,980.49
4276,9002256290,479.00,2024,Bank Portal,2025-08-21 01:59:00,SUCCESS,547.54
4277,9514110424,299.00,2020,,2025-12-11 08:05:00,SUCCESS,455.56
4278,9851820385,179.00,2008,App,2026-06-28 20:21:00,SUCCESS,280.72
4279,9371549245,849.00,2022,Bank Portal,2025-12-12 05:47:00,SUCCESS,1005.98
4280,9072417610,630.06,2020,Retailer,2026-04-28 02:19:00,SUCCESS,825.31
4281,9794251413,99.00,2023,Retailer,2026-05-16 23:58:00,SUCCESS,163.56
4282,9361631556,479.00,2024,Retailer,2025-09-20 03:34:00,SUCCESS,568.79
4283,9966445815,249.00,2014,Online,2025-11-24 11:19:00,SUCCESS,1053.23
4284,9350331807,149.00,2002,Online,2025-11-13 22:39:00,SUCCESS,215.31
4285,9076526144,649.00,2019,Retailer,2026-06-15 05:01:00,REFUNDED,124.63
4286,9012947379,849.00,2022,App,2026-05-15 06:37:00,SUCCESS,1827.02
4287,9763922676,239.00,2017,Bank Portal,2025-10-23 04:07:00,SUCCESS,251.06
4288,9626346064,499.00,2001,Bank Portal,2025-11-20 03:26:00,SUCCESS,563.86
4289,9137483789,179.00,2008,Retailer,2026-03-02 20:24:00,SUCCESS,191.77
4290,9651730485,299.00,2020,App,2025-12-10 16:28:00,SUCCESS,304.50
4291,9663502880,199.00,2004,Retailer,2026-07-17 23:37:00,SUCCESS,1266.09
4292,9074570229,699.00,2021,Bank Portal,2026-05-07 08:43:00,SUCCESS,887.93
4293,9511172539,949.00,2013,USSD,2026-08-06 14:47:00,SUCCESS,960.72
4294,9232233025,949.00,2010,Online,2026-06-25 12:03:00,SUCCESS,1086.97
4295,9827686467,849.00,2015,Online,2026-07-08 12:20:00,SUCCESS,2170.69
4296,9308945692,249.00,2014,Bank Portal,2025-08-26 21:01:00,SUCCESS,315.88
4297,9660783488,199.00,2004,,2025-11-02 08:25:00,SUCCESS,330.25
4298,9538996963,799.00,2005,USSD,2026-03-18 12:34:00,SUCCESS,806.65
4299,9387079174,179.00,2009,Online,2026-02-01 14:12:00,REFUNDED,57.86
4300,9515075130,849.00,2022,USSD,2025-12-24 14:25:00,SUCCESS,854.33
4301,9217846198,73.27,2009,App,2025-08-11 11:05:00,SUCCESS,79.71
4302,9366952000,179.00,2009,Retailer,2026-03-16 04:26:00,SUCCESS,377.94
4303,9215527452,251.47,2011,Bank Portal,2026-05-07 16:33:00,SUCCESS,415.72
4304,9341689563,849.00,2022,Bank Portal,2025-11-07 08:03:00,SUCCESS,998.60
4305,9805961284,299.00,2020,Online,2025-11-05 09:57:00,SUCCESS,367.10
4306,9292033900,179.00,2008,Online,2026-04-27 03:15:00,SUCCESS,181.48
4307,9678650673,99.00,2023,App,2026-02-06 11:29:00,SUCCESS,183.78
4308,9328879965,78.30,2012,,2026-05-22 05:06:00,PENDING,936.79
4309,9554154137,899.00,2016,Bank Portal,2026-05-26 21:09:00,SUCCESS,1307.00
4310,9415777280,179.00,2009,Retailer,2026-07-07 18:58:00,SUCCESS,278.61
4311,9468913991,499.00,2001,App,2026-06-14 23:45:00,SUCCESS,623.53
4312,9444059476,399.00,2007,Retailer,2026-07-18 10:57:00,SUCCESS,401.21
4313,9196208552,399.00,2006,App,2026-08-03 02:15:00,SUCCESS,529.81
4314,9188673168,899.00,2016,USSD,2026-06-29 06:47:00,FAILED,51.65
4315,9045768958,849.00,2022,Online,2026-03-11 00:18:00,SUCCESS,907.57
4316,9363955032,149.00,2002,Online,2026-07-14 02:55:00,SUCCESS,216.40
4317,9614422892,448.72,2009,App,2025-11-04 03:15:00,SUCCESS,643.73
4318,9280025769,799.00,2005,Bank Portal,2026-02-01 14:36:00,SUCCESS,1154.97
4319,9073827036,399.00,2006,Online,2025-10-02 22:34:00,SUCCESS,419.63
4320,9309761084,499.00,2001,USSD,2026-07-17 01:40:00,SUCCESS,504.57
4321,9329668941,562.51,2009,Bank Portal,2025-11-19 23:58:00,SUCCESS,726.08
4322,9893415964,199.00,2011,Retailer,2025-11-25 06:26:00,SUCCESS,302.93
4323,9981340400,179.00,2009,App,2026-03-02 19:16:00,SUCCESS,192.71
4324,9232233025,299.00,2020,USSD,2026-02-04 12:41:00,SUCCESS,1385.97
4325,9572237829,799.00,2005,Bank Portal,2026-03-16 00:56:00,SUCCESS,929.30
4326,9507167622,949.00,2013,Retailer,2025-09-15 06:05:00,SUCCESS,1023.92
4327,9232971847,470.26,2017,USSD,2025-10-07 14:43:00,SUCCESS,585.79
4328,9046106102,849.00,2015,Retailer,2026-01-31 10:30:00,SUCCESS,899.06
4329,9502424314,149.00,2003,,2025-08-17 16:56:00,SUCCESS,253.91
4330,9521719609,149.00,2002,Retailer,2026-03-28 18:18:00,PENDING,53.12
4331,9130522288,179.00,2009,Bank Portal,2026-06-28 00:08:00,SUCCESS,315.96
4332,9788244076,505.85,2013,App,2025-10-22 10:03:00,SUCCESS,564.95
4333,9261183658,179.00,2009,Online,2025-09-18 12:25:00,SUCCESS,1218.64
4334,9493943514,179.00,2009,,2026-04-29 22:47:00,SUCCESS,1112.24
4335,9463821945,2999.00,2025,Bank Portal,2026-02-20 08:20:00,SUCCESS,3109.84
4336,9371579682,239.00,2017,Bank Portal,2025-12-01 09:23:00,SUCCESS,288.13
4337,9786128893,149.00,2003,USSD,2026-06-16 17:29:00,SUCCESS,254.84
4338,9772453568,949.00,2013,Online,2025-08-28 09:12:00,SUCCESS,1101.34
4339,9190709640,239.00,2017,Online,2026-07-15 01:46:00,SUCCESS,242.30
4340,9325737452,173.04,2007,Retailer,2025-12-01 17:02:00,PENDING,2.47
4341,9970527161,899.00,2018,Online,2026-05-08 00:00:00,REFUNDED,4.59
4342,9593224677,179.00,2012,App,2026-06-05 12:05:00,SUCCESS,249.85
4343,9720042887,857.17,2013,Online,2026-07-26 08:07:00,SUCCESS,933.16
4344,9661086847,179.00,2012,Bank Portal,2026-01-13 17:04:00,SUCCESS,205.88
4345,9974476741,849.00,2015,Bank Portal,2025-11-06 14:04:00,SUCCESS,1015.19
4346,9470322610,179.00,2009,App,2025-08-10 03:13:00,SUCCESS,266.88
4347,9526480539,872.97,2021,Online,2026-07-08 01:33:00,SUCCESS,905.38
4348,9907924082,849.00,2015,Online,2025-12-04 04:57:00,SUCCESS,1013.05
4349,9827686467,248.60,2025,Retailer,2026-08-01 09:04:00,SUCCESS,2419.29
4350,9912600675,199.00,2011,Retailer,2025-08-25 01:32:00,SUCCESS,1227.00
4351,9593562461,130.65,2019,Retailer,2025-09-20 09:13:00,FAILED,851.83
4352,9156397765,249.00,2014,App,2026-05-16 06:39:00,FAILED,74.32
4353,9623817159,399.00,2007,Bank Portal,2026-01-16 03:46:00,SUCCESS,568.23
4354,9072334986,949.00,2010,USSD,2025-12-01 01:11:00,SUCCESS,949.41
4355,9760924830,805.60,2025,Online,2026-01-20 18:34:00,PENDING,113.33
4356,9155922083,849.00,2015,Retailer,2026-05-02 09:55:00,SUCCESS,929.34
4357,9840225052,393.03,2020,App,2026-01-05 19:24:00,SUCCESS,449.60
4358,9547014460,399.00,2007,Bank Portal,2026-05-11 10:11:00,SUCCESS,432.30
4359,9748400778,399.00,2007,App,2026-06-11 13:08:00,SUCCESS,440.86
4360,9465063743,290.98,2002,,2025-10-15 10:34:00,SUCCESS,446.30
4361,9547014460,249.00,2014,USSD,2026-06-29 13:24:00,SUCCESS,681.30
4362,9729137019,909.24,2006,Retailer,2026-06-05 03:12:00,SUCCESS,1030.07
4363,9763922676,2999.00,2025,Online,2026-01-20 09:04:00,SUCCESS,3250.06
4364,9381924979,764.96,2007,App,2026-03-31 16:25:00,SUCCESS,822.32
4365,9072417610,179.00,2009,Online,2026-07-01 16:44:00,SUCCESS,1004.31
4366,9848695986,149.00,2002,,2025-09-19 08:45:00,FAILED,0.83
4367,9316641127,249.00,2014,App,2025-09-11 13:58:00,SUCCESS,397.37
4368,9681316924,799.00,2005,App,2026-03-27 17:25:00,SUCCESS,984.37
4369,9116656864,899.00,2016,Bank Portal,2025-09-24 20:12:00,SUCCESS,983.11
4370,9521895779,676.05,2025,Online,2025-09-07 07:44:00,SUCCESS,681.52
4371,9395364898,499.00,2001,Online,2026-04-09 07:31:00,SUCCESS,633.05
4372,9074096260,520.21,2001,App,2026-07-12 04:32:00,SUCCESS,1670.42
4373,9430336986,881.22,2006,Retailer,2026-07-10 01:14:00,SUCCESS,912.32
4374,9979054945,149.00,2003,Bank Portal,2026-05-23 09:36:00,SUCCESS,293.43
4375,9670666235,399.00,2007,App,2026-04-01 09:49:00,SUCCESS,544.58
4376,9791189402,399.00,2007,USSD,2026-03-26 01:10:00,SUCCESS,495.99
4377,9300033618,22.74,2007,Online,2025-12-31 23:31:00,SUCCESS,90.20
4378,9971790799,849.00,2015,Retailer,2026-06-03 22:28:00,SUCCESS,872.19
4379,9746640394,179.00,2012,Bank Portal,2026-08-08 20:23:00,PENDING,51.23
4380,9863005622,479.00,2024,Retailer,2026-02-25 15:10:00,SUCCESS,616.27
4381,9939555911,416.00,2014,Bank Portal,2026-04-12 04:54:00,SUCCESS,430.05
4382,9369337271,399.00,2006,,2026-04-18 12:43:00,SUCCESS,883.73
4383,9046106102,149.00,2002,Online,2025-10-09 03:08:00,SUCCESS,1048.06
4384,9805030615,799.00,2005,Bank Portal,2025-11-05 05:54:00,SUCCESS,986.91
4385,9822571845,179.00,2009,Online,2025-09-21 09:42:00,SUCCESS,635.36
4386,9983356172,332.47,2007,Bank Portal,2026-04-20 13:07:00,SUCCESS,516.98
4387,9919172025,849.00,2022,Retailer,2025-09-11 07:34:00,SUCCESS,1025.57
4388,9236504333,199.00,2011,Retailer,2026-01-10 08:14:00,SUCCESS,290.26
4389,9141147611,249.00,2014,Bank Portal,2025-08-14 11:08:00,PENDING,139.31
4390,9712497034,799.20,2014,Bank Portal,2026-05-26 12:27:00,SUCCESS,803.88
4391,9395364898,949.00,2013,USSD,2025-09-06 18:14:00,SUCCESS,1582.05
4392,9753361183,82.91,2025,App,2025-08-11 21:25:00,SUCCESS,91.73
4393,9718137502,179.00,2008,Online,2025-08-28 20:04:00,SUCCESS,324.40
4394,9788244076,649.00,2019,USSD,2025-12-09 23:17:00,SUCCESS,1213.95
4395,9013933929,989.80,2009,Online,2025-11-05 05:01:00,SUCCESS,1117.21
4396,9645846678,179.00,2008,Online,2026-04-29 13:04:00,SUCCESS,348.50
4397,9930876997,199.00,2011,Retailer,2025-12-04 12:12:00,SUCCESS,330.02
4398,9982365921,699.00,2021,Retailer,2025-08-16 07:58:00,SUCCESS,711.16
4399,9187316063,399.00,2006,App,2025-12-03 22:19:00,SUCCESS,522.95
4400,9437201389,499.00,2001,Online,2026-05-04 15:07:00,SUCCESS,663.32
4401,9451324357,899.00,2016,Bank Portal,2025-10-31 08:33:00,FAILED,128.30
4402,9076511358,199.00,2004,Bank Portal,2026-07-21 22:45:00,SUCCESS,348.06
4403,9003965759,199.00,2004,USSD,2026-03-06 00:37:00,SUCCESS,350.75
4404,9306954920,249.00,2014,USSD,2025-12-10 03:15:00,SUCCESS,259.21
4405,9981503355,251.77,2011,App,2026-06-29 16:53:00,PENDING,197.06
4406,9723932732,479.00,2024,Retailer,2026-05-13 03:17:00,SUCCESS,1365.58
4407,9445606160,40.55,2025,Bank Portal,2026-02-18 16:00:00,SUCCESS,118.25
4408,9857972103,521.61,2008,Online,2026-03-20 00:55:00,PENDING,174.74
4409,9121868941,179.00,2012,,2026-02-08 14:12:00,SUCCESS,357.82
4410,9164061537,2999.00,2025,Retailer,2026-02-14 20:16:00,SUCCESS,4079.63
4411,9649997188,399.00,2006,USSD,2026-05-31 01:50:00,SUCCESS,834.65
4412,9571937361,249.00,2014,USSD,2026-03-04 04:21:00,SUCCESS,378.75
4413,9872891034,239.00,2017,App,2026-07-23 23:03:00,SUCCESS,342.10
4414,9094134366,249.00,2014,USSD,2026-08-01 08:45:00,SUCCESS,311.27
4415,9695482165,799.00,2005,Bank Portal,2026-03-17 18:53:00,SUCCESS,858.48
4416,9279578771,682.23,2018,Online,2026-07-15 10:33:00,SUCCESS,724.55
4417,9258836568,2999.00,2025,Bank Portal,2025-11-26 15:50:00,SUCCESS,3154.07
4418,9465114291,199.00,2011,USSD,2026-03-07 19:40:00,SUCCESS,236.63
4419,9212555103,143.55,2012,Online,2026-05-10 02:58:00,SUCCESS,314.26
4420,9736943737,399.00,2007,Bank Portal,2026-08-05 10:56:00,FAILED,128.52
4421,9232719194,2999.00,2025,Retailer,2025-10-05 16:03:00,SUCCESS,3146.54
4422,9398341199,528.37,2024,,2025-10-16 19:28:00,SUCCESS,548.85
4423,9843341034,946.31,2006,Online,2026-06-11 18:26:00,SUCCESS,1018.80
4424,9341257393,149.00,2002,App,2026-07-23 03:39:00,SUCCESS,343.91
4425,9053076264,899.00,2018,App,2025-09-30 17:47:00,SUCCESS,1073.99
4426,9754125757,551.18,2007,Bank Portal,2026-03-23 14:59:00,SUCCESS,720.95
4427,9721758190,799.00,2005,USSD,2025-08-24 16:13:00,SUCCESS,924.65
4428,9514554089,949.00,2013,Retailer,2026-04-14 10:31:00,SUCCESS,1058.53
4429,9723932732,149.00,2003,App,2025-12-10 09:56:00,SUCCESS,1514.58
4430,9787754344,149.00,2002,Bank Portal,2026-02-20 17:27:00,PENDING,23.55
4431,9906522113,899.00,2016,Online,2026-03-13 05:08:00,SUCCESS,981.30
4432,9711650918,944.11,2020,Bank Portal,2025-10-11 11:12:00,SUCCESS,964.46
4433,9405300991,149.00,2002,Online,2025-09-08 00:45:00,REFUNDED,1091.23
4434,9746640394,499.00,2001,Retailer,2026-06-11 19:47:00,FAILED,51.23
4435,9092392355,799.00,2005,App,2026-04-06 07:58:00,SUCCESS,983.24
4436,9426622487,236.16,2004,Online,2026-04-09 18:06:00,SUCCESS,343.11
4437,9653115828,239.00,2017,Bank Portal,2026-04-20 13:48:00,PENDING,5.37
4438,9134104277,499.00,2001,Bank Portal,2026-04-15 17:03:00,PENDING,39.33
4439,9761267068,799.00,2005,App,2025-12-06 01:13:00,SUCCESS,986.61
4440,9143319358,935.16,2001,App,2025-08-20 16:38:00,SUCCESS,1121.94
4441,9974476741,207.41,2006,USSD,2025-10-26 06:19:00,SUCCESS,1222.60
4442,9025017273,899.00,2018,Bank Portal,2026-07-20 08:04:00,SUCCESS,900.65
4443,9725946595,249.00,2014,App,2026-02-19 13:19:00,SUCCESS,279.65
4444,9527284966,479.00,2024,USSD,2026-01-19 20:17:00,FAILED,166.81
4445,9920546342,2999.00,2025,Bank Portal,2025-11-28 06:19:00,SUCCESS,3099.20
4446,9155928225,149.00,2003,Online,2025-11-06 04:40:00,PENDING,58.06
4447,9587920991,249.00,2014,Retailer,2025-11-15 02:52:00,SUCCESS,720.26
4448,9493283580,157.58,2009,,2025-08-30 17:38:00,SUCCESS,329.18
4449,9237705747,949.00,2013,Retailer,2026-03-06 22:22:00,SUCCESS,1004.12
4450,9043010004,699.00,2021,Retailer,2026-04-29 20:29:00,SUCCESS,750.78
4451,9076766655,99.00,2023,App,2025-11-22 00:47:00,SUCCESS,257.80
4452,9872274431,199.00,2011,Retailer,2026-07-18 07:53:00,SUCCESS,294.88
4453,9647163979,179.00,2009,,2025-11-23 11:46:00,SUCCESS,229.67
4454,9746640394,179.00,2008,Online,2025-11-13 06:45:00,SUCCESS,230.23
4455,9635295299,899.00,2016,Bank Portal,2025-11-23 13:12:00,FAILED,171.82
4456,9421861171,656.65,2012,Online,2025-12-06 18:23:00,SUCCESS,668.17
4457,9914544297,799.00,2005,Online,2025-12-20 14:11:00,SUCCESS,837.17
4458,9072417610,662.36,2014,Online,2026-06-22 06:35:00,FAILED,1004.31
4459,9108676030,149.00,2002,App,2026-05-10 17:45:00,SUCCESS,193.86
4460,9941173721,899.00,2016,App,2025-10-08 16:17:00,SUCCESS,952.74
4461,9248297607,973.99,2024,App,2026-05-29 06:47:00,SUCCESS,1094.52
4462,9725626819,899.00,2016,USSD,2026-04-05 06:26:00,SUCCESS,1010.21
4463,9778721551,699.00,2021,Online,2026-08-08 16:03:00,SUCCESS,823.61
4464,9304705811,149.00,2002,Retailer,2026-06-07 08:57:00,SUCCESS,263.63
4465,9471496750,299.00,2020,App,2026-03-05 16:48:00,SUCCESS,1389.19
4466,9681316924,861.48,2007,App,2026-03-03 09:58:00,SUCCESS,1845.85
4467,9370992455,649.00,2019,App,2026-03-20 15:43:00,SUCCESS,768.75
4468,9697512853,399.00,2007,USSD,2026-04-22 10:31:00,REFUNDED,123.25
4469,9760924830,399.00,2007,Retailer,2026-05-03 14:26:00,FAILED,113.33
4470,9436818611,499.00,2001,Online,2025-10-06 08:32:00,SUCCESS,689.01
4471,9354953132,941.09,2009,Bank Portal,2026-08-02 10:17:00,SUCCESS,1102.85
4472,9841198231,499.00,2001,App,2026-04-12 01:36:00,SUCCESS,642.02
4473,9898114190,440.99,2003,Online,2026-02-06 22:14:00,SUCCESS,528.00
4474,9134104277,299.00,2020,Bank Portal,2026-02-20 11:55:00,FAILED,39.33
4475,9856321230,322.45,2010,USSD,2026-01-19 17:39:00,SUCCESS,479.43
4476,9293613492,849.00,2022,USSD,2026-01-10 21:02:00,SUCCESS,1042.28
4477,9706989348,99.00,2023,Retailer,2026-04-17 23:52:00,SUCCESS,233.72
4478,9773178668,179.00,2012,App,2025-08-09 21:08:00,SUCCESS,1235.12
4479,9971790799,239.00,2017,USSD,2025-11-11 08:09:00,SUCCESS,1111.19
4480,9116656864,949.00,2010,USSD,2025-11-11 08:45:00,SUCCESS,1932.11
4481,9697913561,299.00,2020,Online,2026-04-28 18:10:00,SUCCESS,475.10
4482,9026522693,199.00,2011,,2025-09-21 08:56:00,SUCCESS,224.57
4483,9757547702,2999.00,2025,Retailer,2025-08-18 13:04:00,SUCCESS,3165.39
4484,9140252787,399.00,2007,Online,2026-01-03 13:57:00,SUCCESS,577.65
4485,9908680706,199.00,2004,Retailer,2026-02-06 23:51:00,SUCCESS,631.37
4486,9716091254,899.00,2018,Bank Portal,2025-10-05 15:18:00,SUCCESS,963.09
4487,9070789348,899.00,2018,Retailer,2026-01-21 09:38:00,SUCCESS,1031.54
4488,9481095383,179.00,2008,Bank Portal,2026-03-10 22:54:00,SUCCESS,274.74
4489,9688445641,399.00,2007,Retailer,2026-05-10 18:12:00,PENDING,116.36
4490,9431076863,392.12,2014,App,2025-08-12 12:00:00,SUCCESS,584.80
4491,9044499263,149.00,2003,USSD,2026-07-20 16:31:00,SUCCESS,220.66
4492,9408224445,479.00,2024,App,2026-07-17 07:53:00,SUCCESS,534.05
4493,9303404257,149.00,2003,USSD,2025-08-31 08:21:00,SUCCESS,171.98
4494,9455927236,57.53,2015,Bank Portal,2025-10-29 14:16:00,SUCCESS,75.19
4495,9915323908,179.00,2012,Online,2025-09-05 18:03:00,SUCCESS,371.84
4496,9702967027,199.00,2004,USSD,2026-01-04 03:22:00,SUCCESS,314.31
4497,9336564058,99.00,2023,Retailer,2026-08-04 00:58:00,SUCCESS,155.55
4498,9367476675,399.00,2007,USSD,2026-07-04 15:38:00,SUCCESS,562.87
4499,9729137019,149.00,2003,App,2026-05-10 03:07:00,SUCCESS,1179.07
4500,9413982250,849.00,2015,Online,2026-05-08 18:57:00,SUCCESS,962.35
4501,9085477032,179.00,2009,App,2025-10-08 02:16:00,SUCCESS,3361.17
4502,9981503355,149.00,2002,USSD,2025-11-14 08:40:00,FAILED,197.06
4503,9124236477,949.00,2010,Online,2026-06-24 22:28:00,SUCCESS,1089.11
4504,9098217330,239.00,2017,USSD,2026-01-17 05:54:00,SUCCESS,521.72
4505,9208654490,899.00,2016,Retailer,2026-05-27 15:53:00,SUCCESS,1051.06
4506,9129360373,899.00,2018,Bank Portal,2026-02-10 17:19:00,SUCCESS,1362.44
4507,9284547066,399.00,2006,USSD,2026-05-13 08:11:00,SUCCESS,554.52
4508,9581082032,849.00,2022,USSD,2025-12-29 06:03:00,SUCCESS,878.89
4509,9274829332,278.13,2019,Online,2025-12-18 03:57:00,SUCCESS,396.37
4510,9926518136,649.00,2019,USSD,2026-02-13 13:48:00,SUCCESS,1599.40
4511,9181233002,682.19,2024,Bank Portal,2026-04-01 04:18:00,SUCCESS,820.25
4512,9479186674,249.00,2014,Retailer,2026-08-08 17:18:00,PENDING,68.51
4513,9017627310,799.00,2005,Bank Portal,2025-09-18 07:13:00,SUCCESS,859.52
4514,9873484372,239.43,2002,Bank Portal,2026-02-09 06:09:00,SUCCESS,386.80
4515,9906279824,699.00,2021,USSD,2026-07-23 01:49:00,SUCCESS,716.03
4516,9171781247,186.80,2001,App,2026-03-18 20:45:00,SUCCESS,1302.46
4517,9036029635,149.00,2002,Online,2026-05-03 07:44:00,SUCCESS,220.96
4518,9226140523,99.00,2023,USSD,2025-08-13 05:41:00,SUCCESS,1244.10
4519,9671868299,2999.00,2025,Online,2026-01-24 15:00:00,SUCCESS,3515.30
4520,9806988607,179.00,2012,USSD,2026-06-24 07:16:00,SUCCESS,215.35
4521,9291680295,949.00,2010,Online,2026-07-14 02:59:00,SUCCESS,1559.67
4522,9046539231,949.00,2010,Bank Portal,2025-11-16 02:01:00,SUCCESS,1057.32
4523,9308216567,849.00,2022,App,2026-06-08 10:17:00,SUCCESS,849.36
4524,9766377365,239.00,2017,App,2025-09-11 13:18:00,SUCCESS,375.20
4525,9821490395,13.84,2004,USSD,2025-12-16 17:57:00,SUCCESS,161.46
4526,9987353400,179.00,2009,Online,2025-09-29 22:59:00,SUCCESS,324.46
4527,9064761468,649.00,2019,Online,2025-09-17 04:32:00,SUCCESS,807.33
4528,9459437746,479.00,2024,Bank Portal,2025-12-23 14:18:00,SUCCESS,649.91
4529,9509668614,199.00,2004,App,2025-10-30 23:47:00,FAILED,93.32
4530,9732019683,287.10,2002,Online,2025-10-01 02:50:00,SUCCESS,447.54
4531,9456193112,849.00,2022,App,2025-12-31 13:38:00,SUCCESS,865.90
4532,9616760643,671.00,2006,Bank Portal,2026-02-10 20:08:00,SUCCESS,696.99
4533,9626362705,179.00,2012,USSD,2026-03-30 19:41:00,SUCCESS,310.55
4534,9812576347,299.00,2020,USSD,2026-02-24 18:40:00,SUCCESS,404.57
4535,9455982650,649.00,2019,Online,2026-01-02 06:22:00,SUCCESS,720.95
4536,9885135188,399.00,2007,Retailer,2026-04-21 07:54:00,PENDING,165.35
4537,9012947379,849.00,2015,App,2025-08-27 14:56:00,SUCCESS,2676.02
4538,9904117280,949.00,2013,Bank Portal,2026-02-25 08:13:00,SUCCESS,2135.68
4539,9258117595,658.85,2022,Retailer,2026-08-03 21:37:00,SUCCESS,841.09
4540,9822571845,899.00,2018,App,2026-06-01 02:43:00,SUCCESS,1534.36
4541,9408224445,199.00,2011,Retailer,2025-08-29 12:41:00,SUCCESS,733.05
4542,9968180957,399.00,2006,App,2025-12-12 21:59:00,SUCCESS,591.39
4543,9768220698,976.25,2003,,2026-02-13 03:19:00,SUCCESS,981.13
4544,9970882968,249.00,2014,Online,2025-12-14 10:07:00,SUCCESS,393.93
4545,9607160117,799.00,2005,App,2025-09-24 05:14:00,SUCCESS,933.09
4546,9592347229,149.00,2003,Bank Portal,2026-02-20 21:35:00,SUCCESS,342.28
4547,9726423917,949.00,2010,Online,2026-02-01 00:38:00,SUCCESS,1066.26
4548,9196487626,99.00,2023,USSD,2026-03-24 11:14:00,SUCCESS,114.39
4549,9874974724,299.00,2020,Retailer,2026-05-25 17:54:00,SUCCESS,424.75
4550,9720507464,149.00,2002,Retailer,2025-12-10 01:33:00,SUCCESS,1159.02
4551,9206058251,499.00,2001,Online,2025-10-17 03:59:00,SUCCESS,643.30
4552,9872891034,399.00,2007,Retailer,2026-06-22 23:15:00,PENDING,342.10
4553,9516654475,649.00,2019,App,2026-04-18 13:37:00,SUCCESS,714.21
4554,9846966750,179.00,2008,USSD,2026-01-18 12:55:00,SUCCESS,184.82
4555,9860642466,179.00,2012,USSD,2026-01-01 21:34:00,SUCCESS,3374.78
4556,9974476741,691.37,2007,Online,2026-04-08 22:54:00,SUCCESS,1913.97
4557,9259191672,249.00,2014,App,2025-10-12 01:16:00,SUCCESS,407.35
4558,9236700278,427.36,2002,Bank Portal,2026-01-14 09:26:00,SUCCESS,519.07
4559,9371194810,699.00,2021,Online,2026-07-28 22:48:00,SUCCESS,876.86
4560,9880895118,399.00,2007,Bank Portal,2026-03-06 13:41:00,SUCCESS,553.49
4561,9398299414,949.00,2013,Online,2026-05-09 21:18:00,SUCCESS,991.14
4562,9476792837,714.61,2010,Online,2025-12-07 00:44:00,SUCCESS,783.00
4563,9665103464,474.04,2005,App,2026-02-21 15:40:00,SUCCESS,550.29
4564,9124152834,649.00,2019,Bank Portal,2025-09-07 00:41:00,SUCCESS,718.61
4565,9096433764,148.57,2003,Online,2026-04-28 07:25:00,SUCCESS,308.99
4566,9773254753,239.00,2017,USSD,2025-10-09 20:07:00,SUCCESS,508.01
4567,9579542300,499.00,2001,Retailer,2026-04-06 22:00:00,SUCCESS,599.19
4568,9030120540,928.79,2004,Bank Portal,2026-08-03 16:00:00,FAILED,8.83
4569,9381924979,649.00,2019,Online,2026-07-03 00:05:00,SUCCESS,1471.32
4570,9873910138,301.85,2025,App,2025-10-16 22:44:00,SUCCESS,386.10
4571,9496696399,649.00,2019,Retailer,2025-12-15 01:23:00,SUCCESS,763.45
4572,9400994219,849.00,2015,Bank Portal,2026-07-27 22:06:00,SUCCESS,922.32
4573,9568689382,613.36,2009,Bank Portal,2026-07-24 05:25:00,SUCCESS,805.44
4574,9651730485,502.85,2010,USSD,2026-01-22 08:38:00,SUCCESS,807.35
4575,9867842317,849.00,2015,Bank Portal,2026-08-06 19:12:00,SUCCESS,878.56
4576,9438139809,249.00,2014,Online,2025-11-13 15:01:00,SUCCESS,447.31
4577,9659889840,149.00,2003,USSD,2026-03-04 03:16:00,PENDING,183.65
4578,9435693139,199.00,2011,Bank Portal,2025-11-06 04:26:00,SUCCESS,354.23
4579,9190709640,602.94,2015,App,2025-08-21 17:32:00,SUCCESS,845.24
4580,9907924082,479.00,2024,USSD,2025-11-04 02:19:00,SUCCESS,1492.05
4581,9477728139,399.00,2007,USSD,2026-07-28 09:17:00,SUCCESS,578.98
4582,9913918607,799.00,2005,Retailer,2025-08-31 16:03:00,SUCCESS,940.57
4583,9586461558,179.00,2009,Online,2026-03-21 16:18:00,SUCCESS,1173.98
4584,9470202262,179.00,2012,Retailer,2026-06-16 01:43:00,SUCCESS,327.56
4585,9713975976,199.00,2011,App,2026-02-28 22:18:00,SUCCESS,922.67
4586,9076766655,949.00,2010,Bank Portal,2025-11-30 11:22:00,SUCCESS,1206.80
4587,9852780178,399.00,2006,USSD,2026-02-22 19:08:00,SUCCESS,424.92
4588,9760428137,699.00,2021,Online,2025-09-23 04:15:00,FAILED,9.83
4589,9415101321,149.00,2002,Retailer,2025-11-29 04:36:00,PENDING,71.15
4590,9896294232,484.88,2005,Online,2025-12-12 08:45:00,SUCCESS,650.47
4591,9044499263,239.00,2017,App,2026-07-19 23:24:00,SUCCESS,459.66
4592,9133706007,97.77,2021,Bank Portal,2025-09-20 02:05:00,FAILED,294.79
4593,9121868941,479.00,2024,Bank Portal,2026-03-07 02:31:00,SUCCESS,836.82
4594,9112168601,399.00,2007,Online,2025-08-24 15:46:00,SUCCESS,422.10
4595,9854610684,199.00,2004,Online,2026-07-25 21:07:00,PENDING,172.18
4596,9491534581,949.00,2010,USSD,2026-01-05 05:46:00,SUCCESS,1321.98
4597,9775099364,2999.00,2025,Online,2026-04-04 11:46:00,SUCCESS,3153.99
4598,9224872223,849.00,2015,Bank Portal,2026-01-11 13:18:00,SUCCESS,1012.89
4599,9444059476,179.00,2012,Bank Portal,2026-06-04 04:55:00,FAILED,401.21
4600,9072805444,899.00,2018,USSD,2026-05-04 10:17:00,SUCCESS,1063.79
4601,9741695592,199.00,2004,Bank Portal,2026-01-09 15:54:00,SUCCESS,358.11
4602,9971919649,699.00,2021,App,2026-02-21 23:00:00,FAILED,31.01
4603,9398809993,387.71,2022,App,2026-03-28 18:28:00,FAILED,195.07
4604,9581731174,899.00,2016,Bank Portal,2025-11-03 06:49:00,SUCCESS,1039.01
4605,9381924979,975.28,2025,Online,2025-11-22 20:44:00,PENDING,1471.32
4606,9259460539,399.00,2007,App,2025-12-30 20:05:00,SUCCESS,569.49
4607,9729501750,399.00,2006,Bank Portal,2026-07-12 03:24:00,SUCCESS,1545.01
4608,9547014460,179.00,2012,USSD,2025-10-02 07:06:00,SUCCESS,860.30
4609,9671388649,399.00,2007,USSD,2025-09-06 05:48:00,SUCCESS,451.71
4610,9571937361,149.00,2002,Bank Portal,2025-11-01 23:43:00,SUCCESS,527.75
4611,9188673168,599.69,2014,Bank Portal,2026-05-04 23:12:00,SUCCESS,651.34
4612,9341257393,114.25,2013,Online,2026-07-08 18:59:00,SUCCESS,458.16
4613,9333067701,513.51,2007,Online,2026-01-26 18:50:00,SUCCESS,572.10
4614,9612196177,849.00,2022,Online,2025-12-15 16:53:00,SUCCESS,1057.23
4615,9804816533,199.00,2011,App,2025-12-10 19:45:00,PENDING,127.51
4616,9822571845,831.88,2009,Retailer,2025-11-07 14:42:00,SUCCESS,2366.24
4617,9558663876,179.00,2009,App,2025-10-20 04:35:00,SUCCESS,263.46
4618,9196472126,239.00,2017,Online,2026-01-15 04:08:00,FAILED,1018.78
4619,9827284871,399.00,2007,App,2026-03-03 11:23:00,REFUNDED,146.29
4620,9943945568,249.00,2014,Bank Portal,2025-10-07 19:06:00,FAILED,107.05
4621,9828392404,239.00,2017,Retailer,2026-04-08 12:15:00,SUCCESS,361.39
4622,9413982250,949.00,2013,Bank Portal,2026-02-07 01:37:00,FAILED,962.35
4623,9047797926,899.00,2016,Bank Portal,2026-07-12 02:55:00,SUCCESS,1793.98
4624,9866771832,149.00,2002,Bank Portal,2025-09-21 19:00:00,SUCCESS,310.96
4625,9527541428,99.00,2023,Retailer,2026-05-19 01:37:00,SUCCESS,157.50
4626,9932103004,602.81,2009,Retailer,2026-06-23 13:33:00,FAILED,14.73
4627,9778723545,899.00,2018,USSD,2026-04-21 11:42:00,FAILED,125.35
4628,9044284795,630.81,2015,Retailer,2026-01-02 01:18:00,SUCCESS,667.11
4629,9624494538,789.11,2021,Retailer,2026-05-09 07:29:00,SUCCESS,919.86
4630,9903072949,43.09,2001,App,2026-04-05 20:56:00,SUCCESS,170.05
4631,9614557360,179.00,2009,App,2025-09-18 03:17:00,REFUNDED,24.07
4632,9614483616,953.55,2012,Retailer,2026-07-14 03:31:00,SUCCESS,1125.12
4633,9213007439,199.00,2004,Retailer,2026-04-09 01:48:00,SUCCESS,208.20
4634,9473409534,324.49,2018,,2026-07-05 11:05:00,SUCCESS,456.53
4635,9013038166,799.00,2005,USSD,2025-12-26 09:02:00,SUCCESS,859.25
4636,9169326437,849.00,2022,,2026-05-27 14:40:00,SUCCESS,864.64
4637,9795544732,649.00,2019,App,2026-02-16 14:09:00,SUCCESS,760.86
4638,9456812983,499.00,2001,App,2026-02-09 05:18:00,SUCCESS,527.26
4639,9795544732,399.00,2006,Bank Portal,2026-06-30 19:22:00,SUCCESS,1159.86
4640,9984616189,799.00,2005,Retailer,2025-12-14 11:13:00,SUCCESS,985.64
4641,9641679006,239.00,2017,USSD,2026-08-07 09:51:00,SUCCESS,280.23
4642,9441556937,563.64,2005,USSD,2025-12-02 17:16:00,SUCCESS,717.51
4643,9870804539,199.00,2011,Bank Portal,2025-12-26 21:14:00,SUCCESS,869.55
4644,9536373493,15.74,2018,USSD,2025-10-08 22:58:00,SUCCESS,36.77
4645,9904667284,299.00,2020,Online,2026-01-26 10:48:00,PENDING,176.94
4646,9604851581,479.00,2024,Online,2026-07-04 07:51:00,SUCCESS,543.86
4647,9411188296,799.00,2005,Online,2025-11-23 13:48:00,SUCCESS,863.47
4648,9380481498,473.30,2018,USSD,2025-09-22 19:01:00,SUCCESS,580.04
4649,9406287036,239.00,2017,USSD,2025-09-03 22:29:00,PENDING,1073.56
4650,9623001421,649.00,2019,Bank Portal,2026-04-27 23:11:00,SUCCESS,743.80
4651,9100297432,249.00,2014,USSD,2026-01-11 02:46:00,SUCCESS,392.57
4652,9321284528,649.00,2019,Online,2026-01-06 02:44:00,SUCCESS,845.40
4653,9022351267,361.09,2005,Retailer,2026-03-12 07:41:00,SUCCESS,485.13
4654,9444039831,338.60,2020,App,2025-11-08 15:50:00,SUCCESS,353.14
4655,9867157154,415.55,2020,USSD,2025-10-27 10:24:00,SUCCESS,605.50
4656,9700310891,849.00,2022,Retailer,2026-04-19 07:00:00,SUCCESS,1044.42
4657,9669445142,345.17,2022,Online,2025-12-28 00:03:00,SUCCESS,446.57
4658,9025077405,299.00,2020,Bank Portal,2026-05-23 10:40:00,SUCCESS,407.45
4659,9627345231,899.00,2016,,2025-11-28 11:02:00,SUCCESS,914.07
4660,9969780416,199.00,2004,Online,2026-06-16 11:00:00,SUCCESS,308.23
4661,9155928225,252.75,2003,Retailer,2025-10-28 11:50:00,SUCCESS,310.81
4662,9653115828,649.00,2019,Online,2025-10-03 16:55:00,SUCCESS,654.37
4663,9191762701,179.00,2012,USSD,2026-07-09 18:57:00,PENDING,765.98
4664,9046106102,399.00,2007,,2026-05-03 16:07:00,SUCCESS,1447.06
4665,9193368555,239.00,2017,App,2025-09-12 16:17:00,SUCCESS,341.75
4666,9234782907,399.00,2007,Bank Portal,2025-11-07 12:43:00,SUCCESS,539.22
4667,9585803522,179.00,2008,Bank Portal,2026-01-12 04:59:00,SUCCESS,211.93
4668,9601204325,149.00,2003,USSD,2026-07-06 11:41:00,SUCCESS,1124.37
4669,9252070773,949.00,2013,Online,2025-09-27 08:32:00,SUCCESS,1114.71
4670,9708459887,199.00,2011,Online,2026-07-29 22:33:00,FAILED,3090.86
4671,9400994219,649.00,2019,USSD,2026-05-03 19:50:00,SUCCESS,1571.32
4672,9650125733,849.00,2022,App,2026-04-20 05:59:00,SUCCESS,979.39
4673,9618242440,236.63,2008,Online,2025-09-29 04:07:00,PENDING,162.94
4674,9168507590,179.00,2008,Retailer,2025-09-21 04:31:00,FAILED,166.50
4675,9369877332,149.00,2002,USSD,2025-10-10 20:07:00,SUCCESS,198.06
4676,9378084252,849.00,2022,Bank Portal,2026-05-01 16:01:00,SUCCESS,892.93
4677,9560097356,899.76,2006,,2026-03-07 20:14:00,SUCCESS,1022.32
4678,9952036397,249.00,2014,App,2026-04-28 01:43:00,FAILED,56.69
4679,9354953132,899.00,2016,Retailer,2026-07-01 02:38:00,SUCCESS,2001.85
4680,9910559280,239.00,2017,Online,2025-09-28 22:18:00,SUCCESS,319.79
4681,9272768772,834.48,2004,Retailer,2025-10-20 14:40:00,SUCCESS,1029.54
4682,9170035120,149.00,2003,Retailer,2025-08-10 06:03:00,SUCCESS,167.39
4683,9549651023,899.00,2018,Retailer,2026-06-18 19:21:00,SUCCESS,1005.66
4684,9458302299,134.43,2002,USSD,2026-06-18 23:18:00,SUCCESS,322.22
4685,9653115828,249.00,2014,App,2025-09-23 05:43:00,SUCCESS,903.37
4686,9181990715,179.00,2009,App,2025-08-28 19:59:00,SUCCESS,709.27
4687,9573406557,479.00,2024,Online,2026-02-18 12:18:00,REFUNDED,972.38
4688,9594823692,649.00,2019,App,2026-05-04 16:23:00,SUCCESS,1152.29
4689,9740512270,479.00,2024,Online,2025-12-06 19:21:00,SUCCESS,651.63
4690,9431652707,159.19,2010,App,2026-08-03 13:49:00,SUCCESS,319.80
4691,9203084819,435.00,2014,Online,2026-03-22 04:30:00,SUCCESS,527.34
4692,9088911836,179.00,2012,Retailer,2026-05-22 17:52:00,SUCCESS,244.05
4693,9836283011,802.72,2025,Retailer,2026-01-27 11:52:00,SUCCESS,934.31
4694,9477728139,479.00,2024,Online,2026-07-01 10:53:00,SUCCESS,1057.98
4695,9797267197,949.00,2013,Online,2026-03-18 08:15:00,SUCCESS,1070.75
4696,9305396013,149.00,2002,Bank Portal,2025-12-27 14:36:00,SUCCESS,267.90
4697,9493943514,479.00,2024,App,2026-02-19 00:11:00,SUCCESS,1591.24
4698,9607041615,479.00,2024,App,2026-05-25 16:38:00,PENDING,137.63
4699,9209238094,899.00,2018,USSD,2026-03-24 22:01:00,FAILED,162.91
4700,9855264323,799.00,2005,Retailer,2026-05-03 23:17:00,SUCCESS,882.85
4701,9208654490,249.00,2014,Online,2026-07-19 00:20:00,SUCCESS,1300.06
4702,9536373493,899.00,2018,App,2026-07-10 01:25:00,SUCCESS,935.77
4703,9233660103,399.00,2006,App,2026-02-12 00:02:00,SUCCESS,428.17
4704,9037911462,399.00,2006,Online,2026-04-05 09:06:00,SUCCESS,817.90
4705,9841198966,239.00,2017,App,2026-01-29 05:16:00,SUCCESS,380.89
4706,9297583812,479.00,2024,App,2026-05-19 04:47:00,SUCCESS,626.79
4707,9729501750,179.00,2008,Bank Portal,2025-12-19 22:15:00,SUCCESS,1724.01
4708,9114353759,949.00,2010,Bank Portal,2026-01-28 23:45:00,SUCCESS,2056.52
4709,9811364321,899.00,2016,App,2026-01-08 15:55:00,SUCCESS,946.34
4710,9121760064,2999.00,2025,USSD,2025-08-30 20:47:00,SUCCESS,3127.90
4711,9828061191,335.25,2014,App,2026-05-03 12:16:00,FAILED,75.07
4712,9597006707,699.00,2021,Online,2025-09-05 03:15:00,SUCCESS,842.96
4713,9381435728,399.00,2007,Retailer,2025-10-14 20:22:00,SUCCESS,399.91
4714,9137483789,949.00,2010,Online,2026-08-02 13:44:00,SUCCESS,1140.77
4715,9459687858,199.00,2004,,2025-10-08 14:32:00,SUCCESS,356.55
4716,9612267016,299.00,2020,Bank Portal,2026-04-05 14:11:00,SUCCESS,368.81
4717,9512331886,179.00,2012,Retailer,2025-12-04 21:47:00,SUCCESS,268.05
4718,9110172562,849.00,2022,Bank Portal,2026-03-11 15:52:00,SUCCESS,1025.06
4719,9053076264,799.00,2005,Bank Portal,2026-05-04 03:04:00,SUCCESS,1872.99
4720,9058903087,649.00,2019,App,2026-03-18 15:35:00,SUCCESS,684.49
4721,9924039619,399.00,2006,App,2026-07-11 00:54:00,FAILED,119.84
4722,9987353400,239.00,2017,Bank Portal,2025-11-06 19:58:00,PENDING,324.46
4723,9865185140,253.22,2013,Retailer,2026-02-24 13:05:00,SUCCESS,3432.02
4724,9223587723,407.70,2005,App,2025-08-21 00:24:00,FAILED,161.46
4725,9796716218,555.48,2015,Retailer,2025-08-21 08:43:00,SUCCESS,741.01
4726,9890704486,699.00,2021,Retailer,2026-03-31 14:16:00,SUCCESS,728.13
4727,9894284201,239.00,2017,Retailer,2025-08-29 01:57:00,SUCCESS,323.78
4728,9399502473,179.00,2008,,2026-05-02 08:59:00,SUCCESS,346.13
4729,9651730485,949.00,2013,Online,2025-10-07 23:08:00,SUCCESS,1756.35
4730,9092392355,179.00,2012,App,2025-08-16 08:59:00,FAILED,983.24
4731,9398299414,560.54,2006,Online,2026-04-23 12:39:00,SUCCESS,1551.68
4732,9336375767,399.00,2007,Retailer,2026-05-11 00:07:00,SUCCESS,494.59
4733,9232783896,949.00,2013,App,2025-11-20 19:04:00,FAILED,171.17
4734,9208884637,649.00,2019,Retailer,2026-06-17 06:10:00,SUCCESS,824.69
4735,9782774208,479.00,2024,App,2026-07-31 07:45:00,SUCCESS,527.44
4736,9460290468,131.15,2008,Bank Portal,2025-11-06 21:03:00,SUCCESS,278.73
4737,9845404873,899.00,2018,USSD,2026-02-12 06:15:00,SUCCESS,997.96
4738,9336564058,799.00,2005,Online,2025-08-23 13:30:00,SUCCESS,954.55
4739,9441733255,899.00,2018,,2026-01-04 12:32:00,SUCCESS,993.69
4740,9242431938,899.00,2018,Bank Portal,2025-09-10 03:49:00,SUCCESS,907.42
4741,9102989885,179.00,2008,App,2025-12-28 03:13:00,SUCCESS,1483.66
4742,9729137019,479.00,2024,App,2025-10-05 05:16:00,SUCCESS,1658.07
4743,9006213397,649.00,2019,Bank Portal,2026-04-17 02:38:00,SUCCESS,777.82
4744,9455872401,499.00,2001,Online,2026-01-10 05:32:00,SUCCESS,532.68
4745,9827284871,249.00,2014,Retailer,2026-06-15 23:08:00,SUCCESS,395.29
4746,9928200032,299.00,2020,App,2025-11-19 18:46:00,FAILED,40.32
4747,9555362365,799.00,2005,USSD,2026-01-06 06:11:00,SUCCESS,942.27
4748,9085477032,766.08,2016,USSD,2026-01-19 10:52:00,SUCCESS,4127.25
4749,9622843019,149.00,2002,Online,2025-08-15 11:55:00,SUCCESS,353.14
4750,9875866962,799.00,2005,Bank Portal,2026-08-03 01:05:00,SUCCESS,844.61
4751,9114217757,299.00,2020,USSD,2026-01-08 23:26:00,SUCCESS,436.77
4752,9180579219,785.43,2015,USSD,2025-12-05 23:18:00,FAILED,132.10
4753,9960035265,899.00,2016,Retailer,2026-06-04 21:55:00,SUCCESS,1024.86
4754,9536373493,399.00,2007,Retailer,2026-06-05 16:40:00,SUCCESS,1334.77
4755,9241963318,149.00,2003,App,2025-12-15 05:25:00,SUCCESS,288.84
4756,9003541961,849.00,2015,Bank Portal,2025-12-07 21:36:00,SUCCESS,880.10
4757,9036029635,649.00,2019,App,2026-02-15 13:45:00,SUCCESS,869.96
4758,9891938702,899.00,2016,USSD,2026-02-01 03:01:00,SUCCESS,967.90
4759,9078329882,449.76,2018,App,2025-09-08 11:53:00,SUCCESS,645.92
4760,9397256500,699.00,2021,USSD,2026-05-11 07:12:00,FAILED,192.46
4761,9697512853,239.00,2017,USSD,2026-02-04 19:33:00,SUCCESS,362.25
4762,9702433431,199.00,2004,USSD,2026-04-28 23:30:00,SUCCESS,261.00
4763,9873313711,399.00,2007,App,2026-05-31 02:18:00,SUCCESS,575.39
4764,9148612750,479.00,2024,Online,2025-10-30 15:01:00,SUCCESS,639.55
4765,9757547702,179.00,2008,App,2026-01-13 05:06:00,SUCCESS,3344.39
4766,9848390634,299.00,2020,App,2026-04-24 02:02:00,SUCCESS,414.00
4767,9559929500,199.00,2011,USSD,2025-10-17 21:56:00,SUCCESS,388.55
4768,9367476675,149.00,2003,Online,2026-03-19 02:21:00,SUCCESS,711.87
4769,9290913772,199.00,2004,Retailer,2026-06-23 22:43:00,SUCCESS,285.34
4770,9840608577,899.00,2016,USSD,2025-08-26 02:01:00,SUCCESS,1681.39
4771,9066393064,199.00,2004,Bank Portal,2026-03-18 08:43:00,SUCCESS,332.26
4772,9395082068,499.00,2001,Bank Portal,2026-02-20 06:11:00,SUCCESS,679.25
4773,9547850454,949.00,2010,Retailer,2025-10-03 13:14:00,SUCCESS,1107.81
4774,9228698920,799.00,2005,Bank Portal,2025-10-10 08:40:00,SUCCESS,918.75
4775,9357705612,838.73,2007,Bank Portal,2026-07-05 07:17:00,SUCCESS,1261.13
4776,9170340840,499.00,2001,Retailer,2026-08-07 14:59:00,SUCCESS,558.87
4777,9977841631,99.00,2023,Retailer,2025-12-28 00:02:00,SUCCESS,166.62
4778,9977897114,899.00,2018,,2026-03-30 11:27:00,SUCCESS,1039.09
4779,9967505537,147.91,2012,Online,2026-04-06 13:50:00,SUCCESS,242.01
4780,9959833017,38.93,2003,Bank Portal,2025-08-11 01:24:00,SUCCESS,177.76
4781,9308612865,149.00,2003,Online,2026-03-04 11:32:00,SUCCESS,317.41
4782,9064354166,799.00,2005,USSD,2025-10-30 05:53:00,SUCCESS,852.20
4783,9003965759,699.00,2021,Retailer,2025-10-25 02:33:00,SUCCESS,1049.75
4784,9145496073,499.00,2001,Bank Portal,2025-09-19 11:14:00,SUCCESS,605.00
4785,9739996816,560.25,2006,USSD,2025-09-04 21:50:00,SUCCESS,568.27
4786,9277826289,149.00,2003,App,2026-04-17 17:01:00,SUCCESS,451.70
4787,9494048290,149.00,2002,Online,2026-03-05 11:08:00,SUCCESS,189.99
4788,9641102470,899.00,2016,Bank Portal,2025-10-02 20:00:00,SUCCESS,1068.21
4789,9911419975,115.47,2010,Bank Portal,2026-02-01 00:06:00,SUCCESS,246.54
4790,9290604874,299.00,2020,Online,2026-06-24 22:05:00,SUCCESS,466.19
4791,9259460539,362.41,2024,Retailer,2025-09-21 12:46:00,FAILED,569.49
4792,9477728139,499.00,2001,App,2025-10-09 09:40:00,SUCCESS,1556.98
4793,9491534581,899.00,2018,App,2026-04-17 14:10:00,SUCCESS,2220.98
4794,9585777720,949.00,2010,Retailer,2025-11-28 19:39:00,SUCCESS,968.59
4795,9656701006,399.00,2007,Bank Portal,2026-07-15 14:52:00,FAILED,185.15
4796,9355689364,149.00,2003,Online,2025-09-13 23:03:00,SUCCESS,298.92
4797,9718463342,579.04,2015,Retailer,2025-11-27 06:49:00,FAILED,133.31
4798,9515624822,899.00,2018,App,2026-07-22 07:28:00,SUCCESS,922.09
4799,9207299322,699.00,2021,USSD,2026-01-06 12:43:00,SUCCESS,1146.27
4800,9984325517,199.00,2004,App,2025-11-29 23:41:00,SUCCESS,287.34
4801,9601239809,853.43,2002,USSD,2026-04-22 19:57:00,FAILED,306.99
4802,9703470235,249.00,2014,Online,2026-03-18 00:34:00,SUCCESS,366.98
4803,9013038166,799.00,2005,Online,2025-09-02 15:14:00,SUCCESS,1658.25
4804,9224390869,899.00,2016,Online,2026-06-27 21:17:00,SUCCESS,1041.19
4805,9074096260,239.00,2017,Online,2026-01-18 08:40:00,SUCCESS,1909.42
4806,9968180957,733.18,2008,Bank Portal,2026-03-12 18:04:00,SUCCESS,1324.57
4807,9321333856,183.64,2016,Online,2026-01-21 20:46:00,SUCCESS,292.10
4808,9843931461,99.00,2023,Retailer,2026-07-05 05:48:00,SUCCESS,280.65
4809,9865934381,899.00,2018,App,2026-04-21 07:22:00,SUCCESS,952.49
4810,9626346064,899.00,2018,USSD,2026-07-19 07:55:00,SUCCESS,1462.86
4811,9742455446,399.00,2006,Bank Portal,2026-07-30 02:43:00,SUCCESS,631.48
4812,9190709640,199.00,2004,Online,2025-10-28 01:36:00,SUCCESS,1044.24
4813,9598580352,179.00,2012,App,2025-11-22 23:16:00,SUCCESS,248.87
4814,9232971847,799.00,2005,Retailer,2025-12-30 17:27:00,SUCCESS,1384.79
4815,9095714699,418.79,2014,Bank Portal,2026-08-07 06:22:00,SUCCESS,578.05
4816,9791384703,849.00,2015,Retailer,2026-05-21 15:45:00,REFUNDED,64.58
4817,9308834099,699.00,2021,Bank Portal,2026-05-17 23:52:00,SUCCESS,797.72
4818,9370616912,399.00,2006,Bank Portal,2025-10-20 19:46:00,SUCCESS,415.48
4819,9621024804,299.00,2020,App,2025-11-20 02:03:00,SUCCESS,356.98
4820,9653115828,239.00,2017,App,2026-02-12 12:42:00,SUCCESS,1142.37
4821,9741755655,556.92,2016,Bank Portal,2026-08-02 03:33:00,SUCCESS,572.55
4822,9087839213,299.00,2020,Bank Portal,2026-03-30 00:56:00,SUCCESS,471.12
4823,9460440138,149.00,2003,Online,2026-03-04 04:44:00,SUCCESS,838.75
4824,9570117716,899.00,2016,Bank Portal,2025-10-05 12:47:00,SUCCESS,999.83
4825,9098505926,239.00,2017,App,2025-10-14 15:55:00,SUCCESS,293.46
4826,9010950406,958.94,2022,Bank Portal,2026-05-24 14:15:00,SUCCESS,976.81
4827,9439779851,28.38,2021,Retailer,2026-03-05 01:37:00,SUCCESS,184.06
4828,9982365921,299.00,2020,Bank Portal,2025-09-03 15:26:00,REFUNDED,711.16
4829,9730729979,399.00,2007,App,2026-05-08 03:25:00,SUCCESS,517.45
4830,9933443229,899.00,2016,Bank Portal,2025-12-15 08:29:00,REFUNDED,197.93
4831,9095714699,399.00,2006,USSD,2026-05-03 21:19:00,SUCCESS,977.05
4832,9423299732,399.00,2006,Retailer,2026-06-14 04:21:00,SUCCESS,569.94
4833,9170017491,699.00,2021,App,2026-07-18 02:34:00,SUCCESS,832.58
4834,9567082556,241.67,2009,USSD,2026-08-05 21:16:00,SUCCESS,274.20
4835,9706092544,239.00,2017,Bank Portal,2026-07-06 09:35:00,SUCCESS,316.57
4836,9121106707,499.00,2001,App,2026-01-13 13:04:00,SUCCESS,520.22
4837,9612196177,799.00,2005,Bank Portal,2026-07-25 18:59:00,REFUNDED,1057.23
4838,9316641127,949.00,2013,App,2026-01-28 17:39:00,SUCCESS,1346.37
4839,9645143560,479.00,2024,App,2025-09-01 18:49:00,SUCCESS,602.93
4840,9258124177,949.00,2010,,2026-01-26 14:18:00,REFUNDED,193.30
4841,9890825533,479.00,2024,Retailer,2026-02-18 01:50:00,SUCCESS,503.60
4842,9182374891,399.00,2006,,2026-04-25 08:20:00,PENDING,298.52
4843,9856696852,699.00,2021,USSD,2026-08-04 15:20:00,FAILED,65.91
4844,9592347229,239.00,2017,Bank Portal,2025-08-18 12:54:00,SUCCESS,581.28
4845,9954195582,849.00,2022,Retailer,2026-02-02 14:10:00,FAILED,984.54
4846,9989569477,899.00,2016,USSD,2026-07-14 23:41:00,SUCCESS,1025.96
4847,9456227804,899.00,2016,USSD,2025-12-28 19:03:00,FAILED,75.36
4848,9000780354,399.00,2007,USSD,2025-09-22 05:43:00,SUCCESS,442.84
4849,9920250453,2999.00,2025,Online,2026-05-29 23:59:00,SUCCESS,3001.21
4850,9456227804,799.00,2005,Bank Portal,2026-04-20 03:19:00,SUCCESS,874.36
4851,9005893517,239.00,2017,Bank Portal,2026-03-08 11:16:00,SUCCESS,371.09
4852,9470322610,249.00,2014,USSD,2025-08-28 19:48:00,FAILED,266.88
4853,9886438998,399.00,2007,Online,2026-06-21 02:27:00,SUCCESS,450.00
4854,9482169580,239.00,2017,USSD,2026-07-07 05:16:00,SUCCESS,363.29
4855,9098193204,967.08,2005,Retailer,2025-10-25 01:47:00,SUCCESS,1079.90
4856,9113510308,899.00,2018,App,2026-02-22 12:28:00,SUCCESS,1091.27
4857,9725756966,899.00,2018,Online,2025-12-20 14:11:00,SUCCESS,989.57
4858,9621087961,301.17,2011,Bank Portal,2026-07-09 06:44:00,SUCCESS,309.03
4859,9788982046,99.00,2023,Retailer,2026-04-22 23:07:00,SUCCESS,233.56
4860,9230472880,179.00,2012,Retailer,2025-09-02 05:22:00,SUCCESS,210.91
4861,9106431298,179.00,2009,Online,2026-05-02 15:54:00,SUCCESS,1231.46
4862,9200773905,899.00,2018,USSD,2025-09-02 23:55:00,SUCCESS,904.38
4863,9061874421,149.00,2002,Retailer,2026-02-28 21:57:00,PENDING,133.13
4864,9649241604,899.00,2016,USSD,2026-06-29 23:19:00,REFUNDED,56.82
4865,9258117595,899.00,2018,USSD,2026-04-12 09:06:00,REFUNDED,841.09
4866,9292033900,849.00,2015,Retailer,2026-05-12 15:18:00,SUCCESS,1030.48
4867,9596576052,649.00,2019,Bank Portal,2025-12-26 10:15:00,SUCCESS,681.33
4868,9925020665,179.00,2009,Retailer,2025-12-31 16:55:00,SUCCESS,328.51
4869,9686490219,899.00,2016,App,2025-11-15 10:43:00,SUCCESS,1033.78
4870,9791189402,899.00,2018,Online,2025-12-16 14:24:00,SUCCESS,1394.99
4871,9452736120,179.00,2012,Bank Portal,2025-10-15 12:40:00,SUCCESS,1236.12
4872,9645221979,299.00,2020,Bank Portal,2026-02-18 20:38:00,SUCCESS,320.89
4873,9726984694,399.00,2006,Bank Portal,2025-12-27 20:28:00,SUCCESS,414.81
4874,9347402101,393.65,2006,Retailer,2026-07-07 01:59:00,SUCCESS,564.67
4875,9508243198,239.00,2017,App,2026-02-19 12:45:00,SUCCESS,414.86
4876,9970527161,920.39,2007,Retailer,2025-11-11 20:17:00,SUCCESS,924.98
4877,9606159969,849.00,2022,Bank Portal,2025-10-17 12:07:00,PENDING,36.34
4878,9740267113,299.00,2020,Bank Portal,2025-10-27 14:17:00,SUCCESS,406.53
4879,9836552200,949.00,2013,App,2026-02-27 14:45:00,SUCCESS,961.18
4880,9937930639,199.00,2004,Online,2026-05-03 15:28:00,SUCCESS,212.99
4881,9201436615,199.00,2004,USSD,2026-02-05 21:23:00,SUCCESS,355.78
4882,9787754344,499.00,2001,Online,2026-07-16 19:18:00,SUCCESS,522.55
4883,9168248942,949.00,2013,USSD,2026-03-13 16:25:00,SUCCESS,1705.97
4884,9592346277,479.00,2024,App,2025-12-28 23:49:00,SUCCESS,498.31
4885,9339634659,299.00,2020,Retailer,2025-10-30 01:21:00,SUCCESS,435.15
4886,9168507590,949.00,2010,USSD,2026-03-22 05:51:00,SUCCESS,1115.50
4887,9645469135,239.00,2017,App,2026-04-11 04:40:00,SUCCESS,316.96
4888,9273518405,899.00,2016,Online,2025-09-14 07:13:00,SUCCESS,964.31
4889,9300890484,949.00,2013,Bank Portal,2026-07-24 04:18:00,SUCCESS,1098.04
4890,9889162484,499.00,2001,USSD,2026-06-16 23:23:00,SUCCESS,657.55
4891,9335507529,978.51,2005,Retailer,2026-06-08 07:11:00,SUCCESS,1443.90
4892,9252576787,479.00,2024,USSD,2026-05-25 05:21:00,SUCCESS,596.03
4893,9013933929,799.00,2005,Online,2026-03-05 04:52:00,SUCCESS,1916.21
4894,9408224445,199.00,2011,Bank Portal,2026-03-15 22:11:00,SUCCESS,932.05
4895,9012947379,590.09,2021,Retailer,2026-03-31 10:24:00,SUCCESS,3266.11
4896,9083677629,179.00,2009,Bank Portal,2025-09-26 14:10:00,SUCCESS,232.87
4897,9815153288,179.00,2008,App,2026-07-25 19:09:00,FAILED,130.07
4898,9448548158,239.00,2017,Bank Portal,2025-11-30 01:51:00,SUCCESS,385.05
4899,9498400235,420.49,2023,Bank Portal,2026-05-26 20:30:00,SUCCESS,513.45
4900,9856321230,399.00,2007,Retailer,2026-02-27 16:12:00,SUCCESS,878.43
4901,9737347016,2999.00,2025,Retailer,2025-10-20 04:58:00,SUCCESS,3086.88
4902,9525708516,479.00,2024,App,2026-04-18 10:52:00,SUCCESS,494.03
4903,9252576787,299.00,2020,USSD,2026-02-18 06:15:00,SUCCESS,895.03
4904,9368475100,454.66,2011,App,2025-10-27 16:01:00,SUCCESS,546.21
4905,9415777280,239.00,2017,Bank Portal,2026-02-17 22:23:00,SUCCESS,517.61
4906,9857972103,899.00,2018,Online,2026-02-10 02:44:00,FAILED,174.74
4907,9955512973,179.00,2009,,2026-08-03 14:03:00,SUCCESS,226.84
4908,9168507590,699.00,2021,Bank Portal,2026-06-03 03:31:00,SUCCESS,1814.50
4909,9087797012,899.00,2016,Online,2025-08-30 08:30:00,SUCCESS,995.17
4910,9555362365,2999.00,2025,App,2026-05-28 00:25:00,SUCCESS,3941.27
4911,9526480539,899.00,2016,Bank Portal,2026-03-17 23:22:00,SUCCESS,1804.38
4912,9136712602,179.00,2009,USSD,2026-03-23 01:34:00,SUCCESS,213.13
4913,9778721551,649.00,2019,Online,2025-12-19 20:01:00,SUCCESS,1472.61
4914,9470322610,209.98,2007,App,2026-02-13 07:59:00,PENDING,266.88
4915,9477728139,479.00,2024,Online,2026-07-12 16:48:00,SUCCESS,2035.98
4916,9495356155,455.34,2020,App,2026-06-20 19:06:00,SUCCESS,558.27
4917,9623285130,179.00,2009,USSD,2025-09-24 18:19:00,SUCCESS,300.47
4918,9614483616,149.00,2003,Bank Portal,2026-07-22 13:37:00,SUCCESS,1274.12
4919,9357061332,482.49,2002,USSD,2025-12-23 18:23:00,SUCCESS,523.50
4920,9590330348,2999.00,2025,Retailer,2026-01-22 00:51:00,SUCCESS,3135.82
4921,9087839213,479.00,2024,USSD,2026-02-25 10:31:00,SUCCESS,950.12
4922,9291680295,199.00,2011,USSD,2025-08-30 01:25:00,REFUNDED,1559.67
4923,9533435588,249.00,2014,Online,2025-09-10 13:23:00,SUCCESS,285.17
4924,9158490724,499.00,2001,Online,2026-02-01 04:34:00,SUCCESS,660.52
4925,9283317877,299.00,2020,Retailer,2025-09-04 11:02:00,SUCCESS,462.61
4926,9323227777,649.00,2019,USSD,2026-06-16 20:42:00,SUCCESS,809.73
4927,9688445641,899.00,2016,Online,2026-06-19 17:33:00,SUCCESS,1015.36
4928,9458969397,899.00,2016,App,2026-06-02 00:08:00,SUCCESS,1052.97
4929,9072334986,495.10,2013,USSD,2026-07-16 03:30:00,SUCCESS,1444.51
4930,9649241604,799.00,2005,Bank Portal,2026-01-07 18:40:00,SUCCESS,855.82
4931,9720507464,499.00,2001,Online,2026-01-01 07:20:00,REFUNDED,1159.02
4932,9291962099,949.00,2010,,2026-05-26 13:37:00,SUCCESS,1092.81
4933,9836149659,949.00,2010,Online,2026-02-06 02:58:00,SUCCESS,1063.00
4934,9326104172,899.00,2016,Online,2025-11-21 15:05:00,SUCCESS,1020.40
4935,9143319358,179.00,2008,Online,2026-02-16 00:03:00,SUCCESS,1300.94
4936,9833739256,149.00,2003,,2025-08-09 05:16:00,SUCCESS,898.95
4937,9376973273,949.00,2010,Bank Portal,2026-06-09 03:08:00,SUCCESS,1106.93
4938,9623285130,479.00,2024,Retailer,2025-10-26 04:53:00,SUCCESS,779.47
4939,9989677763,584.41,2015,Retailer,2025-09-15 00:37:00,SUCCESS,586.64
4940,9508243198,649.00,2019,USSD,2026-03-24 17:19:00,SUCCESS,1063.86
4941,9323227777,899.00,2018,Bank Portal,2025-10-05 09:01:00,SUCCESS,1708.73
4942,9705670142,149.00,2002,App,2026-07-09 12:31:00,SUCCESS,327.84
4943,9482169580,249.00,2014,Bank Portal,2026-03-15 14:15:00,SUCCESS,612.29
4944,9494382746,399.00,2006,Online,2026-07-19 09:46:00,SUCCESS,503.50
4945,9145047843,329.65,2005,Bank Portal,2026-04-19 08:32:00,SUCCESS,460.60
4946,9843931461,984.33,2002,Retailer,2026-05-08 20:18:00,SUCCESS,1264.98
4947,9574159426,149.00,2003,Online,2026-01-19 14:44:00,SUCCESS,255.52
4948,9317348294,149.00,2003,USSD,2025-12-25 18:41:00,SUCCESS,243.98
4949,9570600612,699.00,2021,App,2026-02-11 20:25:00,FAILED,1062.85
4950,9224390869,399.00,2007,USSD,2026-04-17 06:14:00,SUCCESS,1440.19
4951,9860866938,86.00,2017,USSD,2025-10-02 14:57:00,PENDING,125.14
4952,9431187970,849.00,2022,App,2025-12-24 14:04:00,SUCCESS,860.68
4953,9219509211,849.00,2022,USSD,2025-12-22 21:16:00,FAILED,19.48
4954,9203084819,480.75,2023,Retailer,2026-04-02 20:26:00,SUCCESS,1008.09
4955,9738777859,499.00,2001,Online,2025-12-08 11:43:00,SUCCESS,612.73
4956,9114759813,179.00,2009,Bank Portal,2026-01-10 02:46:00,SUCCESS,278.49
4957,9144036581,699.00,2021,App,2026-05-21 07:06:00,SUCCESS,887.48
4958,9479646706,149.00,2002,Retailer,2025-11-23 16:10:00,SUCCESS,341.58
4959,9008562293,699.00,2021,Retailer,2026-04-09 09:05:00,FAILED,97.07
4960,9310444428,887.87,2012,Online,2026-07-31 03:40:00,SUCCESS,905.15
4961,9747624885,799.00,2005,Retailer,2026-06-22 17:56:00,SUCCESS,989.42
4962,9605619891,849.00,2015,USSD,2025-10-20 21:05:00,PENDING,25.91
4963,9555420104,199.00,2004,Retailer,2026-04-25 22:08:00,SUCCESS,317.93
4964,9589109415,133.62,2007,App,2026-03-24 10:39:00,SUCCESS,203.14
4965,9361920692,949.00,2010,Online,2026-02-05 10:19:00,SUCCESS,1134.03
4966,9904117280,479.00,2024,App,2026-08-05 20:24:00,SUCCESS,2614.68
4967,9570600612,149.00,2003,USSD,2026-06-18 12:20:00,SUCCESS,1211.85
4968,9320578433,899.00,2016,,2026-04-03 04:26:00,SUCCESS,900.09
4969,9340595040,2999.00,2025,App,2025-11-01 02:36:00,SUCCESS,3040.91
4970,9997960664,2999.00,2025,Bank Portal,2026-07-03 03:06:00,SUCCESS,3171.22
4971,9233660103,99.00,2023,Retailer,2025-12-01 21:50:00,SUCCESS,527.17
4972,9028781181,815.61,2015,Bank Portal,2026-08-02 10:10:00,SUCCESS,883.86
4973,9303771920,299.00,2020,Online,2026-03-02 07:26:00,SUCCESS,387.38
4974,9572237829,849.00,2022,,2025-08-16 17:03:00,SUCCESS,1778.30
4975,9061212806,699.00,2021,App,2026-07-28 20:04:00,SUCCESS,816.18
4976,9368392062,470.28,2023,Online,2026-07-16 16:10:00,SUCCESS,1556.29
4977,9537845032,199.00,2004,Bank Portal,2026-04-19 15:03:00,SUCCESS,382.82
4978,9181222607,299.00,2020,,2026-01-27 06:02:00,SUCCESS,612.60
4979,9369877332,286.67,2018,USSD,2026-05-30 16:17:00,SUCCESS,484.73
4980,9883987912,779.79,2019,Bank Portal,2026-02-24 06:20:00,SUCCESS,940.47
4981,9355413214,199.00,2011,Bank Portal,2026-05-13 23:40:00,SUCCESS,395.26
4982,9924743850,249.00,2014,USSD,2025-12-29 20:44:00,FAILED,3.05
4983,9839192936,741.17,2018,USSD,2026-04-19 06:50:00,REFUNDED,145.51
4984,9856321230,230.80,2021,,2026-02-16 05:29:00,SUCCESS,1109.23
4985,9813220709,179.00,2009,USSD,2025-08-29 20:28:00,SUCCESS,287.36
4986,9117958992,179.00,2008,Online,2025-10-01 16:08:00,SUCCESS,236.23
4987,9362714591,699.00,2021,Retailer,2025-08-15 02:03:00,SUCCESS,721.72
4988,9836878644,399.00,2007,App,2026-02-21 02:23:00,SUCCESS,462.62
4989,9261794508,387.36,2005,Online,2026-01-18 00:18:00,SUCCESS,397.56
4990,9542948658,178.43,2001,Online,2026-01-14 23:46:00,SUCCESS,207.14
4991,9108676030,249.00,2014,Retailer,2026-07-19 08:06:00,SUCCESS,442.86
4992,9145771132,479.00,2024,App,2025-08-13 11:35:00,SUCCESS,604.85
4993,9881295136,149.00,2003,USSD,2025-10-23 06:32:00,SUCCESS,315.46
4994,9481502489,149.00,2002,Retailer,2026-06-08 19:18:00,SUCCESS,323.27
4995,9705315132,699.00,2021,Retailer,2026-06-02 21:33:00,SUCCESS,756.57
4996,9756865116,949.00,2013,Online,2026-06-23 12:59:00,FAILED,18.72
4997,9123125121,239.00,2017,Retailer,2026-03-29 04:32:00,SUCCESS,302.50
4998,9700118735,99.00,2023,App,2026-01-22 14:52:00,SUCCESS,224.38
4999,9256415707,199.00,2011,Retailer,2026-01-06 09:01:00,SUCCESS,275.00
5000,9852780178,511.53,2011,App,2026-03-29 11:05:00,REFUNDED,424.92
5001,9949597990,956.44,2021,Retailer,2026-07-21 12:12:00,SUCCESS,1078.76
5002,9960458510,949.00,2010,USSD,2025-11-27 22:29:00,SUCCESS,1031.59
5003,9811364321,629.77,2011,USSD,2026-01-07 13:50:00,PENDING,946.34
5004,9763845246,239.00,2017,App,2026-01-10 02:27:00,FAILED,10.29
5005,9134104277,849.00,2022,App,2026-07-06 23:53:00,SUCCESS,888.33
5006,9226658063,299.00,2020,App,2025-12-29 04:28:00,SUCCESS,426.08
5007,9422585977,149.00,2003,USSD,2025-11-15 06:28:00,SUCCESS,282.44
5008,9763827162,399.00,2007,Bank Portal,2026-07-25 23:56:00,SUCCESS,569.25
5009,9468913991,179.00,2008,,2025-10-12 06:54:00,SUCCESS,802.53
5010,9724234404,179.00,2008,App,2026-05-29 13:55:00,REFUNDED,195.17
5011,9501364426,249.00,2014,Retailer,2026-04-17 09:08:00,SUCCESS,269.34
5012,9299451409,499.00,2001,App,2026-03-19 09:59:00,SUCCESS,682.44
5013,9263945281,199.00,2004,Online,2026-05-03 19:48:00,SUCCESS,226.58
5014,9135913801,649.00,2019,Online,2026-05-22 00:41:00,SUCCESS,771.24
5015,9370121582,179.00,2008,App,2026-05-27 02:17:00,SUCCESS,607.15
5016,9885621225,99.00,2023,USSD,2026-03-06 03:26:00,SUCCESS,125.03
5017,9155928225,649.00,2019,Retailer,2025-12-27 11:22:00,SUCCESS,959.81
5018,9083259626,899.00,2018,USSD,2026-05-30 10:39:00,SUCCESS,969.75
5019,9808360600,699.00,2021,Bank Portal,2025-12-20 01:19:00,SUCCESS,822.48
5020,9626485470,149.00,2003,Retailer,2026-02-17 04:33:00,SUCCESS,207.91
5021,9297583812,199.00,2004,Retailer,2025-11-30 07:01:00,SUCCESS,825.79
5022,9574159426,849.00,2022,,2025-11-27 03:20:00,SUCCESS,1104.52
5023,9806188014,149.00,2003,USSD,2025-09-26 10:43:00,SUCCESS,195.41
5024,9644398064,99.00,2023,Bank Portal,2026-01-28 16:09:00,SUCCESS,245.67
5025,9829979612,179.00,2008,USSD,2025-12-14 21:27:00,SUCCESS,320.33
5026,9138848924,494.16,2024,Bank Portal,2025-12-12 16:47:00,SUCCESS,494.32
5027,9158490724,949.00,2010,USSD,2025-11-27 09:48:00,SUCCESS,1609.52
5028,9765021782,499.00,2001,App,2026-04-28 23:43:00,SUCCESS,542.81
5029,9851820385,199.00,2004,App,2026-04-01 00:49:00,FAILED,280.72
5030,9074557127,399.00,2007,App,2026-02-27 08:50:00,SUCCESS,410.55
5031,9223587723,149.00,2003,Online,2026-01-08 10:50:00,SUCCESS,310.46
5032,9138848924,849.00,2022,App,2025-10-22 02:34:00,SUCCESS,1343.32
5033,9946399696,649.00,2019,Bank Portal,2026-01-05 16:56:00,SUCCESS,1260.41
5034,9180219805,849.00,2022,App,2025-11-16 08:32:00,SUCCESS,986.08
5035,9460112861,179.00,2008,Online,2026-06-01 01:06:00,SUCCESS,718.83
5036,9227325705,239.00,2017,Bank Portal,2026-06-13 04:47:00,SUCCESS,255.42
5037,9645846678,402.67,2001,Retailer,2026-01-26 03:16:00,SUCCESS,751.17
5038,9904694470,299.00,2020,Online,2025-12-23 08:13:00,SUCCESS,496.21
5039,9796524099,149.00,2003,USSD,2025-10-12 02:42:00,FAILED,121.23
5040,9984325517,199.00,2004,Online,2026-06-20 22:00:00,SUCCESS,486.34
5041,9521895779,649.00,2019,USSD,2025-10-15 21:08:00,SUCCESS,1330.52
5042,9124236477,99.00,2023,App,2025-09-16 06:51:00,SUCCESS,1188.11
5043,9735981530,149.00,2002,App,2026-01-11 15:36:00,SUCCESS,164.65
5044,9283317877,217.26,2014,Bank Portal,2025-09-18 15:26:00,SUCCESS,679.87
5045,9896366912,949.00,2013,Bank Portal,2025-09-24 04:57:00,SUCCESS,1023.10
5046,9832630587,99.00,2023,USSD,2026-03-02 20:45:00,FAILED,33.62
5047,9500986080,849.00,2015,Bank Portal,2026-02-13 22:25:00,SUCCESS,993.43
5048,9233872183,594.48,2021,Bank Portal,2026-02-28 07:04:00,SUCCESS,671.37
5049,9507167622,849.00,2015,Retailer,2026-03-24 17:37:00,SUCCESS,1872.92
5050,9742455446,149.00,2002,App,2026-05-15 12:59:00,REFUNDED,631.48
5051,9368609947,435.45,2024,App,2026-04-30 19:19:00,SUCCESS,623.75
5052,9377309012,899.00,2018,Bank Portal,2025-11-22 11:04:00,SUCCESS,959.22
5053,9781262871,65.66,2007,App,2026-03-14 22:57:00,SUCCESS,112.73
5054,9950644548,399.00,2006,Bank Portal,2025-09-04 17:40:00,SUCCESS,593.17
5055,9956588099,489.04,2023,Retailer,2026-02-12 15:20:00,SUCCESS,560.31
5056,9431640300,399.00,2007,App,2025-08-30 14:33:00,FAILED,138.37
5057,9579938094,399.00,2007,Retailer,2026-01-31 05:06:00,SUCCESS,775.47
5058,9020582350,733.03,2018,App,2026-03-10 00:52:00,SUCCESS,799.05
5059,9725946196,649.00,2019,USSD,2025-12-14 15:51:00,SUCCESS,754.12
5060,9840608577,179.00,2012,App,2026-03-31 20:03:00,SUCCESS,1860.39
5061,9711559117,501.73,2017,Online,2026-02-17 01:06:00,SUCCESS,631.60
5062,9641102470,699.00,2021,Online,2026-07-12 22:35:00,SUCCESS,1767.21
5063,9182374891,849.00,2022,USSD,2026-04-08 11:45:00,SUCCESS,1147.52
5064,9725756966,31.38,2010,USSD,2025-12-29 04:56:00,SUCCESS,1020.95
5065,9565346338,151.37,2022,Bank Portal,2026-03-16 00:19:00,FAILED,147.67
5066,9422588457,179.00,2012,Bank Portal,2026-06-03 20:04:00,SUCCESS,353.46
5067,9213007439,479.00,2024,,2026-06-12 00:57:00,SUCCESS,687.20
5068,9226140523,249.00,2014,Retailer,2025-10-13 18:50:00,SUCCESS,1493.10
5069,9614746957,399.00,2006,Bank Portal,2025-08-21 22:04:00,SUCCESS,486.99
5070,9684703922,179.00,2012,Retailer,2026-06-07 01:57:00,SUCCESS,352.07
5071,9537265562,399.00,2007,USSD,2026-01-12 22:38:00,SUCCESS,886.59
5072,9614256076,899.00,2016,Bank Portal,2026-03-16 12:37:00,SUCCESS,1098.53
5073,9135110188,399.00,2006,App,2025-09-29 06:37:00,SUCCESS,572.77
5074,9981503355,699.00,2021,Bank Portal,2025-10-28 17:44:00,REFUNDED,197.06
5075,9041260689,2999.00,2025,Retailer,2026-06-08 17:47:00,SUCCESS,3030.12
5076,9312938340,179.00,2012,USSD,2026-07-29 01:51:00,SUCCESS,344.92
5077,9355570955,299.00,2020,App,2026-03-09 01:46:00,SUCCESS,406.18
5078,9651772535,671.17,2025,Retailer,2025-08-10 16:12:00,SUCCESS,862.60
5079,9237705747,399.00,2006,App,2025-10-27 14:53:00,SUCCESS,1403.12
5080,9877576008,949.00,2010,USSD,2026-07-06 17:34:00,SUCCESS,1111.87
5081,9728206711,649.00,2019,Online,2026-01-01 01:07:00,SUCCESS,700.56
5082,9816924624,239.00,2017,Bank Portal,2026-06-12 08:01:00,SUCCESS,319.35
5083,9353531213,499.00,2001,Retailer,2026-07-29 06:08:00,SUCCESS,783.69
5084,9370155586,399.00,2007,Online,2025-10-13 18:44:00,SUCCESS,424.52
5085,9380046773,899.00,2018,Retailer,2026-05-02 17:31:00,SUCCESS,1049.91
5086,9343908179,199.00,2011,Bank Portal,2025-11-12 20:20:00,SUCCESS,219.99
5087,9155928225,199.00,2004,Retailer,2025-08-26 06:57:00,SUCCESS,1158.81
5088,9740804790,179.00,2012,Bank Portal,2026-03-24 18:51:00,SUCCESS,348.87
5089,9124236477,99.00,2023,Retailer,2026-08-08 02:11:00,SUCCESS,1287.11
5090,9688445641,311.98,2015,Retailer,2026-01-30 00:02:00,SUCCESS,1327.34
5091,9440265125,901.40,2014,Online,2026-06-30 10:59:00,SUCCESS,1016.46
5092,9600718653,399.00,2007,USSD,2026-04-03 23:02:00,SUCCESS,450.52
5093,9598580352,149.00,2003,Bank Portal,2026-08-06 04:45:00,SUCCESS,397.87
5094,9239123013,799.00,2005,Retailer,2026-01-14 20:03:00,PENDING,165.79
5095,9380046773,399.00,2006,USSD,2026-04-26 10:52:00,SUCCESS,1448.91
5096,9963281918,199.00,2004,App,2026-03-07 23:32:00,SUCCESS,288.15
5097,9381435728,479.00,2024,Retailer,2026-02-01 22:36:00,FAILED,399.91
5098,9312938340,649.00,2019,Bank Portal,2026-06-27 06:52:00,SUCCESS,993.92
5099,9950644548,399.00,2007,Retailer,2025-12-22 05:39:00,SUCCESS,992.17
5100,9325737452,479.00,2024,App,2025-12-15 20:06:00,SUCCESS,481.47
5101,9456227804,479.00,2024,Online,2026-01-17 20:07:00,SUCCESS,1353.36
5102,9514110424,93.39,2023,App,2026-02-16 01:19:00,SUCCESS,548.95
5103,9811167262,849.00,2022,App,2026-05-25 15:25:00,SUCCESS,875.37
5104,9334442903,216.20,2018,Retailer,2026-03-22 04:42:00,SUCCESS,318.18
5105,9180579219,386.57,2007,App,2025-12-25 18:21:00,SUCCESS,518.67
5106,9148313134,621.78,2023,Retailer,2026-06-19 11:04:00,SUCCESS,775.09
5107,9295578289,524.63,2010,Retailer,2026-04-28 19:20:00,SUCCESS,655.02
5108,9430907594,199.00,2004,Retailer,2026-01-18 05:52:00,SUCCESS,387.12
5109,9851820385,799.00,2005,App,2025-11-21 17:09:00,FAILED,280.72
5110,9460440138,899.00,2016,Online,2025-09-08 21:38:00,SUCCESS,1737.75
5111,9300890484,399.00,2006,Retailer,2025-12-06 08:01:00,REFUNDED,1098.04
5112,9900897051,179.00,2008,Bank Portal,2025-10-27 03:29:00,SUCCESS,321.24
5113,9320578433,504.43,2003,Bank Portal,2026-04-12 09:58:00,SUCCESS,1404.52
5114,9923520067,149.00,2002,Bank Portal,2026-02-26 11:08:00,SUCCESS,264.87
5115,9134445350,699.00,2021,USSD,2026-05-24 12:20:00,SUCCESS,760.62
5116,9816713290,899.00,2018,USSD,2026-05-24 10:05:00,FAILED,65.30
5117,9614023148,299.00,2020,Retailer,2026-04-19 17:43:00,SUCCESS,355.23
5118,9474495323,832.33,2008,USSD,2026-06-13 18:44:00,SUCCESS,841.99
5119,9291962099,179.00,2012,Retailer,2026-07-25 20:19:00,SUCCESS,1271.81
5120,9370869533,799.00,2005,Retailer,2026-03-26 06:20:00,SUCCESS,878.48
5121,9646965327,149.00,2003,Online,2025-12-12 06:44:00,SUCCESS,158.05
5122,9826607330,169.49,2013,Retailer,2025-12-04 09:19:00,SUCCESS,232.40
5123,9772590440,949.00,2013,Online,2026-05-31 16:55:00,SUCCESS,1071.65
5124,9259087799,179.00,2012,USSD,2026-03-17 19:17:00,SUCCESS,340.15
5125,9214026495,949.00,2010,Bank Portal,2025-12-21 06:02:00,SUCCESS,1111.09
5126,9290913772,239.00,2017,Online,2025-11-13 10:52:00,SUCCESS,524.34
5127,9873313711,179.00,2012,Online,2025-08-09 08:45:00,SUCCESS,754.39
5128,9434669687,410.51,2014,Retailer,2026-05-11 22:03:00,SUCCESS,606.94
5129,9258836568,199.00,2004,Bank Portal,2025-10-02 10:11:00,SUCCESS,3353.07
5130,9357779476,949.00,2013,App,2025-08-19 16:30:00,REFUNDED,64.74
5131,9729483133,799.00,2005,Bank Portal,2026-03-28 21:12:00,SUCCESS,956.94
5132,9686640704,199.00,2011,USSD,2025-11-28 09:05:00,SUCCESS,329.38
5133,9558642272,239.00,2017,Online,2025-10-30 12:21:00,SUCCESS,392.29
5134,9482533923,849.00,2022,App,2026-06-18 06:01:00,SUCCESS,914.26
5135,9501391277,199.00,2011,Bank Portal,2026-01-07 17:27:00,SUCCESS,261.17
5136,9527284966,420.24,2004,USSD,2026-02-08 17:33:00,SUCCESS,587.05
5137,9355426056,949.00,2013,USSD,2026-08-07 01:56:00,SUCCESS,1142.23
5138,9268684760,149.00,2002,Bank Portal,2026-01-12 17:44:00,SUCCESS,256.42
5139,9991659092,149.00,2003,Bank Portal,2026-05-06 07:28:00,SUCCESS,330.64
5140,9416028817,316.90,2011,,2026-03-26 22:03:00,SUCCESS,458.00
5141,9725626819,488.34,2014,USSD,2025-12-16 17:25:00,SUCCESS,1498.55
5142,9173360980,179.00,2012,Online,2026-07-13 07:55:00,SUCCESS,198.61
5143,9579464701,179.00,2009,Bank Portal,2025-09-06 07:27:00,SUCCESS,361.04
5144,9622843019,899.00,2018,Retailer,2026-07-24 06:30:00,SUCCESS,1252.14
5145,9483401426,199.00,2011,,2026-03-28 13:49:00,FAILED,98.33
5146,9353531213,299.00,2020,Online,2026-07-26 03:50:00,SUCCESS,1082.69
5147,9177510663,899.00,2018,Retailer,2025-08-23 07:45:00,SUCCESS,959.60
5148,9440265125,249.00,2014,Retailer,2026-04-21 07:21:00,SUCCESS,1265.46
5149,9114380351,603.20,2010,Retailer,2025-12-26 15:35:00,SUCCESS,802.44
5150,9678936110,459.48,2010,USSD,2026-02-13 13:00:00,PENDING,64.46
5151,9023427973,149.00,2003,Online,2025-08-14 22:10:00,FAILED,65.89
5152,9740512270,249.00,2014,App,2025-08-24 19:21:00,SUCCESS,900.63
5153,9729501750,849.00,2015,USSD,2026-01-09 07:45:00,SUCCESS,2573.01
5154,9228698920,799.00,2005,App,2025-12-17 10:51:00,SUCCESS,1717.75
5155,9304705811,239.00,2017,Retailer,2025-11-01 01:24:00,SUCCESS,502.63
5156,9422588457,649.00,2019,Retailer,2026-06-18 12:31:00,SUCCESS,1002.46
5157,9423299732,649.00,2019,App,2026-03-07 13:29:00,SUCCESS,1218.94
5158,9687032557,649.00,2019,USSD,2026-05-11 20:15:00,SUCCESS,780.69
5159,9930876997,239.00,2017,USSD,2026-01-08 07:40:00,SUCCESS,569.02
5160,9059956673,751.67,2002,Retailer,2025-09-26 03:43:00,SUCCESS,843.48
5161,9123505302,479.00,2024,Retailer,2026-03-26 11:03:00,SUCCESS,631.45
5162,9357747761,239.00,2017,Retailer,2026-01-02 21:06:00,SUCCESS,413.01
5163,9188707264,508.43,2022,Retailer,2025-12-05 02:37:00,SUCCESS,1316.31
5164,9416108450,845.16,2012,Bank Portal,2026-02-21 11:45:00,SUCCESS,922.33
5165,9991659092,849.00,2022,App,2026-05-04 03:38:00,SUCCESS,1179.64
5166,9134947253,179.00,2008,Retailer,2026-07-21 19:28:00,FAILED,27.70
5167,9757547702,649.00,2019,Online,2026-01-11 02:48:00,SUCCESS,3993.39
5168,9946822836,899.00,2018,Bank Portal,2026-05-02 01:54:00,SUCCESS,966.40
5169,9587920991,199.00,2004,Bank Portal,2025-10-06 04:15:00,FAILED,720.26
5170,9325737452,299.00,2020,,2026-06-27 17:25:00,SUCCESS,780.47
5171,9485475786,199.00,2004,USSD,2025-11-19 02:38:00,FAILED,187.60
5172,9330836010,149.00,2002,USSD,2026-04-05 12:24:00,SUCCESS,317.99
5173,9239123013,250.86,2007,Bank Portal,2026-06-09 07:05:00,SUCCESS,416.65
5174,9154558412,849.00,2022,App,2026-05-03 01:26:00,SUCCESS,872.52
5175,9958944015,256.99,2007,USSD,2025-11-13 08:42:00,SUCCESS,342.18
5176,9998955932,949.00,2010,Online,2026-01-21 20:57:00,SUCCESS,985.22
5177,9012947379,179.00,2009,Online,2026-03-10 07:48:00,SUCCESS,3445.11
5178,9856519072,199.00,2004,Retailer,2026-07-20 02:22:00,SUCCESS,215.29
5179,9307517257,179.00,2009,Retailer,2026-07-21 11:33:00,SUCCESS,338.21
5180,9691727530,199.00,2011,Online,2026-05-30 04:21:00,SUCCESS,735.47
5181,9025367205,849.00,2015,Retailer,2026-06-07 22:58:00,SUCCESS,1034.41
5182,9861142110,399.00,2007,Retailer,2026-05-14 18:38:00,SUCCESS,421.70
5183,9686640704,179.00,2009,USSD,2025-12-12 12:27:00,PENDING,329.38
5184,9720847062,199.00,2004,USSD,2025-09-10 05:54:00,SUCCESS,296.95
5185,9659889840,849.00,2015,Online,2025-09-06 13:02:00,SUCCESS,1032.65
5186,9495731812,259.76,2001,App,2026-05-15 21:11:00,SUCCESS,339.34
5187,9923520067,149.00,2003,USSD,2026-04-06 10:58:00,SUCCESS,413.87
5188,9380481498,899.00,2018,USSD,2026-06-11 22:05:00,SUCCESS,1479.04
5189,9355749693,499.00,2001,Online,2025-08-17 08:53:00,SUCCESS,658.37
5190,9065164218,762.61,2001,App,2026-05-26 07:33:00,SUCCESS,944.39
5191,9727819951,179.00,2009,App,2025-09-05 03:17:00,FAILED,21.21
5192,9665891208,179.00,2008,Retailer,2025-11-21 20:35:00,SUCCESS,377.01
5193,9136712602,99.00,2023,Retailer,2026-06-17 19:19:00,FAILED,213.13
5194,9737347016,179.00,2008,Retailer,2026-05-09 08:43:00,FAILED,3086.88
5195,9738680601,899.00,2016,Bank Portal,2026-04-13 09:38:00,SUCCESS,981.39
5196,9775099364,179.00,2012,App,2026-01-01 01:16:00,SUCCESS,3332.99
5197,9605619891,179.00,2009,USSD,2025-11-23 08:45:00,SUCCESS,204.91
5198,9623001421,99.00,2023,App,2026-05-10 13:30:00,SUCCESS,842.80
5199,9734229757,678.65,2001,USSD,2026-06-14 19:28:00,SUCCESS,716.99
5200,9545979618,249.00,2014,,2026-02-20 16:29:00,SUCCESS,321.52
5201,9689351480,149.00,2002,Bank Portal,2026-08-07 09:19:00,SUCCESS,322.01
5202,9304705811,109.69,2001,Retailer,2026-06-07 16:55:00,SUCCESS,612.32
5203,9029344093,849.00,2022,Retailer,2026-02-13 06:01:00,SUCCESS,995.35
5204,9961535300,949.00,2013,USSD,2026-06-02 12:43:00,SUCCESS,1019.70
5205,9801875959,399.00,2006,Bank Portal,2025-11-30 06:04:00,SUCCESS,565.24
5206,9607041615,99.00,2023,USSD,2026-04-11 14:56:00,SUCCESS,236.63
5207,9684777684,949.00,2013,App,2025-11-28 21:51:00,SUCCESS,1044.62
5208,9194060115,179.00,2009,Retailer,2026-03-18 10:08:00,SUCCESS,343.83
5209,9579317328,922.03,2009,App,2026-05-31 21:35:00,PENDING,159.67
5210,9206038695,2999.00,2025,Bank Portal,2025-10-27 02:52:00,SUCCESS,3016.99
5211,9256463561,799.00,2005,Bank Portal,2025-10-11 00:18:00,SUCCESS,879.73
5212,9789487873,899.00,2016,USSD,2026-04-30 22:50:00,SUCCESS,964.83
5213,9873910138,249.00,2014,USSD,2026-04-23 07:06:00,SUCCESS,635.10
5214,9230472880,239.00,2017,,2025-10-18 18:49:00,PENDING,210.91
5215,9581731174,149.00,2002,Retailer,2025-08-09 05:23:00,SUCCESS,1188.01
5216,9195190492,179.00,2012,USSD,2025-12-18 01:45:00,SUCCESS,199.85
5217,9470322610,179.00,2009,Retailer,2026-01-02 16:18:00,FAILED,266.88
5218,9316729329,149.00,2003,USSD,2025-11-17 16:27:00,PENDING,50.41
5219,9581082032,249.00,2014,Online,2026-02-04 17:11:00,SUCCESS,1127.89
5220,9206038695,2999.00,2025,App,2026-06-01 01:11:00,SUCCESS,6015.99
5221,9302722320,479.00,2024,Online,2026-05-26 17:49:00,FAILED,72.40
5222,9894939802,949.00,2010,Retailer,2026-07-10 18:47:00,SUCCESS,1055.16
5223,9933786876,199.00,2004,Retailer,2026-02-09 06:08:00,SUCCESS,233.83
5224,9608818002,649.00,2019,Bank Portal,2025-09-28 17:17:00,SUCCESS,700.11
5225,9591608837,479.00,2024,App,2025-11-26 19:28:00,SUCCESS,518.86
5226,9547891427,399.00,2007,Online,2026-01-11 06:32:00,SUCCESS,445.31
5227,9606159969,499.00,2001,USSD,2026-05-31 19:07:00,SUCCESS,535.34
5228,9665103464,249.00,2014,App,2026-05-18 18:50:00,SUCCESS,799.29
5229,9658056089,179.00,2012,Retailer,2026-03-02 06:37:00,SUCCESS,374.92
5230,9068472035,2999.00,2025,Online,2025-10-08 14:32:00,SUCCESS,3163.38
5231,9506592288,179.00,2012,App,2025-12-02 12:21:00,SUCCESS,277.56
5232,9961535300,149.00,2003,USSD,2025-09-02 22:19:00,SUCCESS,1168.70
5233,9316479699,849.00,2015,,2025-11-29 20:46:00,SUCCESS,1878.66
5234,9236700278,849.00,2022,Bank Portal,2025-11-17 06:36:00,PENDING,519.07
5235,9085933854,849.00,2015,USSD,2026-06-10 06:05:00,SUCCESS,953.87
5236,9588907707,149.00,2002,USSD,2025-08-17 19:05:00,SUCCESS,187.37
5237,9446331140,399.00,2006,USSD,2026-03-01 01:52:00,SUCCESS,491.91
5238,9160525441,849.00,2022,Online,2026-06-27 01:00:00,SUCCESS,888.19
5239,9362714591,179.00,2009,App,2025-11-27 02:39:00,SUCCESS,900.72
5240,9454072380,699.00,2021,Online,2026-01-13 11:05:00,PENDING,156.92
5241,9458969397,949.00,2010,Bank Portal,2025-12-02 21:43:00,SUCCESS,2001.97
5242,9376973273,656.41,2023,Retailer,2026-01-09 05:55:00,SUCCESS,1763.34
5243,9984325517,199.00,2011,Retailer,2026-05-22 13:43:00,SUCCESS,685.34
5244,9429642099,814.40,2023,Bank Portal,2025-11-10 16:19:00,SUCCESS,819.47
5245,9527541428,65.72,2002,Retailer,2026-08-08 10:01:00,SUCCESS,223.22
5246,9749321705,2999.00,2025,Retailer,2026-07-28 22:09:00,SUCCESS,3001.34
5247,9932056913,299.00,2020,Bank Portal,2025-08-14 00:18:00,SUCCESS,487.62
5248,9065164218,699.00,2021,App,2025-10-24 01:27:00,SUCCESS,1643.39
5249,9234782907,399.00,2006,Retailer,2025-08-22 05:17:00,SUCCESS,938.22
5250,9319116101,199.00,2004,Bank Portal,2025-08-11 21:44:00,SUCCESS,223.04
5251,9021931666,399.00,2007,USSD,2025-11-09 16:36:00,SUCCESS,419.39
5252,9422283441,88.62,2007,Retailer,2026-05-01 13:23:00,SUCCESS,153.79
5253,9547891427,949.00,2013,Online,2026-06-28 04:12:00,SUCCESS,1394.31
5254,9440774688,799.00,2005,USSD,2026-06-17 12:45:00,PENDING,180.65
5255,9721469059,899.00,2018,Retailer,2026-04-23 16:12:00,SUCCESS,952.34
5256,9425099296,949.00,2010,App,2026-02-22 04:07:00,SUCCESS,1003.46
5257,9472560051,479.00,2024,Retailer,2026-04-23 01:17:00,SUCCESS,618.29
5258,9181222607,603.22,2005,Retailer,2026-05-04 02:57:00,SUCCESS,1215.82
5259,9579542300,883.32,2019,Bank Portal,2026-05-02 06:25:00,FAILED,599.19
5260,9234782907,399.00,2006,Retailer,2026-03-31 22:36:00,SUCCESS,1337.22
5261,9891083617,249.00,2014,Bank Portal,2025-11-24 15:52:00,FAILED,147.77
5262,9434869251,199.00,2011,Bank Portal,2026-04-29 09:57:00,SUCCESS,288.06
5263,9455982650,479.00,2024,USSD,2026-06-22 17:00:00,SUCCESS,1199.95
5264,9092179830,179.00,2012,Bank Portal,2026-03-11 16:01:00,SUCCESS,377.26
5265,9828545976,589.90,2023,Online,2026-07-04 21:10:00,SUCCESS,696.59
5266,9741440412,2999.00,2025,App,2026-05-29 02:24:00,SUCCESS,3114.76
5267,9588907707,499.00,2001,App,2025-11-23 23:26:00,SUCCESS,686.37
5268,9437201389,949.00,2013,Bank Portal,2025-12-30 00:40:00,SUCCESS,1612.32
5269,9134104277,949.00,2013,Retailer,2025-11-30 19:21:00,SUCCESS,1837.33
5270,9261384676,479.00,2024,Retailer,2026-01-30 15:55:00,SUCCESS,549.29
5271,9282756188,649.00,2019,USSD,2025-10-04 20:43:00,SUCCESS,765.85
5272,9457517519,499.00,2001,Retailer,2026-06-01 01:59:00,PENDING,51.42
5273,9495356155,699.00,2021,USSD,2026-03-27 22:27:00,SUCCESS,1257.27
5274,9112558734,179.00,2012,Retailer,2026-02-17 21:52:00,FAILED,121.42
5275,9259460539,239.00,2017,USSD,2026-03-18 08:07:00,SUCCESS,808.49
5276,9815290082,949.00,2013,App,2026-05-13 17:32:00,SUCCESS,1004.24
5277,9420426042,179.00,2008,Retailer,2026-03-02 01:08:00,SUCCESS,321.48
5278,9910559280,199.00,2011,,2025-09-15 09:13:00,SUCCESS,518.79
5279,9336375767,401.13,2010,Bank Portal,2026-04-06 16:29:00,SUCCESS,895.72
5280,9592347229,949.00,2013,USSD,2026-01-12 18:39:00,SUCCESS,1530.28
5281,9308834099,399.00,2006,Online,2026-08-01 06:29:00,SUCCESS,1196.72
5282,9858401300,287.40,2013,Bank Portal,2026-05-06 02:24:00,SUCCESS,486.47
5283,9431187970,239.00,2017,Bank Portal,2026-04-19 22:24:00,SUCCESS,1099.68
5284,9733681770,949.00,2010,USSD,2026-03-16 22:10:00,SUCCESS,1131.71
5285,9686640704,179.00,2008,Online,2026-06-15 06:59:00,SUCCESS,508.38
5286,9335507529,2999.00,2025,Retailer,2025-09-06 01:06:00,SUCCESS,4442.90
5287,9476792837,649.00,2019,Retailer,2026-05-14 04:38:00,SUCCESS,1432.00
5288,9360172235,199.00,2011,Retailer,2025-11-12 16:49:00,SUCCESS,336.12
5289,9258117595,573.01,2023,USSD,2026-05-07 12:58:00,SUCCESS,1414.10
5290,9370869533,299.00,2020,App,2025-09-02 10:21:00,SUCCESS,1177.48
5291,9656701006,649.00,2019,Retailer,2025-11-22 03:10:00,SUCCESS,834.15
5292,9999880197,2999.00,2025,Retailer,2025-09-21 02:21:00,FAILED,107.05
5293,9916707768,249.00,2014,Bank Portal,2026-05-09 21:32:00,SUCCESS,304.74
5294,9865560183,849.00,2022,Retailer,2025-10-01 17:43:00,SUCCESS,872.16
5295,9731762453,2999.00,2025,App,2026-05-04 04:03:00,SUCCESS,3673.67
5296,9141509800,499.00,2001,Online,2025-10-31 00:04:00,SUCCESS,1388.05
5297,9291680295,149.00,2002,USSD,2026-06-09 12:14:00,SUCCESS,1708.67
5298,9521719609,165.05,2004,USSD,2025-09-22 15:08:00,FAILED,53.12
5299,9574159426,949.00,2010,USSD,2025-08-29 03:45:00,FAILED,1104.52
5300,9374066522,149.00,2002,Bank Portal,2025-10-14 03:36:00,SUCCESS,297.69
5301,9710275623,254.84,2014,App,2026-04-04 07:01:00,SUCCESS,540.43
5302,9607160117,410.68,2020,Retailer,2025-11-19 22:18:00,FAILED,933.09
5303,9308945692,499.00,2001,USSD,2025-08-08 17:44:00,SUCCESS,814.88
5304,9307536991,479.00,2024,App,2026-05-28 11:46:00,SUCCESS,481.43
5305,9406746988,699.00,2021,Bank Portal,2026-05-20 09:34:00,SUCCESS,763.17
5306,9181222607,799.00,2005,Online,2025-11-13 23:22:00,SUCCESS,2014.82
5307,9726984694,523.19,2001,Bank Portal,2025-12-21 18:04:00,SUCCESS,938.00
5308,9431640300,899.00,2018,Online,2026-05-06 05:46:00,PENDING,138.37
5309,9959700796,899.00,2016,,2025-10-24 11:09:00,PENDING,51.47
5310,9167460172,179.00,2008,USSD,2026-07-03 02:40:00,FAILED,92.03
5311,9650566117,949.00,2013,Retailer,2025-09-01 18:47:00,SUCCESS,1114.84
5312,9001662644,149.00,2003,Online,2026-01-15 04:44:00,FAILED,195.16
5313,9492238773,179.00,2009,USSD,2026-04-28 04:09:00,PENDING,71.93
5314,9830485236,179.00,2009,Bank Portal,2026-07-26 15:16:00,SUCCESS,250.49
5315,9616735243,949.00,2010,Online,2025-11-30 00:15:00,SUCCESS,952.62
5316,9070299550,179.00,2012,Online,2026-03-04 15:33:00,SUCCESS,290.19
5317,9740236194,149.00,2003,App,2025-12-20 23:49:00,SUCCESS,331.27
5318,9973494914,399.00,2007,USSD,2026-07-27 18:46:00,SUCCESS,405.64
5319,9641590162,149.00,2002,Bank Portal,2026-05-02 23:51:00,SUCCESS,180.18
5320,9213007439,899.00,2018,App,2026-06-04 08:42:00,SUCCESS,1586.20
5321,9258561653,59.67,2024,Retailer,2026-05-11 20:07:00,SUCCESS,98.16
5322,9434669687,957.72,2020,Bank Portal,2026-05-21 13:43:00,SUCCESS,1564.66
5323,9122807235,799.00,2005,Bank Portal,2026-04-03 12:12:00,SUCCESS,846.55
5324,9376973273,179.00,2008,Online,2026-02-17 11:20:00,SUCCESS,1942.34
5325,9074570229,136.55,2020,Online,2026-04-01 22:33:00,SUCCESS,1024.48
5326,9045768958,899.00,2018,Retailer,2025-10-30 11:10:00,SUCCESS,1806.57
5327,9892073721,699.00,2021,Online,2026-01-26 11:33:00,SUCCESS,700.52
5328,9013422314,499.00,2001,USSD,2026-05-07 13:08:00,SUCCESS,604.22
5329,9480293802,149.00,2002,Retailer,2025-10-23 18:47:00,SUCCESS,332.99
5330,9087603389,849.00,2015,Retailer,2026-03-30 13:35:00,SUCCESS,906.38
5331,9612267016,179.00,2012,App,2026-07-21 12:11:00,SUCCESS,547.81
5332,9806192469,188.41,2010,Bank Portal,2026-07-29 06:40:00,SUCCESS,404.02
5333,9587920991,899.00,2018,,2026-07-20 01:03:00,SUCCESS,1619.26
5334,9325409489,685.51,2022,Bank Portal,2025-12-02 15:09:00,SUCCESS,715.55
5335,9263974247,849.00,2022,Online,2026-01-31 22:00:00,SUCCESS,1200.57
5336,9274829332,949.00,2013,Bank Portal,2026-01-31 14:49:00,SUCCESS,1345.37
5337,9403044114,949.00,2010,App,2026-07-23 10:02:00,SUCCESS,962.33
5338,9441625786,799.00,2005,App,2025-11-05 08:47:00,SUCCESS,827.37
5339,9665103464,499.00,2001,USSD,2026-07-13 01:47:00,SUCCESS,1298.29
5340,9174678054,649.00,2019,App,2026-03-04 21:16:00,SUCCESS,816.41
5341,9032536933,149.00,2002,Bank Portal,2026-06-27 02:16:00,SUCCESS,1101.24
5342,9746640394,944.33,2011,Online,2026-07-14 15:13:00,SUCCESS,1174.56
5343,9224390869,674.59,2023,Online,2026-04-17 03:17:00,SUCCESS,2114.78
5344,9320578433,179.00,2008,Bank Portal,2026-03-19 08:09:00,FAILED,1404.52
5345,9308216567,239.00,2017,App,2025-10-01 20:40:00,SUCCESS,1088.36
5346,9857989753,299.00,2020,Bank Portal,2026-05-10 19:16:00,SUCCESS,491.28
5347,9117958992,179.00,2009,Retailer,2026-05-12 11:40:00,SUCCESS,415.23
5348,9356224399,199.00,2004,Bank Portal,2026-02-01 06:32:00,SUCCESS,450.03
5349,9539790584,149.00,2002,Online,2025-12-07 15:27:00,SUCCESS,866.68
5350,9183088032,699.00,2021,Retailer,2025-10-25 02:36:00,SUCCESS,851.60
5351,9042835025,124.93,2022,Bank Portal,2026-08-01 14:37:00,SUCCESS,302.43
5352,9307517257,292.30,2005,USSD,2026-02-12 07:18:00,SUCCESS,630.51
5353,9493283580,79.27,2016,App,2025-08-16 06:31:00,SUCCESS,408.45
5354,9594823692,949.00,2010,Retailer,2025-11-17 22:42:00,SUCCESS,2101.29
5355,9400994219,75.86,2010,App,2026-07-18 01:34:00,SUCCESS,1647.18
5356,9630673196,199.00,2011,Retailer,2025-12-11 12:08:00,FAILED,37.28
5357,9978158041,503.63,2004,App,2025-09-11 04:22:00,FAILED,164.23
5358,9932056913,499.00,2001,Bank Portal,2026-07-12 16:27:00,SUCCESS,986.62
5359,9110172562,179.00,2008,Online,2026-01-19 02:46:00,SUCCESS,1204.06
5360,9598580352,239.00,2017,USSD,2026-04-01 16:55:00,SUCCESS,636.87
5361,9651772535,479.00,2024,Retailer,2026-07-12 17:21:00,SUCCESS,1341.60
5362,9622848354,249.00,2014,Online,2025-12-09 12:23:00,FAILED,39.05
5363,9610048563,699.00,2021,Online,2025-12-26 05:26:00,SUCCESS,847.14
5364,9181106569,149.00,2002,Retailer,2025-11-27 09:04:00,SUCCESS,266.79
5365,9992816237,399.00,2007,Online,2025-08-19 13:32:00,SUCCESS,416.75
5366,9856039757,499.00,2001,Online,2026-03-07 14:35:00,SUCCESS,499.42
5367,9168608302,399.00,2007,App,2026-02-23 22:11:00,SUCCESS,558.73
5368,9592373798,849.00,2015,,2026-05-31 03:00:00,SUCCESS,1487.32
5369,9483401426,949.00,2013,Online,2026-03-04 18:31:00,SUCCESS,1047.33
5370,9357747761,179.00,2009,Online,2026-03-16 04:16:00,SUCCESS,592.01
5371,9290913772,199.00,2011,USSD,2026-04-26 07:32:00,SUCCESS,723.34
5372,9840608577,118.63,2018,Bank Portal,2025-08-14 23:56:00,SUCCESS,1979.02
5373,9785090735,899.00,2018,USSD,2025-08-29 21:23:00,SUCCESS,1780.05
5374,9589109415,863.03,2006,App,2025-10-19 00:07:00,SUCCESS,1066.17
5375,9345866103,799.00,2005,Bank Portal,2025-12-05 11:41:00,FAILED,124.51
5376,9924300529,899.00,2018,Online,2026-01-11 01:52:00,SUCCESS,974.09
5377,9330836010,99.00,2023,Online,2025-11-11 04:12:00,SUCCESS,416.99
5378,9356702006,699.00,2021,Retailer,2025-11-17 02:37:00,SUCCESS,1096.81
5379,9973773443,649.00,2019,Bank Portal,2025-12-10 04:38:00,SUCCESS,843.00
5380,9045818325,399.00,2006,Retailer,2026-07-27 12:07:00,FAILED,164.43
5381,9983356172,849.00,2022,App,2026-06-29 07:50:00,PENDING,516.98
5382,9746640394,412.10,2019,Online,2025-12-22 09:22:00,SUCCESS,1586.66
5383,9660714080,949.00,2013,Bank Portal,2026-04-06 17:45:00,SUCCESS,1050.62
5384,9137483789,649.00,2019,Retailer,2026-03-29 21:54:00,FAILED,1140.77
5385,9968180957,479.00,2024,Bank Portal,2026-07-26 14:59:00,SUCCESS,1803.57
5386,9064836134,299.00,2020,Retailer,2026-07-31 14:11:00,SUCCESS,382.98
5387,9456057502,899.00,2016,USSD,2025-08-12 02:56:00,SUCCESS,955.44
5388,9662330633,249.00,2014,,2026-07-29 09:51:00,SUCCESS,262.43
5389,9273823732,849.00,2022,Online,2025-10-14 06:40:00,SUCCESS,912.61
5390,9509668614,179.00,2012,Bank Portal,2026-07-31 21:40:00,SUCCESS,272.32
5391,9230294719,849.00,2022,Retailer,2025-10-03 10:49:00,SUCCESS,1026.34
5392,9282199008,249.00,2014,App,2026-01-20 04:42:00,SUCCESS,283.09
5393,9426601811,179.00,2012,USSD,2026-01-23 23:06:00,FAILED,80.07
5394,9770888384,799.00,2005,App,2026-01-28 07:42:00,SUCCESS,878.02
5395,9402265113,949.00,2013,Retailer,2025-12-29 06:27:00,SUCCESS,954.09
5396,9732154473,479.00,2024,USSD,2025-09-02 01:44:00,SUCCESS,733.68
5397,9407553646,179.00,2008,App,2025-11-09 22:59:00,SUCCESS,279.26
5398,9614023148,199.00,2004,Bank Portal,2026-07-26 03:58:00,PENDING,355.23
5399,9595960872,899.00,2016,Bank Portal,2025-08-17 19:37:00,SUCCESS,1016.50
5400,9492459494,973.65,2008,USSD,2026-02-14 17:19:00,SUCCESS,1131.74
5401,9308834099,179.00,2008,USSD,2025-10-31 01:22:00,SUCCESS,1375.72
5402,9686984591,706.81,2010,USSD,2026-03-24 05:23:00,SUCCESS,774.73
5403,9005140457,649.00,2019,App,2026-04-29 17:45:00,SUCCESS,802.44
5404,9439779851,263.34,2010,USSD,2026-05-08 14:57:00,SUCCESS,447.40
5405,9740122199,299.00,2020,Retailer,2026-01-24 05:40:00,SUCCESS,478.43
5406,9848695986,849.00,2022,USSD,2026-07-04 04:16:00,SUCCESS,849.83
5407,9635739998,849.00,2015,Online,2026-05-20 06:07:00,REFUNDED,53.51
5408,9567082556,406.57,2002,Online,2026-07-12 17:21:00,SUCCESS,680.77
5409,9454072380,75.77,2014,USSD,2025-11-25 02:38:00,SUCCESS,232.69
5410,9941173721,464.23,2013,USSD,2026-05-30 12:52:00,SUCCESS,1416.97
5411,9123505302,2999.00,2025,USSD,2025-10-11 22:28:00,SUCCESS,3630.45
5412,9001622884,179.00,2008,USSD,2026-01-29 10:58:00,SUCCESS,289.41
5413,9470202262,899.00,2018,Online,2025-11-27 06:28:00,SUCCESS,1226.56
5414,9066393064,375.29,2010,Online,2026-06-21 00:05:00,SUCCESS,707.55
5415,9394201342,399.00,2007,Bank Portal,2025-12-17 20:35:00,SUCCESS,555.84
5416,9650566117,99.00,2023,Retailer,2026-01-17 19:28:00,SUCCESS,1213.84
5417,9398299414,499.00,2001,Bank Portal,2025-12-03 16:34:00,SUCCESS,2050.68
5418,9735981530,723.71,2010,USSD,2025-08-19 22:11:00,SUCCESS,888.36
5419,9656701006,372.86,2002,USSD,2025-08-12 12:00:00,SUCCESS,1207.01
5420,9197343538,799.00,2005,Online,2026-05-31 07:37:00,SUCCESS,842.06
5421,9569679306,899.00,2018,USSD,2025-09-21 05:48:00,PENDING,98.12
5422,9675186493,740.14,2014,Bank Portal,2026-04-21 00:42:00,SUCCESS,877.89
5423,9017498386,665.52,2012,,2025-08-19 08:38:00,SUCCESS,746.82
5424,9230345583,299.00,2020,Retailer,2026-01-29 03:55:00,SUCCESS,595.44
5425,9821490395,145.24,2025,Retailer,2026-08-01 02:44:00,SUCCESS,306.70
5426,9728547586,199.00,2011,App,2026-06-13 07:44:00,SUCCESS,237.73
5427,9355426056,199.00,2004,Bank Portal,2026-01-07 01:39:00,SUCCESS,1341.23
5428,9085933854,99.00,2023,Online,2026-01-12 18:33:00,FAILED,953.87
5429,9558663876,899.00,2016,Bank Portal,2026-08-02 12:05:00,SUCCESS,1162.46
5430,9798260963,249.00,2014,App,2025-08-21 04:19:00,FAILED,900.00
5431,9812313324,899.00,2018,USSD,2026-01-23 09:03:00,FAILED,111.32
5432,9045818325,358.51,2007,USSD,2025-11-27 03:10:00,SUCCESS,522.94
5433,9462786865,99.00,2023,Bank Portal,2026-02-13 03:41:00,SUCCESS,186.87
5434,9346344849,179.00,2009,App,2026-02-17 09:14:00,FAILED,77.91
5435,9593991237,649.00,2019,USSD,2025-10-10 06:13:00,SUCCESS,693.20
5436,9713148308,88.92,2025,Bank Portal,2025-11-24 02:21:00,SUCCESS,221.01
5437,9725756966,399.00,2007,Online,2026-04-30 03:38:00,SUCCESS,1419.95
5438,9355426056,479.00,2024,Bank Portal,2026-07-19 17:37:00,SUCCESS,1820.23
5439,9647547109,949.00,2013,Retailer,2025-08-28 18:13:00,SUCCESS,1010.91
5440,9778723545,149.00,2002,USSD,2026-04-13 10:58:00,SUCCESS,274.35
5441,9411479425,149.00,2002,,2026-04-28 12:30:00,SUCCESS,310.85
5442,9647663949,199.00,2004,USSD,2026-08-01 14:32:00,SUCCESS,375.43
5443,9517862781,227.19,2009,Retailer,2026-03-31 02:30:00,SUCCESS,392.01
5444,9808360600,299.00,2020,Bank Portal,2026-07-19 08:20:00,SUCCESS,1121.48
5445,9977358205,949.00,2010,,2026-04-16 10:05:00,SUCCESS,1101.14
5446,9083313677,2999.00,2025,Online,2026-03-17 19:14:00,SUCCESS,3170.55
5447,9258836568,179.00,2012,App,2026-07-21 20:38:00,SUCCESS,3532.07
5448,9858401300,399.00,2006,USSD,2026-07-24 00:00:00,SUCCESS,885.47
5449,9025077405,649.00,2019,App,2025-11-13 21:04:00,SUCCESS,1056.45
5450,9796524099,239.00,2017,USSD,2025-10-07 09:50:00,SUCCESS,360.23
5451,9207627540,399.00,2006,Bank Portal,2026-06-18 09:09:00,SUCCESS,1502.38
5452,9444933349,179.00,2008,USSD,2025-10-23 04:52:00,SUCCESS,335.12
5453,9643945620,899.00,2018,App,2026-06-24 23:13:00,SUCCESS,1146.66
5454,9135110188,949.00,2010,Bank Portal,2026-03-27 10:21:00,SUCCESS,1521.77
5455,9764666274,179.00,2008,App,2026-01-14 05:43:00,SUCCESS,198.95
5456,9085867261,849.00,2022,Online,2025-10-09 13:21:00,SUCCESS,943.42
5457,9300779320,949.00,2013,App,2026-01-22 01:02:00,SUCCESS,1023.42
5458,9537525786,2999.00,2025,Retailer,2026-02-20 15:05:00,SUCCESS,3072.68
5459,9619471980,199.00,2004,Retailer,2025-09-14 15:00:00,SUCCESS,231.72
5460,9679838478,199.00,2011,USSD,2026-01-12 16:47:00,SUCCESS,236.63
5461,9142975699,479.00,2024,Online,2026-04-08 20:54:00,SUCCESS,544.22
5462,9446331140,249.00,2014,,2026-04-19 21:42:00,SUCCESS,740.91
5463,9982365921,106.24,2002,Online,2026-06-22 21:03:00,SUCCESS,817.40
5464,9720847062,949.00,2010,Bank Portal,2025-12-10 09:35:00,SUCCESS,1245.95
5465,9518412782,399.00,2007,USSD,2025-08-09 18:31:00,SUCCESS,407.88
5466,9804183422,149.00,2003,Bank Portal,2026-07-13 20:39:00,REFUNDED,125.08
5467,9081824058,655.85,2004,USSD,2026-01-29 09:52:00,SUCCESS,679.98
5468,9734254067,239.00,2017,App,2026-07-10 14:44:00,SUCCESS,392.28
5469,9107589153,423.15,2005,Retailer,2025-12-26 15:54:00,SUCCESS,490.30
5470,9855642368,717.63,2006,Retailer,2025-10-11 12:50:00,SUCCESS,798.65
5471,9479872818,199.00,2011,Bank Portal,2026-06-15 06:33:00,SUCCESS,292.26
5472,9930876997,199.00,2011,USSD,2025-10-13 06:32:00,SUCCESS,768.02
5473,9313678796,499.00,2001,Retailer,2026-07-25 13:40:00,SUCCESS,675.25
5474,9234581156,899.00,2018,USSD,2026-05-07 18:33:00,FAILED,115.51
5475,9995400649,899.00,2016,App,2026-07-15 10:34:00,FAILED,69.41
5476,9568124974,479.00,2024,,2026-03-11 09:58:00,SUCCESS,548.51
5477,9396394684,503.91,2018,USSD,2025-12-16 06:00:00,FAILED,150.57
5478,9233660103,2999.00,2025,,2026-05-18 14:43:00,SUCCESS,3526.17
5479,9720507464,917.65,2023,Bank Portal,2026-02-01 11:30:00,SUCCESS,2076.67
5480,9114380351,179.00,2008,,2026-03-02 02:30:00,SUCCESS,981.44
5481,9880895118,199.00,2004,App,2026-03-13 10:45:00,SUCCESS,752.49
5482,9001622884,179.00,2012,USSD,2026-04-13 22:39:00,SUCCESS,468.41
5483,9956547471,899.00,2016,Retailer,2026-02-20 10:37:00,FAILED,36.36
5484,9027649972,179.00,2012,App,2026-03-08 17:58:00,SUCCESS,355.03
5485,9732019683,149.00,2003,App,2026-06-27 13:20:00,SUCCESS,596.54
5486,9136712602,699.00,2021,Online,2025-09-11 10:06:00,REFUNDED,213.13
5487,9457517519,149.00,2003,Retailer,2026-03-18 05:32:00,FAILED,51.42
5488,9460290468,543.36,2018,Bank Portal,2025-11-25 15:44:00,SUCCESS,822.09
5489,9858401300,179.00,2008,Online,2025-10-17 07:18:00,SUCCESS,1064.47
5490,9272200392,400.77,2002,App,2026-07-18 08:49:00,SUCCESS,510.76
5491,9235523264,199.00,2011,Online,2025-11-10 23:59:00,SUCCESS,235.54
5492,9480293802,849.00,2022,App,2026-07-20 04:07:00,SUCCESS,1181.99
5493,9596576052,899.00,2016,Retailer,2026-04-11 21:37:00,SUCCESS,1580.33
5494,9490502993,249.00,2014,Retailer,2025-12-27 13:49:00,SUCCESS,417.52
5495,9408224445,849.00,2022,Online,2025-12-29 10:11:00,SUCCESS,1781.05
5496,9319295201,179.00,2008,Retailer,2026-02-03 04:03:00,SUCCESS,722.83
5497,9815290082,699.00,2021,Bank Portal,2025-12-21 03:28:00,SUCCESS,1703.24
5498,9338926063,179.00,2009,,2026-04-11 00:01:00,FAILED,181.13
5499,9962578410,699.00,2021,USSD,2026-03-11 00:48:00,SUCCESS,873.23
5500,9310444428,99.00,2023,Bank Portal,2026-06-27 04:45:00,SUCCESS,1004.15
5501,9153954593,899.00,2018,App,2026-05-11 01:03:00,SUCCESS,985.08
5502,9113352689,899.00,2016,Online,2026-02-25 11:38:00,SUCCESS,1112.96
5503,9912890254,649.00,2019,Retailer,2026-06-04 16:12:00,SUCCESS,747.66
5504,9197343538,949.00,2013,USSD,2025-10-29 23:49:00,SUCCESS,1791.06
5505,9989560037,849.00,2022,Retailer,2026-06-18 14:18:00,SUCCESS,997.57
5506,9248883849,399.00,2007,Bank Portal,2026-02-22 05:37:00,SUCCESS,597.56
5507,9861951594,179.00,2009,Bank Portal,2026-01-09 04:01:00,SUCCESS,350.98
5508,9538448491,521.02,2012,Retailer,2025-08-31 21:11:00,SUCCESS,610.02
5509,9637296958,699.00,2021,Bank Portal,2026-04-08 21:42:00,SUCCESS,742.68
5510,9914544297,199.00,2011,App,2026-01-12 01:05:00,SUCCESS,1036.17
5511,9272337351,949.00,2013,Online,2025-08-14 03:03:00,SUCCESS,981.39
5512,9725946595,539.96,2005,Retailer,2025-10-01 03:01:00,SUCCESS,819.61
5513,9678936110,52.56,2018,Bank Portal,2026-04-07 12:36:00,SUCCESS,117.02
5514,9912678197,2999.00,2025,Online,2025-10-17 11:20:00,SUCCESS,3133.42
5515,9448815190,949.00,2010,Online,2025-10-15 16:44:00,SUCCESS,1078.72
5516,9307506639,149.00,2002,,2025-11-12 13:04:00,SUCCESS,288.96
5517,9375376181,299.00,2020,App,2026-08-08 06:46:00,SUCCESS,332.61
5518,9686340799,179.00,2012,Online,2026-01-11 20:09:00,SUCCESS,181.24
5519,9446339874,128.01,2017,Retailer,2026-02-13 18:54:00,FAILED,53.40
5520,9342525005,479.00,2024,Retailer,2026-01-18 00:33:00,SUCCESS,721.79
5521,9148791684,649.00,2019,Bank Portal,2026-01-16 05:05:00,SUCCESS,724.38
5522,9446331140,239.00,2017,Online,2026-06-10 20:33:00,SUCCESS,979.91
5523,9342525005,239.00,2017,App,2025-12-16 15:48:00,SUCCESS,960.79
5524,9830485236,199.00,2004,Online,2026-07-30 19:39:00,SUCCESS,449.49
5525,9832630587,32.31,2023,Online,2025-11-17 20:14:00,SUCCESS,65.93
5526,9072334986,499.00,2001,Retailer,2025-11-01 23:48:00,SUCCESS,1943.51
5527,9456227804,2999.00,2025,Bank Portal,2026-05-11 09:46:00,SUCCESS,4352.36
5528,9866771832,199.00,2004,Online,2026-04-23 19:45:00,SUCCESS,509.96
5529,9439819280,149.00,2003,Bank Portal,2026-07-18 09:39:00,SUCCESS,223.69
5530,9608818002,179.00,2008,Bank Portal,2026-07-24 00:08:00,SUCCESS,879.11
5531,9627345231,179.00,2008,Bank Portal,2025-12-17 04:50:00,REFUNDED,914.07
5532,9873460889,499.00,2001,App,2026-02-23 19:30:00,SUCCESS,540.42
5533,9248682153,899.00,2018,App,2025-12-10 16:32:00,SUCCESS,1075.13
5534,9816667374,249.00,2014,Online,2026-01-10 12:02:00,SUCCESS,306.96
5535,9835472713,699.00,2021,USSD,2026-01-03 23:54:00,FAILED,126.91
5536,9434669687,399.00,2007,USSD,2026-06-12 17:53:00,FAILED,1564.66
5537,9843341034,199.00,2011,Online,2025-09-28 12:28:00,SUCCESS,1217.80
5538,9908680706,179.00,2012,App,2026-07-12 05:20:00,FAILED,631.37
5539,9077070593,239.00,2017,Bank Portal,2026-03-03 22:54:00,SUCCESS,261.69
5540,9545111208,338.06,2008,Online,2025-08-21 13:33:00,SUCCESS,482.42
5541,9234135465,149.00,2002,Bank Portal,2026-03-24 08:40:00,SUCCESS,244.93
5542,9126973951,178.07,2025,USSD,2025-10-20 20:10:00,SUCCESS,372.53
5543,9906013754,199.00,2011,Online,2026-01-09 18:53:00,SUCCESS,357.54
5544,9689247721,949.00,2013,USSD,2026-04-10 19:32:00,SUCCESS,1100.82
5545,9885021510,499.00,2001,Bank Portal,2026-05-01 10:06:00,PENDING,137.45
5546,9701633338,179.00,2009,Retailer,2026-01-22 08:53:00,SUCCESS,326.20
5547,9441625786,199.00,2011,App,2025-09-08 10:12:00,SUCCESS,1026.37
5548,9978319834,399.00,2007,Online,2025-08-28 07:38:00,SUCCESS,456.20
5549,9924743850,2999.00,2025,Online,2025-09-08 17:15:00,SUCCESS,3002.05
5550,9925020665,149.00,2002,App,2025-12-26 13:32:00,SUCCESS,477.51
5551,9060279524,849.00,2015,USSD,2026-06-09 20:04:00,SUCCESS,864.46
5552,9263929473,2999.00,2025,,2025-12-04 22:15:00,SUCCESS,4408.53
5553,9900785731,849.00,2015,USSD,2026-06-30 00:36:00,PENDING,145.44
5554,9517979820,895.46,2010,Online,2026-07-02 09:36:00,SUCCESS,1035.20
5555,9086302430,399.00,2007,USSD,2026-07-07 23:33:00,SUCCESS,446.78
5556,9234135465,199.00,2011,Online,2026-02-06 20:04:00,SUCCESS,443.93
5557,9836552200,134.10,2001,Bank Portal,2026-01-25 16:38:00,SUCCESS,1095.28
5558,9325737452,99.00,2023,App,2026-03-12 08:08:00,SUCCESS,879.47
5559,9611966675,2999.00,2025,App,2026-06-05 01:44:00,PENDING,132.75
5560,9252576787,899.00,2018,Retailer,2026-01-09 23:06:00,SUCCESS,1794.03
5561,9090559534,699.00,2021,USSD,2026-07-28 06:54:00,SUCCESS,814.04
5562,9860642466,479.00,2024,Online,2025-09-14 21:19:00,SUCCESS,3853.78
5563,9320578433,99.00,2023,USSD,2026-01-05 12:02:00,SUCCESS,1503.52
5564,9472560051,173.06,2020,Bank Portal,2025-09-19 13:57:00,SUCCESS,791.35
5565,9260090340,399.00,2006,Bank Portal,2025-10-05 11:03:00,SUCCESS,547.75
5566,9717212766,399.00,2007,Retailer,2025-10-11 14:40:00,SUCCESS,619.31
5567,9307616997,899.00,2018,,2026-05-13 05:16:00,SUCCESS,978.73
5568,9312938340,949.00,2013,Retailer,2026-05-19 08:16:00,SUCCESS,1942.92
5569,9045768958,838.61,2007,USSD,2026-08-04 13:37:00,SUCCESS,2645.18
5570,9319295201,849.00,2015,Retailer,2025-10-01 00:32:00,SUCCESS,1571.83
5571,9622843019,179.00,2008,USSD,2025-11-24 10:48:00,FAILED,1252.14
5572,9734254067,499.00,2001,USSD,2026-06-08 06:13:00,SUCCESS,891.28
5573,9026026861,299.00,2020,USSD,2025-08-18 13:59:00,SUCCESS,366.60
5574,9397391615,299.00,2020,USSD,2025-12-12 16:25:00,SUCCESS,450.34
5575,9852064349,179.00,2009,Online,2026-07-23 08:44:00,SUCCESS,302.18
5576,9814744697,673.36,2009,Bank Portal,2026-01-23 15:09:00,SUCCESS,916.00
5577,9353531213,699.00,2021,Online,2026-07-04 00:15:00,SUCCESS,1781.69
5578,9711526064,899.00,2016,Bank Portal,2025-08-28 12:10:00,SUCCESS,984.16
5579,9076511358,2999.00,2025,Retailer,2026-05-08 14:17:00,SUCCESS,3347.06
5580,9297583812,501.33,2001,Bank Portal,2026-01-01 17:44:00,SUCCESS,1327.12
5581,9074096260,699.00,2021,USSD,2026-03-29 16:51:00,SUCCESS,2608.42
5582,9947492471,290.03,2018,App,2026-03-27 09:50:00,SUCCESS,324.04
5583,9996027488,499.00,2001,App,2026-08-07 07:17:00,SUCCESS,518.53
5584,9377309012,479.00,2024,App,2026-06-27 17:50:00,SUCCESS,1438.22
5585,9989677763,940.02,2002,USSD,2025-11-10 23:34:00,SUCCESS,1526.66
5586,9826607330,179.00,2008,Retailer,2026-07-01 22:56:00,FAILED,232.40
5587,9993713915,179.00,2009,App,2025-09-12 05:40:00,SUCCESS,250.39
5588,9086091750,511.36,2005,Retailer,2025-11-15 02:48:00,SUCCESS,1424.94
5589,9309119050,524.36,2016,Retailer,2026-06-20 19:03:00,SUCCESS,698.16
5590,9341956658,299.00,2020,,2026-01-22 22:22:00,SUCCESS,641.46
5591,9217844289,929.95,2014,App,2026-06-03 22:14:00,SUCCESS,1043.04
5592,9907924082,287.64,2009,Bank Portal,2026-06-26 10:27:00,SUCCESS,1779.69
5593,9023427973,833.00,2010,App,2025-09-07 21:37:00,SUCCESS,898.89
5594,9645469135,179.00,2009,Retailer,2025-08-11 19:51:00,FAILED,316.96
5595,9316729329,849.00,2022,Online,2026-07-27 08:17:00,SUCCESS,899.41
5596,9498400235,949.00,2010,App,2026-03-09 14:54:00,SUCCESS,1462.45
5597,9826607330,783.14,2003,Retailer,2026-04-18 22:25:00,SUCCESS,1015.54
5598,9502424314,226.79,2007,Retailer,2026-01-05 10:11:00,SUCCESS,480.70
5599,9008562293,179.00,2012,Retailer,2025-11-27 01:23:00,SUCCESS,276.07
5600,9671868299,799.00,2005,Online,2026-06-27 08:17:00,SUCCESS,4314.30
5601,9303395247,2999.00,2025,USSD,2025-12-22 09:24:00,PENDING,42.35
5602,9394201342,239.00,2017,Bank Portal,2025-10-06 08:30:00,SUCCESS,794.84
5603,9610048563,399.00,2006,Bank Portal,2025-09-27 07:16:00,SUCCESS,1246.14
5604,9399892965,949.00,2013,,2026-05-01 09:51:00,SUCCESS,1122.85
5605,9283317877,179.00,2012,Bank Portal,2025-12-18 00:23:00,SUCCESS,858.87
5606,9001622884,499.00,2001,Retailer,2025-09-06 18:50:00,SUCCESS,967.41
5607,9277826289,949.00,2013,Retailer,2026-05-14 09:07:00,SUCCESS,1400.70
5608,9867842317,611.54,2012,Online,2026-01-24 03:32:00,SUCCESS,1490.10
5609,9709825566,149.00,2002,USSD,2026-07-30 10:59:00,SUCCESS,190.32
5610,9346344849,849.00,2022,Bank Portal,2025-11-08 08:27:00,PENDING,77.91
5611,9302150375,179.00,2012,Online,2025-10-02 06:16:00,PENDING,76.53
5612,9258124177,899.00,2016,Retailer,2025-09-08 06:02:00,SUCCESS,1092.30
5613,9846966750,899.00,2016,Online,2026-03-27 11:46:00,SUCCESS,1083.82
5614,9396197560,149.00,2003,USSD,2025-10-21 17:50:00,SUCCESS,201.85
5615,9829979612,239.00,2017,Bank Portal,2025-10-10 20:01:00,SUCCESS,559.33
5616,9117958992,179.00,2009,Online,2025-08-19 21:53:00,SUCCESS,594.23
5617,9377966414,849.00,2015,App,2026-08-07 12:19:00,SUCCESS,861.06
5618,9665891208,299.00,2020,USSD,2025-11-10 13:25:00,SUCCESS,676.01
5619,9601122096,899.00,2018,Bank Portal,2026-04-01 11:40:00,SUCCESS,1056.34
5620,9671388649,179.00,2009,USSD,2026-08-03 12:03:00,SUCCESS,630.71
5621,9405300991,333.99,2022,Online,2026-04-06 06:04:00,FAILED,1091.23
5622,9434013329,699.00,2021,Retailer,2025-12-02 05:15:00,SUCCESS,824.17
5623,9704440552,108.39,2015,Retailer,2025-10-04 18:49:00,SUCCESS,207.56
5624,9304916653,849.00,2022,Online,2025-11-01 16:15:00,SUCCESS,917.88
5625,9558642272,299.00,2020,Online,2025-10-14 08:49:00,SUCCESS,691.29
5626,9651772535,222.27,2006,Online,2026-06-27 17:13:00,SUCCESS,1563.87
5627,9867157154,149.00,2003,USSD,2026-06-15 08:15:00,SUCCESS,754.50
5628,9734389859,2999.00,2025,App,2026-03-25 12:01:00,PENDING,177.55
5629,9079626966,479.00,2024,Retailer,2025-11-27 09:37:00,SUCCESS,1559.67
5630,9308264635,179.00,2009,Bank Portal,2026-04-25 23:25:00,SUCCESS,210.22
5631,9608682904,399.00,2007,USSD,2026-07-11 15:12:00,SUCCESS,523.84
5632,9058903087,849.00,2022,App,2026-02-27 18:55:00,SUCCESS,1533.49
5633,9096455686,782.20,2019,,2025-08-12 18:04:00,SUCCESS,1164.17
5634,9397527837,483.36,2018,USSD,2026-03-15 21:26:00,SUCCESS,562.68
5635,9482533923,899.00,2016,Bank Portal,2026-04-25 02:33:00,SUCCESS,1813.26
5636,9096596402,177.08,2015,App,2026-03-14 13:30:00,SUCCESS,278.58
5637,9388371465,233.83,2012,App,2026-07-06 13:10:00,FAILED,96.04
5638,9463668576,149.00,2002,Retailer,2025-09-11 11:16:00,SUCCESS,331.03
5639,9874232179,299.00,2020,Bank Portal,2026-03-25 01:25:00,SUCCESS,396.70
5640,9219619093,649.00,2019,Retailer,2026-06-02 17:04:00,PENDING,81.86
5641,9171524016,899.00,2016,USSD,2025-12-04 16:54:00,SUCCESS,1853.29
5642,9867564868,179.00,2009,USSD,2026-06-08 09:18:00,FAILED,8.79
5643,9282199008,399.00,2007,Online,2026-07-12 15:13:00,PENDING,283.09
5644,9622843019,499.00,2001,Bank Portal,2026-01-16 06:51:00,FAILED,1252.14
5645,9773254753,199.00,2004,,2026-04-27 00:43:00,SUCCESS,707.01
5646,9660714080,179.00,2008,Retailer,2026-03-09 05:26:00,SUCCESS,1229.62
5647,9212701889,179.00,2008,Bank Portal,2025-11-06 10:54:00,SUCCESS,214.73
5648,9234782907,249.00,2014,USSD,2025-12-30 12:48:00,SUCCESS,1586.22
5649,9971399378,531.93,2009,Online,2025-10-11 05:15:00,SUCCESS,627.36
5650,9763845246,149.00,2002,,2025-10-21 10:45:00,FAILED,10.29
5651,9649096166,899.00,2016,App,2026-04-10 15:40:00,SUCCESS,1097.42
5652,9569679306,581.28,2016,App,2026-02-21 12:16:00,SUCCESS,679.40
5653,9908822016,899.00,2018,Retailer,2025-11-13 00:36:00,SUCCESS,2653.43
5654,9024774974,99.00,2023,Retailer,2026-01-27 18:37:00,SUCCESS,105.28
5655,9096455686,478.06,2021,USSD,2026-03-21 23:33:00,SUCCESS,1642.23
5656,9937930639,2999.00,2025,Online,2026-03-10 18:51:00,SUCCESS,3211.99
5657,9085933854,2999.00,2025,Retailer,2025-12-07 16:06:00,SUCCESS,3952.87
5658,9827284871,499.00,2001,App,2025-11-10 17:26:00,FAILED,395.29
5659,9784369393,499.00,2001,App,2026-03-30 03:00:00,SUCCESS,662.82
5660,9745363648,949.00,2013,Retailer,2026-07-21 19:46:00,SUCCESS,1032.34
5661,9811167262,99.00,2023,App,2025-12-26 01:53:00,SUCCESS,974.37
5662,9355749693,149.00,2003,Bank Portal,2025-11-02 19:50:00,SUCCESS,807.37
5663,9817708292,149.00,2002,Retailer,2025-09-27 17:14:00,FAILED,508.19
5664,9428780802,354.46,2016,,2026-01-20 22:27:00,SUCCESS,455.85
5665,9699381443,671.61,2022,Online,2025-11-19 12:23:00,SUCCESS,703.21
5666,9977358205,99.00,2023,Retailer,2026-01-07 23:56:00,FAILED,1101.14
5667,9447568567,649.00,2019,App,2025-11-25 19:12:00,SUCCESS,653.97
5668,9253025636,949.00,2010,App,2026-01-15 17:54:00,PENDING,117.68
5669,9448401668,479.00,2024,USSD,2026-07-10 17:26:00,SUCCESS,652.36
5670,9411188296,299.00,2020,App,2026-03-07 07:43:00,SUCCESS,1162.47
5671,9172158268,149.00,2003,Bank Portal,2026-08-04 10:44:00,SUCCESS,207.34
5672,9394201342,399.00,2007,App,2026-02-09 00:16:00,SUCCESS,1193.84
5673,9587968564,899.00,2016,USSD,2025-12-11 18:51:00,SUCCESS,1029.38
5674,9942935795,179.00,2009,USSD,2025-10-22 00:20:00,SUCCESS,270.50
5675,9724554396,779.93,2007,Online,2026-02-11 08:55:00,SUCCESS,953.84
5676,9429368734,805.67,2014,App,2025-09-18 23:50:00,SUCCESS,930.94
5677,9149498212,399.00,2007,Online,2025-08-28 04:21:00,SUCCESS,429.31
5678,9528445430,849.00,2015,App,2026-03-20 04:38:00,SUCCESS,1412.15
5679,9983654556,33.13,2022,Bank Portal,2026-02-13 06:22:00,SUCCESS,43.35
5680,9019733557,149.00,2003,USSD,2026-04-15 07:11:00,SUCCESS,239.93
5681,9678936110,179.00,2009,Online,2025-09-17 08:18:00,SUCCESS,296.02
5682,9547850454,99.00,2023,,2026-05-24 17:14:00,SUCCESS,1206.81
5683,9786128893,2999.00,2025,Retailer,2025-11-17 11:26:00,SUCCESS,3253.84
5684,9388371465,583.05,2020,Retailer,2025-12-30 00:20:00,SUCCESS,679.09
5685,9323301841,174.52,2007,Bank Portal,2026-04-04 18:24:00,SUCCESS,288.49
5686,9005122765,949.00,2013,,2025-10-08 03:20:00,FAILED,103.72
5687,9540043209,874.20,2022,USSD,2025-09-23 02:41:00,SUCCESS,978.95
5688,9342525005,149.00,2002,Online,2026-06-19 16:52:00,SUCCESS,1109.79
5689,9702967027,849.00,2015,USSD,2025-10-17 10:43:00,SUCCESS,1163.31
5690,9344975865,199.00,2004,USSD,2025-12-10 19:11:00,SUCCESS,934.31
5691,9812222875,668.36,2013,App,2025-09-18 21:57:00,SUCCESS,772.23
5692,9017627310,117.00,2011,Online,2026-02-13 16:33:00,SUCCESS,976.52
5693,9711559117,299.00,2020,,2025-09-03 03:30:00,SUCCESS,930.60
5694,9025017273,849.00,2022,App,2025-08-23 09:07:00,FAILED,900.65
5695,9529825744,165.33,2010,App,2025-12-20 17:00:00,SUCCESS,352.93
5696,9476792837,479.00,2024,App,2025-08-24 11:32:00,SUCCESS,1911.00
5697,9658225449,899.00,2018,Bank Portal,2026-01-17 05:13:00,SUCCESS,1072.47
5698,9088506003,299.00,2020,USSD,2026-08-02 22:13:00,SUCCESS,381.19
5699,9395364898,299.00,2020,USSD,2026-04-12 06:56:00,SUCCESS,1881.05
5700,9427582923,849.00,2022,Retailer,2026-02-25 03:28:00,SUCCESS,1257.05
5701,9758412604,649.00,2019,Retailer,2025-08-11 15:38:00,SUCCESS,673.22
5702,9711635050,799.00,2005,USSD,2026-05-08 01:21:00,SUCCESS,963.23
5703,9829595142,849.00,2015,Retailer,2026-05-25 23:24:00,SUCCESS,861.15
5704,9504867370,799.00,2005,App,2026-04-30 10:44:00,SUCCESS,905.11
5705,9704644560,899.00,2018,App,2025-12-15 02:07:00,SUCCESS,975.52
5706,9300890484,149.00,2002,App,2025-09-12 23:57:00,SUCCESS,1247.04
5707,9219509211,199.00,2011,App,2026-06-01 11:29:00,SUCCESS,218.48
5708,9123505302,239.00,2017,USSD,2026-05-01 05:38:00,FAILED,3630.45
5709,9219531810,479.00,2024,App,2025-08-18 07:40:00,FAILED,512.25
5710,9131833841,649.00,2019,Online,2025-12-23 13:39:00,SUCCESS,717.62
5711,9961535300,149.00,2002,Bank Portal,2026-01-26 18:50:00,SUCCESS,1317.70
5712,9217846198,399.00,2006,USSD,2026-04-09 11:07:00,SUCCESS,478.71
5713,9370616912,179.00,2008,Retailer,2026-06-11 21:45:00,SUCCESS,594.48
5714,9135913801,399.00,2007,USSD,2026-03-30 15:38:00,SUCCESS,1170.24
5715,9660783488,99.00,2023,USSD,2025-12-18 04:28:00,FAILED,330.25
5716,9973773443,149.00,2003,Retailer,2026-05-03 19:23:00,SUCCESS,992.00
5717,9061212806,399.00,2006,App,2026-05-27 09:19:00,FAILED,816.18
5718,9059956673,149.00,2003,,2026-06-04 20:50:00,SUCCESS,992.48
5719,9042806619,2999.00,2025,App,2026-07-28 07:50:00,SUCCESS,3177.96
5720,9176460828,249.00,2014,Online,2025-10-12 16:22:00,SUCCESS,333.25
5721,9921469980,949.00,2010,USSD,2026-01-23 20:33:00,SUCCESS,959.92
5722,9852432804,949.00,2013,App,2026-02-07 07:17:00,SUCCESS,964.33
5723,9962269025,899.00,2018,USSD,2025-11-11 18:22:00,SUCCESS,1029.88
5724,9836552200,149.00,2002,USSD,2025-11-03 06:29:00,SUCCESS,1244.28
5725,9519752703,703.16,2005,Online,2025-11-14 01:10:00,SUCCESS,707.95
5726,9823363987,249.00,2014,Bank Portal,2026-07-07 13:06:00,SUCCESS,351.04
5727,9538448491,949.00,2010,USSD,2025-09-11 17:49:00,SUCCESS,1559.02
5728,9621087961,179.00,2009,App,2026-03-15 20:45:00,SUCCESS,488.03
5729,9808360600,103.77,2007,Retailer,2026-04-29 22:31:00,SUCCESS,1225.25
5730,9213080579,32.37,2018,USSD,2026-05-23 06:34:00,SUCCESS,127.35
5731,9961535300,899.00,2016,Online,2026-06-19 20:58:00,SUCCESS,2216.70
5732,9131833841,249.00,2014,Bank Portal,2026-07-15 01:08:00,SUCCESS,966.62
5733,9787853361,699.00,2021,Retailer,2026-01-17 07:39:00,SUCCESS,859.35
5734,9874974724,110.59,2003,Retailer,2026-01-27 15:17:00,FAILED,424.75
5735,9070789348,399.00,2006,Retailer,2025-09-19 16:12:00,SUCCESS,1430.54
5736,9921469980,307.93,2022,USSD,2026-05-17 23:45:00,REFUNDED,959.92
5737,9506592288,949.00,2013,Retailer,2026-07-09 03:20:00,SUCCESS,1226.56
5738,9689351480,849.00,2022,App,2026-08-02 00:21:00,SUCCESS,1171.01
5739,9442627938,799.00,2005,Retailer,2026-07-12 12:42:00,SUCCESS,978.72
5740,9807008463,251.74,2020,Bank Portal,2025-10-12 09:58:00,FAILED,150.07
5741,9877032550,406.23,2005,App,2025-09-04 11:23:00,PENDING,193.92
5742,9752772693,149.00,2002,Online,2026-06-18 09:47:00,SUCCESS,315.92
5743,9863557208,949.00,2010,Online,2026-07-11 21:12:00,SUCCESS,2011.17
5744,9440265125,179.00,2008,USSD,2026-04-17 21:57:00,SUCCESS,1444.46
5745,9961240954,199.00,2011,App,2026-01-01 15:46:00,SUCCESS,321.89
5746,9806188014,2999.00,2025,App,2026-03-19 07:52:00,SUCCESS,3194.41
5747,9806192469,179.00,2009,Bank Portal,2025-09-04 06:41:00,FAILED,404.02
5748,9209238094,849.00,2015,Bank Portal,2025-10-15 04:30:00,SUCCESS,1011.91
5749,9616735243,399.00,2006,USSD,2025-08-31 12:31:00,SUCCESS,1351.62
5750,9333067701,263.72,2018,App,2026-01-30 14:31:00,SUCCESS,835.82
5751,9334442903,149.00,2003,Online,2025-12-29 05:35:00,SUCCESS,467.18
5752,9368609947,99.00,2023,USSD,2026-04-22 03:40:00,SUCCESS,722.75
5753,9569631128,949.00,2010,Bank Portal,2025-12-06 15:55:00,SUCCESS,1026.16
5754,9992699839,149.00,2002,USSD,2025-09-10 20:04:00,SUCCESS,157.14
5755,9970527161,239.00,2017,App,2025-09-25 07:38:00,FAILED,924.98
5756,9921469980,239.00,2017,Online,2026-04-03 03:31:00,FAILED,959.92
5757,9480285619,778.03,2013,App,2025-11-03 10:19:00,SUCCESS,938.57
5758,9791047505,580.26,2017,Retailer,2025-10-14 05:31:00,SUCCESS,737.16
5759,9594823692,849.00,2015,USSD,2025-11-22 21:03:00,SUCCESS,2950.29
5760,9496963502,179.00,2012,Online,2026-06-08 21:55:00,SUCCESS,206.63
5761,9254265243,249.00,2014,Bank Portal,2025-09-24 13:49:00,SUCCESS,1299.44
5762,9403851673,949.00,2013,Bank Portal,2026-06-05 15:02:00,SUCCESS,1143.96
5763,9612196177,679.79,2001,Retailer,2026-01-18 04:47:00,SUCCESS,1737.02
5764,9399502473,179.00,2008,Retailer,2025-11-30 23:49:00,SUCCESS,525.13
5765,9790798596,99.00,2023,Bank Portal,2026-04-09 14:39:00,SUCCESS,846.48
5766,9839192936,2999.00,2025,Bank Portal,2025-09-13 08:53:00,SUCCESS,3144.51
5767,9827284871,649.00,2019,Bank Portal,2026-04-09 18:34:00,SUCCESS,1044.29
5768,9262020684,199.00,2004,Bank Portal,2025-10-31 11:28:00,SUCCESS,320.21
5769,9094890871,649.00,2019,Bank Portal,2026-07-16 02:01:00,SUCCESS,687.67
5770,9336375767,23.63,2016,USSD,2026-02-25 03:19:00,SUCCESS,919.35
5771,9386304400,899.00,2018,USSD,2026-06-18 13:58:00,SUCCESS,1064.95
5772,9855264323,899.00,2018,Online,2025-09-02 17:00:00,SUCCESS,1781.85
5773,9042835025,199.00,2011,Online,2025-09-03 18:24:00,SUCCESS,501.43
5774,9199149452,799.00,2005,Retailer,2025-12-22 13:01:00,SUCCESS,834.03
5775,9926167789,199.00,2011,Bank Portal,2026-01-05 21:29:00,SUCCESS,267.28
5776,9614746957,395.26,2011,Bank Portal,2025-11-30 02:36:00,SUCCESS,882.25
5777,9753930809,249.00,2014,Bank Portal,2026-04-20 09:01:00,FAILED,35.32
5778,9092392355,849.00,2015,Retailer,2026-04-12 14:14:00,SUCCESS,1832.24
5779,9732154473,849.00,2022,Online,2025-10-03 15:43:00,SUCCESS,1582.68
5780,9440968565,849.00,2015,Online,2026-07-01 19:40:00,SUCCESS,859.36
5781,9891083617,505.67,2005,Online,2025-11-10 09:23:00,SUCCESS,653.44
5782,9812222875,2999.00,2025,Online,2025-10-26 22:18:00,SUCCESS,3771.23
5783,9697692022,499.00,2001,App,2025-12-07 09:56:00,SUCCESS,506.60
5784,9430007249,949.00,2013,Retailer,2026-03-27 14:07:00,SUCCESS,1139.77
5785,9517862781,199.00,2011,Bank Portal,2025-12-31 16:16:00,SUCCESS,591.01
5786,9503426153,949.00,2013,Online,2025-11-02 16:25:00,SUCCESS,1133.16
5787,9598580352,399.00,2007,App,2025-11-11 01:09:00,SUCCESS,1035.87
5788,9419423697,567.16,2021,USSD,2025-12-13 15:24:00,SUCCESS,574.85
5789,9343908179,239.00,2017,,2026-02-04 11:28:00,SUCCESS,458.99
5790,9957020920,399.00,2007,App,2026-07-29 01:00:00,REFUNDED,28.88
5791,9090559534,849.00,2022,Retailer,2025-11-01 21:38:00,SUCCESS,1663.04
5792,9686984591,699.00,2021,USSD,2026-03-08 10:37:00,SUCCESS,1473.73
5793,9263929473,113.56,2007,Bank Portal,2025-09-02 21:15:00,SUCCESS,4522.09
5794,9691333074,799.00,2005,Bank Portal,2025-09-18 10:24:00,SUCCESS,808.28
5795,9415190237,899.00,2016,Retailer,2025-10-20 16:34:00,SUCCESS,1046.50
5796,9155922083,849.00,2015,USSD,2026-07-29 20:55:00,SUCCESS,1778.34
5797,9380481498,479.00,2024,App,2026-07-19 20:33:00,SUCCESS,1958.04
5798,9942631623,299.00,2020,Online,2026-08-02 02:44:00,SUCCESS,365.41
5799,9873484372,699.00,2021,Online,2026-05-05 21:30:00,SUCCESS,1085.80
5800,9182374891,899.00,2016,,2026-03-06 00:54:00,SUCCESS,2046.52
5801,9207299322,889.64,2021,Retailer,2026-01-04 13:38:00,SUCCESS,2035.91
5802,9623285130,499.00,2001,Retailer,2026-02-14 01:26:00,SUCCESS,1278.47
5803,9756795583,399.00,2006,Retailer,2025-12-05 05:27:00,SUCCESS,578.68
5804,9830485236,179.00,2008,Bank Portal,2025-09-01 14:20:00,SUCCESS,628.49
5805,9451324357,899.00,2018,Retailer,2026-07-04 05:18:00,SUCCESS,1027.30
5806,9614422892,699.00,2021,Bank Portal,2026-05-24 12:26:00,SUCCESS,1342.73
5807,9326104172,409.62,2003,USSD,2025-11-27 18:50:00,SUCCESS,1430.02
5808,9411621277,149.00,2003,Bank Portal,2026-07-15 03:22:00,SUCCESS,191.18
5809,9726841518,899.00,2018,Online,2026-06-12 03:22:00,SUCCESS,1059.97
5810,9332553497,199.00,2004,Bank Portal,2026-04-05 05:07:00,SUCCESS,378.55
5811,9538448491,499.00,2001,Retailer,2025-09-12 15:18:00,SUCCESS,2058.02
5812,9878886536,649.00,2019,Bank Portal,2026-03-23 16:25:00,SUCCESS,751.26
5813,9763922676,99.00,2023,Bank Portal,2026-01-03 09:43:00,SUCCESS,3349.06
5814,9721469059,479.00,2024,App,2026-03-05 04:23:00,SUCCESS,1431.34
5815,9460290468,239.00,2017,USSD,2026-05-29 21:48:00,SUCCESS,1061.09
5816,9353531213,149.00,2003,Retailer,2026-06-09 02:09:00,SUCCESS,1930.69
5817,9968180957,417.33,2024,App,2025-11-01 21:09:00,SUCCESS,2220.90
5818,9920250453,949.00,2013,USSD,2026-07-02 04:33:00,SUCCESS,3950.21
5819,9795544732,849.00,2015,Bank Portal,2025-10-27 00:11:00,FAILED,1159.86
5820,9297583812,573.90,2020,Retailer,2025-10-31 11:28:00,SUCCESS,1901.02
5821,9875136909,149.00,2003,Online,2026-06-29 22:22:00,SUCCESS,195.86
5822,9907924082,149.00,2002,App,2026-06-02 07:04:00,SUCCESS,1928.69
5823,9415101321,199.00,2011,Retailer,2025-11-07 11:56:00,SUCCESS,270.15
5824,9519752703,499.00,2001,Retailer,2025-11-30 08:23:00,SUCCESS,1206.95
5825,9498400235,899.00,2018,,2025-11-23 22:10:00,SUCCESS,2361.45
5826,9890977992,723.87,2022,App,2026-08-06 22:43:00,SUCCESS,992.40
5827,9600718653,539.99,2009,Retailer,2025-09-01 23:24:00,SUCCESS,990.51
5828,9064354166,2999.00,2025,Bank Portal,2026-01-23 00:24:00,SUCCESS,3851.20
5829,9806188014,239.00,2017,Bank Portal,2026-02-26 11:45:00,SUCCESS,3433.41
5830,9852064349,907.23,2008,,2026-07-27 22:02:00,SUCCESS,1209.41
5831,9538388870,399.00,2007,Bank Portal,2026-04-05 20:59:00,FAILED,33.89
5832,9444039831,399.00,2007,App,2026-06-17 21:24:00,SUCCESS,752.14
5833,9323227777,199.00,2011,USSD,2025-08-21 10:44:00,SUCCESS,1907.73
5834,9809602579,499.00,2001,Online,2026-04-18 15:55:00,SUCCESS,501.03
5835,9984238513,740.24,2023,Retailer,2026-02-17 00:17:00,SUCCESS,1582.05
5836,9628422431,239.00,2017,Retailer,2025-09-09 10:12:00,SUCCESS,417.84
5837,9303403675,199.00,2004,Online,2026-04-17 00:36:00,REFUNDED,126.52
5838,9665334272,249.00,2014,Bank Portal,2025-12-24 08:51:00,SUCCESS,318.70
5839,9023427973,249.00,2014,App,2026-05-12 19:50:00,SUCCESS,1147.89
5840,9328879965,899.00,2016,Online,2025-08-16 06:36:00,SUCCESS,1835.79
5841,9259123143,899.00,2018,Retailer,2026-07-10 01:14:00,SUCCESS,1005.07
5842,9738680601,799.00,2005,Online,2026-05-05 22:10:00,SUCCESS,1780.39
5843,9470322610,199.00,2004,App,2026-06-29 14:46:00,SUCCESS,465.88
5844,9691364042,239.00,2017,App,2026-01-02 21:38:00,SUCCESS,414.95
5845,9861951594,645.54,2013,Online,2026-07-05 12:21:00,FAILED,350.98
5846,9526783920,899.00,2016,Bank Portal,2025-12-07 04:54:00,SUCCESS,1053.47
5847,9623666135,299.00,2020,Retailer,2025-12-02 12:26:00,SUCCESS,300.50
5848,9737347016,149.00,2002,Bank Portal,2026-02-10 21:51:00,SUCCESS,3235.88
5849,9659889840,479.00,2024,USSD,2026-01-24 11:01:00,SUCCESS,1511.65
5850,9021322936,479.00,2024,Retailer,2026-06-08 17:55:00,SUCCESS,489.11
5851,9012947379,949.00,2013,App,2026-01-09 18:05:00,SUCCESS,4394.11
5852,9240949925,239.00,2017,Bank Portal,2025-12-13 23:17:00,SUCCESS,388.03
5853,9894284201,649.00,2019,Bank Portal,2025-09-02 06:13:00,SUCCESS,972.78
5854,9670666235,899.00,2016,USSD,2026-06-28 01:27:00,SUCCESS,1443.58
5855,9557039032,699.00,2021,Online,2026-04-16 00:53:00,SUCCESS,804.61
5856,9559929500,199.00,2011,USSD,2026-02-17 10:19:00,SUCCESS,587.55
5857,9943606523,949.00,2013,Bank Portal,2026-04-19 09:55:00,SUCCESS,999.13
5858,9117958992,649.00,2019,USSD,2025-10-12 09:38:00,SUCCESS,1243.23
5859,9848469260,2999.00,2025,,2026-03-15 00:22:00,PENDING,72.41
5860,9806192469,479.00,2024,Bank Portal,2026-05-13 09:12:00,FAILED,404.02
5861,9970527161,499.00,2001,App,2025-08-31 03:53:00,FAILED,924.98
5862,9720814920,149.00,2002,Online,2026-05-27 21:52:00,SUCCESS,450.86
5863,9075886366,399.00,2006,Retailer,2025-10-17 11:23:00,SUCCESS,406.19
5864,9645143560,149.00,2003,Retailer,2025-10-04 00:56:00,SUCCESS,751.93
5865,9470202262,450.90,2021,Bank Portal,2026-04-21 02:27:00,FAILED,1226.56
5866,9840225052,239.00,2017,Bank Portal,2026-06-15 22:31:00,SUCCESS,688.60
5867,9072334986,179.00,2009,Bank Portal,2026-05-24 20:53:00,SUCCESS,2122.51
5868,9109226005,99.00,2023,Retailer,2025-09-16 05:06:00,SUCCESS,1078.68
5869,9239105152,758.07,2004,Online,2026-03-21 15:16:00,SUCCESS,803.24
5870,9426622487,2999.00,2025,Retailer,2026-06-19 02:23:00,SUCCESS,3342.11
5871,9587968564,949.00,2013,USSD,2025-12-22 21:24:00,SUCCESS,1978.38
5872,9706526412,899.00,2016,App,2026-07-21 00:07:00,SUCCESS,1175.95
5873,9086091750,499.00,2001,Retailer,2025-10-04 04:48:00,SUCCESS,1923.94
5874,9114353759,526.82,2006,,2025-12-16 01:07:00,SUCCESS,2583.34
5875,9303404257,949.00,2010,Online,2026-04-08 09:56:00,SUCCESS,1120.98
5876,9738777859,239.00,2017,,2025-12-13 15:48:00,PENDING,612.73
5877,9808360600,149.00,2002,Retailer,2025-09-15 03:25:00,SUCCESS,1374.25
5878,9568689382,849.00,2015,Bank Portal,2026-02-18 05:34:00,FAILED,805.44
5879,9249843308,2999.00,2025,,2025-11-04 14:17:00,SUCCESS,3049.19
5880,9370616912,99.00,2023,Bank Portal,2025-08-27 08:20:00,FAILED,594.48
5881,9027799141,179.00,2012,USSD,2025-11-11 14:19:00,SUCCESS,215.40
5882,9061874421,179.00,2009,Retailer,2026-01-11 03:30:00,SUCCESS,312.13
5883,9304916653,987.74,2011,App,2025-10-27 14:50:00,SUCCESS,1905.62
5884,9465114291,249.00,2014,Retailer,2026-05-26 17:33:00,SUCCESS,485.63
5885,9470322610,2999.00,2025,,2025-10-28 11:07:00,SUCCESS,3464.88
5886,9323301841,769.32,2017,Online,2026-02-22 08:53:00,SUCCESS,1057.81
5887,9795544732,949.00,2013,USSD,2025-09-30 17:56:00,SUCCESS,2108.86
5888,9514110424,404.28,2004,Online,2026-01-19 07:31:00,SUCCESS,953.23
5889,9647163979,542.77,2014,USSD,2026-07-09 05:32:00,SUCCESS,772.44
5890,9620370383,249.00,2014,App,2025-08-24 04:53:00,SUCCESS,402.14
5891,9482533923,179.00,2008,Online,2026-06-05 23:04:00,SUCCESS,1992.26
5892,9342525005,649.00,2019,USSD,2025-10-06 02:43:00,FAILED,1109.79
5893,9700118735,902.11,2013,USSD,2026-06-09 23:48:00,SUCCESS,1126.49
5894,9814703362,399.00,2006,USSD,2025-12-11 03:06:00,PENDING,176.64
5895,9626346064,949.00,2010,Online,2026-05-08 10:06:00,SUCCESS,2411.86
5896,9822818672,849.00,2022,USSD,2026-05-30 17:41:00,SUCCESS,949.13
5897,9092392355,849.00,2015,Online,2026-06-14 12:39:00,SUCCESS,2681.24
5898,9142975699,299.00,2020,App,2026-01-24 04:53:00,SUCCESS,843.22
5899,9332185537,299.00,2020,Bank Portal,2026-03-13 01:14:00,SUCCESS,384.51
5900,9837948417,399.00,2006,Retailer,2025-10-12 16:13:00,SUCCESS,555.16
5901,9436051192,2999.00,2025,Online,2026-02-12 04:43:00,SUCCESS,3000.19
5902,9322719953,499.00,2001,USSD,2026-02-22 12:03:00,SUCCESS,532.91
5903,9548536502,904.15,2001,Online,2026-02-22 21:28:00,SUCCESS,1060.50
5904,9419412817,849.00,2015,App,2025-10-06 09:16:00,REFUNDED,110.20
5905,9533435588,849.00,2015,Retailer,2026-07-18 23:27:00,SUCCESS,1134.17
5906,9232233025,499.00,2001,,2026-06-23 14:55:00,SUCCESS,1884.97
5907,9226658063,949.00,2010,App,2025-11-13 07:57:00,SUCCESS,1375.08
5908,9517979820,99.00,2023,USSD,2025-08-16 03:43:00,FAILED,1035.20
5909,9983356172,699.00,2021,Retailer,2026-01-11 04:43:00,FAILED,516.98
5910,9130522288,299.00,2020,USSD,2025-12-28 02:44:00,SUCCESS,614.96
5911,9270280541,399.00,2006,App,2026-05-27 10:01:00,SUCCESS,456.95
5912,9846966750,449.01,2003,Bank Portal,2025-10-30 06:31:00,FAILED,1083.82
5913,9706492763,399.00,2007,USSD,2026-06-19 12:25:00,SUCCESS,576.84
5914,9779978154,199.00,2004,App,2025-12-30 17:56:00,SUCCESS,327.78
5915,9667840434,499.00,2001,USSD,2025-12-11 01:15:00,SUCCESS,583.42
5916,9780561985,146.87,2004,Retailer,2025-11-13 02:42:00,SUCCESS,187.96
5917,9875416206,239.00,2017,USSD,2025-08-17 19:20:00,SUCCESS,303.72
5918,9971399378,937.73,2020,Bank Portal,2025-12-11 21:49:00,SUCCESS,1565.09
5919,9517979820,99.00,2023,Bank Portal,2025-09-11 01:50:00,SUCCESS,1134.20
5920,9339920239,799.00,2005,Retailer,2026-03-08 08:38:00,SUCCESS,1776.89
5921,9982365921,199.00,2011,USSD,2025-08-23 18:55:00,SUCCESS,1016.40
5922,9290913772,849.00,2015,Bank Portal,2026-06-16 20:53:00,PENDING,723.34
5923,9928984615,248.77,2008,USSD,2026-06-19 05:29:00,SUCCESS,344.67
5924,9650125733,299.00,2020,Retailer,2026-04-29 09:25:00,SUCCESS,1278.39
5925,9818784289,949.00,2013,Retailer,2026-02-07 22:34:00,SUCCESS,1027.95
5926,9891083617,149.00,2002,Online,2026-07-22 21:56:00,SUCCESS,802.44
5927,9148313134,33.15,2025,USSD,2026-03-27 16:17:00,SUCCESS,808.24
5928,9713148308,239.00,2017,Online,2025-09-05 20:49:00,SUCCESS,460.01
5929,9304916653,149.00,2002,App,2025-10-05 00:39:00,SUCCESS,2054.62
5930,9399502473,849.00,2022,Retailer,2025-10-23 05:48:00,SUCCESS,1374.13
5931,9194284817,949.00,2013,App,2025-10-31 14:12:00,SUCCESS,981.59
5932,9431144647,649.00,2019,Retailer,2026-01-13 23:33:00,SUCCESS,833.12
5933,9736384200,149.00,2002,USSD,2025-12-29 21:43:00,SUCCESS,346.28
5934,9419423697,179.00,2012,App,2025-10-04 11:59:00,SUCCESS,753.85
5935,9184298947,899.00,2018,Bank Portal,2026-04-11 10:52:00,FAILED,45.73
5936,9167460172,99.00,2023,App,2025-12-08 02:39:00,SUCCESS,191.03
5937,9361920692,181.04,2019,Bank Portal,2026-07-27 03:09:00,SUCCESS,1315.07
5938,9605619891,499.00,2001,App,2026-02-15 00:37:00,FAILED,204.91
5939,9782390064,649.00,2019,USSD,2025-09-21 02:10:00,SUCCESS,736.62
5940,9407553646,149.00,2003,App,2026-04-16 06:50:00,SUCCESS,428.26
5941,9609672328,899.00,2018,App,2025-11-02 10:57:00,SUCCESS,1077.29
5942,9706826673,849.00,2022,Bank Portal,2025-12-09 13:13:00,SUCCESS,874.53
5943,9439466067,949.00,2010,Bank Portal,2025-08-26 07:00:00,SUCCESS,1131.10
5944,9650125733,649.00,2019,USSD,2025-08-31 17:03:00,SUCCESS,1927.39
5945,9660783488,149.00,2003,Online,2025-09-02 17:40:00,SUCCESS,479.25
5946,9658056089,199.00,2011,USSD,2026-02-22 10:02:00,REFUNDED,374.92
5947,9230294719,649.00,2019,Bank Portal,2025-11-15 20:17:00,SUCCESS,1675.34
5948,9439819280,499.00,2001,Retailer,2026-07-23 07:01:00,SUCCESS,722.69
5949,9321284528,86.85,2012,USSD,2026-06-09 10:25:00,SUCCESS,932.25
5950,9101414184,479.00,2024,USSD,2025-11-13 12:53:00,SUCCESS,611.01
5951,9155023129,825.49,2006,USSD,2025-11-05 11:05:00,SUCCESS,955.10
5952,9233348615,479.00,2024,Retailer,2026-04-23 05:12:00,PENDING,179.56
5953,9268261094,299.00,2020,Bank Portal,2025-08-13 16:29:00,SUCCESS,312.49
5954,9428780802,699.00,2021,App,2026-01-28 19:40:00,SUCCESS,1154.85
5955,9008562293,649.00,2019,,2026-01-05 08:48:00,SUCCESS,925.07
5956,9890977992,899.00,2018,USSD,2026-02-01 06:08:00,SUCCESS,1891.40
5957,9808489015,699.00,2021,Bank Portal,2026-04-27 03:31:00,SUCCESS,858.24
5958,9357061332,239.00,2017,Online,2025-09-03 19:43:00,SUCCESS,762.50
5959,9740571075,754.05,2014,USSD,2025-10-30 14:12:00,SUCCESS,806.99
5960,9702967027,179.00,2008,Retailer,2025-08-30 13:45:00,SUCCESS,1342.31
5961,9536373493,479.00,2024,Online,2025-12-12 00:47:00,SUCCESS,1813.77
5962,9628422431,179.00,2008,Bank Portal,2026-02-16 10:54:00,SUCCESS,596.84
5963,9253995338,239.00,2017,USSD,2026-05-22 00:33:00,FAILED,82.43
5964,9773254753,199.00,2004,Bank Portal,2025-09-08 04:23:00,SUCCESS,906.01
5965,9100297432,199.00,2011,Bank Portal,2025-11-18 23:56:00,PENDING,392.57
5966,9323301841,199.00,2004,Online,2026-03-05 18:49:00,SUCCESS,1256.81
5967,9148653508,849.00,2015,Retailer,2026-07-14 18:49:00,FAILED,105.81
5968,9747624885,236.86,2006,App,2026-06-10 06:04:00,SUCCESS,1226.28
5969,9403044114,179.00,2012,Online,2026-04-29 21:48:00,SUCCESS,1141.33
5970,9390331285,399.00,2006,,2026-06-04 08:13:00,SUCCESS,570.48
5971,9686984591,849.00,2022,App,2025-10-24 20:26:00,SUCCESS,2322.73
5972,9250376333,149.00,2002,Bank Portal,2026-04-01 02:21:00,FAILED,190.60
5973,9003541961,22.97,2022,Bank Portal,2025-08-29 02:31:00,SUCCESS,903.07
5974,9074557127,479.00,2024,USSD,2025-09-01 15:28:00,SUCCESS,889.55
5975,9443693002,2999.00,2025,USSD,2026-07-26 07:44:00,SUCCESS,3074.43
5976,9912890254,2999.00,2025,Retailer,2025-10-22 19:09:00,SUCCESS,3746.66
5977,9660783488,179.00,2009,App,2025-10-25 08:11:00,SUCCESS,658.25
5978,9112558734,649.00,2019,Retailer,2026-01-28 06:52:00,FAILED,121.42
5979,9417746214,155.26,2010,USSD,2026-01-05 11:14:00,REFUNDED,96.45
5980,9061212806,99.00,2023,USSD,2026-02-25 07:07:00,SUCCESS,915.18
5981,9308834099,949.00,2013,App,2025-10-25 10:38:00,SUCCESS,2324.72
5982,9307517257,2999.00,2025,Online,2026-07-23 15:37:00,SUCCESS,3629.51
5983,9217846198,399.00,2007,App,2026-06-22 16:51:00,SUCCESS,877.71
5984,9971790799,299.00,2020,Bank Portal,2026-07-02 16:12:00,SUCCESS,1410.19
5985,9691727530,149.00,2002,Bank Portal,2026-03-21 20:09:00,SUCCESS,884.47
5986,9854610684,2999.00,2025,Bank Portal,2025-10-29 06:36:00,SUCCESS,3171.18
5987,9770888384,799.00,2005,App,2026-04-21 15:10:00,SUCCESS,1677.02
5988,9228698920,799.00,2005,Bank Portal,2025-08-20 06:52:00,SUCCESS,2516.75
5989,9833608043,249.00,2014,Retailer,2025-09-03 13:23:00,SUCCESS,305.35
5990,9705315132,356.91,2001,Bank Portal,2025-11-13 21:28:00,SUCCESS,1113.48
5991,9712497034,949.00,2013,Online,2025-09-27 14:37:00,SUCCESS,1752.88
5992,9602726764,179.00,2009,App,2026-06-17 05:52:00,SUCCESS,221.39
5993,9649997188,249.00,2014,Retailer,2026-03-02 15:39:00,SUCCESS,1083.65
5994,9268377603,899.00,2018,App,2026-04-05 00:30:00,FAILED,160.03
5995,9877697818,99.00,2023,App,2025-10-18 10:40:00,SUCCESS,282.53
5996,9207806858,949.00,2010,App,2025-11-24 11:19:00,SUCCESS,999.08
5997,9756795583,649.00,2019,App,2026-01-20 16:43:00,SUCCESS,1227.68
5998,9307506639,499.00,2001,Retailer,2025-11-24 13:48:00,SUCCESS,787.96
5999,9900201809,702.88,2004,Bank Portal,2025-12-14 19:29:00,SUCCESS,854.76
6000,9687032557,149.00,2002,Bank Portal,2026-01-21 22:05:00,SUCCESS,929.69
6001,9644345116,199.00,2011,Retailer,2026-01-22 07:52:00,SUCCESS,288.25
6002,9421861171,899.00,2016,USSD,2025-09-21 06:06:00,SUCCESS,1567.17
6003,9053069055,239.00,2017,Retailer,2026-02-07 13:03:00,SUCCESS,363.99
6004,9002256290,199.00,2004,Online,2026-05-11 13:47:00,FAILED,547.54
6005,9903072949,43.36,2012,Online,2026-06-16 21:46:00,SUCCESS,213.41
6006,9478093902,399.00,2007,Online,2026-04-20 14:29:00,SUCCESS,465.43
6007,9706492763,22.84,2016,USSD,2026-03-18 16:27:00,SUCCESS,599.68
6008,9036029635,476.99,2011,USSD,2026-06-27 05:58:00,SUCCESS,1346.95
6009,9454715894,849.00,2015,Online,2025-11-24 22:44:00,SUCCESS,973.18
6010,9573109165,649.00,2019,Online,2026-04-05 22:12:00,SUCCESS,794.01
6011,9857989753,249.00,2014,Bank Portal,2026-07-24 18:55:00,PENDING,491.28
6012,9503057115,899.00,2016,USSD,2026-02-05 21:33:00,SUCCESS,1001.90
6013,9912890254,849.00,2015,Retailer,2026-01-11 13:01:00,SUCCESS,4595.66
6014,9827224344,149.00,2002,Online,2026-06-10 13:27:00,SUCCESS,282.07
6015,9556156670,199.00,2004,USSD,2026-06-03 10:41:00,SUCCESS,384.09
6016,9866771832,194.77,2018,Online,2026-03-04 07:05:00,SUCCESS,704.73
6017,9236504333,899.00,2018,App,2026-06-30 21:37:00,SUCCESS,1189.26
6018,9877697818,376.52,2024,Retailer,2026-03-11 03:15:00,SUCCESS,659.05
6019,9148274783,655.73,2010,USSD,2026-07-05 01:51:00,SUCCESS,728.44
6020,9911426376,199.00,2011,USSD,2025-10-19 02:25:00,SUCCESS,245.66
6021,9519752703,745.62,2003,Retailer,2026-05-25 23:27:00,SUCCESS,1952.57
6022,9089693538,649.00,2019,App,2025-08-13 02:18:00,SUCCESS,668.46
6023,9262534628,799.00,2005,App,2026-06-25 12:42:00,SUCCESS,995.12
6024,9773254753,479.00,2024,,2026-06-08 03:17:00,SUCCESS,1385.01
6025,9096455686,821.46,2017,App,2025-10-31 10:13:00,SUCCESS,2463.69
6026,9886438998,699.00,2021,Online,2025-10-17 07:33:00,SUCCESS,1149.00
6027,9371549245,99.00,2023,App,2025-12-14 11:07:00,SUCCESS,1104.98
6028,9447568567,949.00,2010,App,2025-11-09 03:07:00,SUCCESS,1602.97
6029,9843341034,299.00,2020,Retailer,2026-02-07 06:49:00,SUCCESS,1516.80
6030,9926518136,499.70,2002,,2026-03-13 08:35:00,SUCCESS,2099.10
6031,9263945281,949.00,2010,Retailer,2025-11-03 17:15:00,SUCCESS,1175.58
6032,9681316924,99.00,2023,App,2026-02-13 22:00:00,PENDING,1845.85
6033,9153954593,699.00,2021,Bank Portal,2025-12-27 17:17:00,SUCCESS,1684.08
6034,9721758190,699.00,2021,App,2025-11-17 14:17:00,SUCCESS,1623.65
6035,9455033418,699.00,2021,Online,2026-01-03 22:13:00,SUCCESS,843.50
6036,9003541961,99.00,2023,App,2026-05-21 05:43:00,SUCCESS,1002.07
6037,9765021782,499.00,2001,Online,2026-03-19 21:13:00,SUCCESS,1041.81
6038,9602726764,399.00,2006,USSD,2026-02-09 17:41:00,SUCCESS,620.39
6039,9587920991,33.54,2016,Online,2026-01-31 09:01:00,FAILED,1619.26
6040,9791384703,399.00,2006,USSD,2025-11-21 12:32:00,SUCCESS,463.58
6041,9098505926,399.00,2007,Online,2026-07-03 20:00:00,SUCCESS,692.46
6042,9327980832,849.00,2022,Bank Portal,2025-11-06 03:50:00,SUCCESS,1003.31
6043,9460290468,773.85,2005,USSD,2026-01-27 23:43:00,SUCCESS,1834.94
6044,9498308937,199.00,2011,Online,2026-05-24 13:17:00,SUCCESS,246.18
6045,9538448491,499.00,2001,USSD,2026-02-22 13:40:00,SUCCESS,2557.02
6046,9081824058,399.00,2006,Online,2026-02-15 22:53:00,SUCCESS,1078.98
6047,9282199008,909.90,2009,App,2025-10-23 08:37:00,REFUNDED,283.09
6048,9729483133,699.00,2021,Online,2026-06-03 13:59:00,SUCCESS,1655.94
6049,9053076264,649.00,2019,Bank Portal,2025-10-10 12:32:00,SUCCESS,2521.99
6050,9906013754,899.00,2016,Bank Portal,2026-07-30 03:27:00,FAILED,357.54
6051,9387079174,2999.00,2025,App,2026-02-04 01:31:00,SUCCESS,3056.86
6052,9440774688,499.00,2001,USSD,2025-12-02 14:26:00,SUCCESS,679.65
6053,9042806619,279.85,2010,Retailer,2025-09-22 15:55:00,SUCCESS,3457.81
6054,9173360980,479.00,2024,Retailer,2025-10-24 16:40:00,SUCCESS,677.61
6055,9436818611,299.00,2020,USSD,2025-12-13 02:32:00,SUCCESS,988.01
6056,9532742948,399.00,2007,Bank Portal,2025-11-01 02:20:00,SUCCESS,548.40
6057,9027799141,179.00,2008,Bank Portal,2026-02-06 10:20:00,SUCCESS,394.40
6058,9175500265,99.00,2023,Retailer,2025-11-03 20:51:00,SUCCESS,147.04
6059,9009488118,169.37,2019,USSD,2026-05-01 09:50:00,SUCCESS,206.27
6060,9860866938,949.00,2010,Online,2025-08-31 08:27:00,SUCCESS,1074.14
6061,9043878021,399.00,2007,Retailer,2025-08-22 13:19:00,FAILED,447.37
6062,9559929500,249.00,2014,USSD,2025-10-26 06:50:00,SUCCESS,836.55
6063,9726423917,772.46,2016,App,2025-10-18 08:50:00,SUCCESS,1838.72
6064,9832630587,199.00,2011,,2026-05-16 18:29:00,SUCCESS,264.93
6065,9008562293,399.00,2007,Online,2026-05-22 03:16:00,SUCCESS,1324.07
6066,9740804790,989.45,2012,,2025-09-07 01:21:00,SUCCESS,1338.32
6067,9946822836,179.00,2012,USSD,2025-09-21 22:03:00,SUCCESS,1145.40
6068,9001662644,899.00,2018,Bank Portal,2026-07-02 07:01:00,SUCCESS,1094.16
6069,9191889111,179.00,2009,USSD,2025-09-17 21:49:00,SUCCESS,1139.53
6070,9814744697,179.00,2008,App,2026-07-02 10:01:00,REFUNDED,916.00
6071,9212701889,123.50,2005,Retailer,2025-11-06 15:55:00,SUCCESS,338.23
6072,9089693538,183.38,2004,Bank Portal,2026-08-02 07:23:00,SUCCESS,851.84
6073,9724554396,479.00,2024,Online,2026-07-10 13:47:00,SUCCESS,1432.84
6074,9012406996,179.00,2012,USSD,2026-06-20 14:49:00,SUCCESS,313.08
6075,9102989885,399.00,2006,USSD,2026-07-20 17:35:00,REFUNDED,1483.66
6076,9308945692,899.00,2018,App,2025-11-21 04:16:00,SUCCESS,1713.88
6077,9747835404,239.00,2017,Retailer,2026-01-23 11:52:00,SUCCESS,392.78
6078,9492976650,179.00,2009,App,2026-06-09 22:57:00,SUCCESS,201.43
6079,9880154142,249.00,2014,App,2026-02-11 08:16:00,SUCCESS,1060.82
6080,9796716218,899.00,2018,USSD,2026-04-13 11:35:00,SUCCESS,1640.01
6081,9377966414,986.79,2002,Retailer,2026-04-22 15:48:00,SUCCESS,1847.85
6082,9890726303,479.00,2024,App,2025-12-26 06:22:00,SUCCESS,654.16
6083,9859427242,568.18,2009,USSD,2025-09-21 11:33:00,SUCCESS,716.58
6084,9421841153,399.00,2007,App,2025-11-05 14:07:00,SUCCESS,429.28
6085,9730729979,511.35,2019,USSD,2026-06-26 01:24:00,PENDING,517.45
6086,9753930809,399.00,2006,App,2025-10-01 10:24:00,SUCCESS,434.32
6087,9444579035,249.00,2014,Retailer,2025-10-03 21:57:00,SUCCESS,285.36
6088,9017047397,849.00,2015,Online,2026-03-10 12:30:00,SUCCESS,898.76
6089,9843341034,427.83,2020,Online,2025-09-18 05:54:00,SUCCESS,1944.63
6090,9533729628,649.00,2019,USSD,2026-02-04 23:44:00,SUCCESS,1575.89
6091,9423299732,99.00,2023,Bank Portal,2026-05-04 03:15:00,SUCCESS,1317.94
6092,9222670368,179.00,2009,Retailer,2026-05-24 21:14:00,SUCCESS,323.74
6093,9679384794,822.28,2001,USSD,2026-07-11 04:40:00,SUCCESS,940.16
6094,9679384794,499.00,2001,USSD,2026-05-01 07:35:00,FAILED,940.16
6095,9030212975,949.00,2013,Online,2026-07-04 14:29:00,SUCCESS,1140.83
6096,9147719208,199.00,2004,Online,2026-02-20 19:02:00,SUCCESS,369.03
6097,9602551473,2999.00,2025,USSD,2025-10-07 01:19:00,SUCCESS,3057.86
6098,9987962847,899.00,2016,Online,2026-07-08 02:27:00,SUCCESS,1202.08
6099,9778723545,499.00,2001,Bank Portal,2025-11-26 22:04:00,SUCCESS,773.35
6100,9010950406,199.00,2004,Online,2026-02-04 21:06:00,REFUNDED,976.81
6101,9329607107,539.42,2024,USSD,2026-06-20 05:43:00,SUCCESS,1553.23
6102,9463892862,849.00,2015,Online,2025-08-30 04:36:00,SUCCESS,912.50
6103,9069298951,616.67,2017,Bank Portal,2026-07-23 14:57:00,SUCCESS,768.75
6104,9590605164,607.28,2015,Retailer,2025-10-11 09:28:00,SUCCESS,1402.07
6105,9321284528,399.00,2006,USSD,2026-05-19 04:54:00,SUCCESS,1331.25
6106,9234581156,479.00,2024,Online,2026-05-14 20:00:00,REFUNDED,115.51
6107,9725946196,899.00,2018,Bank Portal,2025-09-20 15:04:00,SUCCESS,1653.12
6108,9412028031,239.00,2017,Online,2026-05-01 19:35:00,PENDING,171.92
6109,9495006663,2999.00,2025,Retailer,2025-12-05 00:41:00,FAILED,140.33
6110,9181233002,499.00,2001,Retailer,2026-01-22 05:08:00,SUCCESS,1319.25
6111,9657662652,149.00,2003,USSD,2026-06-02 00:57:00,SUCCESS,171.83
6112,9595960872,675.86,2018,App,2026-05-17 19:32:00,SUCCESS,1692.36
6113,9232719194,179.00,2012,Online,2026-06-15 12:30:00,SUCCESS,3325.54
6114,9470547842,314.46,2018,Retailer,2026-02-22 04:07:00,SUCCESS,489.77
6115,9495375021,179.00,2008,Retailer,2026-04-30 12:16:00,SUCCESS,355.81
6116,9313231210,699.00,2021,USSD,2026-06-20 20:57:00,SUCCESS,765.58
6117,9037911462,975.74,2018,Retailer,2025-11-02 07:01:00,SUCCESS,1793.64
6118,9440774688,199.00,2004,,2026-02-09 21:11:00,SUCCESS,878.65
6119,9317348294,949.00,2013,USSD,2025-09-15 05:23:00,SUCCESS,1192.98
6120,9894317164,399.00,2007,Online,2025-12-20 09:40:00,SUCCESS,450.92
6121,9427753446,199.00,2011,Bank Portal,2026-03-10 02:35:00,SUCCESS,214.20
6122,9390636710,199.00,2011,App,2025-11-30 16:45:00,SUCCESS,392.78
6123,9962578410,199.00,2004,App,2025-09-21 13:57:00,SUCCESS,1072.23
6124,9808360600,479.00,2024,Online,2025-12-20 13:44:00,SUCCESS,1853.25
6125,9535231148,149.00,2002,Bank Portal,2025-09-30 19:22:00,SUCCESS,168.59
6126,9130899315,965.71,2013,Retailer,2026-05-09 03:03:00,SUCCESS,1118.41
6127,9153292866,899.00,2018,App,2025-10-24 00:16:00,SUCCESS,1095.12
6128,9882559367,149.00,2002,USSD,2026-07-25 12:57:00,SUCCESS,207.77
6129,9734389859,179.00,2009,App,2026-05-03 17:46:00,SUCCESS,356.55
6130,9567082556,479.00,2024,Bank Portal,2025-11-24 04:37:00,SUCCESS,1159.77
6131,9308216567,299.00,2020,USSD,2025-09-23 13:03:00,SUCCESS,1387.36
6132,9687032557,199.00,2004,App,2026-05-10 08:31:00,REFUNDED,929.69
6133,9403044114,949.00,2010,USSD,2025-08-20 16:50:00,SUCCESS,2090.33
6134,9087603389,987.95,2002,Online,2026-04-08 02:19:00,SUCCESS,1894.33
6135,9875866962,2999.00,2025,Bank Portal,2026-07-25 20:46:00,SUCCESS,3843.61
6136,9726984694,153.79,2010,Bank Portal,2026-02-15 04:05:00,SUCCESS,1091.79
6137,9619105728,179.00,2012,App,2026-05-02 22:47:00,SUCCESS,266.85
6138,9224390869,558.87,2009,App,2025-10-27 08:20:00,SUCCESS,2673.65
6139,9371549245,899.00,2018,Retailer,2025-10-06 04:36:00,SUCCESS,2003.98
6140,9503335139,799.00,2005,Online,2026-06-23 01:27:00,FAILED,176.31
6141,9046106102,885.25,2010,Bank Portal,2025-11-03 05:58:00,PENDING,1447.06
6142,9346344849,202.40,2025,USSD,2026-07-08 12:33:00,SUCCESS,280.31
6143,9975245843,199.00,2011,App,2025-12-18 09:38:00,SUCCESS,287.71
6144,9761991359,149.00,2003,Bank Portal,2026-04-08 16:36:00,SUCCESS,322.15
6145,9680862390,179.00,2012,App,2025-10-22 08:38:00,SUCCESS,276.97
6146,9572237829,179.00,2009,App,2026-03-30 04:45:00,SUCCESS,1957.30
6147,9814703362,299.00,2020,Retailer,2026-02-03 13:38:00,SUCCESS,475.64
6148,9117039595,149.00,2003,Bank Portal,2025-10-30 12:07:00,SUCCESS,339.84
6149,9295228767,179.00,2008,App,2025-09-17 23:41:00,SUCCESS,215.68
6150,9706526412,249.00,2014,Retailer,2026-05-14 02:53:00,FAILED,1175.95
6151,9451765267,199.00,2004,USSD,2026-02-02 01:29:00,SUCCESS,317.49
6152,9426601811,708.80,2020,Retailer,2026-05-19 05:18:00,PENDING,80.07
6153,9080972256,849.00,2022,USSD,2026-04-18 06:25:00,SUCCESS,882.78
6154,9418409261,341.14,2025,USSD,2026-03-05 16:16:00,SUCCESS,478.32
6155,9184840683,499.00,2001,,2026-02-23 00:40:00,SUCCESS,640.09
6156,9860642466,239.00,2017,Retailer,2026-05-28 14:40:00,SUCCESS,4092.78
6157,9258124177,239.00,2017,Retailer,2026-04-06 01:03:00,SUCCESS,1331.30
6158,9616735243,699.00,2021,USSD,2026-08-01 11:45:00,FAILED,1351.62
6159,9729811621,814.22,2023,Retailer,2026-05-01 01:27:00,SUCCESS,911.48
6160,9148065394,458.80,2021,App,2026-02-04 06:21:00,SUCCESS,550.40
6161,9630673196,289.87,2013,Bank Portal,2025-10-06 21:28:00,SUCCESS,327.15
6162,9870510043,163.77,2010,App,2025-12-19 13:30:00,SUCCESS,323.16
6163,9086091750,399.00,2007,App,2026-07-12 02:22:00,SUCCESS,2322.94
6164,9680671576,949.00,2010,Retailer,2025-08-22 19:48:00,SUCCESS,984.79
6165,9911341851,299.00,2020,USSD,2025-11-07 21:48:00,SUCCESS,333.27
6166,9482276814,179.00,2012,Bank Portal,2025-10-18 14:39:00,SUCCESS,319.27
6167,9665103464,149.00,2002,USSD,2026-03-31 17:01:00,PENDING,1298.29
6168,9344013321,149.00,2003,Online,2026-05-07 02:19:00,SUCCESS,281.47
6169,9785090735,179.00,2012,Retailer,2025-09-29 22:04:00,SUCCESS,1959.05
6170,9390636710,899.00,2018,Online,2026-03-22 03:07:00,SUCCESS,1291.78
6171,9908822016,923.75,2016,USSD,2026-03-07 21:53:00,SUCCESS,3577.18
6172,9658056089,149.00,2003,App,2026-03-24 01:00:00,SUCCESS,523.92
6173,9144036581,899.00,2016,Bank Portal,2026-05-19 00:02:00,REFUNDED,887.48
6174,9441733255,479.00,2024,App,2026-05-15 14:35:00,FAILED,993.69
6175,9529825744,899.00,2018,Retailer,2025-08-31 22:16:00,SUCCESS,1251.93
6176,9344975865,2999.00,2025,Bank Portal,2026-02-09 14:18:00,SUCCESS,3933.31
6177,9811364321,99.00,2023,Retailer,2025-08-11 16:44:00,SUCCESS,1045.34
6178,9815153288,249.00,2014,Online,2026-06-04 11:46:00,SUCCESS,379.07
6179,9880356285,899.00,2018,,2026-06-18 20:57:00,SUCCESS,1256.92
6180,9670666235,399.00,2007,Online,2025-12-21 17:39:00,SUCCESS,1842.58
6181,9672099426,179.00,2009,Online,2025-10-10 14:50:00,SUCCESS,208.34
6182,9872274431,499.00,2001,App,2025-11-08 14:45:00,SUCCESS,793.88
6183,9447148769,299.00,2020,Bank Portal,2026-07-31 17:40:00,SUCCESS,402.10
6184,9864830782,899.00,2016,USSD,2026-01-28 09:04:00,SUCCESS,918.77
6185,9492976650,231.18,2003,USSD,2026-04-21 07:19:00,SUCCESS,432.61
6186,9775099364,149.00,2002,Retailer,2025-08-13 11:27:00,SUCCESS,3481.99
6187,9590330348,179.00,2012,USSD,2026-02-28 01:56:00,SUCCESS,3314.82
6188,9717212766,179.00,2012,Retailer,2026-05-03 06:27:00,SUCCESS,798.31
6189,9966445815,299.00,2020,,2026-05-05 15:18:00,SUCCESS,1352.23
6190,9950644548,249.00,2014,Online,2026-01-16 07:16:00,SUCCESS,1241.17
6191,9431144647,699.00,2021,USSD,2026-05-29 03:51:00,SUCCESS,1532.12
6192,9532742948,299.00,2020,Online,2025-10-31 22:16:00,SUCCESS,847.40
6193,9987353400,658.60,2010,USSD,2025-12-16 06:52:00,SUCCESS,983.06
6194,9945424627,849.00,2015,Bank Portal,2026-05-27 17:35:00,SUCCESS,1829.49
6195,9470202262,135.16,2019,Online,2025-09-30 17:27:00,SUCCESS,1361.72
6196,9030120540,849.00,2022,Online,2025-08-18 23:57:00,SUCCESS,857.83
6197,9833608043,382.06,2005,App,2025-10-13 22:10:00,SUCCESS,687.41
6198,9428780802,299.00,2020,Online,2026-02-03 05:14:00,FAILED,1154.85
6199,9568124974,899.00,2018,USSD,2025-09-17 16:38:00,SUCCESS,1447.51
6200,9672939857,149.00,2003,App,2026-05-12 02:19:00,SUCCESS,764.64
6201,9987353400,326.54,2010,Bank Portal,2025-08-25 06:41:00,SUCCESS,1309.60
6202,9516681609,179.00,2008,USSD,2026-02-17 00:22:00,SUCCESS,328.83
6203,9423299732,149.00,2002,Retailer,2026-06-09 20:41:00,SUCCESS,1466.94
6204,9734092400,299.00,2020,App,2026-05-14 03:34:00,SUCCESS,1082.45
6205,9784337777,399.00,2007,App,2026-04-03 02:29:00,SUCCESS,465.02
6206,9882559367,399.00,2007,Retailer,2025-11-03 02:25:00,FAILED,207.77
6207,9623817159,425.71,2022,Bank Portal,2026-04-21 15:01:00,SUCCESS,993.94
6208,9766968092,849.00,2022,USSD,2025-10-19 02:00:00,SUCCESS,1007.57
6209,9362714591,648.98,2019,App,2026-02-24 01:32:00,SUCCESS,1549.70
6210,9647163979,125.48,2021,App,2026-05-23 15:41:00,SUCCESS,897.92
6211,9734254067,2999.00,2025,USSD,2026-01-08 10:58:00,SUCCESS,3890.28
6212,9591608837,747.40,2011,Retailer,2026-08-04 05:14:00,SUCCESS,1266.26
6213,9356702006,199.00,2011,App,2025-10-08 07:17:00,SUCCESS,1295.81
6214,9357633243,479.00,2024,USSD,2026-03-16 10:04:00,SUCCESS,615.98
6215,9180579219,239.00,2017,App,2026-05-22 01:06:00,SUCCESS,757.67
6216,9403565445,2999.00,2025,Retailer,2026-03-01 19:41:00,REFUNDED,15.86
6217,9622843019,849.00,2022,USSD,2026-08-01 03:03:00,SUCCESS,2101.14
6218,9047616322,179.00,2008,App,2025-12-20 21:14:00,SUCCESS,314.97
6219,9381924979,518.76,2001,Bank Portal,2026-02-18 18:17:00,SUCCESS,1990.08
6220,9230345583,497.73,2023,App,2026-01-20 00:02:00,SUCCESS,1093.17
6221,9357705612,239.00,2017,Bank Portal,2025-11-30 05:11:00,FAILED,1261.13
6222,9140002474,199.00,2004,,2026-02-14 10:06:00,SUCCESS,221.28
6223,9248883849,849.00,2015,USSD,2026-06-28 17:41:00,SUCCESS,1446.56
6224,9443693002,771.68,2006,App,2025-12-09 10:05:00,SUCCESS,3846.11
6225,9297583812,871.61,2008,Bank Portal,2026-07-12 13:20:00,SUCCESS,2772.63
6226,9331976937,500.83,2009,App,2025-11-18 08:37:00,SUCCESS,522.12
6227,9602551473,899.00,2018,Online,2026-05-27 06:19:00,SUCCESS,3956.86
6228,9593224677,179.00,2008,Online,2025-11-30 14:02:00,SUCCESS,428.85
6229,9537845032,479.00,2024,App,2026-01-17 19:42:00,SUCCESS,861.82
6230,9574555223,632.64,2005,Bank Portal,2026-03-01 08:03:00,SUCCESS,643.22
6231,9828392404,649.00,2019,Online,2025-12-05 15:31:00,SUCCESS,1010.39
6232,9637296958,849.00,2022,Retailer,2026-06-20 23:26:00,SUCCESS,1591.68
6233,9411479425,179.00,2008,USSD,2026-02-07 13:33:00,SUCCESS,489.85
6234,9452736120,99.00,2023,Online,2026-06-18 13:26:00,SUCCESS,1335.12
6235,9859427242,899.00,2018,Bank Portal,2026-05-10 10:02:00,SUCCESS,1615.58
6236,9785090735,486.78,2019,Bank Portal,2026-01-28 12:52:00,SUCCESS,2445.83
6237,9567082556,849.00,2015,App,2026-04-09 14:41:00,SUCCESS,2008.77
6238,9296959007,179.00,2012,Retailer,2025-12-04 21:34:00,FAILED,31.45
6239,9867157154,179.00,2012,Bank Portal,2025-11-21 03:29:00,SUCCESS,933.50
6240,9811278299,789.73,2006,Online,2026-01-31 04:02:00,SUCCESS,908.03
6241,9299451409,141.32,2023,Online,2026-03-16 10:53:00,SUCCESS,823.76
6242,9295772775,179.00,2009,USSD,2026-06-24 15:36:00,SUCCESS,326.58
6243,9217846198,499.00,2001,USSD,2026-03-02 05:50:00,SUCCESS,1376.71
6244,9856696852,249.00,2014,USSD,2025-08-25 23:14:00,SUCCESS,314.91
6245,9381435728,811.19,2023,Retailer,2025-12-03 10:36:00,SUCCESS,1211.10
6246,9496696399,149.00,2002,Online,2026-03-18 14:53:00,SUCCESS,912.45
6247,9858934016,199.00,2004,App,2025-09-14 16:39:00,REFUNDED,27.11
6248,9309726863,239.00,2017,Retailer,2026-05-28 08:04:00,SUCCESS,314.34
6249,9308216567,299.00,2020,Online,2026-03-30 14:04:00,PENDING,1387.36
6250,9482169580,799.00,2005,,2025-10-12 11:11:00,SUCCESS,1411.29
6251,9683924668,2999.00,2025,Online,2025-09-06 20:04:00,SUCCESS,3077.05
6252,9445606160,799.00,2005,App,2026-01-21 21:39:00,SUCCESS,917.25
6253,9425709568,399.00,2007,Retailer,2026-06-18 09:28:00,PENDING,17.17
6254,9044284795,199.00,2011,USSD,2025-09-19 03:56:00,SUCCESS,866.11
6255,9992699839,307.53,2024,Online,2026-02-05 03:36:00,SUCCESS,464.67
6256,9756865116,399.00,2007,USSD,2025-09-04 08:12:00,SUCCESS,417.72
6257,9370616912,99.00,2023,App,2025-09-22 04:40:00,SUCCESS,693.48
6258,9661980849,799.00,2005,Retailer,2026-03-06 10:36:00,SUCCESS,986.34
6259,9174668074,179.00,2012,USSD,2026-03-07 04:14:00,FAILED,186.38
6260,9856696852,849.00,2015,Online,2025-11-15 14:47:00,SUCCESS,1163.91
6261,9230727302,899.00,2018,USSD,2026-04-17 03:41:00,SUCCESS,918.80
6262,9017069079,299.00,2020,USSD,2025-09-22 01:09:00,PENDING,74.89
6263,9401290907,949.00,2013,Bank Portal,2025-12-23 22:50:00,FAILED,118.37
6264,9648170640,949.00,2013,Online,2026-07-22 22:46:00,SUCCESS,1027.90
6265,9119515529,299.00,2020,App,2025-11-18 05:39:00,SUCCESS,1221.50
6266,9479646706,499.00,2001,Retailer,2026-08-01 02:18:00,SUCCESS,840.58
6267,9805030615,649.00,2019,App,2026-02-11 20:24:00,SUCCESS,1635.91
6268,9604851581,149.00,2002,Retailer,2026-04-13 14:27:00,SUCCESS,692.86
6269,9763705774,179.00,2008,,2026-07-03 14:53:00,SUCCESS,220.44
6270,9665103464,60.40,2004,App,2025-09-26 01:28:00,SUCCESS,1358.69
6271,9736384200,2999.00,2025,Online,2025-08-16 20:51:00,SUCCESS,3345.28
6272,9658225449,179.00,2009,App,2026-03-31 16:26:00,SUCCESS,1251.47
6273,9600007643,849.00,2022,App,2026-03-24 10:20:00,FAILED,49.54
6274,9784369393,949.00,2010,App,2025-10-30 14:17:00,SUCCESS,1611.82
6275,9869549967,239.00,2017,App,2025-10-26 09:11:00,SUCCESS,412.84
6276,9850489326,149.00,2003,App,2026-05-12 08:21:00,SUCCESS,1102.98
6277,9828545976,899.00,2016,App,2026-06-05 10:34:00,SUCCESS,1595.59
6278,9893415964,499.00,2001,USSD,2026-06-26 00:43:00,SUCCESS,801.93
6279,9752611744,353.49,2004,App,2026-04-25 06:35:00,SUCCESS,449.08
6280,9282313639,239.00,2017,Retailer,2026-04-05 01:37:00,SUCCESS,295.87
6281,9974476741,99.00,2023,USSD,2025-10-28 16:03:00,SUCCESS,2012.97
6282,9141860149,849.00,2022,Bank Portal,2025-08-11 04:05:00,SUCCESS,1026.27
6283,9832630587,398.05,2021,Bank Portal,2025-09-04 01:19:00,SUCCESS,662.98
6284,9891083617,602.88,2020,Online,2025-12-10 09:05:00,SUCCESS,1405.32
6285,9804383400,992.97,2018,USSD,2025-11-19 16:06:00,FAILED,160.39
6286,9591608837,149.00,2003,Online,2026-04-11 04:09:00,SUCCESS,1415.26
6287,9798258896,973.94,2025,Bank Portal,2025-08-24 21:18:00,SUCCESS,1085.83
6288,9827686467,399.00,2007,Retailer,2025-10-30 21:02:00,SUCCESS,2818.29
6289,9058427539,167.65,2023,Retailer,2026-02-27 00:43:00,SUCCESS,260.36
6290,9740696272,649.00,2019,Retailer,2026-01-28 10:38:00,SUCCESS,788.00
6291,9656701006,299.00,2020,App,2025-11-07 12:30:00,SUCCESS,1506.01
6292,9480293802,179.00,2012,Bank Portal,2026-01-02 06:05:00,SUCCESS,1360.99
6293,9897468864,2999.00,2025,Retailer,2025-12-01 19:24:00,SUCCESS,3393.57
6294,9594823692,949.00,2013,Retailer,2025-09-08 00:00:00,SUCCESS,3899.29
6295,9593148535,249.00,2014,Retailer,2025-09-30 15:11:00,SUCCESS,292.97
6296,9649096166,179.00,2009,Bank Portal,2026-04-09 04:18:00,SUCCESS,1276.42
6297,9470322610,64.14,2002,USSD,2025-10-19 17:52:00,SUCCESS,3529.02
6298,9774389219,179.00,2012,Bank Portal,2026-04-07 05:58:00,SUCCESS,329.45
6299,9304916653,432.05,2001,Retailer,2025-11-03 08:52:00,SUCCESS,2486.67
6300,9239105152,849.00,2015,App,2025-08-30 15:54:00,SUCCESS,1652.24
6301,9134445350,949.00,2010,Retailer,2026-05-15 17:03:00,SUCCESS,1709.62
6302,9043878021,849.00,2015,USSD,2025-11-26 05:54:00,PENDING,447.37
6303,9649997188,799.00,2005,USSD,2025-08-19 18:15:00,SUCCESS,1882.65
6304,9614483616,199.00,2011,USSD,2026-01-03 01:29:00,SUCCESS,1473.12
6305,9064891572,2999.00,2025,App,2026-04-26 19:09:00,FAILED,43.27
6306,9994423776,972.67,2008,USSD,2026-01-11 11:43:00,SUCCESS,1820.04
6307,9356224399,649.00,2019,,2025-10-11 19:53:00,SUCCESS,1099.03
6308,9905090642,699.00,2021,Online,2026-08-01 08:06:00,SUCCESS,872.60
6309,9870804539,699.00,2021,USSD,2026-07-05 12:24:00,SUCCESS,1568.55
6310,9601239809,705.37,2022,Retailer,2026-03-22 22:24:00,SUCCESS,1012.36
6311,9308216567,179.00,2008,USSD,2025-10-21 12:56:00,SUCCESS,1566.36
6312,9858537522,149.00,2002,Retailer,2026-02-18 01:21:00,REFUNDED,35.06
6313,9773254753,899.00,2016,App,2025-10-05 03:49:00,SUCCESS,2284.01
6314,9437201389,249.00,2014,Retailer,2026-01-05 17:34:00,SUCCESS,1861.32
6315,9030120540,249.00,2014,Bank Portal,2026-02-13 09:49:00,SUCCESS,1106.83
6316,9456227804,479.00,2024,Retailer,2026-03-02 04:26:00,SUCCESS,4831.36
6317,9733681770,199.00,2004,,2026-03-05 09:43:00,SUCCESS,1330.71
6318,9151458672,645.43,2018,,2025-09-11 22:33:00,SUCCESS,750.19
6319,9325409489,199.00,2004,Online,2026-06-17 17:56:00,SUCCESS,914.55
6320,9916279696,899.00,2018,Online,2026-03-30 00:43:00,SUCCESS,1028.61
6321,9596576052,949.00,2010,App,2026-04-16 21:07:00,SUCCESS,2529.33
6322,9720847062,631.32,2021,USSD,2025-09-20 10:08:00,SUCCESS,1877.27
6323,9645221979,2999.00,2025,USSD,2026-05-28 19:29:00,SUCCESS,3319.89
6324,9794609564,974.27,2015,App,2026-05-12 07:17:00,PENDING,77.01
6325,9581731174,899.00,2016,App,2026-02-08 00:55:00,REFUNDED,1188.01
6326,9044499263,199.00,2011,Online,2026-06-08 22:52:00,SUCCESS,658.66
6327,9282029766,950.07,2010,USSD,2026-05-29 21:27:00,SUCCESS,1084.16
6328,9498400235,900.94,2025,USSD,2026-01-11 18:20:00,PENDING,2361.45
6329,9339314182,99.00,2023,Online,2025-12-04 09:15:00,SUCCESS,262.59
6330,9279578771,299.00,2020,Online,2025-11-03 05:32:00,REFUNDED,724.55
6331,9695482165,339.55,2024,Bank Portal,2026-04-30 17:30:00,SUCCESS,1198.03
6332,9740571075,149.00,2003,,2025-09-17 06:37:00,SUCCESS,955.99
6333,9421368869,149.00,2002,Online,2026-03-26 17:55:00,SUCCESS,288.34
6334,9896294232,479.00,2024,Retailer,2026-05-05 07:20:00,SUCCESS,1129.47
6335,9720032999,179.00,2008,Online,2025-09-19 06:17:00,SUCCESS,366.21
6336,9054061669,149.00,2003,Online,2026-07-04 05:59:00,SUCCESS,330.35
6337,9076526144,2999.00,2025,USSD,2026-08-05 04:10:00,SUCCESS,3123.63
6338,9134947253,179.00,2009,Online,2026-05-14 14:28:00,SUCCESS,206.70
6339,9208965329,179.00,2012,Online,2026-02-12 21:08:00,SUCCESS,212.19
6340,9083259626,142.46,2002,App,2025-10-31 15:01:00,SUCCESS,1112.21
6341,9621087961,260.37,2025,Retailer,2025-12-04 00:55:00,SUCCESS,748.40
6342,9695526600,799.00,2005,Online,2026-03-23 17:43:00,SUCCESS,947.01
6343,9013609628,949.00,2010,Bank Portal,2025-12-21 21:34:00,SUCCESS,1039.00
6344,9622848354,787.32,2006,Bank Portal,2026-06-25 21:40:00,SUCCESS,826.37
6345,9857972103,699.00,2021,App,2025-11-09 02:54:00,SUCCESS,873.74
6346,9308264635,179.00,2008,Bank Portal,2026-02-04 20:25:00,SUCCESS,389.22
6347,9080143701,949.00,2013,Online,2026-02-03 07:37:00,SUCCESS,1135.02
6348,9724554396,197.12,2003,App,2026-04-17 14:14:00,SUCCESS,1629.96
6349,9727188408,849.00,2015,Bank Portal,2026-02-23 22:21:00,SUCCESS,944.68
6350,9070299550,299.00,2020,Retailer,2026-03-08 17:23:00,SUCCESS,589.19
6351,9310444428,349.14,2002,Online,2025-10-10 07:44:00,SUCCESS,1353.29
6352,9928200032,479.00,2024,Retailer,2025-09-05 06:11:00,SUCCESS,519.32
6353,9411621277,239.00,2017,Online,2025-09-26 17:27:00,SUCCESS,430.18
6354,9362714591,179.00,2012,Retailer,2026-07-23 02:11:00,SUCCESS,1728.70
6355,9386831030,299.00,2020,App,2025-11-12 10:44:00,SUCCESS,313.53
6356,9123125121,479.00,2024,App,2026-05-16 05:14:00,SUCCESS,781.50
6357,9606901726,849.00,2022,Bank Portal,2025-12-03 06:46:00,SUCCESS,994.13
6358,9620370383,99.00,2023,Online,2026-06-18 12:30:00,FAILED,402.14
6359,9930876997,179.00,2012,Bank Portal,2025-10-14 09:21:00,SUCCESS,947.02
6360,9419423697,996.85,2010,App,2025-09-19 10:35:00,SUCCESS,1750.70
6361,9260415010,179.00,2012,Online,2026-05-15 06:23:00,SUCCESS,180.76
6362,9770595396,479.00,2024,Bank Portal,2025-10-29 14:46:00,SUCCESS,556.09
6363,9886438998,899.00,2018,USSD,2026-05-24 19:00:00,SUCCESS,2048.00
6364,9796716218,544.54,2008,USSD,2025-12-16 21:30:00,FAILED,1640.01
6365,9616760643,479.00,2024,Bank Portal,2025-08-26 19:07:00,SUCCESS,1175.99
6366,9816667374,199.00,2011,USSD,2025-12-19 07:12:00,SUCCESS,505.96
6367,9837948417,899.00,2018,,2026-04-28 23:02:00,SUCCESS,1454.16
6368,9907924082,249.00,2014,Retailer,2025-11-26 05:24:00,SUCCESS,2177.69
6369,9525708516,177.08,2007,Online,2026-08-08 17:40:00,SUCCESS,671.11
6370,9342525005,179.00,2009,Online,2026-04-04 19:02:00,SUCCESS,1288.79
6371,9165146274,149.00,2003,Bank Portal,2026-04-28 12:51:00,PENDING,167.26
6372,9951316861,249.00,2014,Retailer,2026-01-13 22:11:00,SUCCESS,769.29
6373,9587920991,649.00,2019,App,2026-06-11 15:07:00,SUCCESS,2268.26
6374,9769153700,249.00,2014,App,2025-12-05 00:04:00,SUCCESS,303.51
6375,9466472070,179.00,2009,Retailer,2026-01-28 05:42:00,SUCCESS,542.84
6376,9670666235,179.00,2008,Online,2026-03-15 08:29:00,PENDING,1842.58
6377,9782560190,499.00,2001,,2026-08-03 10:57:00,FAILED,140.45
6378,9533435588,479.00,2024,App,2026-07-18 08:51:00,SUCCESS,1613.17
6379,9357747761,699.00,2021,Retailer,2026-05-12 01:36:00,SUCCESS,1291.01
6380,9022351267,649.00,2019,Retailer,2025-10-06 13:09:00,SUCCESS,1134.13
6381,9036029635,949.00,2010,Retailer,2026-06-25 17:35:00,PENDING,1346.95
6382,9947084942,849.00,2022,Online,2026-06-17 18:50:00,SUCCESS,1024.03
6383,9386831030,899.00,2016,Bank Portal,2026-01-05 21:54:00,SUCCESS,1212.53
6384,9902358584,179.00,2012,Online,2026-08-08 04:22:00,PENDING,127.85
6385,9356264430,849.00,2022,App,2026-01-20 06:14:00,SUCCESS,994.65
6386,9399892965,106.44,2013,App,2026-03-25 17:36:00,SUCCESS,1229.29
6387,9157676195,964.88,2017,Retailer,2026-05-28 21:47:00,SUCCESS,1059.70
6388,9720042887,299.00,2020,Retailer,2025-11-22 04:23:00,FAILED,933.16
6389,9211583428,949.00,2010,Online,2025-10-11 13:12:00,SUCCESS,1025.53
6390,9430907594,399.00,2006,App,2026-05-13 15:12:00,SUCCESS,786.12
6391,9282426979,239.00,2017,Online,2026-02-21 05:11:00,SUCCESS,394.17
6392,9773254753,699.00,2021,Bank Portal,2026-02-02 12:16:00,SUCCESS,2983.01
6393,9729811621,899.00,2018,Retailer,2025-12-23 01:14:00,SUCCESS,1810.48
6394,9643945620,479.00,2024,App,2026-02-23 03:48:00,SUCCESS,1625.66
6395,9342857406,799.00,2005,Bank Portal,2025-08-08 00:06:00,SUCCESS,986.83
6396,9077746305,711.24,2004,USSD,2025-11-25 16:54:00,FAILED,17.05
6397,9894317164,849.00,2015,USSD,2026-02-21 22:21:00,SUCCESS,1299.92
6398,9482276814,479.00,2024,Online,2025-08-22 04:36:00,SUCCESS,798.27
6399,9121760064,949.00,2010,App,2026-04-03 10:46:00,SUCCESS,4076.90
6400,9248297607,399.00,2006,Online,2025-09-12 23:20:00,SUCCESS,1493.52
6401,9740236194,239.00,2017,USSD,2026-06-15 00:47:00,SUCCESS,570.27
6402,9012406996,299.00,2020,USSD,2026-02-11 05:55:00,SUCCESS,612.08
6403,9001622884,949.00,2013,Retailer,2026-06-13 16:49:00,FAILED,967.41
6404,9720847062,99.00,2023,USSD,2026-04-20 10:17:00,SUCCESS,1976.27
6405,9517979820,299.00,2020,Online,2026-06-19 19:10:00,FAILED,1134.20
6406,9538388870,639.77,2024,Online,2026-03-14 00:36:00,REFUNDED,33.89
6407,9832630587,149.00,2002,App,2025-09-27 02:44:00,SUCCESS,811.98
6408,9268684760,574.79,2002,USSD,2025-08-20 03:24:00,SUCCESS,831.21
6409,9083313677,949.00,2010,App,2025-09-08 11:04:00,SUCCESS,4119.55
6410,9037911462,2999.00,2025,Retailer,2025-12-13 06:01:00,SUCCESS,4792.64
6411,9479723140,849.00,2022,Online,2025-10-13 04:50:00,SUCCESS,1541.38
6412,9579938094,649.00,2019,Retailer,2026-02-20 17:59:00,SUCCESS,1424.47
6413,9918925197,649.00,2019,Online,2026-05-02 05:55:00,SUCCESS,668.22
6414,9731762453,179.00,2012,Online,2026-06-30 05:02:00,FAILED,3673.67
6415,9702967027,199.00,2011,Bank Portal,2025-08-24 03:23:00,SUCCESS,1541.31
6416,9678283390,949.00,2013,Online,2025-10-12 15:38:00,SUCCESS,2141.34
6417,9448815190,399.00,2006,App,2025-11-29 08:28:00,SUCCESS,1477.72
6418,9608818002,797.18,2010,App,2026-03-22 03:33:00,SUCCESS,1676.29
6419,9444039831,478.95,2023,Retailer,2025-09-23 00:22:00,SUCCESS,1231.09
6420,9678283390,179.00,2008,Online,2025-10-27 13:53:00,REFUNDED,2141.34
6421,9921469980,99.00,2023,Online,2025-12-03 22:22:00,SUCCESS,1058.92
6422,9900785731,199.00,2004,Bank Portal,2026-01-31 07:58:00,SUCCESS,344.44
6423,9184651840,479.00,2024,Online,2026-01-28 00:22:00,SUCCESS,1007.40
6424,9708459887,179.00,2008,USSD,2026-08-08 17:54:00,SUCCESS,3269.86
6425,9219531810,199.00,2004,App,2026-05-05 04:40:00,PENDING,512.25
6426,9158490724,179.00,2008,Bank Portal,2026-01-05 10:54:00,SUCCESS,1788.52
6427,9376973273,239.00,2017,Online,2025-10-16 18:46:00,FAILED,1942.34
6428,9600718653,997.31,2012,Bank Portal,2026-04-01 17:34:00,SUCCESS,1987.82
6429,9926167789,794.00,2021,Online,2026-04-17 12:38:00,SUCCESS,1061.28
6430,9987962847,179.00,2009,Bank Portal,2026-05-02 15:30:00,SUCCESS,1381.08
6431,9870804539,399.00,2007,Online,2026-01-22 20:05:00,SUCCESS,1967.55
6432,9473409534,179.00,2009,USSD,2025-09-14 12:57:00,SUCCESS,635.53
6433,9776870176,149.00,2002,Online,2026-06-19 22:03:00,SUCCESS,225.12
6434,9188673168,149.00,2002,Online,2026-04-06 16:03:00,SUCCESS,800.34
6435,9780561985,400.44,2013,Retailer,2025-10-13 05:33:00,SUCCESS,588.40
6436,9590605164,849.00,2022,USSD,2026-08-08 00:21:00,SUCCESS,2251.07
6437,9134445350,99.00,2023,Retailer,2026-02-04 01:59:00,SUCCESS,1808.62
6438,9417746214,899.00,2018,USSD,2026-01-15 00:12:00,FAILED,96.45
6439,9833608043,677.13,2024,Bank Portal,2025-10-29 06:27:00,SUCCESS,1364.54
6440,9037911462,649.00,2019,USSD,2025-08-29 13:59:00,FAILED,4792.64
6441,9592373798,499.00,2001,Online,2026-05-15 13:11:00,SUCCESS,1986.32
6442,9590330348,499.00,2001,App,2026-01-01 06:18:00,SUCCESS,3813.82
6443,9388743975,179.00,2009,USSD,2026-07-26 18:04:00,SUCCESS,356.96
6444,9347402101,799.00,2005,,2026-06-29 18:21:00,SUCCESS,1363.67
6445,9408689121,849.00,2022,Bank Portal,2026-07-17 21:05:00,SUCCESS,980.64
6446,9493893665,179.00,2009,Retailer,2026-02-01 20:54:00,SUCCESS,279.05
6447,9430959230,199.00,2004,Retailer,2025-08-23 09:55:00,SUCCESS,335.67
6448,9397508951,949.00,2013,Bank Portal,2025-08-22 21:43:00,SUCCESS,969.21
6449,9458969397,299.00,2020,USSD,2025-11-10 23:25:00,SUCCESS,2300.97
6450,9572237829,849.00,2022,Online,2026-05-26 12:43:00,SUCCESS,2806.30
6451,9662330633,899.00,2018,USSD,2026-02-22 23:14:00,SUCCESS,1161.43
6452,9624494538,499.00,2001,App,2026-05-30 12:27:00,SUCCESS,1418.86
6453,9748138129,99.00,2023,Online,2026-05-12 09:46:00,PENDING,102.13
6454,9987867347,249.00,2014,Online,2025-11-06 22:45:00,SUCCESS,263.85
6455,9480293802,911.12,2022,Bank Portal,2026-05-22 08:02:00,SUCCESS,2272.11
6456,9025077405,399.00,2007,Online,2026-01-17 19:49:00,SUCCESS,1455.45
6457,9678405221,179.00,2008,Bank Portal,2026-03-06 00:46:00,SUCCESS,375.34
6458,9855642368,849.00,2015,Bank Portal,2026-03-20 17:19:00,SUCCESS,1647.65
6459,9892073721,562.74,2010,Bank Portal,2026-04-27 03:27:00,PENDING,700.52
6460,9240949925,849.00,2015,Retailer,2026-03-29 05:14:00,PENDING,388.03
6461,9679711118,190.96,2005,USSD,2025-12-12 20:21:00,FAILED,112.25
6462,9439779851,239.00,2017,Retailer,2025-11-27 05:34:00,SUCCESS,686.40
6463,9228698920,899.00,2016,Bank Portal,2025-10-24 08:01:00,SUCCESS,3415.75
6464,9047616322,899.00,2016,Bank Portal,2026-06-28 22:36:00,SUCCESS,1213.97
6465,9160988351,179.00,2008,USSD,2025-09-03 11:22:00,SUCCESS,261.52
6466,9207627507,149.00,2003,,2025-12-19 03:34:00,REFUNDED,1.96
6467,9482533923,179.00,2009,USSD,2026-08-04 20:23:00,REFUNDED,1992.26
6468,9014590644,399.00,2006,Online,2026-04-03 04:55:00,SUCCESS,413.22
6469,9268261094,149.00,2003,Online,2025-09-23 02:01:00,SUCCESS,461.49
6470,9460290468,149.00,2002,App,2025-09-13 11:59:00,SUCCESS,1983.94
6471,9152447228,179.00,2008,Online,2026-04-09 20:55:00,SUCCESS,307.13
6472,9741440412,249.00,2014,Bank Portal,2026-04-07 19:50:00,SUCCESS,3363.76
6473,9366092788,899.00,2018,USSD,2025-10-04 10:41:00,SUCCESS,933.95
6474,9914684804,199.00,2004,Bank Portal,2026-02-22 05:52:00,SUCCESS,354.99
6475,9728206711,570.22,2016,Retailer,2026-01-05 09:47:00,SUCCESS,1270.78
6476,9436051192,649.00,2019,USSD,2025-12-11 11:55:00,SUCCESS,3649.19
6477,9201436615,899.00,2018,USSD,2026-06-14 12:49:00,SUCCESS,1254.78
6478,9852780178,899.00,2018,USSD,2025-09-19 20:18:00,SUCCESS,1323.92
6479,9064891572,179.00,2012,USSD,2026-02-27 02:44:00,FAILED,43.27
6480,9327980832,699.00,2021,USSD,2025-09-25 00:50:00,SUCCESS,1702.31
6481,9228698920,499.00,2001,Retailer,2025-09-12 02:05:00,SUCCESS,3914.75
6482,9039545349,649.00,2019,USSD,2025-11-24 12:22:00,FAILED,140.00
6483,9134104277,699.00,2021,Online,2026-04-11 02:44:00,SUCCESS,2536.33
6484,9583261859,199.00,2011,Retailer,2026-04-06 08:08:00,SUCCESS,218.78
6485,9568689382,424.10,2024,,2025-08-14 20:05:00,SUCCESS,1229.54
6486,9369324639,149.00,2002,Bank Portal,2026-04-25 11:34:00,SUCCESS,262.95
6487,9107697011,249.00,2014,App,2025-12-16 07:51:00,SUCCESS,423.47
6488,9816667374,899.00,2016,Bank Portal,2025-11-16 17:30:00,SUCCESS,1404.96
6489,9650566117,149.00,2002,Online,2026-05-04 23:15:00,SUCCESS,1362.84
6490,9612196177,649.00,2019,App,2025-09-22 02:58:00,FAILED,1737.02
6491,9362307452,179.00,2012,USSD,2026-05-29 10:19:00,FAILED,195.86
6492,9908822016,949.00,2010,Retailer,2025-09-18 16:22:00,SUCCESS,4526.18
6493,9753074007,99.00,2023,Retailer,2026-06-29 10:58:00,SUCCESS,139.31
6494,9846121822,399.00,2006,App,2026-03-08 21:58:00,REFUNDED,122.33
6495,9952036397,849.00,2022,App,2026-01-17 17:57:00,SUCCESS,905.69
6496,9220516113,792.23,2023,,2025-10-26 04:52:00,SUCCESS,921.37
6497,9756795583,258.78,2019,Online,2025-11-24 02:48:00,SUCCESS,1486.46
6498,9950644548,249.00,2014,Retailer,2026-03-03 20:27:00,REFUNDED,1241.17
6499,9644398064,99.00,2023,Retailer,2025-12-17 05:39:00,SUCCESS,344.67
6500,9782560190,949.00,2013,App,2025-12-10 05:28:00,FAILED,140.45
6501,9096448649,699.00,2021,Retailer,2026-03-27 05:36:00,SUCCESS,761.16
6502,9130108797,179.00,2009,App,2025-10-26 19:53:00,SUCCESS,339.39
6503,9361631556,799.00,2005,USSD,2026-06-11 07:29:00,SUCCESS,1367.79
6504,9174668074,399.00,2007,App,2025-10-07 02:39:00,SUCCESS,585.38
6505,9595982848,699.00,2021,Retailer,2026-07-06 09:28:00,SUCCESS,754.06
6506,9130438532,480.11,2015,USSD,2026-07-14 10:42:00,SUCCESS,616.55
6507,9258836568,179.00,2012,Bank Portal,2025-10-07 08:29:00,SUCCESS,3711.07
6508,9312938340,259.80,2006,Retailer,2025-09-14 17:30:00,SUCCESS,2202.72
6509,9013658026,211.78,2008,App,2026-07-07 16:07:00,SUCCESS,278.48
6510,9726984694,949.00,2010,USSD,2026-04-18 12:34:00,FAILED,1091.79
6511,9046934124,179.00,2009,Retailer,2026-03-12 19:36:00,SUCCESS,269.14
6512,9181106569,199.00,2011,Bank Portal,2025-12-23 07:23:00,SUCCESS,465.79
6513,9746640394,849.00,2015,Online,2025-11-20 09:28:00,SUCCESS,2435.66
6514,9087839213,849.00,2022,USSD,2025-08-10 06:33:00,SUCCESS,1799.12
6515,9626346064,949.00,2010,USSD,2026-07-27 20:03:00,SUCCESS,3360.86
6516,9641590162,179.00,2009,Retailer,2025-09-01 16:57:00,FAILED,180.18
6517,9402694174,899.00,2016,,2025-12-28 08:07:00,SUCCESS,1005.56
6518,9592373798,899.00,2016,App,2026-03-31 09:50:00,SUCCESS,2885.32
6519,9658225449,849.00,2015,Bank Portal,2025-12-07 22:22:00,SUCCESS,2100.47
6520,9463409228,918.03,2017,Bank Portal,2025-09-11 23:33:00,SUCCESS,1045.52
6521,9073827036,849.00,2022,USSD,2025-11-25 20:13:00,SUCCESS,1268.63
6522,9827284871,899.00,2018,App,2025-11-12 00:42:00,SUCCESS,1943.29
6523,9710275623,649.00,2019,App,2026-03-15 23:35:00,SUCCESS,1189.43
6524,9000780354,399.00,2007,App,2025-12-23 01:28:00,SUCCESS,841.84
6525,9827284871,849.00,2015,Retailer,2025-09-23 00:51:00,SUCCESS,2792.29
6526,9720507464,239.00,2017,Retailer,2026-04-06 17:01:00,FAILED,2076.67
6527,9253025636,179.00,2012,Online,2026-05-18 20:05:00,SUCCESS,296.68
6528,9448464065,179.00,2009,App,2026-03-14 04:59:00,SUCCESS,315.45
6529,9135110188,405.28,2010,App,2026-03-07 15:30:00,SUCCESS,1927.05
6530,9077746305,149.00,2003,Online,2026-04-08 10:41:00,SUCCESS,166.05
6531,9253025636,799.00,2005,USSD,2026-06-14 19:47:00,FAILED,296.68
6532,9477728139,499.00,2001,Retailer,2025-10-07 17:24:00,SUCCESS,2534.98
6533,9622843019,179.00,2012,USSD,2025-09-06 12:40:00,SUCCESS,2280.14
6534,9744056667,949.00,2010,Online,2026-01-08 05:06:00,PENDING,27.72
6535,9113510308,849.00,2015,Online,2025-09-18 16:34:00,SUCCESS,1940.27
6536,9741440412,699.00,2021,App,2026-08-01 07:45:00,SUCCESS,4062.76
6537,9956588099,949.00,2013,Online,2025-11-13 07:19:00,SUCCESS,1509.31
6538,9892073721,299.00,2020,App,2026-02-01 19:45:00,SUCCESS,999.52
6539,9151845996,899.00,2016,Online,2026-07-03 04:39:00,REFUNDED,114.07
6540,9928651744,499.00,2001,Retailer,2025-11-11 13:30:00,SUCCESS,534.63
6541,9866771832,179.00,2012,App,2026-05-09 12:45:00,FAILED,704.73
6542,9303403675,99.00,2023,Online,2025-12-07 05:34:00,SUCCESS,225.52
6543,9633487067,153.71,2023,Bank Portal,2025-10-06 17:27:00,SUCCESS,220.26
6544,9977902874,949.00,2013,Online,2026-01-01 05:44:00,SUCCESS,1018.10
6545,9283416454,179.00,2009,Online,2026-04-03 17:44:00,SUCCESS,401.40
6546,9697913561,239.00,2017,,2026-06-13 19:13:00,SUCCESS,714.10
6547,9817708292,69.63,2021,Online,2026-06-04 16:49:00,SUCCESS,577.82
6548,9290719240,646.69,2007,USSD,2026-07-08 08:25:00,SUCCESS,690.31
6549,9611966675,149.00,2002,USSD,2026-07-17 07:53:00,SUCCESS,281.75
6550,9348436435,149.00,2002,Bank Portal,2025-10-21 02:24:00,SUCCESS,825.74
6551,9954195582,87.05,2002,,2026-02-26 16:28:00,SUCCESS,1071.59
6552,9748400778,397.01,2004,Bank Portal,2026-03-18 15:32:00,SUCCESS,837.87
6553,9880895118,239.00,2017,Online,2026-01-18 19:42:00,SUCCESS,991.49
6554,9416157507,479.00,2024,Retailer,2026-01-21 14:41:00,SUCCESS,640.67
6555,9979054945,899.00,2018,Bank Portal,2026-08-07 10:33:00,SUCCESS,1192.43
6556,9858307133,321.13,2024,Retailer,2025-08-29 22:52:00,SUCCESS,388.62
6557,9699484617,99.00,2023,App,2025-12-25 05:57:00,SUCCESS,128.72
6558,9419423697,699.00,2021,USSD,2025-08-18 16:03:00,SUCCESS,2449.70
6559,9162637098,179.00,2009,USSD,2026-03-18 05:41:00,SUCCESS,304.26
6560,9307536991,699.00,2021,,2025-11-04 00:28:00,SUCCESS,1180.43
6561,9397391615,399.00,2006,Bank Portal,2025-09-23 01:11:00,SUCCESS,849.34
6562,9021931666,179.00,2012,Bank Portal,2025-09-26 05:13:00,SUCCESS,598.39
6563,9058903087,299.00,2020,USSD,2026-05-27 10:17:00,SUCCESS,1832.49
6564,9619697251,160.16,2018,,2025-08-25 17:38:00,SUCCESS,217.10
6565,9346344849,849.00,2015,Retailer,2025-12-21 18:59:00,SUCCESS,1129.31
6566,9646713440,99.00,2023,USSD,2026-02-28 04:22:00,SUCCESS,128.96
6567,9462786865,679.50,2006,Bank Portal,2026-07-10 22:51:00,SUCCESS,866.37
6568,9463892862,239.00,2017,USSD,2026-02-02 04:50:00,SUCCESS,1151.50
6569,9358375261,799.00,2005,Retailer,2025-12-22 01:13:00,SUCCESS,960.81
6570,9564427073,199.00,2011,Retailer,2025-12-28 16:29:00,SUCCESS,371.90
6571,9483401426,949.00,2013,Online,2026-07-19 14:36:00,SUCCESS,1996.33
6572,9495006663,949.00,2013,App,2026-06-18 03:15:00,SUCCESS,1089.33
6573,9482533923,949.00,2013,USSD,2026-06-26 03:37:00,SUCCESS,2941.26
6574,9977358205,179.00,2008,Bank Portal,2025-11-08 12:53:00,REFUNDED,1101.14
6575,9904464900,2999.00,2025,App,2026-07-28 04:29:00,SUCCESS,3013.39
6576,9779978154,149.00,2002,App,2026-02-17 22:59:00,SUCCESS,476.78
6577,9005893517,179.00,2012,App,2026-05-08 13:27:00,REFUNDED,371.09
6578,9504867370,293.56,2007,USSD,2026-08-04 04:56:00,SUCCESS,1198.67
6579,9010950406,899.00,2018,Bank Portal,2026-08-07 09:27:00,SUCCESS,1875.81
6580,9323227777,399.00,2006,App,2026-03-19 01:00:00,SUCCESS,2306.73
6581,9147719208,250.48,2003,USSD,2026-04-08 17:28:00,SUCCESS,619.51
6582,9237871834,179.00,2008,Retailer,2025-08-31 23:47:00,SUCCESS,309.35
6583,9354953132,721.39,2018,Bank Portal,2026-02-21 17:02:00,SUCCESS,2723.24
6584,9761267068,479.00,2024,Online,2026-04-07 20:25:00,SUCCESS,1465.61
6585,9983356172,399.00,2007,USSD,2026-04-29 17:42:00,FAILED,516.98
6586,9072805444,45.61,2016,Online,2026-02-11 02:12:00,SUCCESS,1109.40
6587,9371579682,899.00,2018,Online,2026-01-30 18:29:00,SUCCESS,1187.13
6588,9624494538,982.38,2010,Online,2025-08-08 11:30:00,SUCCESS,2401.24
6589,9334600602,281.23,2007,Bank Portal,2026-01-13 07:55:00,SUCCESS,730.01
6590,9946791534,2999.00,2025,Retailer,2025-10-29 02:51:00,SUCCESS,3158.45
6591,9034026055,799.00,2005,Online,2026-03-14 12:15:00,SUCCESS,944.26
6592,9558663876,399.00,2006,App,2025-12-09 23:18:00,SUCCESS,1561.46
6593,9119515529,883.29,2001,App,2025-08-25 21:21:00,SUCCESS,2104.79
6594,9370155586,179.00,2009,Retailer,2025-11-29 11:51:00,PENDING,424.52
6595,9770888384,849.00,2015,App,2026-02-04 06:47:00,REFUNDED,1677.02
6596,9935215883,399.00,2006,Retailer,2026-04-10 15:20:00,SUCCESS,523.64
6597,9367558754,179.00,2008,Bank Portal,2026-01-13 15:03:00,FAILED,24.50
6598,9511071231,24.77,2015,App,2025-11-22 12:50:00,SUCCESS,32.99
6599,9734254067,799.00,2005,USSD,2025-09-02 14:26:00,SUCCESS,4689.28
6600,9814744697,949.00,2010,Online,2025-08-14 13:50:00,SUCCESS,1865.00
6601,9789114780,149.00,2002,Online,2026-04-19 02:56:00,SUCCESS,241.27
6602,9730729979,179.00,2008,Bank Portal,2026-05-13 12:39:00,SUCCESS,696.45
6603,9982365921,199.00,2004,Online,2025-08-30 11:22:00,FAILED,1016.40
6604,9460112861,949.00,2010,Bank Portal,2025-09-17 14:08:00,SUCCESS,1667.83
6605,9424025458,799.00,2005,App,2026-01-17 17:30:00,SUCCESS,838.60
6606,9651730485,149.00,2002,Retailer,2026-03-05 04:05:00,REFUNDED,1756.35
6607,9498308937,239.00,2017,App,2025-08-24 09:17:00,SUCCESS,485.18
6608,9907924082,149.00,2003,Bank Portal,2025-11-18 21:23:00,SUCCESS,2326.69
6609,9796524099,249.00,2014,,2025-09-15 03:01:00,SUCCESS,609.23
6610,9430959230,299.00,2020,Online,2026-01-13 00:45:00,SUCCESS,634.67
6611,9621024804,111.59,2007,Online,2026-06-28 02:51:00,SUCCESS,468.57
6612,9309119050,149.00,2003,Online,2026-02-18 22:03:00,SUCCESS,847.16
6613,9495356155,199.00,2011,Online,2026-03-26 18:04:00,SUCCESS,1456.27
6614,9201436615,149.00,2002,Online,2025-09-30 21:23:00,PENDING,1254.78
6615,9846966750,142.30,2015,App,2025-11-14 20:36:00,SUCCESS,1226.12
6616,9035227954,949.00,2010,App,2026-04-19 12:36:00,REFUNDED,1.05
6617,9478093902,179.00,2012,Retailer,2026-04-10 14:42:00,PENDING,465.43
6618,9190709640,199.00,2004,Retailer,2026-04-07 20:47:00,SUCCESS,1243.24
6619,9436276620,653.33,2016,Online,2025-10-14 17:53:00,SUCCESS,748.49
6620,9170340840,479.00,2024,Bank Portal,2025-10-28 20:32:00,FAILED,558.87
6621,9998955932,479.00,2024,Retailer,2026-04-29 20:25:00,SUCCESS,1464.22
6622,9303281850,499.00,2001,,2026-05-13 23:28:00,SUCCESS,1329.25
6623,9892073721,499.00,2001,App,2025-09-04 18:53:00,SUCCESS,1498.52
6624,9645143560,899.00,2016,USSD,2026-04-01 07:36:00,SUCCESS,1650.93
6625,9413982250,225.55,2009,USSD,2025-08-11 13:38:00,SUCCESS,1187.90
6626,9916279696,605.40,2001,USSD,2026-03-29 04:26:00,SUCCESS,1634.01
6627,9508243198,399.00,2007,USSD,2026-03-24 03:10:00,SUCCESS,1462.86
6628,9605184717,299.00,2020,Retailer,2026-02-12 00:24:00,SUCCESS,327.38
6629,9105248169,99.00,2023,App,2025-08-18 13:21:00,SUCCESS,130.38
6630,9101414184,399.00,2007,Bank Portal,2026-06-03 20:08:00,SUCCESS,1010.01
6631,9460112861,199.00,2011,App,2025-10-11 06:01:00,SUCCESS,1866.83
6632,9534037566,639.68,2021,Retailer,2025-10-10 20:20:00,SUCCESS,657.64
6633,9501364426,399.00,2007,USSD,2026-07-12 10:42:00,SUCCESS,668.34
6634,9989569477,2999.00,2025,Online,2026-07-03 16:12:00,REFUNDED,1025.96
6635,9700118735,479.00,2024,Retailer,2025-09-09 21:08:00,SUCCESS,1605.49
6636,9775636869,149.00,2003,Bank Portal,2026-01-14 00:27:00,SUCCESS,311.82
6637,9304705811,399.00,2006,,2026-07-04 21:51:00,SUCCESS,1011.32
6638,9702967027,899.00,2016,Retailer,2025-09-23 15:33:00,SUCCESS,2440.31
6639,9357779476,179.00,2012,USSD,2026-02-28 11:26:00,SUCCESS,243.74
6640,9539790584,149.00,2002,App,2025-08-24 03:00:00,REFUNDED,866.68
6641,9775099364,149.00,2002,App,2026-04-23 01:28:00,SUCCESS,3630.99
6642,9775099364,179.00,2009,Bank Portal,2025-10-25 03:27:00,SUCCESS,3809.99
6643,9979054945,499.00,2001,Bank Portal,2025-12-03 00:13:00,SUCCESS,1691.43
6644,9893415964,649.00,2019,Bank Portal,2026-04-21 00:44:00,SUCCESS,1450.93
6645,9144036581,949.00,2010,,2025-10-07 13:45:00,SUCCESS,1836.48
6646,9460112861,779.26,2008,Retailer,2026-01-13 08:59:00,SUCCESS,2646.09
6647,9370121582,149.00,2003,USSD,2026-01-15 15:56:00,SUCCESS,756.15
6648,9310976491,179.00,2009,Bank Portal,2026-01-25 03:56:00,SUCCESS,1811.32
6649,9457517519,921.71,2017,Bank Portal,2026-05-28 01:56:00,SUCCESS,973.13
6650,9521895779,239.00,2017,Retailer,2026-01-04 11:56:00,FAILED,1330.52
6651,9451765267,399.00,2007,Bank Portal,2026-01-20 21:31:00,SUCCESS,716.49
6652,9823094172,649.00,2019,App,2025-09-30 04:04:00,SUCCESS,766.20
6653,9154558412,399.00,2007,USSD,2026-02-09 01:57:00,SUCCESS,1271.52
6654,9124152834,479.00,2024,Online,2025-10-03 06:03:00,SUCCESS,1197.61
6655,9177859595,149.00,2002,Online,2026-05-09 01:46:00,SUCCESS,249.69
6656,9954195582,949.00,2010,Retailer,2025-09-17 08:19:00,SUCCESS,2020.59
6657,9309761084,649.00,2019,Bank Portal,2026-03-26 05:52:00,SUCCESS,1153.57
6658,9904694470,899.00,2016,,2025-12-08 14:13:00,SUCCESS,1395.21
6659,9546552108,179.00,2009,Bank Portal,2026-02-20 15:08:00,FAILED,72.52
6660,9864830782,239.00,2017,App,2026-03-02 23:48:00,SUCCESS,1157.77
6661,9514110424,810.28,2013,USSD,2025-10-14 05:16:00,REFUNDED,953.23
6662,9830485236,239.00,2017,Retailer,2025-12-12 01:32:00,SUCCESS,867.49
6663,9797431875,199.00,2004,Retailer,2025-09-22 09:20:00,FAILED,53.92
6664,9854610684,199.00,2011,USSD,2025-08-14 14:46:00,SUCCESS,3370.18
6665,9054093769,179.00,2009,App,2025-11-21 20:30:00,SUCCESS,205.79
6666,9958894190,299.00,2020,Online,2025-10-04 07:49:00,FAILED,181.39
6667,9785244063,59.87,2006,App,2026-06-20 06:44:00,PENDING,31.54
6668,9942631623,899.00,2016,Retailer,2026-02-18 03:07:00,SUCCESS,1264.41
6669,9731762453,919.19,2019,Retailer,2026-03-24 17:57:00,SUCCESS,4592.86
6670,9270379946,239.00,2017,Bank Portal,2025-09-08 08:41:00,SUCCESS,285.37
6671,9923520067,299.00,2020,,2025-09-10 15:22:00,SUCCESS,712.87
6672,9912678197,479.00,2024,Retailer,2025-10-14 00:28:00,REFUNDED,3133.42
6673,9852064349,179.00,2009,Retailer,2025-12-04 08:31:00,SUCCESS,1388.41
6674,9732154473,99.00,2023,App,2026-07-26 12:07:00,SUCCESS,1681.68
6675,9634579715,399.00,2007,Online,2025-09-21 12:48:00,FAILED,197.16
6676,9908680706,399.00,2007,App,2026-06-04 12:14:00,PENDING,631.37
6677,9703470235,149.00,2003,Bank Portal,2026-06-14 23:43:00,PENDING,366.98
6678,9290913772,499.00,2001,App,2026-02-13 14:45:00,SUCCESS,1222.34
6679,9891083617,179.00,2012,App,2026-06-06 02:55:00,SUCCESS,1584.32
6680,9322719953,586.47,2015,Bank Portal,2026-05-28 16:01:00,PENDING,532.91
6681,9421841153,949.00,2010,Online,2025-11-05 02:07:00,SUCCESS,1378.28
6682,9918925197,649.00,2019,USSD,2026-05-24 22:10:00,SUCCESS,1317.22
6683,9329927089,499.00,2001,,2025-09-06 17:09:00,FAILED,187.37
6684,9501364426,949.00,2013,Retailer,2025-10-11 13:30:00,SUCCESS,1617.34
6685,9950644548,622.25,2015,Bank Portal,2025-09-01 00:23:00,SUCCESS,1863.42
6686,9635295299,949.00,2010,Retailer,2026-01-19 04:43:00,PENDING,171.82
6687,9371579682,949.00,2013,App,2026-02-07 14:33:00,SUCCESS,2136.13
6688,9630673196,99.00,2023,Bank Portal,2025-09-28 11:02:00,REFUNDED,327.15
6689,9881706569,849.00,2022,Retailer,2026-04-22 16:00:00,SUCCESS,925.15
6690,9661980849,99.00,2023,Bank Portal,2025-11-28 00:36:00,SUCCESS,1085.34
6691,9560787873,99.00,2023,USSD,2026-02-09 09:22:00,SUCCESS,231.55
6692,9719698684,899.00,2016,Bank Portal,2025-09-06 20:52:00,SUCCESS,1096.96
6693,9470547842,499.00,2001,Bank Portal,2026-06-02 02:35:00,SUCCESS,988.77
6694,9162637098,899.00,2018,App,2026-06-21 23:31:00,FAILED,304.26
6695,9977358205,799.00,2005,Bank Portal,2026-03-23 08:49:00,SUCCESS,1900.14
6696,9997960664,799.00,2005,Bank Portal,2026-01-13 19:24:00,SUCCESS,3970.22
6697,9412028031,949.00,2010,App,2025-10-27 11:56:00,SUCCESS,1120.92
6698,9181917476,179.00,2009,Bank Portal,2025-11-07 22:32:00,SUCCESS,217.92
6699,9912600675,18.64,2003,Online,2026-05-05 09:00:00,SUCCESS,1245.64
6700,9889162484,499.00,2001,Bank Portal,2025-11-15 22:00:00,SUCCESS,1156.55
6701,9263974247,799.00,2005,USSD,2026-05-10 12:02:00,SUCCESS,1999.57
6702,9885135188,179.00,2012,USSD,2026-05-12 01:45:00,FAILED,165.35
6703,9912890254,889.85,2024,Bank Portal,2026-01-21 08:36:00,SUCCESS,5485.51
6704,9873460889,949.00,2010,Bank Portal,2025-08-25 20:49:00,SUCCESS,1489.42
6705,9032536933,649.00,2019,App,2025-09-19 15:32:00,SUCCESS,1750.24
6706,9242730233,199.00,2004,App,2026-04-18 16:47:00,SUCCESS,207.40
6707,9874395494,399.00,2007,Online,2025-09-08 03:18:00,SUCCESS,496.79
6708,9877697818,299.00,2020,USSD,2026-05-13 11:18:00,SUCCESS,958.05
6709,9511071231,299.00,2020,Bank Portal,2026-04-04 13:50:00,SUCCESS,331.99
6710,9706092544,849.00,2015,Online,2026-05-10 23:51:00,SUCCESS,1165.57
6711,9356224399,299.00,2020,Bank Portal,2026-05-03 13:39:00,SUCCESS,1398.03
6712,9191762701,557.29,2005,Retailer,2025-09-09 07:16:00,SUCCESS,1323.27
6713,9810572739,149.00,2003,USSD,2026-04-03 11:18:00,SUCCESS,293.79
6714,9479872818,479.00,2024,App,2025-09-29 13:47:00,SUCCESS,771.26
6715,9900201809,179.00,2009,Bank Portal,2025-12-02 21:45:00,FAILED,854.76
6716,9476792837,249.00,2014,USSD,2025-12-01 10:04:00,SUCCESS,2160.00
6717,9009237649,99.00,2023,App,2026-06-07 12:34:00,SUCCESS,201.77
6718,9022444195,179.00,2012,Online,2025-09-18 12:16:00,SUCCESS,343.44
6719,9080972256,149.00,2003,App,2025-08-17 15:08:00,SUCCESS,1031.78
6720,9045768958,949.00,2013,USSD,2026-05-05 07:25:00,SUCCESS,3594.18
6721,9753930809,99.00,2023,Retailer,2026-06-24 00:48:00,SUCCESS,533.32
6722,9696216448,249.00,2014,USSD,2026-05-20 20:51:00,SUCCESS,261.84
6723,9224872223,417.49,2008,Online,2026-02-16 02:19:00,SUCCESS,1430.38
6724,9431640300,149.00,2002,Retailer,2026-02-26 19:32:00,FAILED,138.37
6725,9045768958,699.00,2021,,2026-03-23 03:35:00,PENDING,3594.18
6726,9213007439,149.00,2003,Bank Portal,2025-08-24 17:57:00,FAILED,1586.20
6727,9215527452,149.00,2002,App,2026-07-08 14:23:00,SUCCESS,564.72
6728,9121868941,699.00,2021,Bank Portal,2025-11-22 10:26:00,SUCCESS,1535.82
6729,9884280551,949.00,2010,Bank Portal,2026-04-24 22:46:00,SUCCESS,1109.58
6730,9678936110,714.55,2010,Retailer,2026-03-22 12:16:00,SUCCESS,1010.57
6731,9811167262,565.64,2018,Retailer,2026-04-06 00:24:00,SUCCESS,1540.01
6732,9301619244,587.51,2008,Retailer,2026-06-05 09:27:00,SUCCESS,606.69
6733,9516681609,354.00,2018,Retailer,2026-05-30 12:12:00,SUCCESS,682.83
6734,9200751886,179.00,2009,Online,2026-05-13 23:08:00,SUCCESS,203.39
6735,9460290468,479.00,2024,App,2026-03-31 05:44:00,SUCCESS,2462.94
6736,9681659078,239.00,2017,Bank Portal,2025-12-31 02:08:00,PENDING,167.55
6737,9863254577,499.00,2001,Retailer,2026-06-23 07:10:00,SUCCESS,606.44
6738,9650125733,849.00,2022,USSD,2025-11-11 06:05:00,SUCCESS,2776.39
6739,9455982650,665.15,2022,Online,2026-05-18 02:58:00,SUCCESS,1865.10
6740,9651772535,199.00,2004,App,2026-01-09 15:54:00,SUCCESS,1762.87
6741,9262534628,479.00,2024,,2026-07-13 17:01:00,SUCCESS,1474.12
6742,9135110188,299.00,2020,USSD,2025-11-07 00:25:00,SUCCESS,2226.05
6743,9330340315,899.00,2016,Retailer,2026-04-26 19:48:00,SUCCESS,1052.00
6744,9188673168,179.00,2009,App,2025-12-20 20:43:00,SUCCESS,979.34
6745,9492976650,649.00,2019,Bank Portal,2025-08-20 19:14:00,SUCCESS,1081.61
6746,9086985638,99.00,2023,Online,2025-10-31 03:22:00,FAILED,156.20
6747,9526480539,836.49,2012,USSD,2026-08-02 02:48:00,SUCCESS,2640.87
6748,9614557360,219.43,2009,USSD,2026-05-19 14:43:00,PENDING,24.07
6749,9734092400,899.00,2016,Retailer,2025-09-22 14:22:00,SUCCESS,1981.45
6750,9656701006,399.00,2006,Retailer,2026-01-11 23:47:00,SUCCESS,1905.01
6751,9695482165,949.00,2010,Retailer,2025-10-07 08:31:00,SUCCESS,2147.03
6752,9811712474,299.00,2020,App,2026-06-07 06:12:00,SUCCESS,338.44
6753,9600869805,99.00,2023,App,2026-05-08 16:46:00,FAILED,103.47
6754,9130438532,736.24,2011,USSD,2025-11-10 05:21:00,SUCCESS,1352.79
6755,9995034278,179.00,2012,Online,2025-08-26 19:52:00,SUCCESS,354.62
6756,9946791534,899.00,2018,USSD,2026-06-02 08:26:00,FAILED,3158.45
6757,9434869251,607.64,2007,USSD,2026-04-11 17:26:00,SUCCESS,895.70
6758,9114759813,179.00,2012,USSD,2026-07-23 11:59:00,SUCCESS,457.49
6759,9502424314,406.12,2019,Bank Portal,2025-09-02 00:37:00,SUCCESS,886.82
6760,9308834099,199.00,2004,USSD,2026-02-24 08:48:00,FAILED,2324.72
6761,9307506639,914.42,2008,Online,2026-06-23 02:49:00,SUCCESS,1702.38
6762,9756212365,99.00,2023,,2026-01-02 12:34:00,SUCCESS,258.23
6763,9801875959,857.04,2013,Retailer,2025-11-26 13:24:00,SUCCESS,1422.28
6764,9784533955,99.00,2023,USSD,2025-09-14 02:19:00,SUCCESS,238.42
6765,9438303400,849.00,2022,Retailer,2025-12-15 19:44:00,SUCCESS,885.62
6766,9493283580,649.00,2019,App,2025-11-09 21:15:00,SUCCESS,1057.45
6767,9303771920,149.00,2003,Bank Portal,2026-04-06 18:09:00,SUCCESS,536.38
6768,9207627540,699.00,2021,,2026-07-31 01:36:00,SUCCESS,2201.38
6769,9181106569,949.00,2013,App,2025-10-22 13:02:00,SUCCESS,1414.79
6770,9885140567,899.00,2016,Retailer,2026-05-11 08:26:00,SUCCESS,914.11
6771,9136802588,179.00,2009,Bank Portal,2025-09-05 07:55:00,FAILED,186.86
6772,9260415010,249.00,2014,Retailer,2026-05-26 06:19:00,SUCCESS,429.76
6773,9773593633,799.00,2005,Bank Portal,2025-12-29 04:11:00,FAILED,79.21
6774,9622848354,99.00,2023,App,2026-02-24 21:21:00,SUCCESS,925.37
6775,9206091247,899.00,2016,USSD,2026-06-28 10:43:00,SUCCESS,1049.97
6776,9585469699,949.00,2013,Bank Portal,2026-01-25 09:32:00,SUCCESS,975.17
6777,9403044114,229.36,2018,USSD,2025-09-19 12:54:00,SUCCESS,2319.69
6778,9505659495,499.00,2001,Online,2026-04-26 20:09:00,SUCCESS,689.45
6779,9338926063,99.00,2023,Bank Portal,2025-11-11 13:03:00,REFUNDED,181.13
6780,9894284201,99.00,2023,Bank Portal,2026-02-04 05:43:00,SUCCESS,1071.78
6781,9806188014,764.39,2025,App,2026-01-04 15:39:00,SUCCESS,4197.80
6782,9611966675,179.00,2012,Online,2026-04-19 06:12:00,SUCCESS,460.75
6783,9545979618,399.00,2007,USSD,2026-05-08 06:52:00,SUCCESS,720.52
6784,9768220698,199.00,2011,App,2026-02-07 00:11:00,SUCCESS,1180.13
6785,9121868941,249.00,2014,,2026-01-30 23:23:00,SUCCESS,1784.82
6786,9528445430,799.00,2005,Bank Portal,2025-11-17 17:06:00,REFUNDED,1412.15
6787,9904803676,949.00,2013,Retailer,2026-01-03 09:20:00,SUCCESS,1022.70
6788,9343908179,949.00,2010,Bank Portal,2026-03-30 16:04:00,SUCCESS,1407.99
6789,9431144647,849.00,2022,Online,2025-08-23 19:34:00,SUCCESS,2381.12
6790,9670666235,949.00,2010,Bank Portal,2025-10-16 08:14:00,SUCCESS,2791.58
6791,9236700278,499.00,2001,Online,2026-02-11 06:41:00,SUCCESS,1018.07
6792,9569631128,2999.00,2025,Retailer,2025-11-16 09:19:00,SUCCESS,4025.16
6793,9784734680,239.00,2017,Bank Portal,2026-01-23 02:58:00,SUCCESS,1232.39
6794,9977897114,479.00,2024,App,2026-02-23 13:38:00,SUCCESS,1518.09
6795,9259123143,949.00,2010,Online,2026-07-18 15:25:00,SUCCESS,1954.07
6796,9199149452,949.00,2010,USSD,2026-04-21 12:44:00,SUCCESS,1783.03
6797,9506592288,949.00,2013,Online,2026-05-16 10:29:00,SUCCESS,2175.56
6798,9904694470,827.94,2024,Online,2026-03-15 10:22:00,SUCCESS,2223.15
6799,9632466340,249.00,2014,Bank Portal,2026-05-27 10:12:00,SUCCESS,283.54
6800,9468913991,199.00,2004,Retailer,2025-09-27 04:04:00,SUCCESS,1001.53
6801,9096433764,513.96,2018,Online,2025-11-10 06:27:00,SUCCESS,822.95
6802,9378947562,799.00,2005,Bank Portal,2025-10-08 00:33:00,SUCCESS,1030.55
6803,9702967027,199.00,2004,USSD,2026-05-19 04:53:00,SUCCESS,2639.31
6804,9308945692,99.00,2023,App,2026-05-16 07:51:00,SUCCESS,1812.88
6805,9106431298,149.00,2002,App,2026-07-17 01:55:00,SUCCESS,1380.46
6806,9259087799,286.24,2004,Online,2026-06-23 19:29:00,SUCCESS,626.39
6807,9396394684,726.00,2004,Bank Portal,2025-09-18 05:40:00,FAILED,150.57
6808,9262534628,249.00,2014,Retailer,2025-10-30 08:01:00,FAILED,1474.12
6809,9558642272,179.00,2009,Bank Portal,2026-01-04 22:28:00,SUCCESS,870.29
6810,9455872401,179.00,2012,,2026-08-02 11:39:00,SUCCESS,711.68
6811,9745286578,299.00,2020,Online,2025-10-10 14:32:00,SUCCESS,302.43
6812,9149498212,949.00,2010,Online,2025-11-08 10:12:00,SUCCESS,1378.31
6813,9740804790,299.00,2020,Online,2025-08-13 12:30:00,SUCCESS,1637.32
6814,9865560183,249.00,2014,App,2026-02-28 17:23:00,SUCCESS,1121.16
6815,9611995540,299.00,2020,Online,2026-01-11 15:57:00,SUCCESS,443.37
6816,9292033900,849.00,2022,App,2025-12-15 14:27:00,SUCCESS,1879.48
6817,9334731107,149.00,2002,Online,2026-04-17 20:22:00,SUCCESS,245.45
6818,9836878644,179.00,2008,Bank Portal,2026-02-12 05:53:00,SUCCESS,641.62
6819,9810572739,249.00,2014,Online,2026-07-31 08:12:00,SUCCESS,542.79
6820,9449516645,849.00,2022,Online,2026-02-07 16:44:00,SUCCESS,859.73
6821,9867821564,649.00,2019,Bank Portal,2026-07-16 18:19:00,SUCCESS,678.78
6822,9616175588,586.68,2018,Retailer,2025-09-22 04:25:00,FAILED,340.34
6823,9747835404,399.00,2006,USSD,2026-03-20 19:41:00,SUCCESS,791.78
6824,9848390634,479.00,2024,App,2026-04-04 23:19:00,SUCCESS,893.00
6825,9516050219,2999.00,2025,USSD,2026-06-17 01:41:00,SUCCESS,3153.53
6826,9883987912,899.00,2016,USSD,2026-05-27 15:26:00,FAILED,940.47
6827,9664425940,179.00,2008,USSD,2026-02-10 03:45:00,FAILED,0.97
6828,9594089145,299.00,2020,App,2025-12-19 23:44:00,SUCCESS,378.78
6829,9995034278,190.73,2009,Retailer,2026-04-26 17:10:00,SUCCESS,545.35
6830,9852722715,899.00,2016,Retailer,2026-05-05 04:17:00,SUCCESS,905.89
6831,9492238773,99.00,2023,Retailer,2026-07-23 18:59:00,SUCCESS,170.93
6832,9758412604,179.00,2009,Bank Portal,2026-05-24 19:29:00,FAILED,673.22
6833,9135913801,249.00,2014,USSD,2026-06-16 23:53:00,SUCCESS,1419.24
6834,9097455664,149.00,2003,Online,2025-10-06 18:38:00,FAILED,148.10
6835,9836149659,849.00,2015,Retailer,2025-10-01 23:01:00,SUCCESS,1912.00
6836,9774389219,699.00,2021,App,2026-05-19 12:16:00,SUCCESS,1028.45
6837,9455927236,239.00,2017,Bank Portal,2026-02-07 02:17:00,SUCCESS,314.19
6838,9730729979,949.00,2010,USSD,2025-11-18 02:21:00,SUCCESS,1645.45
6839,9877576008,479.00,2024,Retailer,2025-12-27 18:13:00,SUCCESS,1590.87
6840,9490502993,199.00,2004,USSD,2026-04-19 05:14:00,SUCCESS,616.52
6841,9330340315,649.00,2019,Online,2026-03-12 20:56:00,SUCCESS,1701.00
6842,9594019997,149.00,2003,Retailer,2026-07-17 11:35:00,SUCCESS,265.08
6843,9495356155,179.00,2008,App,2025-10-12 08:54:00,SUCCESS,1635.27
6844,9896294232,179.00,2009,Online,2026-03-01 12:36:00,SUCCESS,1308.47
6845,9705315132,179.00,2008,Retailer,2025-09-29 18:26:00,SUCCESS,1292.48
6846,9381924979,899.00,2016,Online,2026-06-20 10:27:00,SUCCESS,2889.08
6847,9251910492,179.00,2009,App,2026-05-25 02:19:00,SUCCESS,298.08
6848,9456057502,304.38,2005,App,2025-09-15 04:38:00,SUCCESS,1259.82
6849,9334442903,479.00,2024,App,2026-06-14 19:39:00,SUCCESS,946.18
6850,9461303784,937.09,2014,Retailer,2026-05-19 07:20:00,SUCCESS,985.25
6851,9774389219,299.00,2020,USSD,2026-05-11 20:16:00,FAILED,1028.45
6852,9259123143,699.00,2021,Online,2026-01-29 14:24:00,SUCCESS,2653.07
6853,9460112861,799.00,2005,Online,2026-05-28 06:20:00,PENDING,2646.09
6854,9275111806,949.00,2010,USSD,2025-08-21 10:21:00,SUCCESS,978.00
6855,9092392355,149.00,2003,Online,2026-03-19 12:56:00,SUCCESS,2830.24
6856,9188673168,179.00,2012,Online,2025-11-25 16:38:00,SUCCESS,1158.34
6857,9928651744,2999.00,2025,Online,2025-08-21 20:40:00,SUCCESS,3533.63
6858,9103984895,149.00,2002,Online,2026-07-21 11:17:00,SUCCESS,345.93
6859,9913235075,2999.00,2025,Online,2026-06-08 19:23:00,REFUNDED,182.28
6860,9242778489,949.00,2010,Online,2025-12-29 00:21:00,SUCCESS,1139.25
6861,9456227804,149.00,2003,Bank Portal,2026-07-04 16:47:00,SUCCESS,4980.36
6862,9254265243,949.00,2010,Retailer,2025-10-04 05:15:00,SUCCESS,2248.44
6863,9290913772,479.00,2024,Online,2026-05-07 12:45:00,SUCCESS,1701.34
6864,9053069055,199.00,2011,Online,2025-09-21 04:28:00,SUCCESS,562.99
6865,9232719194,909.78,2005,Online,2026-05-15 05:01:00,SUCCESS,4235.32
6866,9594089145,2999.00,2025,App,2025-08-25 23:40:00,SUCCESS,3377.78
6867,9911426376,99.00,2023,USSD,2026-06-10 08:18:00,SUCCESS,344.66
6868,9248297607,481.21,2014,Bank Portal,2025-09-22 11:02:00,SUCCESS,1974.73
6869,9761991359,399.00,2006,Bank Portal,2025-10-16 21:07:00,FAILED,322.15
6870,9774389219,199.00,2004,App,2025-11-30 18:04:00,SUCCESS,1227.45
6871,9094134366,685.03,2002,USSD,2026-05-11 21:18:00,FAILED,311.27
6872,9098217330,949.00,2013,Retailer,2026-07-31 09:42:00,SUCCESS,1470.72
6873,9141692778,899.00,2018,Bank Portal,2026-02-18 00:10:00,SUCCESS,1017.75
6874,9771282736,99.00,2023,App,2025-11-14 15:27:00,SUCCESS,218.86
6875,9846966750,377.11,2009,Online,2026-08-01 17:26:00,SUCCESS,1603.23
6876,9778890936,99.00,2023,Bank Portal,2025-11-21 22:06:00,SUCCESS,163.54
6877,9308264635,678.12,2006,Retailer,2026-04-11 14:02:00,SUCCESS,1067.34
6878,9495731812,99.00,2023,App,2026-04-07 05:19:00,SUCCESS,438.34
6879,9064891572,949.00,2013,App,2025-08-31 16:52:00,SUCCESS,992.27
6880,9500986080,644.00,2001,Online,2026-02-04 03:20:00,SUCCESS,1637.43
6881,9201436615,149.00,2002,Online,2026-06-25 05:48:00,SUCCESS,1403.78
6882,9213080579,809.49,2025,Retailer,2026-04-11 14:57:00,SUCCESS,936.84
6883,9601239809,299.00,2020,App,2026-04-14 14:24:00,SUCCESS,1311.36
6884,9679384794,899.00,2018,Online,2025-08-13 11:47:00,SUCCESS,1839.16
6885,9148653508,499.00,2001,USSD,2025-12-02 04:51:00,SUCCESS,604.81
6886,9559929500,149.00,2002,Bank Portal,2025-09-16 17:30:00,SUCCESS,985.55
6887,9291680295,847.53,2024,USSD,2025-08-17 00:38:00,SUCCESS,2556.20
6888,9818603288,849.00,2015,Retailer,2025-08-09 15:03:00,SUCCESS,862.44
6889,9594019997,399.00,2007,USSD,2025-11-24 20:41:00,REFUNDED,265.08
6890,9662896417,762.50,2006,USSD,2026-03-16 10:50:00,SUCCESS,865.80
6891,9719827192,499.00,2001,Retailer,2025-11-19 05:49:00,SUCCESS,1577.54
6892,9176460828,849.00,2015,Bank Portal,2026-07-01 06:37:00,FAILED,333.25
6893,9154558412,139.85,2016,App,2026-01-22 02:31:00,SUCCESS,1411.37
6894,9589109415,149.00,2002,Bank Portal,2026-07-19 04:01:00,SUCCESS,1215.17
6895,9357633243,499.00,2001,Bank Portal,2026-06-24 01:01:00,SUCCESS,1114.98
6896,9258117595,899.00,2018,Retailer,2025-10-20 15:53:00,SUCCESS,2313.10
6897,9303771920,179.00,2008,USSD,2025-12-16 22:15:00,SUCCESS,715.38
6898,9804383400,928.74,2013,,2026-01-09 13:32:00,SUCCESS,1089.13
6899,9498308937,799.00,2005,Online,2026-05-23 15:01:00,SUCCESS,1284.18
6900,9157676195,249.00,2014,USSD,2026-07-29 05:36:00,SUCCESS,1308.70
6901,9306954920,299.00,2020,App,2026-04-12 07:32:00,SUCCESS,558.21
6902,9423769975,826.28,2016,App,2026-05-05 20:24:00,SUCCESS,954.20
6903,9523505372,928.51,2004,Retailer,2026-06-04 11:01:00,SUCCESS,979.16
6904,9430007249,249.00,2014,Online,2026-07-27 19:30:00,SUCCESS,1388.77
6905,9588907707,2999.00,2025,App,2026-05-29 06:48:00,SUCCESS,3685.37
6906,9256318940,799.00,2005,Online,2026-04-06 22:44:00,FAILED,150.38
6907,9725756966,899.00,2018,Bank Portal,2025-10-14 03:56:00,SUCCESS,2318.95
6908,9214415256,745.88,2017,USSD,2025-09-20 12:39:00,SUCCESS,773.97
6909,9262020684,641.55,2008,Retailer,2025-12-30 03:05:00,SUCCESS,961.76
6910,9548617618,629.78,2025,USSD,2025-11-01 17:03:00,SUCCESS,794.32
6911,9013933929,179.00,2008,App,2025-12-08 11:41:00,SUCCESS,2095.21
6912,9557039032,241.48,2002,USSD,2025-10-26 08:55:00,SUCCESS,1046.09
6913,9858307133,99.00,2023,,2025-11-21 18:16:00,SUCCESS,487.62
6914,9772590440,399.00,2006,USSD,2026-06-13 10:12:00,SUCCESS,1470.65
6915,9207299322,179.00,2012,Retailer,2025-11-10 07:06:00,SUCCESS,2214.91
6916,9967505537,899.00,2016,App,2026-04-12 02:08:00,SUCCESS,1141.01
6917,9952036397,20.88,2013,Retailer,2025-10-29 02:27:00,SUCCESS,926.57
6918,9892073721,849.00,2022,USSD,2025-10-02 23:32:00,SUCCESS,2347.52
6919,9181222607,949.00,2010,Online,2025-11-07 00:34:00,SUCCESS,2963.82
6920,9339634659,239.00,2017,Retailer,2025-10-23 09:34:00,SUCCESS,674.15
6921,9507095333,399.00,2007,,2025-11-06 12:40:00,SUCCESS,517.62
6922,9074413160,399.00,2006,USSD,2026-04-12 17:30:00,SUCCESS,544.62
6923,9634513165,899.00,2016,Online,2026-03-20 22:03:00,SUCCESS,1087.23
6924,9396197560,239.00,2017,Bank Portal,2026-04-13 08:31:00,SUCCESS,440.85
6925,9303395247,239.00,2017,USSD,2025-11-07 03:00:00,SUCCESS,281.35
6926,9094134366,964.17,2011,USSD,2026-03-22 20:30:00,FAILED,311.27
6927,9038261701,649.00,2019,Bank Portal,2026-04-03 17:20:00,SUCCESS,774.56
6928,9585469699,299.00,2020,Bank Portal,2026-06-22 10:23:00,SUCCESS,1274.17
6929,9003965759,399.00,2006,USSD,2026-06-17 05:25:00,SUCCESS,1448.75
6930,9168248942,399.00,2007,Online,2025-09-17 19:43:00,FAILED,1705.97
6931,9905090642,649.00,2019,App,2026-07-20 09:34:00,FAILED,872.60
6932,9765021782,199.00,2011,Bank Portal,2026-05-13 15:49:00,SUCCESS,1240.81
6933,9335158995,149.00,2002,Bank Portal,2026-03-15 13:25:00,SUCCESS,243.67
6934,9096596402,222.04,2023,Retailer,2026-04-09 05:55:00,SUCCESS,500.62
6935,9232719194,479.00,2024,App,2025-12-16 15:21:00,SUCCESS,4714.32
6936,9479186674,2999.00,2025,Bank Portal,2025-11-12 23:51:00,SUCCESS,3067.51
6937,9699381443,608.66,2017,App,2026-03-29 02:59:00,SUCCESS,1311.87
6938,9436051192,149.00,2002,,2026-05-11 04:47:00,SUCCESS,3798.19
6939,9194284817,479.00,2024,Retailer,2026-07-08 04:18:00,SUCCESS,1460.59
6940,9695482165,179.00,2008,USSD,2026-03-30 23:02:00,PENDING,2147.03
6941,9781262871,799.00,2005,Bank Portal,2026-06-12 04:37:00,SUCCESS,911.73
6942,9779978154,199.00,2004,Retailer,2025-08-21 18:32:00,SUCCESS,675.78
6943,9507095333,299.00,2020,Retailer,2026-06-06 17:13:00,FAILED,517.62
6944,9590605164,249.00,2014,,2025-11-27 06:57:00,SUCCESS,2500.07
6945,9811278299,799.00,2005,Retailer,2025-11-26 15:29:00,SUCCESS,1707.03
6946,9572993950,899.00,2016,Bank Portal,2026-04-17 23:21:00,SUCCESS,903.42
6947,9770833235,849.00,2015,Bank Portal,2026-01-31 22:13:00,SUCCESS,1322.72
6948,9558663876,249.00,2014,App,2026-06-14 18:56:00,SUCCESS,1810.46
6949,9300779320,179.00,2012,USSD,2025-10-09 06:09:00,SUCCESS,1202.42
6950,9167460172,799.00,2005,USSD,2026-03-28 13:20:00,SUCCESS,990.03
6951,9355749693,199.00,2011,Online,2025-12-14 02:25:00,SUCCESS,1006.37
6952,9420375435,399.00,2006,Bank Portal,2026-01-20 21:40:00,FAILED,24.82
6953,9723932732,99.00,2023,App,2025-08-26 10:30:00,SUCCESS,1613.58
6954,9114217757,179.00,2012,Retailer,2026-03-12 23:52:00,PENDING,436.77
6955,9183764811,899.00,2018,App,2026-06-18 23:27:00,SUCCESS,961.61
6956,9697913561,502.38,2017,Online,2025-10-29 12:21:00,SUCCESS,1216.48
6957,9438303400,849.00,2022,Bank Portal,2025-12-22 18:36:00,SUCCESS,1734.62
6958,9936325482,299.00,2020,App,2026-01-03 05:36:00,SUCCESS,1321.60
6959,9740267113,239.00,2017,Retailer,2025-08-20 20:31:00,SUCCESS,645.53
6960,9371579682,99.00,2023,Online,2025-08-25 03:30:00,SUCCESS,2235.13
6961,9306954920,899.00,2016,Retailer,2026-04-17 06:00:00,SUCCESS,1457.21
6962,9943606523,2999.00,2025,Retailer,2026-04-26 23:36:00,SUCCESS,3998.13
6963,9077746305,199.00,2004,USSD,2026-02-16 22:31:00,SUCCESS,365.05
6964,9155023129,149.00,2003,,2026-03-28 04:37:00,SUCCESS,1104.10
6965,9698427622,479.00,2024,App,2025-12-26 07:02:00,SUCCESS,603.47
6966,9107589153,705.04,2003,Retailer,2026-04-09 23:22:00,SUCCESS,1195.34
6967,9113510308,2999.00,2025,Retailer,2026-02-03 01:56:00,SUCCESS,4939.27
6968,9259191672,179.00,2008,Online,2025-11-25 17:52:00,SUCCESS,586.35
6969,9930876997,499.00,2001,App,2025-12-26 06:16:00,SUCCESS,1446.02
6970,9959700796,179.00,2008,App,2025-09-30 01:09:00,SUCCESS,230.47
6971,9594378200,149.00,2003,Bank Portal,2025-08-12 18:46:00,SUCCESS,240.50
6972,9500986080,239.00,2017,App,2026-07-06 21:19:00,SUCCESS,1876.43
6973,9228254626,179.00,2009,Bank Portal,2026-04-04 15:27:00,SUCCESS,329.43
6974,9420426042,299.00,2020,Retailer,2026-03-05 01:00:00,SUCCESS,620.48
6975,9191762701,499.00,2001,Retailer,2026-03-21 14:14:00,FAILED,1323.27
6976,9413982250,199.00,2011,Bank Portal,2026-06-18 07:41:00,SUCCESS,1386.90
6977,9203084819,199.00,2011,Online,2025-09-25 06:37:00,SUCCESS,1207.09
6978,9875136909,499.00,2001,USSD,2026-07-21 11:02:00,SUCCESS,694.86
6979,9701765990,849.00,2022,Retailer,2026-06-02 21:18:00,SUCCESS,888.16
6980,9995400649,479.00,2024,Online,2025-11-01 17:52:00,SUCCESS,548.41
6981,9502110897,179.00,2008,Bank Portal,2026-03-02 07:07:00,SUCCESS,325.06
6982,9568124974,649.00,2019,USSD,2026-06-12 18:11:00,SUCCESS,2096.51
6983,9891938702,699.00,2021,Retailer,2025-09-19 16:12:00,SUCCESS,1666.90
6984,9623817159,799.00,2005,Online,2026-07-20 04:22:00,SUCCESS,1792.94
6985,9977897114,699.00,2021,Bank Portal,2026-04-28 06:12:00,SUCCESS,2217.09
6986,9158781453,199.00,2004,Retailer,2026-06-13 08:54:00,FAILED,3188.04
6987,9950067841,155.89,2018,Retailer,2025-11-29 21:40:00,SUCCESS,420.04
6988,9884280551,399.00,2007,App,2025-09-08 08:51:00,SUCCESS,1508.58
6989,9044284795,849.00,2022,App,2026-07-13 15:42:00,FAILED,866.11
6990,9785090735,239.00,2017,App,2026-05-04 06:55:00,SUCCESS,2684.83
6991,9896294232,815.04,2012,USSD,2025-12-12 15:09:00,SUCCESS,2123.51
6992,9003965759,249.00,2014,Online,2025-11-09 13:35:00,SUCCESS,1697.75
6993,9848469260,399.00,2006,Online,2026-07-07 11:02:00,FAILED,72.41
6994,9788244076,949.00,2013,Bank Portal,2026-03-23 15:18:00,SUCCESS,2162.95
6995,9945645521,699.00,2021,Bank Portal,2025-09-13 13:23:00,SUCCESS,785.40
6996,9775907278,299.00,2020,USSD,2025-09-02 03:59:00,SUCCESS,419.11
6997,9146794714,99.00,2023,Retailer,2025-10-16 13:54:00,SUCCESS,624.62
6998,9560787873,179.00,2009,Online,2026-06-17 21:05:00,SUCCESS,410.55
6999,9422588457,499.00,2001,USSD,2026-05-05 11:49:00,SUCCESS,1501.46
7000,9850489326,239.00,2017,USSD,2025-11-12 20:30:00,REFUNDED,1102.98
7001,9169326437,249.00,2014,USSD,2026-06-06 02:32:00,SUCCESS,1113.64
7002,9027649972,799.00,2005,App,2026-07-30 12:12:00,SUCCESS,1154.03
7003,9657662652,199.00,2004,Retailer,2026-01-27 01:30:00,FAILED,171.83
7004,9534037566,179.00,2012,Online,2025-10-31 01:11:00,SUCCESS,836.64
7005,9950965101,699.00,2021,USSD,2025-12-16 21:31:00,SUCCESS,1159.36
7006,9190709640,949.00,2010,App,2026-04-19 04:13:00,SUCCESS,2192.24
7007,9148274783,899.00,2018,Online,2026-03-14 01:09:00,SUCCESS,1627.44
7008,9749321705,149.00,2002,Retailer,2026-04-10 07:03:00,SUCCESS,3150.34
7009,9237705747,179.00,2009,App,2026-02-16 02:24:00,FAILED,1403.12
7010,9826607330,99.00,2023,Bank Portal,2026-07-17 22:08:00,SUCCESS,1114.54
7011,9815153288,517.27,2023,Retailer,2026-04-21 19:33:00,SUCCESS,896.34
7012,9044284795,186.47,2024,Online,2025-12-15 23:18:00,SUCCESS,1052.58
7013,9823094172,726.19,2002,Retailer,2026-01-28 06:00:00,SUCCESS,1492.39
7014,9407183186,399.00,2007,USSD,2025-09-29 10:20:00,SUCCESS,1327.72
7015,9564427073,499.00,2001,USSD,2025-09-08 23:48:00,SUCCESS,870.90
7016,9040106848,399.00,2006,Bank Portal,2025-09-06 20:02:00,SUCCESS,563.32
7017,9894016125,399.00,2007,App,2026-01-26 01:58:00,SUCCESS,412.06
7018,9533729628,2999.00,2025,USSD,2026-07-29 07:04:00,FAILED,1575.89
7019,9643945620,949.00,2010,App,2026-05-06 07:08:00,SUCCESS,2574.66
7020,9447568567,399.00,2007,USSD,2026-06-04 13:23:00,SUCCESS,2001.97
7021,9239105152,722.30,2024,Retailer,2026-07-11 02:30:00,SUCCESS,2374.54
7022,9083313677,199.00,2011,Retailer,2025-10-28 05:29:00,SUCCESS,4318.55
7023,9078329882,799.00,2005,Bank Portal,2025-09-07 03:07:00,SUCCESS,1444.92
7024,9287426641,179.00,2012,,2026-07-16 17:50:00,SUCCESS,300.75
7025,9100297432,949.00,2013,Online,2026-05-17 07:43:00,SUCCESS,1341.57
7026,9919835101,499.00,2001,App,2025-11-06 06:56:00,SUCCESS,517.41
7027,9277826289,179.00,2009,Bank Portal,2025-10-25 13:55:00,SUCCESS,1579.70
7028,9998955932,149.00,2002,USSD,2025-11-21 22:03:00,SUCCESS,1613.22
7029,9707681757,239.00,2017,Bank Portal,2025-08-14 05:41:00,SUCCESS,385.06
7030,9737037725,849.00,2022,Online,2026-02-09 14:52:00,SUCCESS,978.91
7031,9627345231,949.00,2013,Online,2026-03-02 22:37:00,SUCCESS,1863.07
7032,9321284528,374.14,2002,Online,2025-09-29 15:09:00,SUCCESS,1705.39
7033,9926518136,399.00,2006,Retailer,2025-09-17 15:06:00,SUCCESS,2498.10
7034,9483401426,899.00,2018,,2026-08-07 00:44:00,SUCCESS,2895.33
7035,9623304410,299.00,2020,Bank Portal,2026-05-13 15:11:00,SUCCESS,362.21
7036,9500986080,199.00,2004,Online,2026-01-30 21:08:00,SUCCESS,2075.43
7037,9623666135,899.00,2018,,2026-05-31 23:57:00,SUCCESS,1199.50
7038,9805030615,99.00,2023,Bank Portal,2026-02-10 22:17:00,SUCCESS,1734.91
7039,9593991237,799.00,2005,Bank Portal,2025-11-06 17:27:00,SUCCESS,1492.20
7040,9647663949,380.47,2002,Bank Portal,2026-02-01 09:10:00,SUCCESS,755.90
7041,9604049518,899.00,2016,App,2025-09-24 00:10:00,SUCCESS,1091.45
7042,9458727969,2999.00,2025,App,2025-10-14 02:46:00,SUCCESS,3028.32
7043,9503335139,699.00,2021,Online,2025-12-29 16:45:00,SUCCESS,875.31
7044,9047797926,179.00,2008,USSD,2025-10-16 00:30:00,SUCCESS,1972.98
7045,9857989753,299.00,2020,Bank Portal,2026-06-10 00:15:00,SUCCESS,790.28
7046,9867842317,2999.00,2025,Bank Portal,2026-01-23 03:12:00,SUCCESS,4489.10
7047,9539790584,239.00,2017,App,2026-04-05 17:24:00,SUCCESS,1105.68
7048,9500986080,899.00,2016,Retailer,2026-02-07 12:14:00,SUCCESS,2974.43
7049,9284547066,899.00,2016,Retailer,2025-12-25 15:33:00,SUCCESS,1453.52
7050,9047616322,399.00,2006,Retailer,2025-08-21 06:16:00,SUCCESS,1612.97
7051,9038261701,538.13,2008,USSD,2026-03-20 00:31:00,SUCCESS,1312.69
7052,9585469699,399.00,2007,Bank Portal,2025-09-09 04:02:00,SUCCESS,1673.17
7053,9764666274,849.00,2015,Online,2026-07-06 07:29:00,SUCCESS,1047.95
7054,9956547471,491.04,2015,Online,2025-10-28 05:18:00,SUCCESS,527.40
7055,9438303400,399.00,2007,App,2026-02-25 07:09:00,PENDING,1734.62
7056,9085477032,299.00,2020,Retailer,2026-03-08 05:03:00,SUCCESS,4426.25
7057,9459437746,179.00,2012,Bank Portal,2026-07-11 21:31:00,REFUNDED,649.91
7058,9740696272,849.00,2015,Online,2026-01-11 04:50:00,SUCCESS,1637.00
7059,9716091254,179.00,2008,USSD,2026-03-14 02:45:00,SUCCESS,1142.09
7060,9380481498,179.00,2009,Retailer,2026-06-16 10:07:00,SUCCESS,2137.04
7061,9921469980,199.00,2011,Online,2026-03-15 10:53:00,SUCCESS,1257.92
7062,9318443729,479.00,2024,Bank Portal,2026-06-18 23:08:00,SUCCESS,519.93
7063,9773593633,179.00,2009,Retailer,2026-05-02 14:07:00,SUCCESS,258.21
7064,9619105728,249.00,2014,Online,2025-08-19 19:05:00,SUCCESS,515.85
7065,9206038695,899.00,2016,Retailer,2026-04-25 21:34:00,SUCCESS,6914.99
7066,9137483789,179.00,2009,Retailer,2026-07-20 17:30:00,SUCCESS,1319.77
7067,9821490395,849.00,2022,Online,2025-09-26 21:23:00,SUCCESS,1155.70
7068,9077070593,179.00,2009,Online,2026-07-29 13:23:00,REFUNDED,261.69
7069,9209238094,899.00,2016,Online,2025-08-31 04:57:00,SUCCESS,1910.91
7070,9141147611,249.00,2014,USSD,2026-01-11 15:16:00,SUCCESS,388.31
7071,9524712013,299.00,2020,USSD,2025-11-28 07:51:00,SUCCESS,1003.29
7072,9993465409,899.00,2016,App,2025-09-04 19:50:00,SUCCESS,1011.44
7073,9706526412,179.00,2008,App,2026-06-23 18:31:00,SUCCESS,1354.95
7074,9170340840,499.00,2001,USSD,2026-04-29 17:46:00,SUCCESS,1057.87
7075,9193368555,199.00,2004,Bank Portal,2026-07-02 14:02:00,SUCCESS,540.75
7076,9537845032,699.00,2021,App,2026-02-12 12:31:00,SUCCESS,1560.82
7077,9704440552,249.00,2014,USSD,2026-06-07 18:48:00,SUCCESS,456.56
7078,9262534628,899.00,2018,Bank Portal,2026-03-18 08:35:00,SUCCESS,2373.12
7079,9766377365,799.00,2005,USSD,2026-06-19 04:17:00,SUCCESS,1174.20
7080,9549651023,107.15,2021,Bank Portal,2025-10-28 10:44:00,FAILED,1005.66
7081,9214026495,899.00,2018,USSD,2026-05-16 09:52:00,SUCCESS,2010.09
7082,9034785365,149.00,2003,Bank Portal,2026-06-10 16:36:00,FAILED,144.10
7083,9501146896,699.00,2021,App,2025-09-03 21:54:00,REFUNDED,59.11
7084,9143736243,296.89,2005,Retailer,2026-02-25 07:07:00,PENDING,169.33
7085,9303771920,699.00,2021,USSD,2025-09-22 10:28:00,SUCCESS,1414.38
7086,9457517519,263.70,2025,USSD,2026-04-22 17:21:00,PENDING,973.13
7087,9142718067,849.00,2022,Bank Portal,2025-12-22 16:06:00,SUCCESS,1027.72
7088,9447148769,479.00,2024,USSD,2026-06-02 14:49:00,SUCCESS,881.10
7089,9208654490,899.00,2016,App,2026-01-03 16:16:00,SUCCESS,2199.06
7090,9679838478,179.00,2012,Bank Portal,2026-06-25 04:25:00,SUCCESS,415.63
7091,9152707815,899.00,2018,Bank Portal,2025-12-17 11:56:00,SUCCESS,1027.69
7092,9369337271,949.00,2010,USSD,2025-10-15 09:03:00,SUCCESS,1832.73
7093,9589107492,239.00,2017,Retailer,2026-01-18 16:35:00,SUCCESS,422.10
7094,9651730485,706.91,2010,,2026-07-08 02:26:00,SUCCESS,2463.26
7095,9064761468,119.77,2018,App,2026-03-22 16:59:00,SUCCESS,927.10
7096,9242778489,828.66,2001,USSD,2026-04-27 07:21:00,SUCCESS,1967.91
7097,9936325482,899.00,2016,Online,2025-10-26 12:39:00,SUCCESS,2220.60
7098,9400994219,179.00,2012,Bank Portal,2026-07-09 21:29:00,SUCCESS,1826.18
7099,9922134619,299.00,2020,App,2026-06-10 01:23:00,SUCCESS,495.58
7100,9329668941,849.00,2015,Retailer,2026-03-27 08:20:00,REFUNDED,726.08
7101,9908822016,849.00,2022,,2026-02-27 15:49:00,SUCCESS,5375.18
7102,9726423917,249.00,2014,Online,2026-02-25 05:46:00,SUCCESS,2087.72
7103,9555263470,179.00,2009,Retailer,2026-03-14 10:13:00,SUCCESS,191.19
7104,9197343538,899.00,2016,Online,2026-06-28 00:32:00,SUCCESS,2690.06
7105,9644345116,179.00,2008,Retailer,2026-07-19 16:43:00,SUCCESS,467.25
7106,9620370383,849.00,2015,Retailer,2025-09-21 01:22:00,SUCCESS,1251.14
7107,9626534835,149.00,2003,Bank Portal,2026-01-15 06:18:00,SUCCESS,233.80
7108,9092179830,335.72,2020,,2025-10-26 02:03:00,PENDING,377.26
7109,9319116101,179.00,2012,App,2025-08-21 06:26:00,SUCCESS,402.04
7110,9151845996,649.00,2019,Online,2025-09-11 12:07:00,FAILED,114.07
7111,9753361183,179.00,2008,Bank Portal,2026-03-08 18:52:00,SUCCESS,270.73
7112,9960035265,239.00,2017,App,2026-05-21 16:18:00,SUCCESS,1263.86
7113,9975245843,399.00,2006,USSD,2025-09-17 23:31:00,SUCCESS,686.71
7114,9758412604,479.00,2024,,2026-02-23 03:58:00,SUCCESS,1152.22
7115,9648125035,199.00,2011,USSD,2025-12-05 00:51:00,SUCCESS,356.44
7116,9661993554,399.00,2007,Bank Portal,2026-08-06 06:39:00,SUCCESS,494.51
7117,9571937361,649.00,2019,Online,2026-03-31 17:50:00,FAILED,527.75
7118,9466472070,299.00,2020,App,2026-02-17 03:46:00,SUCCESS,841.84
7119,9430336986,799.00,2005,Bank Portal,2025-08-27 23:19:00,SUCCESS,1711.32
7120,9926167789,99.00,2023,Bank Portal,2026-05-05 07:51:00,SUCCESS,1160.28
7121,9718463342,149.00,2003,App,2026-02-24 07:54:00,SUCCESS,282.31
7122,9736943737,249.00,2014,USSD,2026-04-18 09:26:00,SUCCESS,377.52
7123,9152447228,249.00,2014,Retailer,2025-10-05 10:38:00,REFUNDED,307.13
7124,9046106102,899.00,2016,Online,2026-03-11 03:08:00,SUCCESS,2346.06
7125,9230345583,99.00,2023,App,2026-06-13 00:29:00,SUCCESS,1192.17
7126,9240102837,299.00,2020,Retailer,2026-02-23 20:15:00,SUCCESS,379.55
7127,9756865116,849.00,2022,USSD,2026-04-03 04:31:00,REFUNDED,417.72
7128,9889162484,608.42,2019,,2026-02-15 20:31:00,FAILED,1156.55
7129,9838031390,899.00,2016,USSD,2026-03-31 04:02:00,SUCCESS,916.85
7130,9498308937,899.00,2016,Online,2025-09-29 00:21:00,SUCCESS,2183.18
7131,9181990715,199.00,2011,App,2025-08-22 06:23:00,SUCCESS,908.27
7132,9354953132,763.20,2008,Retailer,2026-07-03 20:34:00,SUCCESS,3486.44
7133,9309119050,399.00,2006,App,2025-09-09 19:12:00,SUCCESS,1246.16
7134,9907924082,149.00,2002,App,2025-12-12 04:42:00,SUCCESS,2475.69
7135,9381924979,249.00,2014,Online,2025-08-26 09:34:00,SUCCESS,3138.08
7136,9098505926,949.00,2010,Bank Portal,2026-06-25 23:17:00,SUCCESS,1641.46
7137,9065164218,649.00,2019,Bank Portal,2025-08-13 19:24:00,SUCCESS,2292.39
7138,9786128893,799.00,2005,Retailer,2025-10-07 17:34:00,SUCCESS,4052.84
7139,9816667374,179.00,2012,Bank Portal,2026-05-16 14:26:00,SUCCESS,1583.96
7140,9355426056,899.00,2016,Bank Portal,2026-02-25 10:36:00,SUCCESS,2719.23
7141,9096433764,949.00,2010,USSD,2026-06-25 10:22:00,SUCCESS,1771.95
7142,9502449412,149.00,2002,USSD,2025-09-29 11:26:00,SUCCESS,238.08
7143,9746640394,849.00,2022,App,2025-09-23 16:33:00,SUCCESS,3284.66
7144,9756865116,479.00,2024,Bank Portal,2026-03-21 05:44:00,SUCCESS,896.72
7145,9913675449,799.00,2005,USSD,2026-07-30 16:59:00,PENDING,325.89
7146,9523531401,399.00,2006,App,2026-07-20 02:41:00,SUCCESS,525.56
7147,9013609628,842.04,2024,USSD,2026-07-11 02:39:00,SUCCESS,1881.04
7148,9936325482,899.00,2018,Retailer,2026-06-15 00:35:00,SUCCESS,3119.60
7149,9147719208,899.00,2018,Retailer,2026-01-06 12:03:00,SUCCESS,1518.51
7150,9807652232,299.00,2020,App,2026-06-17 00:42:00,SUCCESS,1021.57
7151,9684777684,179.00,2009,Retailer,2025-09-11 13:22:00,SUCCESS,1223.62
7152,9046106102,149.00,2003,USSD,2026-04-13 09:29:00,SUCCESS,2495.06
7153,9197343538,179.00,2008,Retailer,2026-01-23 15:02:00,SUCCESS,2869.06
7154,9350331807,179.00,2009,App,2025-12-05 22:54:00,SUCCESS,394.31
7155,9370992455,281.34,2003,App,2025-12-26 01:19:00,FAILED,768.75
7156,9702967027,849.00,2022,Bank Portal,2026-03-18 16:12:00,FAILED,2639.31
7157,9114600526,199.00,2011,App,2025-09-06 02:43:00,SUCCESS,287.82
7158,9890977992,199.00,2011,Online,2025-09-04 09:41:00,SUCCESS,2090.40
7159,9600007643,656.73,2025,App,2026-04-11 15:42:00,SUCCESS,706.27
7160,9723932732,583.84,2014,App,2026-05-26 18:32:00,SUCCESS,2197.42
7161,9711650918,119.03,2007,Retailer,2026-01-20 13:34:00,FAILED,964.46
7162,9425099296,727.82,2020,USSD,2026-01-19 09:47:00,PENDING,1003.46
7163,9786128893,399.00,2006,Retailer,2026-07-25 20:16:00,SUCCESS,4451.84
7164,9260090340,199.00,2004,Retailer,2025-11-11 01:25:00,SUCCESS,746.75
7165,9981503355,389.29,2016,App,2025-08-28 11:46:00,SUCCESS,586.35
7166,9415101321,249.00,2014,Bank Portal,2026-01-27 14:48:00,SUCCESS,519.15
7167,9493943514,849.00,2015,Bank Portal,2025-11-30 19:04:00,REFUNDED,1591.24
7168,9151458672,399.00,2007,Online,2025-10-20 15:56:00,SUCCESS,1149.19
7169,9233660103,389.89,2013,Retailer,2026-06-08 16:02:00,SUCCESS,3916.06
7170,9511071231,899.00,2016,Online,2025-11-21 19:32:00,SUCCESS,1230.99
7171,9464716697,699.00,2021,App,2025-09-20 21:43:00,SUCCESS,875.60
7172,9456351512,179.00,2008,Retailer,2026-03-22 23:22:00,SUCCESS,294.99
7173,9911341851,179.00,2008,Retailer,2026-06-17 02:54:00,SUCCESS,512.27
7174,9213080579,649.00,2019,Retailer,2026-06-30 09:03:00,SUCCESS,1585.84
7175,9740571075,2999.00,2025,App,2025-12-31 14:04:00,SUCCESS,3954.99
7176,9300890484,99.00,2023,App,2025-12-06 01:36:00,REFUNDED,1247.04
7177,9147450389,149.00,2002,Online,2025-12-05 01:36:00,SUCCESS,266.31
7178,9421841153,399.00,2006,USSD,2026-04-18 20:43:00,SUCCESS,1777.28
7179,9878886536,558.83,2025,App,2026-02-04 19:28:00,SUCCESS,1310.09
7180,9166243946,425.11,2007,Online,2025-09-03 10:14:00,SUCCESS,540.90
7181,9248682153,399.00,2007,USSD,2025-12-29 04:04:00,SUCCESS,1474.13
7182,9439466067,199.00,2004,Retailer,2025-08-13 07:48:00,SUCCESS,1330.10
7183,9661086847,179.00,2012,Retailer,2026-01-14 04:27:00,SUCCESS,384.88
7184,9924303787,949.00,2013,USSD,2026-04-29 12:12:00,SUCCESS,1039.45
7185,9083313677,512.98,2015,App,2026-04-23 12:41:00,SUCCESS,4831.53
7186,9199165101,299.00,2020,Retailer,2025-09-25 02:59:00,SUCCESS,468.93
7187,9821490395,199.00,2004,Retailer,2025-08-24 20:16:00,SUCCESS,1354.70
7188,9445606160,199.00,2011,,2026-04-05 04:16:00,SUCCESS,1116.25
7189,9463668576,199.00,2011,,2025-08-21 16:43:00,SUCCESS,530.03
7190,9207627507,482.62,2001,USSD,2025-10-20 07:46:00,SUCCESS,484.58
7191,9014590644,179.00,2008,Retailer,2026-05-26 03:25:00,SUCCESS,592.22
7192,9187316063,99.00,2023,App,2025-11-25 11:11:00,SUCCESS,621.95
7193,9853114272,299.00,2020,Online,2026-05-21 09:11:00,SUCCESS,353.91
7194,9748400778,949.00,2010,Retailer,2026-06-13 18:51:00,FAILED,837.87
7195,9045768958,149.00,2002,Bank Portal,2025-10-10 13:52:00,FAILED,3594.18
7196,9088065007,949.00,2010,App,2025-10-01 22:22:00,FAILED,94.57
7197,9053076264,949.00,2010,Online,2026-03-04 15:35:00,SUCCESS,3470.99
7198,9641590162,2999.00,2025,App,2025-09-30 11:44:00,REFUNDED,180.18
7199,9131422127,949.00,2013,Retailer,2026-01-29 01:46:00,SUCCESS,1139.39
7200,9890704486,865.58,2001,USSD,2026-06-07 14:13:00,SUCCESS,1593.71
7201,9230472880,2999.00,2025,Online,2026-07-02 19:41:00,PENDING,210.91
7202,9788506080,899.00,2018,Online,2025-09-30 19:46:00,SUCCESS,1091.01
7203,9206953348,710.97,2024,Bank Portal,2026-01-31 01:57:00,SUCCESS,761.52
7204,9830485236,399.00,2006,Online,2026-02-17 03:10:00,SUCCESS,1266.49
7205,9430007249,849.00,2015,App,2026-02-05 15:44:00,SUCCESS,2237.77
7206,9791384703,179.00,2008,App,2026-05-12 00:06:00,SUCCESS,642.58
7207,9155928225,68.34,2008,Retailer,2026-07-12 21:34:00,SUCCESS,1227.15
7208,9724554396,179.00,2008,USSD,2026-02-21 00:47:00,SUCCESS,1808.96
7209,9042613413,699.00,2021,Online,2025-08-18 23:00:00,SUCCESS,894.63
7210,9196208552,399.00,2007,Retailer,2025-08-23 06:15:00,SUCCESS,928.81
7211,9614032373,239.00,2017,Bank Portal,2026-04-21 01:00:00,SUCCESS,380.13
7212,9555263470,179.00,2008,Online,2026-01-20 15:53:00,SUCCESS,370.19
7213,9581082032,105.67,2003,USSD,2026-05-25 11:24:00,SUCCESS,1233.56
7214,9163121700,149.00,2002,Online,2026-05-29 02:20:00,FAILED,282.46
7215,9707681757,179.00,2009,App,2026-07-06 09:17:00,SUCCESS,564.06
7216,9512331886,899.00,2018,App,2025-09-15 19:21:00,SUCCESS,1167.05
7217,9971790799,179.00,2008,Bank Portal,2026-07-25 02:01:00,SUCCESS,1589.19
7218,9440421150,249.00,2014,Bank Portal,2026-01-17 15:54:00,SUCCESS,382.69
7219,9130522288,179.00,2012,Online,2025-12-27 15:31:00,FAILED,614.96
7220,9002256290,199.00,2004,,2026-01-28 09:00:00,SUCCESS,746.54
7221,9795544732,899.00,2016,,2025-10-03 06:11:00,SUCCESS,3007.86
7222,9959160625,239.00,2017,USSD,2025-10-07 21:46:00,SUCCESS,340.73
7223,9836149659,239.00,2017,Retailer,2026-03-29 02:04:00,SUCCESS,2151.00
7224,9956588099,594.60,2016,USSD,2026-07-22 10:11:00,SUCCESS,2103.91
7225,9872274431,179.00,2008,USSD,2026-05-25 15:41:00,SUCCESS,972.88
7226,9340647972,199.00,2011,Retailer,2025-11-14 07:07:00,FAILED,13.46
7227,9431652707,949.00,2010,Online,2026-06-19 14:48:00,SUCCESS,1268.80
7228,9086985638,179.00,2009,USSD,2026-02-01 11:02:00,SUCCESS,335.20
7229,9931329415,606.09,2006,Bank Portal,2025-10-28 19:17:00,REFUNDED,141.18
7230,9761991359,399.00,2006,Retailer,2025-09-27 03:08:00,SUCCESS,721.15
7231,9395082068,899.00,2018,USSD,2025-08-22 08:08:00,SUCCESS,1578.25
7232,9536373493,347.61,2021,USSD,2025-12-01 03:54:00,SUCCESS,2161.38
7233,9024774974,149.00,2002,Online,2026-03-13 11:07:00,SUCCESS,254.28
7234,9740512270,565.91,2001,App,2026-02-17 23:55:00,SUCCESS,1466.54
7235,9287238695,179.00,2012,Bank Portal,2025-10-11 09:15:00,SUCCESS,234.57
7236,9945424627,239.00,2017,App,2026-03-24 23:20:00,SUCCESS,2068.49
7237,9261925139,799.00,2005,App,2025-12-03 13:32:00,SUCCESS,844.72
7238,9199093591,249.00,2014,Retailer,2026-05-21 07:55:00,PENDING,62.04
7239,9846966750,499.00,2001,App,2025-09-06 23:39:00,PENDING,1603.23
7240,9447509773,2999.00,2025,USSD,2026-07-09 20:20:00,FAILED,140.94
7241,9873334549,399.00,2007,Online,2026-06-10 04:45:00,SUCCESS,570.86
7242,9896366912,949.00,2010,Retailer,2025-09-16 06:49:00,SUCCESS,1972.10
7243,9444579035,949.00,2010,Bank Portal,2026-04-10 05:13:00,SUCCESS,1234.36
7244,9744056667,2999.00,2025,Online,2025-11-24 13:52:00,FAILED,27.72
7245,9695526600,498.16,2016,USSD,2025-12-12 17:36:00,SUCCESS,1445.17
7246,9184651840,799.00,2005,Online,2026-05-08 15:35:00,SUCCESS,1806.40
7247,9647547109,399.00,2007,Bank Portal,2025-12-04 16:45:00,SUCCESS,1409.91
7248,9395364898,618.28,2010,Retailer,2025-09-30 15:57:00,SUCCESS,2499.33
7249,9841198231,367.87,2015,Retailer,2026-01-30 03:25:00,REFUNDED,642.02
7250,9924743850,849.00,2015,Online,2026-02-26 10:59:00,SUCCESS,3851.05
7251,9078329882,649.00,2019,App,2026-04-26 14:14:00,SUCCESS,2093.92
7252,9181233002,949.00,2010,App,2025-08-12 17:01:00,SUCCESS,2268.25
7253,9339920239,2999.00,2025,App,2025-10-11 01:24:00,SUCCESS,4775.89
7254,9924039619,399.00,2006,Bank Portal,2025-12-13 09:43:00,SUCCESS,518.84
7255,9381326802,799.00,2005,Online,2025-11-15 10:58:00,SUCCESS,947.31
7256,9521719609,890.32,2024,Bank Portal,2026-04-20 22:52:00,SUCCESS,943.44
7257,9320578433,179.00,2009,App,2026-06-23 18:44:00,FAILED,1503.52
7258,9088065007,199.00,2011,USSD,2026-04-05 15:16:00,SUCCESS,293.57
7259,9711650918,53.60,2009,Online,2026-06-05 20:11:00,SUCCESS,1018.06
7260,9149498212,849.00,2022,App,2025-08-28 07:50:00,FAILED,1378.31
7261,9901203840,706.08,2006,Retailer,2025-11-13 14:15:00,SUCCESS,883.36
7262,9423299732,899.00,2016,App,2026-06-17 02:41:00,SUCCESS,2365.94
7263,9973773443,899.00,2016,Online,2025-08-12 05:28:00,SUCCESS,1891.00
7264,9720032999,2999.00,2025,App,2025-09-13 14:38:00,SUCCESS,3365.21
7265,9601204325,899.00,2016,Bank Portal,2025-10-25 02:24:00,SUCCESS,2023.37
7266,9738680601,777.37,2006,App,2026-01-28 18:15:00,SUCCESS,2557.76
7267,9086091750,179.00,2009,App,2025-12-15 02:23:00,SUCCESS,2501.94
7268,9684474610,949.00,2010,App,2025-10-29 07:47:00,SUCCESS,1897.53
7269,9148274783,199.00,2011,App,2025-12-08 02:58:00,SUCCESS,1826.44
7270,9274829332,53.60,2015,Online,2026-05-19 21:42:00,REFUNDED,1345.37
7271,9235523264,299.00,2020,Retailer,2026-06-24 08:14:00,SUCCESS,534.54
7272,9368392062,716.93,2011,App,2026-05-14 07:22:00,SUCCESS,2273.22
7273,9028781181,523.43,2024,Retailer,2026-05-28 21:58:00,SUCCESS,1407.29
7274,9001662644,849.00,2015,USSD,2026-04-17 08:27:00,SUCCESS,1943.16
7275,9787754344,967.34,2004,App,2026-07-31 19:32:00,SUCCESS,1489.89
7276,9147751178,282.20,2023,Online,2026-08-07 18:06:00,SUCCESS,390.10
7277,9268261094,949.00,2010,Retailer,2025-11-09 05:25:00,PENDING,461.49
7278,9736943737,986.32,2022,Retailer,2025-11-09 22:19:00,PENDING,377.52
7279,9924300529,949.00,2013,Retailer,2026-07-23 08:11:00,SUCCESS,1923.09
7280,9495356155,699.00,2021,Online,2025-08-30 14:32:00,SUCCESS,2334.27
7281,9695482165,201.31,2018,Online,2026-03-25 21:10:00,SUCCESS,2348.34
7282,9885621225,249.00,2014,Online,2025-11-25 08:40:00,SUCCESS,374.03
7283,9610048563,479.00,2024,App,2026-05-08 11:30:00,SUCCESS,1725.14
7284,9238285153,949.00,2013,USSD,2026-01-14 08:06:00,SUCCESS,1023.85
7285,9370992455,649.00,2019,Online,2026-06-19 09:38:00,SUCCESS,1417.75
7286,9458302299,239.00,2017,Bank Portal,2026-05-27 19:40:00,SUCCESS,561.22
7287,9145771132,295.00,2002,App,2025-10-09 17:24:00,SUCCESS,899.85
7288,9079626966,299.00,2020,USSD,2026-03-28 05:34:00,SUCCESS,1858.67
7289,9579542300,566.06,2020,App,2026-07-10 17:05:00,SUCCESS,1165.25
7290,9852780178,249.00,2014,Retailer,2026-03-31 06:21:00,SUCCESS,1572.92
7291,9160525441,949.00,2013,USSD,2026-03-22 22:28:00,SUCCESS,1837.19
7292,9634513165,849.00,2022,App,2025-11-09 15:29:00,SUCCESS,1936.23
7293,9099456196,399.00,2007,Retailer,2025-09-19 22:06:00,SUCCESS,448.90
7294,9370992455,949.00,2010,Online,2025-09-02 23:17:00,SUCCESS,2366.75
7295,9121868941,179.00,2008,Online,2026-07-06 02:09:00,SUCCESS,1963.82
7296,9457358291,2999.00,2025,USSD,2026-06-12 23:05:00,SUCCESS,3120.61
7297,9013609628,2999.00,2025,App,2026-01-25 17:41:00,SUCCESS,4880.04
7298,9339920239,799.00,2005,Bank Portal,2025-12-31 14:36:00,SUCCESS,5574.89
7299,9034026055,949.00,2013,App,2026-07-24 03:43:00,SUCCESS,1893.26
7300,9605619891,699.00,2021,App,2026-01-27 01:03:00,SUCCESS,903.91
7301,9167460172,199.00,2011,Bank Portal,2026-06-30 15:28:00,SUCCESS,1189.03
7302,9076766655,681.28,2020,USSD,2025-10-03 10:56:00,SUCCESS,1888.08
7303,9068472035,883.63,2001,App,2026-06-23 01:28:00,SUCCESS,4047.01
7304,9462786865,849.00,2015,Retailer,2026-06-25 14:11:00,SUCCESS,1715.37
7305,9835472713,249.00,2014,Bank Portal,2026-03-25 11:54:00,SUCCESS,375.91
7306,9906522113,199.00,2004,USSD,2026-04-19 02:12:00,SUCCESS,1180.30
7307,9897798393,649.00,2019,Retailer,2025-12-29 15:10:00,SUCCESS,655.28
7308,9880356285,949.00,2010,Retailer,2025-10-15 01:22:00,SUCCESS,2205.92
7309,9206058251,479.00,2024,Bank Portal,2026-06-23 15:28:00,SUCCESS,1122.30
7310,9217844289,399.00,2007,USSD,2026-05-19 12:12:00,SUCCESS,1442.04
7311,9420375435,149.00,2003,Retailer,2026-03-12 16:52:00,SUCCESS,173.82
7312,9732019683,149.00,2002,Retailer,2025-08-22 09:52:00,SUCCESS,745.54
7313,9047797926,301.33,2024,App,2026-01-06 16:47:00,SUCCESS,2274.31
7314,9587968564,579.47,2015,App,2026-06-26 08:21:00,SUCCESS,2557.85
7315,9013933929,949.00,2010,USSD,2025-12-19 03:01:00,SUCCESS,3044.21
7316,9228254626,849.00,2022,Online,2025-09-28 13:41:00,SUCCESS,1178.43
7317,9665891208,299.00,2020,Bank Portal,2025-12-13 17:10:00,SUCCESS,975.01
7318,9564427073,649.00,2019,Retailer,2025-08-24 08:41:00,SUCCESS,1519.90
7319,9521083493,179.00,2012,Bank Portal,2025-09-04 14:50:00,SUCCESS,1144.08
7320,9872891034,22.47,2015,USSD,2025-10-09 23:21:00,SUCCESS,364.57
7321,9861142110,239.00,2017,USSD,2026-01-11 15:15:00,SUCCESS,660.70
7322,9411621277,49.15,2001,Bank Portal,2025-11-03 10:27:00,SUCCESS,479.33
7323,9372545972,479.00,2024,Online,2025-12-31 03:31:00,SUCCESS,485.18
7324,9399892965,71.76,2011,Bank Portal,2025-10-23 19:01:00,SUCCESS,1301.05
7325,9697512853,191.65,2014,App,2025-08-26 04:10:00,SUCCESS,553.90
7326,9867157154,479.00,2024,Online,2026-04-03 15:42:00,SUCCESS,1412.50
7327,9916707768,949.00,2013,USSD,2026-04-14 08:15:00,SUCCESS,1253.74
7328,9357747761,949.00,2013,USSD,2025-11-30 09:09:00,SUCCESS,2240.01
7329,9167460172,299.00,2020,Online,2026-07-04 17:23:00,SUCCESS,1488.03
7330,9537525786,399.00,2007,App,2025-10-04 20:08:00,SUCCESS,3471.68
7331,9086985638,949.00,2010,USSD,2025-11-12 16:57:00,FAILED,335.20
7332,9213080579,399.00,2007,Bank Portal,2026-03-01 18:37:00,SUCCESS,1984.84
7333,9287426641,649.00,2019,Retailer,2025-09-18 08:48:00,FAILED,300.75
7334,9886125921,788.41,2001,Retailer,2025-08-20 18:47:00,FAILED,105.18
7335,9361631556,149.00,2003,Retailer,2025-08-14 07:03:00,SUCCESS,1516.79
7336,9268684760,949.00,2013,App,2026-03-04 20:11:00,SUCCESS,1780.21
7337,9775099364,99.00,2023,,2025-08-11 05:34:00,SUCCESS,3908.99
7338,9711559117,699.00,2021,Online,2025-09-01 07:02:00,SUCCESS,1629.60
7339,9206038695,113.65,2017,USSD,2026-01-13 15:14:00,SUCCESS,7028.64
7340,9458727969,179.00,2008,USSD,2026-04-15 12:44:00,PENDING,3028.32
7341,9766727203,499.00,2001,USSD,2026-02-12 23:21:00,REFUNDED,70.33
7342,9291962099,199.00,2011,Online,2026-05-01 22:41:00,SUCCESS,1470.81
7343,9340595040,249.00,2014,App,2025-12-11 09:04:00,SUCCESS,3289.91
7344,9181106569,179.00,2012,App,2025-08-21 02:45:00,SUCCESS,1593.79
7345,9691364042,301.32,2017,Bank Portal,2026-07-31 18:40:00,SUCCESS,716.27
7346,9168248942,399.00,2007,App,2025-08-28 11:17:00,SUCCESS,2104.97
7347,9416157507,865.71,2011,USSD,2025-12-13 08:01:00,SUCCESS,1506.38
7348,9706826673,48.56,2022,Retailer,2025-11-16 03:20:00,SUCCESS,923.09
7349,9397527837,432.66,2020,Online,2025-10-22 08:29:00,SUCCESS,995.34
7350,9852722715,199.00,2004,USSD,2026-07-18 14:41:00,SUCCESS,1104.89
7351,9390331285,899.00,2018,USSD,2026-06-14 12:55:00,SUCCESS,1469.48
7352,9956547471,239.00,2017,Online,2025-11-21 02:37:00,PENDING,527.40
7353,9013933929,399.00,2006,Retailer,2026-06-13 09:32:00,PENDING,3044.21
7354,9237705747,239.00,2017,Retailer,2026-07-31 02:03:00,SUCCESS,1642.12
7355,9461000693,179.00,2012,Bank Portal,2026-07-05 15:30:00,SUCCESS,760.07
7356,9646713440,99.00,2023,Bank Portal,2026-02-24 17:31:00,SUCCESS,227.96
7357,9261465249,479.00,2024,App,2025-10-21 10:30:00,SUCCESS,489.34
7358,9623817159,949.00,2013,App,2025-10-09 00:10:00,PENDING,1792.94
7359,9512331886,699.00,2021,App,2025-09-03 17:54:00,SUCCESS,1866.05
7360,9579938094,949.00,2010,Bank Portal,2025-11-12 04:49:00,SUCCESS,2373.47
7361,9485475786,239.00,2017,Bank Portal,2025-08-17 06:24:00,SUCCESS,426.60
7362,9165146274,179.00,2008,Bank Portal,2025-08-31 05:31:00,SUCCESS,346.26
7363,9928984615,788.96,2021,USSD,2026-01-30 22:09:00,SUCCESS,1133.63
7364,9000780354,849.00,2022,App,2026-06-16 05:24:00,SUCCESS,1690.84
7365,9367558754,479.00,2024,Retailer,2025-11-01 23:53:00,SUCCESS,503.50
7366,9978319834,649.00,2019,Online,2026-06-07 10:34:00,SUCCESS,1105.20
7367,9880154142,399.00,2007,Bank Portal,2026-01-04 11:48:00,SUCCESS,1459.82
7368,9304916653,399.00,2007,USSD,2025-08-15 09:41:00,SUCCESS,2885.67
7369,9458727969,502.10,2004,USSD,2025-10-07 08:06:00,SUCCESS,3530.42
7370,9427753446,399.00,2006,USSD,2026-07-16 17:17:00,SUCCESS,613.20
7371,9434013329,500.49,2002,Retailer,2025-12-15 13:51:00,SUCCESS,1324.66
7372,9398299414,949.00,2013,App,2025-10-13 01:04:00,SUCCESS,2999.68
7373,9003541961,60.90,2016,Retailer,2025-10-08 20:35:00,PENDING,1002.07
7374,9730729979,899.00,2016,USSD,2026-04-27 17:49:00,REFUNDED,1645.45
7375,9291962099,249.00,2014,Bank Portal,2026-08-04 14:30:00,SUCCESS,1719.81
7376,9008562293,849.00,2015,Bank Portal,2026-04-18 00:54:00,SUCCESS,2173.07
7377,9370992455,399.00,2006,Retailer,2026-05-14 11:44:00,REFUNDED,2366.75
7378,9711526064,849.00,2015,Online,2026-03-06 19:59:00,SUCCESS,1833.16
7379,9740236194,199.00,2004,Bank Portal,2025-09-20 00:37:00,SUCCESS,769.27
7380,9726841518,399.00,2006,App,2026-04-02 12:47:00,FAILED,1059.97
7381,9390331285,354.89,2001,Bank Portal,2025-11-19 15:59:00,SUCCESS,1824.37
7382,9398299414,899.00,2018,Retailer,2026-07-14 12:23:00,SUCCESS,3898.68
7383,9138535944,239.00,2017,USSD,2026-01-11 08:04:00,SUCCESS,400.44
7384,9957020920,729.67,2007,Retailer,2026-01-31 03:54:00,SUCCESS,758.55
7385,9679384794,179.00,2012,USSD,2025-12-14 07:35:00,SUCCESS,2018.16
7386,9822818672,2999.00,2025,Online,2026-06-03 23:48:00,SUCCESS,3948.13
7387,9987962847,628.73,2017,Bank Portal,2026-05-16 22:44:00,FAILED,1381.08
7388,9114380351,399.00,2007,Retailer,2026-03-06 14:33:00,REFUNDED,981.44
7389,9813220709,640.06,2001,Retailer,2025-12-14 22:48:00,SUCCESS,927.42
7390,9456812983,149.00,2003,USSD,2025-12-25 13:49:00,REFUNDED,527.26
7391,9886125921,699.00,2021,,2025-08-11 14:59:00,SUCCESS,804.18
7392,9667840434,199.00,2004,Bank Portal,2026-03-10 11:35:00,SUCCESS,782.42
7393,9025077405,357.38,2020,Online,2025-11-02 04:15:00,SUCCESS,1812.83
7394,9907924082,199.00,2011,Bank Portal,2025-12-13 21:23:00,SUCCESS,2674.69
7395,9085477032,799.00,2005,Online,2025-11-07 15:07:00,PENDING,4426.25
7396,9085933854,149.00,2003,App,2026-03-20 08:51:00,SUCCESS,4101.87
7397,9017627310,299.00,2020,App,2026-04-20 02:53:00,SUCCESS,1275.52
7398,9066393064,179.00,2009,Retailer,2026-01-04 19:26:00,PENDING,707.55
7399,9637449685,639.49,2009,Online,2026-05-02 18:16:00,FAILED,799.29
7400,9261925139,68.37,2021,App,2025-11-03 04:47:00,SUCCESS,913.09
7401,9259123143,649.00,2019,USSD,2025-09-12 05:25:00,SUCCESS,3302.07
7402,9920614869,2999.00,2025,USSD,2025-10-23 20:26:00,SUCCESS,3041.28
7403,9408224445,849.00,2022,Retailer,2026-01-06 11:18:00,PENDING,1781.05
7404,9222670368,179.00,2009,Bank Portal,2026-06-30 10:32:00,SUCCESS,502.74
7405,9085477032,109.90,2023,Bank Portal,2025-12-07 23:10:00,SUCCESS,4536.15
7406,9043878021,694.63,2019,USSD,2026-01-24 00:09:00,SUCCESS,1142.00
7407,9975245843,249.00,2014,Retailer,2026-05-11 18:17:00,SUCCESS,935.71
7408,9088506003,399.00,2007,App,2025-12-02 00:27:00,SUCCESS,780.19
7409,9157676195,949.00,2013,App,2025-10-04 05:27:00,SUCCESS,2257.70
7410,9622848354,699.00,2021,USSD,2026-02-14 01:24:00,SUCCESS,1624.37
7411,9546552108,949.00,2010,App,2026-06-07 02:03:00,SUCCESS,1021.52
7412,9144036581,2999.00,2025,App,2025-11-12 18:49:00,SUCCESS,4835.48
7413,9303403675,149.00,2003,Online,2025-12-13 20:49:00,SUCCESS,374.52
7414,9094134366,699.00,2021,Online,2026-05-06 03:00:00,SUCCESS,1010.27
7415,9711650918,199.00,2011,Retailer,2026-06-01 02:59:00,SUCCESS,1217.06
7416,9641590162,2999.00,2025,USSD,2025-08-22 21:44:00,SUCCESS,3179.18
7417,9506592288,849.00,2022,Retailer,2025-11-14 09:11:00,SUCCESS,3024.56
7418,9848390634,899.00,2016,App,2025-12-08 19:14:00,SUCCESS,1792.00
7419,9501364426,899.00,2018,Retailer,2025-12-08 01:08:00,SUCCESS,2516.34
7420,9463892862,241.99,2020,App,2025-11-27 00:47:00,SUCCESS,1393.49
7421,9454715894,849.00,2015,USSD,2026-01-17 08:52:00,SUCCESS,1822.18
7422,9288974991,299.00,2020,USSD,2025-11-26 15:54:00,SUCCESS,416.79
7423,9734389859,30.75,2019,App,2026-05-19 06:01:00,FAILED,356.55
7424,9105248169,649.00,2019,,2026-08-01 20:15:00,SUCCESS,779.38
7425,9732154473,942.70,2014,Bank Portal,2026-04-14 08:01:00,SUCCESS,2624.38
7426,9555413097,849.00,2022,App,2026-07-09 22:44:00,SUCCESS,875.33
7427,9207806858,99.00,2023,App,2026-04-27 20:22:00,SUCCESS,1098.08
7428,9144036581,858.75,2025,Retailer,2025-11-25 08:35:00,REFUNDED,4835.48
7429,9594378200,299.00,2020,Bank Portal,2026-02-13 10:47:00,SUCCESS,539.50
7430,9272200392,399.00,2006,USSD,2025-08-27 00:27:00,SUCCESS,909.76
7431,9370616912,182.40,2013,Online,2026-07-25 13:17:00,SUCCESS,875.88
7432,9856321230,2999.00,2025,Online,2026-07-25 08:58:00,SUCCESS,4108.23
7433,9459437746,299.00,2020,Retailer,2026-04-06 15:36:00,SUCCESS,948.91
7434,9635295299,299.00,2020,Retailer,2026-01-13 10:09:00,SUCCESS,470.82
7435,9752611744,149.00,2002,Online,2026-06-17 19:17:00,SUCCESS,598.08
7436,9741755655,479.00,2024,USSD,2025-10-22 04:13:00,SUCCESS,1051.55
7437,9053076264,199.00,2004,Bank Portal,2026-02-16 07:32:00,FAILED,3470.99
7438,9978180673,504.81,2002,Bank Portal,2026-04-16 04:43:00,SUCCESS,573.27
7439,9679413933,949.00,2013,App,2026-04-03 11:59:00,SUCCESS,1069.11
7440,9370869533,149.00,2002,,2025-10-05 04:07:00,SUCCESS,1326.48
7441,9427753446,299.00,2020,Bank Portal,2026-05-02 18:24:00,SUCCESS,912.20
7442,9861142110,149.00,2002,Bank Portal,2026-06-01 21:19:00,SUCCESS,809.70
7443,9672099426,299.00,2020,USSD,2025-12-31 06:53:00,REFUNDED,208.34
7444,9309761084,778.12,2014,App,2026-08-08 05:42:00,FAILED,1153.57
7445,9885140567,582.34,2008,Bank Portal,2025-11-05 12:37:00,SUCCESS,1496.45
7446,9252576787,239.00,2017,Retailer,2026-05-18 10:55:00,FAILED,1794.03
7447,9148653508,985.35,2019,USSD,2025-12-14 18:52:00,SUCCESS,1590.16
7448,9131833841,399.00,2006,Retailer,2025-09-13 05:27:00,FAILED,966.62
7449,9435088568,249.00,2014,App,2026-03-27 16:46:00,SUCCESS,352.43
7450,9538448491,849.00,2015,Bank Portal,2025-08-25 07:45:00,SUCCESS,3406.02
7451,9456351512,149.00,2002,Retailer,2026-01-27 03:59:00,REFUNDED,294.99
7452,9027649972,299.00,2020,Retailer,2026-05-04 17:28:00,SUCCESS,1453.03
7453,9789114780,649.00,2019,Retailer,2025-09-02 17:40:00,PENDING,241.27
7454,9717149097,849.00,2022,Online,2026-03-25 12:30:00,SUCCESS,917.12
7455,9223427366,299.00,2020,USSD,2025-11-29 21:48:00,SUCCESS,315.05
7456,9758412604,199.00,2011,Online,2026-05-13 13:57:00,SUCCESS,1351.22
7457,9460440138,179.00,2012,USSD,2026-04-07 17:49:00,SUCCESS,1916.75
7458,9916707768,852.36,2021,,2026-01-19 14:42:00,SUCCESS,2106.10
7459,9875866962,949.00,2013,Online,2026-01-30 10:14:00,SUCCESS,4792.61
7460,9226140523,399.00,2006,Bank Portal,2026-04-28 10:40:00,SUCCESS,1892.10
7461,9521895779,149.00,2003,Online,2026-03-09 09:16:00,SUCCESS,1479.52
7462,9795544732,149.00,2002,USSD,2026-03-26 23:37:00,SUCCESS,3156.86
7463,9242730233,899.00,2018,Retailer,2026-06-11 12:53:00,SUCCESS,1106.40
7464,9593562461,239.00,2017,Online,2026-05-30 20:12:00,REFUNDED,851.83
7465,9689247721,179.00,2012,Online,2025-11-26 22:58:00,SUCCESS,1279.82
7466,9310976491,299.00,2020,App,2026-04-25 15:31:00,SUCCESS,2110.32
7467,9259123143,299.00,2020,Retailer,2025-09-30 07:02:00,SUCCESS,3601.07
7468,9860866938,399.00,2007,Online,2025-08-24 03:32:00,SUCCESS,1473.14
7469,9594538015,681.50,2023,USSD,2026-02-02 10:37:00,SUCCESS,730.91
7470,9984238513,949.00,2013,,2026-04-18 02:33:00,SUCCESS,2531.05
7471,9440265125,899.00,2018,USSD,2026-02-24 16:14:00,SUCCESS,2343.46
7472,9272337351,699.00,2021,USSD,2026-06-22 22:38:00,SUCCESS,1680.39
7473,9253995338,299.00,2020,Online,2025-12-08 18:47:00,SUCCESS,381.43
7474,9183088032,199.00,2004,Bank Portal,2026-04-19 14:49:00,SUCCESS,1050.60
7475,9134445350,27.97,2024,,2026-06-07 11:45:00,FAILED,1808.62
7476,9537525786,99.00,2023,Online,2025-10-22 01:14:00,SUCCESS,3570.68
7477,9441625786,799.00,2005,Online,2025-09-07 10:12:00,SUCCESS,1825.37
7478,9521719609,399.00,2006,USSD,2026-01-20 18:07:00,SUCCESS,1342.44
7479,9592373798,499.00,2001,Bank Portal,2026-03-04 16:45:00,SUCCESS,3384.32
7480,9468913991,149.00,2002,Bank Portal,2025-08-27 20:02:00,SUCCESS,1150.53
7481,9303771920,237.55,2004,App,2025-09-30 00:14:00,SUCCESS,1651.93
7482,9397256500,99.00,2023,,2026-04-22 11:13:00,SUCCESS,291.46
7483,9600869805,583.82,2013,Retailer,2026-02-17 00:04:00,SUCCESS,687.29
7484,9006102306,399.00,2007,Retailer,2025-09-01 00:38:00,SUCCESS,524.99
7485,9931329415,149.00,2002,Online,2025-08-15 16:01:00,SUCCESS,290.18
7486,9446331140,399.00,2007,USSD,2025-09-21 14:02:00,FAILED,979.91
7487,9845404873,2999.00,2025,Retailer,2025-12-09 18:10:00,PENDING,997.96
7488,9985210421,627.71,2014,Bank Portal,2026-06-25 23:27:00,SUCCESS,763.48
7489,9085867261,207.89,2005,Online,2026-04-16 04:41:00,REFUNDED,943.42
7490,9806188014,399.00,2006,USSD,2025-09-20 11:36:00,SUCCESS,4596.80
7491,9152447228,899.00,2018,App,2026-06-30 10:52:00,SUCCESS,1206.13
7492,9945424627,220.95,2010,,2026-04-27 03:22:00,FAILED,2068.49
7493,9729137019,199.00,2011,Online,2026-04-25 17:25:00,SUCCESS,1857.07
7494,9026522693,799.00,2005,Bank Portal,2025-09-02 18:22:00,SUCCESS,1023.57
7495,9576974808,179.00,2009,App,2025-11-25 10:51:00,SUCCESS,204.17
7496,9748138129,199.00,2004,Retailer,2025-11-13 05:56:00,FAILED,102.13
7497,9816667374,499.00,2001,USSD,2026-08-01 20:58:00,SUCCESS,2082.96
7498,9579317328,849.00,2022,Online,2026-02-27 20:36:00,SUCCESS,1008.67
7499,9101414184,699.00,2021,Bank Portal,2026-02-04 11:47:00,SUCCESS,1709.01
7500,9431187970,478.82,2024,USSD,2026-05-31 21:03:00,SUCCESS,1578.50
7501,9555420104,849.00,2015,USSD,2025-10-14 04:06:00,SUCCESS,1166.93
7502,9914544297,849.00,2015,Retailer,2026-03-13 05:35:00,SUCCESS,1885.17
7503,9873460889,693.30,2024,App,2026-04-25 06:02:00,SUCCESS,2182.72
7504,9997960664,179.00,2012,App,2026-04-29 10:58:00,SUCCESS,4149.22
7505,9228698920,37.96,2004,USSD,2026-05-19 21:26:00,SUCCESS,3952.71
7506,9291680295,947.27,2018,Retailer,2025-09-20 03:05:00,SUCCESS,3503.47
7507,9242778489,499.00,2001,App,2025-11-17 19:41:00,SUCCESS,2466.91
7508,9968039419,799.00,2005,Online,2026-05-26 08:53:00,SUCCESS,869.02
7509,9645143560,649.00,2019,Bank Portal,2025-12-22 19:23:00,FAILED,1650.93
7510,9502449412,244.39,2007,Online,2025-10-08 14:06:00,PENDING,238.08
7511,9832630587,466.26,2008,App,2025-09-12 22:11:00,SUCCESS,1278.24
7512,9517862781,519.33,2006,Online,2025-10-03 14:52:00,SUCCESS,1110.34
7513,9239123013,299.00,2020,Bank Portal,2026-02-10 23:52:00,SUCCESS,715.65
7514,9034785365,949.00,2013,Bank Portal,2026-03-18 06:39:00,SUCCESS,1093.10
7515,9766727203,548.42,2019,Online,2025-08-31 10:37:00,PENDING,70.33
7516,9916279696,499.00,2001,Retailer,2026-06-26 07:37:00,SUCCESS,2133.01
7517,9764849921,199.00,2004,Retailer,2026-03-12 07:43:00,SUCCESS,211.02
7518,9439416253,949.00,2010,Online,2026-07-23 16:56:00,SUCCESS,1069.05
7519,9294943670,899.00,2016,USSD,2026-01-21 09:28:00,SUCCESS,1116.73
7520,9397527837,179.00,2008,Online,2025-10-11 18:28:00,PENDING,995.34
7521,9372545972,479.00,2024,Retailer,2025-09-02 06:46:00,SUCCESS,964.18
7522,9230294719,649.00,2019,Bank Portal,2026-07-28 15:40:00,SUCCESS,2324.34
7523,9646713440,649.00,2019,Bank Portal,2026-03-17 07:46:00,SUCCESS,876.96
7524,9611995540,479.00,2024,Retailer,2025-08-31 19:23:00,SUCCESS,922.37
7525,9371194810,230.08,2015,Bank Portal,2026-02-17 15:15:00,SUCCESS,1106.94
7526,9865185140,299.00,2020,Online,2025-12-29 00:45:00,SUCCESS,3731.02
7527,9181045136,299.00,2020,App,2025-12-31 06:21:00,SUCCESS,834.89
7528,9983962374,699.00,2021,App,2025-11-08 19:52:00,SUCCESS,718.74
7529,9871034100,2999.00,2025,USSD,2026-03-19 15:14:00,SUCCESS,3038.02
7530,9943945568,179.00,2012,App,2026-03-15 18:55:00,SUCCESS,286.05
7531,9836283011,949.00,2013,USSD,2026-04-15 15:50:00,SUCCESS,1883.31
7532,9199165101,799.00,2005,USSD,2025-08-22 01:51:00,FAILED,468.93
7533,9983356172,257.69,2021,Bank Portal,2026-02-24 23:06:00,SUCCESS,774.67
7534,9415777280,399.00,2006,Retailer,2026-01-26 12:59:00,SUCCESS,916.61
7535,9353531213,849.00,2015,USSD,2026-06-05 20:01:00,SUCCESS,2779.69
7536,9439466067,249.00,2014,Bank Portal,2025-12-22 15:09:00,PENDING,1330.10
7537,9351486610,399.00,2006,Retailer,2025-12-05 08:58:00,SUCCESS,533.60
7538,9005122765,399.00,2006,App,2026-03-05 06:31:00,SUCCESS,502.72
7539,9978158041,236.65,2019,Bank Portal,2025-12-21 00:17:00,SUCCESS,400.88
7540,9733998834,572.92,2022,App,2026-07-08 22:10:00,SUCCESS,668.46
7541,9206091247,479.00,2024,Online,2025-12-06 16:40:00,SUCCESS,1528.97
7542,9592373798,218.09,2020,Online,2025-10-27 20:23:00,SUCCESS,3602.41
7543,9187316063,949.00,2013,,2026-03-10 12:30:00,SUCCESS,1570.95
7544,9608818002,149.00,2002,Online,2025-10-01 09:51:00,SUCCESS,1825.29
7545,9346344849,2999.00,2025,Retailer,2026-05-30 13:23:00,SUCCESS,4128.31
7546,9456057502,239.00,2017,USSD,2025-08-20 18:09:00,SUCCESS,1498.82
7547,9377309012,636.28,2003,Bank Portal,2026-07-19 09:57:00,SUCCESS,2074.50
7548,9811167262,179.00,2009,Retailer,2026-01-16 22:56:00,SUCCESS,1719.01
7549,9134445350,284.93,2016,Online,2026-05-11 22:04:00,SUCCESS,2093.55
7550,9545979618,949.00,2010,USSD,2026-06-14 05:58:00,SUCCESS,1669.52
7551,9893415964,130.39,2022,,2025-09-28 02:20:00,FAILED,1450.93
7552,9427582923,399.00,2006,Online,2026-04-22 12:56:00,SUCCESS,1656.05
7553,9377309012,149.00,2003,Bank Portal,2026-03-26 13:22:00,SUCCESS,2223.50
7554,9616735243,851.57,2009,,2025-10-30 13:29:00,FAILED,1351.62
7555,9847355174,799.00,2005,Retailer,2025-12-26 16:22:00,SUCCESS,988.23
7556,9603381916,699.00,2021,Retailer,2026-04-13 04:11:00,SUCCESS,701.78
7557,9699484617,2999.00,2025,App,2026-05-11 04:51:00,SUCCESS,3127.72
7558,9852722715,99.00,2023,App,2025-10-17 23:38:00,SUCCESS,1203.89
7559,9451324357,226.98,2016,Bank Portal,2026-03-05 14:56:00,SUCCESS,1254.28
7560,9325409489,899.00,2018,USSD,2026-03-02 07:58:00,SUCCESS,1813.55
7561,9734092400,99.00,2023,App,2026-02-11 00:36:00,SUCCESS,2080.45
7562,9852432804,399.00,2006,Retailer,2025-08-28 13:52:00,SUCCESS,1363.33
7563,9151845996,479.00,2024,Retailer,2026-01-20 01:45:00,PENDING,114.07
7564,9013933929,899.00,2018,USSD,2026-07-21 17:04:00,SUCCESS,3943.21
7565,9527366290,467.35,2017,Online,2026-03-29 11:36:00,SUCCESS,650.15
7566,9181990715,849.00,2022,USSD,2025-09-29 16:16:00,SUCCESS,1757.27
7567,9466472070,899.00,2016,App,2026-02-01 10:10:00,SUCCESS,1740.84
7568,9184840683,179.00,2008,USSD,2025-10-01 11:05:00,SUCCESS,819.09
7569,9522483758,949.00,2013,App,2025-11-06 01:58:00,SUCCESS,998.92
7570,9139165652,239.00,2017,App,2026-01-18 21:48:00,SUCCESS,429.66
7571,9607041615,149.00,2002,Online,2026-06-20 23:12:00,SUCCESS,385.63
7572,9065775470,899.00,2016,App,2026-01-20 00:21:00,SUCCESS,1152.06
7573,9608399385,899.00,2016,Retailer,2025-12-22 15:33:00,SUCCESS,1098.11
7574,9635739998,199.00,2004,App,2026-06-22 12:41:00,SUCCESS,252.51
7575,9581731174,249.00,2014,USSD,2025-09-13 06:32:00,SUCCESS,1437.01
7576,9923406627,179.00,2009,,2025-12-29 16:13:00,SUCCESS,240.37
7577,9133706007,949.00,2010,USSD,2025-12-17 22:17:00,FAILED,294.79
7578,9983654556,199.00,2011,App,2026-08-01 11:15:00,SUCCESS,242.35
7579,9177859595,87.15,2008,Bank Portal,2026-03-02 15:02:00,SUCCESS,336.84
7580,9557620186,179.00,2008,App,2026-07-23 22:08:00,SUCCESS,288.48
7581,9873313711,249.00,2014,App,2025-09-22 07:55:00,SUCCESS,1003.39
7582,9833608043,299.00,2020,Online,2025-10-28 04:21:00,SUCCESS,1663.54
7583,9890825533,399.00,2006,Online,2026-07-18 17:42:00,SUCCESS,902.60
7584,9525708516,204.55,2004,USSD,2025-09-29 01:09:00,SUCCESS,875.66
7585,9570117716,741.26,2020,Bank Portal,2025-12-19 04:37:00,SUCCESS,1741.09
7586,9579464701,179.00,2008,USSD,2026-07-16 12:25:00,SUCCESS,540.04
7587,9466472070,199.00,2011,USSD,2025-08-13 11:48:00,SUCCESS,1939.84
7588,9654775411,2999.00,2025,USSD,2025-12-11 20:02:00,SUCCESS,3190.06
7589,9217844289,299.00,2020,USSD,2026-01-27 02:17:00,SUCCESS,1741.04
7590,9731762453,30.04,2022,Bank Portal,2025-12-25 03:51:00,SUCCESS,4622.90
7591,9321434555,2999.00,2025,USSD,2026-06-15 01:33:00,SUCCESS,3174.73
7592,9645221979,179.00,2009,App,2026-08-08 22:00:00,SUCCESS,3498.89
7593,9381435728,299.00,2020,Retailer,2025-08-16 14:05:00,SUCCESS,1510.10
7594,9407460756,799.00,2005,Retailer,2026-07-16 16:02:00,SUCCESS,840.55
7595,9570600612,699.00,2021,App,2026-07-28 08:06:00,SUCCESS,1910.85
7596,9539790584,479.00,2024,App,2026-04-16 16:17:00,SUCCESS,1584.68
7597,9213080579,319.24,2024,App,2025-10-04 03:47:00,SUCCESS,2304.08
7598,9999880197,479.00,2024,USSD,2026-02-23 16:43:00,SUCCESS,586.05
7599,9882559367,399.00,2007,Retailer,2026-04-30 12:50:00,SUCCESS,606.77
7600,9411188296,179.00,2012,App,2026-06-11 15:10:00,SUCCESS,1341.47
7601,9516654475,479.00,2024,App,2025-12-17 18:22:00,FAILED,714.21
7602,9797431875,399.00,2006,Retailer,2025-12-16 19:13:00,SUCCESS,452.92
7603,9435693139,239.00,2017,App,2026-03-04 12:19:00,SUCCESS,593.23
7604,9498654061,149.00,2002,USSD,2026-04-28 02:32:00,SUCCESS,327.53
7605,9013933929,799.00,2005,Retailer,2025-11-27 23:37:00,SUCCESS,4742.21
7606,9778723545,399.00,2007,Retailer,2026-04-20 15:15:00,SUCCESS,1172.35
7607,9808360600,899.00,2016,Bank Portal,2026-01-25 15:20:00,SUCCESS,2752.25
7608,9260415010,499.00,2001,App,2025-08-15 05:11:00,SUCCESS,928.76
7609,9208654490,337.06,2024,Bank Portal,2026-03-06 15:40:00,SUCCESS,2536.12
7610,9470547842,299.00,2020,Retailer,2025-12-31 10:17:00,SUCCESS,1287.77
7611,9726841518,499.00,2001,Bank Portal,2025-08-23 05:03:00,SUCCESS,1558.97
7612,9827014901,949.00,2013,Online,2025-08-08 02:42:00,SUCCESS,1107.52
7613,9422634675,2999.00,2025,App,2026-02-17 20:56:00,SUCCESS,3064.47
7614,9043878021,899.00,2018,Bank Portal,2025-09-13 01:12:00,SUCCESS,2041.00
7615,9485475786,899.00,2016,Online,2026-07-18 19:51:00,SUCCESS,1325.60
7616,9199149452,399.00,2007,USSD,2025-08-31 18:39:00,SUCCESS,2182.03
7617,9422588457,2999.00,2025,USSD,2025-08-18 16:33:00,FAILED,1501.46
7618,9184651840,479.00,2024,App,2025-08-14 02:20:00,SUCCESS,2285.40
7619,9977841631,849.00,2022,Bank Portal,2026-06-22 20:01:00,SUCCESS,1015.62
7620,9477724014,699.00,2021,App,2025-11-04 23:11:00,FAILED,191.09
7621,9086985638,399.00,2007,,2026-01-16 06:25:00,SUCCESS,734.20
7622,9884852480,649.00,2019,USSD,2026-07-20 15:02:00,PENDING,40.35
7623,9395709451,201.48,2023,USSD,2025-11-30 04:49:00,SUCCESS,339.69
7624,9747835404,149.00,2003,Bank Portal,2025-08-23 12:50:00,SUCCESS,940.78
7625,9791762622,222.58,2025,Retailer,2025-10-20 02:00:00,SUCCESS,227.85
7626,9812222875,499.00,2001,Bank Portal,2025-11-27 11:23:00,SUCCESS,4270.23
7627,9462786865,499.00,2001,Online,2026-05-25 05:14:00,PENDING,1715.37
7628,9751471448,179.00,2012,Bank Portal,2026-02-14 01:01:00,SUCCESS,322.13
7629,9494048290,913.05,2015,Retailer,2026-02-17 06:45:00,FAILED,189.99
7630,9448401668,249.00,2014,Retailer,2026-06-23 11:50:00,SUCCESS,901.36
7631,9335158995,99.00,2023,Retailer,2025-12-07 22:40:00,SUCCESS,342.67
7632,9170336332,479.00,2024,Online,2025-12-04 14:40:00,FAILED,37.83
7633,9621087961,608.41,2015,App,2026-01-03 01:12:00,SUCCESS,1356.81
7634,9775636869,399.00,2006,USSD,2026-07-29 06:20:00,PENDING,311.82
7635,9604851581,239.00,2017,Online,2025-12-30 00:07:00,FAILED,692.86
7636,9212842238,899.00,2018,App,2026-07-07 12:53:00,SUCCESS,940.74
7637,9826417842,179.00,2012,Online,2026-03-29 05:37:00,FAILED,53.80
7638,9740512270,149.00,2002,Retailer,2026-05-02 03:21:00,FAILED,1466.54
7639,9573300557,399.00,2006,Bank Portal,2025-08-23 03:12:00,FAILED,14.44
7640,9791189402,799.00,2005,Online,2025-12-23 17:06:00,FAILED,1394.99
7641,9740512270,399.00,2007,Retailer,2026-07-25 06:08:00,SUCCESS,1865.54
7642,9729501750,199.00,2004,Online,2025-10-02 09:57:00,SUCCESS,2772.01
7643,9022351267,940.61,2025,Bank Portal,2025-09-26 11:25:00,SUCCESS,2074.74
7644,9770888384,892.31,2011,Retailer,2025-12-29 03:37:00,SUCCESS,2569.33
7645,9521083493,699.00,2021,USSD,2025-10-15 21:29:00,FAILED,1144.08
7646,9070789348,179.00,2009,Retailer,2026-07-06 00:28:00,SUCCESS,1609.54
7647,9659889840,149.00,2002,,2026-04-17 06:19:00,SUCCESS,1660.65
7648,9089693538,199.00,2004,Online,2025-08-08 11:00:00,SUCCESS,1050.84
7649,9861142110,149.00,2002,App,2026-04-02 02:24:00,SUCCESS,958.70
7650,9873484372,699.00,2021,Online,2026-06-29 00:28:00,PENDING,1085.80
7651,9448401668,949.00,2013,Retailer,2025-12-10 09:54:00,SUCCESS,1850.36
7652,9826417842,399.00,2006,Bank Portal,2026-02-14 13:30:00,SUCCESS,452.80
7653,9571937361,649.00,2019,Bank Portal,2026-04-21 16:25:00,SUCCESS,1176.75
7654,9859427242,849.00,2022,Retailer,2025-11-18 13:34:00,SUCCESS,2464.58
7655,9407460756,495.63,2018,Online,2025-09-29 07:40:00,SUCCESS,1336.18
7656,9098535177,299.00,2020,Online,2026-04-12 00:52:00,SUCCESS,466.29
7657,9585845616,399.00,2006,Bank Portal,2025-09-11 02:16:00,SUCCESS,1037.30
7658,9438139809,849.00,2015,Bank Portal,2025-10-24 18:53:00,SUCCESS,1296.31
7659,9240949925,499.00,2001,Retailer,2026-03-07 23:39:00,SUCCESS,887.03
7660,9570600612,849.00,2015,Bank Portal,2026-01-09 16:41:00,SUCCESS,2759.85
7661,9600869805,179.00,2008,Online,2025-12-27 15:38:00,SUCCESS,866.29
7662,9140252787,434.73,2001,App,2026-01-07 16:58:00,SUCCESS,1012.38
7663,9706492763,849.00,2015,Retailer,2025-09-15 05:14:00,SUCCESS,1448.68
7664,9319295201,499.00,2001,USSD,2026-03-25 14:56:00,FAILED,1571.83
7665,9695482165,2999.00,2025,Retailer,2026-07-22 09:16:00,REFUNDED,2348.34
7666,9160525441,849.00,2015,Bank Portal,2026-03-02 04:15:00,PENDING,1837.19
7667,9447148769,699.00,2021,Online,2026-02-12 00:02:00,SUCCESS,1580.10
7668,9353531213,949.00,2013,USSD,2025-12-27 09:19:00,PENDING,2779.69
7669,9573295533,949.00,2013,Online,2025-12-01 01:45:00,SUCCESS,1315.86
7670,9448464065,149.00,2003,USSD,2025-08-24 20:39:00,SUCCESS,464.45
7671,9859427242,899.00,2018,App,2025-09-15 12:53:00,SUCCESS,3363.58
7672,9954195582,849.00,2022,Retailer,2025-12-07 23:12:00,SUCCESS,2869.59
7673,9890825533,499.00,2001,Retailer,2026-06-11 00:55:00,SUCCESS,1401.60
7674,9593148535,499.00,2001,USSD,2026-08-04 03:32:00,SUCCESS,791.97
7675,9319295201,899.00,2018,Retailer,2026-07-15 15:39:00,SUCCESS,2470.83
7676,9211583428,249.00,2014,Retailer,2026-05-27 10:35:00,SUCCESS,1274.53
7677,9590330348,949.00,2010,App,2026-07-08 10:17:00,SUCCESS,4762.82
7678,9928336203,149.00,2002,App,2026-01-30 15:17:00,FAILED,115.43
7679,9962850362,961.62,2016,App,2026-08-08 11:09:00,SUCCESS,1214.35
7680,9821490395,949.00,2013,Online,2025-12-19 22:15:00,SUCCESS,2303.70
7681,9741755655,179.00,2012,Online,2026-04-15 10:52:00,FAILED,1051.55
7682,9675186493,326.04,2014,Retailer,2026-06-05 16:39:00,REFUNDED,877.89
7683,9764666274,949.00,2010,Online,2025-11-10 15:47:00,SUCCESS,1996.95
7684,9565346338,179.00,2012,Retailer,2026-07-22 22:35:00,SUCCESS,326.67
7685,9354953132,283.86,2009,Online,2026-05-01 07:40:00,SUCCESS,3770.30
7686,9840608577,949.00,2010,Retailer,2026-02-04 09:32:00,PENDING,1979.02
7687,9736724803,145.31,2024,App,2025-11-17 15:15:00,SUCCESS,192.28
7688,9149498212,479.00,2024,Bank Portal,2025-10-24 16:08:00,SUCCESS,1857.31
7689,9141860149,149.00,2003,Retailer,2025-12-13 23:53:00,SUCCESS,1175.27
7690,9797942466,149.00,2002,,2025-09-18 07:16:00,SUCCESS,226.80
7691,9494382746,149.00,2002,Retailer,2026-07-04 00:51:00,SUCCESS,652.50
7692,9357633243,299.00,2020,Online,2026-05-19 13:59:00,SUCCESS,1413.98
7693,9637449685,699.00,2021,USSD,2026-01-14 07:36:00,SUCCESS,1498.29
7694,9234857417,249.00,2014,,2026-02-21 15:22:00,REFUNDED,481.04
7695,9236700278,799.00,2005,App,2025-10-22 03:57:00,FAILED,1018.07
7696,9937930639,299.00,2020,Bank Portal,2026-05-12 08:13:00,SUCCESS,3510.99
7697,9206610687,399.00,2007,USSD,2026-05-24 20:22:00,SUCCESS,716.17
7698,9855264323,149.00,2002,Online,2025-10-13 20:38:00,SUCCESS,1930.85
7699,9228698920,649.00,2019,Online,2025-11-16 22:58:00,SUCCESS,4601.71
7700,9828392404,955.82,2017,Online,2025-11-08 06:40:00,SUCCESS,1966.21
7701,9688445641,849.00,2022,Retailer,2025-10-28 23:35:00,SUCCESS,2176.34
7702,9423769975,699.00,2021,USSD,2025-12-05 14:00:00,SUCCESS,1653.20
7703,9843341034,899.00,2016,Online,2025-08-31 23:04:00,SUCCESS,2843.63
7704,9594823692,2999.00,2025,Bank Portal,2025-10-21 05:31:00,SUCCESS,6898.29
7705,9302150375,99.00,2023,Retailer,2025-08-10 19:43:00,SUCCESS,175.53
7706,9865560183,399.00,2006,App,2026-04-08 15:59:00,SUCCESS,1520.16
7707,9282313639,399.00,2006,USSD,2026-06-23 11:42:00,SUCCESS,694.87
7708,9818784289,179.00,2009,USSD,2025-09-15 07:47:00,SUCCESS,1206.95
7709,9242431938,179.00,2012,Online,2025-12-04 18:08:00,SUCCESS,1086.42
7710,9181990715,199.00,2011,USSD,2025-12-02 03:55:00,SUCCESS,1956.27
7711,9096596402,299.00,2020,Online,2025-11-01 11:21:00,SUCCESS,799.62
7712,9002256290,649.00,2019,App,2026-07-09 06:15:00,SUCCESS,1395.54
7713,9588907707,849.00,2022,App,2026-01-02 23:21:00,SUCCESS,4534.37
7714,9415190237,149.00,2003,App,2026-01-03 07:05:00,SUCCESS,1195.50
7715,9194060115,699.00,2021,Bank Portal,2026-02-21 12:09:00,FAILED,343.83
7716,9472368462,179.00,2009,Retailer,2026-04-10 20:18:00,SUCCESS,240.78
7717,9877697818,899.00,2018,App,2025-09-07 07:05:00,SUCCESS,1857.05
7718,9586461558,399.00,2006,Online,2025-11-06 05:39:00,PENDING,1173.98
7719,9594378200,899.00,2018,Bank Portal,2026-04-04 10:24:00,SUCCESS,1438.50
7720,9601204325,179.00,2012,Bank Portal,2025-10-29 04:34:00,SUCCESS,2202.37
7721,9961240954,399.00,2006,Retailer,2025-12-30 15:47:00,SUCCESS,720.89
7722,9361631556,399.00,2007,USSD,2026-07-15 07:12:00,SUCCESS,1915.79
7723,9434669687,777.92,2001,App,2025-09-30 20:38:00,SUCCESS,2342.58
7724,9620370383,499.00,2001,Bank Portal,2026-04-14 23:55:00,FAILED,1251.14
7725,9960458510,479.00,2024,Retailer,2026-07-12 15:37:00,SUCCESS,1510.59
7726,9421841153,199.00,2011,Bank Portal,2026-04-08 01:19:00,SUCCESS,1976.28
7727,9574555223,949.00,2013,Retailer,2025-12-06 00:42:00,SUCCESS,1592.22
7728,9252070773,457.58,2013,Online,2026-02-16 20:03:00,SUCCESS,1572.29
7729,9662330633,899.00,2018,USSD,2026-03-17 16:30:00,SUCCESS,2060.43
7730,9253025636,847.86,2008,App,2025-12-11 03:32:00,PENDING,296.68
7731,9943606523,356.38,2009,USSD,2026-02-28 00:53:00,SUCCESS,4354.51
7732,9008562293,770.75,2020,Online,2026-03-28 10:31:00,FAILED,2173.07
7733,9574555223,179.00,2012,Retailer,2025-10-01 09:49:00,SUCCESS,1771.22
7734,9526783920,949.00,2010,USSD,2026-02-28 18:05:00,PENDING,1053.47
7735,9017069079,299.00,2020,App,2026-06-03 12:26:00,SUCCESS,373.89
7736,9224390869,757.43,2025,App,2026-01-21 18:14:00,SUCCESS,3431.08
7737,9734229757,479.00,2024,Retailer,2026-05-09 20:23:00,SUCCESS,1195.99
7738,9011323002,356.76,2016,Retailer,2025-08-23 12:02:00,SUCCESS,387.52
7739,9791189402,763.72,2025,USSD,2026-07-04 13:31:00,SUCCESS,2158.71
7740,9924303787,239.00,2017,App,2026-01-15 02:24:00,SUCCESS,1278.45
7741,9555420104,949.00,2013,Retailer,2026-06-13 10:37:00,SUCCESS,2115.93
7742,9291680295,32.65,2025,Online,2025-11-04 21:15:00,SUCCESS,3536.12
7743,9234581156,179.00,2012,Bank Portal,2026-03-11 23:42:00,SUCCESS,294.51
7744,9645221979,876.13,2014,Retailer,2025-12-20 11:57:00,SUCCESS,4375.02
7745,9914544297,249.00,2014,,2025-11-24 04:35:00,SUCCESS,2134.17
7746,9431652707,572.35,2025,USSD,2025-08-23 00:20:00,SUCCESS,1841.15
7747,9540043209,855.35,2014,USSD,2026-01-15 16:17:00,SUCCESS,1834.30
7748,9156397765,849.00,2015,USSD,2025-12-22 14:46:00,SUCCESS,923.32
7749,9686490219,899.00,2016,USSD,2026-02-12 13:35:00,FAILED,1033.78
7750,9534037566,949.00,2013,Online,2026-04-13 21:43:00,SUCCESS,1785.64
7751,9224390869,179.00,2008,App,2026-06-16 10:42:00,SUCCESS,3610.08
7752,9220735426,699.00,2021,Retailer,2026-06-19 09:33:00,SUCCESS,1284.71
7753,9515075130,949.00,2013,Retailer,2026-07-03 00:39:00,SUCCESS,1803.33
7754,9537265562,899.00,2016,USSD,2026-03-06 02:09:00,SUCCESS,1785.59
7755,9300890484,2999.00,2025,Retailer,2025-08-25 19:36:00,SUCCESS,4246.04
7756,9961240954,239.00,2017,Bank Portal,2025-09-09 20:28:00,SUCCESS,959.89
7757,9074570229,249.00,2014,USSD,2026-06-11 01:12:00,SUCCESS,1273.48
7758,9748138129,899.00,2018,Online,2025-10-30 12:52:00,SUCCESS,1001.13
7759,9491534581,989.09,2008,Bank Portal,2026-01-09 07:49:00,SUCCESS,3210.07
7760,9679413933,179.00,2009,USSD,2026-04-30 19:13:00,PENDING,1069.11
7761,9263945281,499.00,2001,Online,2026-02-26 15:46:00,SUCCESS,1674.58
7762,9284547066,949.00,2013,Retailer,2025-08-19 15:00:00,SUCCESS,2402.52
7763,9319116101,479.00,2024,USSD,2026-07-19 17:52:00,SUCCESS,881.04
7764,9037323874,321.90,2016,Online,2026-06-11 22:11:00,SUCCESS,394.17
7765,9087839213,601.83,2025,Online,2025-12-13 08:40:00,SUCCESS,2400.95
7766,9791189402,134.59,2023,USSD,2026-03-02 07:49:00,SUCCESS,2293.30
7767,9024774974,479.00,2024,Online,2025-12-18 04:37:00,SUCCESS,733.28
7768,9081824058,299.00,2020,Online,2026-03-01 02:14:00,PENDING,1078.98
7769,9206058251,699.00,2021,USSD,2026-07-22 01:21:00,SUCCESS,1821.30
7770,9439779851,149.00,2003,Bank Portal,2026-02-01 14:08:00,SUCCESS,835.40
7771,9363061274,251.48,2018,USSD,2026-02-18 21:50:00,SUCCESS,418.54
7772,9043010004,899.00,2018,,2026-04-19 18:16:00,FAILED,750.78
7773,9268377603,249.00,2014,USSD,2026-02-22 13:31:00,SUCCESS,409.03
7774,9121760064,479.00,2024,Bank Portal,2026-05-27 19:29:00,SUCCESS,4555.90
7775,9623817159,479.00,2024,USSD,2026-01-05 05:31:00,SUCCESS,2271.94
7776,9088506003,479.00,2024,Online,2025-12-21 12:37:00,SUCCESS,1259.19
7777,9017047397,179.00,2008,,2026-06-25 00:40:00,SUCCESS,1077.76
7778,9548536502,179.00,2012,USSD,2025-09-03 08:26:00,SUCCESS,1239.50
7779,9438139809,899.00,2018,,2025-09-08 03:26:00,SUCCESS,2195.31
7780,9856321230,179.00,2012,Bank Portal,2026-01-04 15:03:00,FAILED,4108.23
7781,9678283390,199.00,2011,Bank Portal,2025-09-14 17:18:00,FAILED,2141.34
7782,9610048563,179.00,2009,App,2025-12-01 08:43:00,FAILED,1725.14
7783,9356224399,647.51,2011,Bank Portal,2026-04-26 12:25:00,SUCCESS,2045.54
7784,9729501750,899.00,2018,Retailer,2026-03-22 22:40:00,SUCCESS,3671.01
7785,9490502993,657.55,2007,App,2026-05-02 05:30:00,SUCCESS,1274.07
7786,9939555911,479.00,2024,Online,2025-10-18 04:56:00,FAILED,430.05
7787,9452982688,899.00,2018,Online,2026-05-24 06:57:00,SUCCESS,1097.18
7788,9791384703,149.00,2003,Retailer,2026-05-31 22:39:00,FAILED,642.58
7789,9199149452,20.00,2003,App,2026-01-11 13:41:00,SUCCESS,2202.03
7790,9958894190,479.00,2024,App,2025-11-30 03:02:00,PENDING,181.39
7791,9268261094,799.00,2005,Retailer,2026-02-05 06:34:00,SUCCESS,1260.49
7792,9661980849,849.00,2015,Retailer,2026-04-02 06:40:00,SUCCESS,1934.34
7793,9981340400,452.28,2021,App,2025-09-26 01:30:00,SUCCESS,644.99
7794,9891236284,179.00,2008,App,2025-11-23 09:29:00,SUCCESS,258.22
7795,9412167410,399.00,2007,USSD,2026-01-20 14:39:00,FAILED,124.09
7796,9537845032,479.00,2024,Retailer,2026-03-16 06:43:00,SUCCESS,2039.82
7797,9911341851,799.00,2005,App,2026-01-01 12:37:00,FAILED,512.27
7798,9086302430,98.09,2025,USSD,2025-10-30 08:29:00,SUCCESS,544.87
7799,9396394684,149.00,2002,Online,2025-10-15 21:51:00,SUCCESS,299.57
7800,9796524099,239.00,2017,Retailer,2025-11-03 14:45:00,SUCCESS,848.23
7801,9900201809,179.00,2012,App,2026-02-17 08:38:00,SUCCESS,1033.76
7802,9872891034,949.00,2010,Retailer,2025-09-14 21:36:00,SUCCESS,1313.57
7803,9527366290,849.00,2022,Bank Portal,2025-09-07 05:56:00,SUCCESS,1499.15
7804,9630673196,249.00,2014,Online,2026-04-21 18:40:00,SUCCESS,576.15
7805,9602551473,799.00,2005,App,2026-01-20 22:28:00,SUCCESS,4755.86
7806,9019733557,849.00,2022,App,2025-09-04 19:44:00,SUCCESS,1088.93
7807,9875136909,179.00,2012,Retailer,2025-10-13 07:54:00,SUCCESS,873.86
7808,9418409261,399.00,2006,Bank Portal,2025-10-22 20:23:00,SUCCESS,877.32
7809,9955512973,199.00,2004,USSD,2025-08-27 21:22:00,SUCCESS,425.84
7810,9046539231,199.00,2004,Online,2025-12-12 02:44:00,SUCCESS,1256.32
7811,9441846981,249.00,2014,Online,2025-12-16 16:39:00,SUCCESS,281.26
7812,9259460539,149.00,2002,App,2026-02-23 18:35:00,SUCCESS,957.49
7813,9702967027,949.00,2010,USSD,2026-03-15 01:35:00,SUCCESS,3588.31
7814,9568689382,849.00,2022,Online,2026-07-07 10:17:00,SUCCESS,2078.54
7815,9979054945,849.00,2022,Retailer,2026-05-10 01:49:00,SUCCESS,2540.43
7816,9527366290,99.00,2023,Retailer,2026-06-18 15:04:00,SUCCESS,1598.15
7817,9313231210,949.00,2013,USSD,2025-12-13 11:46:00,SUCCESS,1714.58
7818,9607160117,179.00,2012,USSD,2025-12-25 21:40:00,SUCCESS,1112.09
7819,9631457717,149.00,2003,Online,2025-08-22 07:41:00,SUCCESS,334.70
7820,9086302430,649.00,2019,Retailer,2026-03-19 15:13:00,SUCCESS,1193.87
7821,9585777720,804.55,2003,Online,2025-10-29 05:42:00,SUCCESS,1773.14
7822,9458727969,479.00,2024,App,2025-11-11 06:34:00,SUCCESS,4009.42
7823,9444059476,149.00,2003,Online,2026-05-02 07:03:00,SUCCESS,550.21
7824,9983654556,479.00,2024,USSD,2025-12-11 17:05:00,SUCCESS,721.35
7825,9123505302,849.00,2015,Online,2026-06-10 11:07:00,FAILED,3630.45
7826,9829595142,563.09,2012,App,2026-07-30 11:25:00,SUCCESS,1424.24
7827,9381924979,699.00,2021,App,2025-12-01 12:30:00,SUCCESS,3837.08
7828,9521083493,564.87,2021,Bank Portal,2026-06-20 21:30:00,SUCCESS,1708.95
7829,9907924082,949.00,2013,Bank Portal,2026-05-01 02:24:00,SUCCESS,3623.69
7830,9375376181,783.45,2008,USSD,2026-04-30 09:07:00,SUCCESS,1116.06
7831,9702433431,2999.00,2025,Bank Portal,2026-03-07 13:48:00,SUCCESS,3260.00
7832,9608399385,199.00,2004,USSD,2025-10-09 19:55:00,SUCCESS,1297.11
7833,9136712602,910.74,2009,Retailer,2026-07-22 16:02:00,SUCCESS,1123.87
7834,9956588099,399.00,2007,Retailer,2026-06-15 16:21:00,SUCCESS,2502.91
7835,9702967027,932.73,2011,App,2026-04-07 14:54:00,SUCCESS,4521.04
7836,9309761084,499.00,2001,USSD,2026-02-18 09:14:00,SUCCESS,1652.57
7837,9858934016,179.00,2009,App,2026-06-26 23:53:00,SUCCESS,206.11
7838,9040106848,199.00,2004,Online,2026-01-09 21:36:00,SUCCESS,762.32
7839,9268261094,479.00,2024,App,2025-12-30 21:45:00,SUCCESS,1739.49
7840,9653115828,2999.00,2025,Retailer,2026-06-16 13:12:00,FAILED,1142.37
7841,9684777684,479.00,2024,,2025-10-19 15:22:00,SUCCESS,1702.62
7842,9173279402,2999.00,2025,App,2026-02-11 18:38:00,SUCCESS,3092.83
7843,9273823732,900.56,2019,Bank Portal,2025-09-12 19:58:00,SUCCESS,1813.17
7844,9523343007,2999.00,2025,USSD,2025-12-10 09:03:00,SUCCESS,4049.19
7845,9114353759,499.00,2001,Bank Portal,2025-09-08 03:56:00,SUCCESS,3082.34
7846,9061874421,2999.00,2025,Bank Portal,2026-06-11 04:45:00,SUCCESS,3311.13
7847,9536373493,399.00,2006,Retailer,2026-05-11 13:33:00,SUCCESS,2560.38
7848,9295228767,535.42,2020,Retailer,2026-06-08 11:46:00,SUCCESS,751.10
7849,9086985638,249.00,2014,USSD,2025-12-10 14:09:00,REFUNDED,734.20
7850,9122807235,499.00,2001,Retailer,2025-09-25 13:01:00,SUCCESS,1345.55
7851,9096448649,239.00,2017,Bank Portal,2025-10-25 07:10:00,FAILED,761.16
7852,9852432804,948.97,2007,Bank Portal,2025-11-01 13:47:00,SUCCESS,2312.30
7853,9904117280,475.96,2008,Retailer,2026-04-05 07:18:00,SUCCESS,3090.64
7854,9300779320,399.00,2006,Retailer,2026-01-30 12:15:00,PENDING,1202.42
7855,9620370383,649.00,2019,,2025-12-10 21:47:00,SUCCESS,1900.14
7856,9001622884,271.38,2024,App,2025-09-03 08:57:00,SUCCESS,1238.79
7857,9168608302,773.38,2014,USSD,2026-02-08 05:54:00,SUCCESS,1332.11
7858,9039777186,299.00,2020,Online,2025-12-03 19:06:00,SUCCESS,424.30
7859,9053076264,499.00,2001,App,2026-08-07 16:02:00,SUCCESS,3969.99
7860,9017047397,699.00,2021,Retailer,2025-09-03 20:20:00,SUCCESS,1776.76
7861,9389270348,899.00,2016,Retailer,2026-06-27 13:33:00,SUCCESS,1028.43
7862,9585777720,249.00,2014,App,2026-06-27 21:20:00,SUCCESS,2022.14
7863,9672939857,799.00,2005,Bank Portal,2026-02-15 20:43:00,SUCCESS,1563.64
7864,9778721551,499.00,2001,USSD,2026-02-02 18:15:00,SUCCESS,1971.61
7865,9163121700,499.00,2001,Bank Portal,2025-12-01 22:08:00,SUCCESS,781.46
7866,9371579682,499.00,2001,Retailer,2026-07-19 00:22:00,SUCCESS,2734.13
7867,9756795583,186.41,2018,Online,2026-01-01 20:59:00,SUCCESS,1672.87
7868,9543934698,849.00,2015,App,2026-03-30 10:08:00,SUCCESS,869.51
7869,9064761468,149.00,2002,Online,2025-12-11 11:50:00,SUCCESS,1076.10
7870,9040106848,849.00,2015,Online,2026-01-26 09:13:00,SUCCESS,1611.32
7871,9828061191,949.00,2013,Online,2025-11-20 00:59:00,SUCCESS,1024.07
7872,9576974808,852.83,2010,App,2026-01-11 16:53:00,SUCCESS,1057.00
7873,9470202262,179.00,2008,Bank Portal,2026-03-17 05:40:00,SUCCESS,1540.72
7874,9658056089,849.00,2022,,2026-03-29 23:08:00,SUCCESS,1372.92
7875,9126973951,20.84,2012,USSD,2025-12-12 22:31:00,SUCCESS,393.37
7876,9473409534,542.32,2016,Retailer,2025-08-25 04:40:00,SUCCESS,1177.85
7877,9415190237,849.00,2015,App,2025-10-28 00:56:00,SUCCESS,2044.50
7878,9885021510,99.00,2023,,2026-03-12 12:08:00,SUCCESS,236.45
7879,9591608837,649.00,2019,Online,2025-09-19 01:18:00,SUCCESS,2064.26
7880,9025017273,899.00,2018,Bank Portal,2025-12-15 06:36:00,SUCCESS,1799.65
7881,9857972103,149.00,2003,App,2026-05-26 23:16:00,SUCCESS,1022.74
7882,9329668941,949.00,2010,Online,2026-05-12 23:49:00,SUCCESS,1675.08
7883,9911341851,399.00,2006,Retailer,2025-11-01 14:37:00,SUCCESS,911.27
7884,9480285619,2999.00,2025,Bank Portal,2025-11-24 04:07:00,SUCCESS,3937.57
7885,9804183422,849.00,2022,Online,2026-06-19 14:08:00,SUCCESS,974.08
7886,9088911836,479.00,2024,Retailer,2026-04-26 01:36:00,SUCCESS,723.05
7887,9228254626,366.98,2017,USSD,2026-04-22 18:22:00,SUCCESS,1545.41
7888,9966445815,179.00,2012,Retailer,2026-03-29 21:56:00,PENDING,1352.23
7889,9085933854,479.00,2024,Online,2025-12-11 06:31:00,SUCCESS,4580.87
7890,9116656864,649.00,2019,Bank Portal,2025-12-08 10:16:00,SUCCESS,2581.11
7891,9439779851,849.00,2015,USSD,2026-02-10 03:52:00,SUCCESS,1684.40
7892,9958944015,199.00,2011,App,2025-10-28 23:58:00,SUCCESS,541.18
7893,9088506003,239.00,2017,App,2026-07-17 07:22:00,SUCCESS,1498.19
7894,9143369748,849.00,2015,Retailer,2025-09-15 01:07:00,PENDING,72.09
7895,9217846198,949.00,2010,Online,2026-03-03 16:48:00,SUCCESS,2325.71
7896,9140736554,949.00,2010,Retailer,2026-01-03 00:07:00,SUCCESS,1082.08
7897,9811278299,799.00,2005,Bank Portal,2025-12-27 23:45:00,SUCCESS,2506.03
7898,9795544732,239.00,2017,Online,2025-08-15 11:01:00,SUCCESS,3395.86
7899,9023427973,242.19,2009,App,2026-05-21 04:40:00,PENDING,1147.89
7900,9850489326,99.00,2023,Retailer,2026-05-17 17:22:00,SUCCESS,1201.98
7901,9307616997,710.45,2006,Retailer,2025-10-01 06:24:00,SUCCESS,1689.18
7902,9519752703,199.00,2004,Retailer,2026-04-29 12:24:00,SUCCESS,2151.57
7903,9368475100,179.00,2012,App,2025-10-20 07:47:00,SUCCESS,725.21
7904,9653115828,799.00,2005,USSD,2026-01-10 02:21:00,SUCCESS,1941.37
7905,9610048563,415.71,2004,App,2025-10-11 12:19:00,SUCCESS,2140.85
7906,9421861171,799.00,2005,Online,2026-02-28 11:46:00,SUCCESS,2366.17
7907,9105248169,179.00,2008,USSD,2026-07-23 19:37:00,SUCCESS,958.38
7908,9381326802,479.00,2024,Bank Portal,2025-10-23 18:22:00,SUCCESS,1426.31
7909,9678936110,508.51,2001,Bank Portal,2025-11-03 19:43:00,FAILED,1010.57
7910,9399502473,99.00,2023,App,2025-11-26 12:59:00,SUCCESS,1473.13
7911,9492459494,750.89,2022,USSD,2026-05-25 12:16:00,SUCCESS,1882.63
7912,9458727969,299.00,2020,Retailer,2025-08-26 21:15:00,PENDING,4009.42
7913,9455872401,239.00,2017,Bank Portal,2025-08-10 07:40:00,SUCCESS,950.68
7914,9146794714,149.00,2003,USSD,2025-08-24 22:21:00,SUCCESS,773.62
7915,9784533955,399.00,2006,Bank Portal,2026-04-05 09:43:00,SUCCESS,637.42
7916,9181990715,611.17,2003,Online,2026-04-17 06:43:00,SUCCESS,2567.44
7917,9416108450,433.01,2005,USSD,2025-08-21 19:37:00,FAILED,922.33
7918,9994423776,499.00,2001,App,2025-08-10 23:30:00,SUCCESS,2319.04
7919,9735981530,743.46,2002,USSD,2026-07-16 10:18:00,SUCCESS,1631.82
7920,9474495323,849.00,2015,Retailer,2026-02-17 01:31:00,SUCCESS,1690.99
7921,9989677763,299.00,2020,Online,2025-09-22 05:22:00,SUCCESS,1825.66
7922,9053076264,399.00,2007,Bank Portal,2026-05-14 18:28:00,FAILED,3969.99
7923,9969780416,949.00,2013,USSD,2026-05-05 09:19:00,SUCCESS,1257.23
7924,9299451409,179.00,2009,Bank Portal,2026-05-06 16:36:00,FAILED,823.76
7925,9012947379,499.00,2001,Retailer,2026-05-15 03:09:00,SUCCESS,4893.11
7926,9446331140,399.00,2006,Retailer,2026-08-04 06:04:00,SUCCESS,1378.91
7927,9103984895,249.00,2014,App,2025-10-16 08:48:00,SUCCESS,594.93
7928,9740804790,852.48,2012,USSD,2025-12-26 01:20:00,SUCCESS,2489.80
7929,9230472880,199.00,2004,USSD,2025-11-09 11:38:00,SUCCESS,409.91
7930,9130899315,649.00,2019,Bank Portal,2026-01-28 02:37:00,SUCCESS,1767.41
7931,9540043209,849.00,2022,Retailer,2026-01-05 01:41:00,SUCCESS,2683.30
7932,9088506003,252.05,2011,Retailer,2026-07-19 01:59:00,FAILED,1498.19
7933,9880356285,230.32,2015,App,2025-08-19 01:27:00,SUCCESS,2436.24
7934,9619105728,149.00,2002,Online,2025-08-21 21:06:00,SUCCESS,664.85
7935,9308945692,199.00,2011,Retailer,2026-02-15 10:07:00,SUCCESS,2011.88
7936,9495731812,611.57,2004,Bank Portal,2025-12-04 19:22:00,FAILED,438.34
7937,9436051192,149.00,2002,Online,2026-03-26 10:12:00,SUCCESS,3947.19
7938,9055719603,967.65,2003,App,2026-04-25 23:24:00,SUCCESS,1086.17
7939,9421368869,499.00,2001,,2026-01-05 12:15:00,SUCCESS,787.34
7940,9870510043,987.76,2005,App,2025-08-29 16:38:00,SUCCESS,1310.92
7941,9101414184,899.00,2018,App,2025-11-21 11:05:00,FAILED,1709.01
7942,9459437746,899.00,2016,App,2025-12-12 04:16:00,SUCCESS,1847.91
7943,9701765990,699.00,2021,App,2026-07-04 22:16:00,SUCCESS,1587.16
7944,9804183422,949.00,2010,App,2025-10-28 12:31:00,FAILED,974.08
7945,9902358584,179.00,2012,App,2026-06-28 04:11:00,SUCCESS,306.85
7946,9026026861,849.00,2015,,2026-05-27 03:38:00,FAILED,366.60
7947,9072131475,479.00,2024,USSD,2026-02-25 12:14:00,SUCCESS,647.77
7948,9726984694,699.00,2021,Retailer,2025-08-08 00:30:00,SUCCESS,1790.79
7949,9136712602,179.00,2009,Retailer,2025-08-24 19:19:00,SUCCESS,1302.87
7950,9295578289,949.00,2013,App,2025-08-29 15:19:00,SUCCESS,1604.02
7951,9679384794,399.00,2006,Retailer,2026-04-06 00:37:00,REFUNDED,2018.16
7952,9869549967,179.00,2008,Online,2025-10-19 11:12:00,SUCCESS,591.84
7953,9371579682,99.00,2023,Retailer,2026-02-03 22:21:00,SUCCESS,2833.13
7954,9855642368,849.00,2015,App,2026-04-13 10:37:00,SUCCESS,2496.65
7955,9155023129,849.00,2015,App,2026-07-18 03:21:00,SUCCESS,1953.10
7956,9665334272,687.23,2006,App,2026-07-26 14:53:00,SUCCESS,1005.93
7957,9371549245,149.00,2003,App,2026-07-27 07:36:00,SUCCESS,2152.98
7958,9351486610,556.62,2002,Online,2026-01-06 02:22:00,SUCCESS,1090.22
7959,9447568567,899.00,2018,App,2025-12-23 20:00:00,FAILED,2001.97
7960,9791762622,799.00,2005,Retailer,2025-12-31 19:04:00,SUCCESS,1026.85
7961,9055719603,799.00,2005,Bank Portal,2026-06-23 13:17:00,SUCCESS,1885.17
7962,9789114780,179.00,2009,USSD,2025-12-06 06:37:00,SUCCESS,420.27
7963,9416108450,649.00,2019,Online,2026-07-10 03:54:00,SUCCESS,1571.33
7964,9573109165,179.00,2012,Bank Portal,2026-07-06 04:01:00,SUCCESS,973.01
7965,9017069079,280.81,2013,Bank Portal,2026-04-09 00:38:00,SUCCESS,654.70
7966,9000780354,499.00,2001,Retailer,2026-03-21 21:20:00,SUCCESS,2189.84
7967,9027799141,179.00,2008,Online,2026-04-04 07:01:00,SUCCESS,573.40
7968,9789114780,459.12,2017,Online,2025-08-31 21:41:00,SUCCESS,879.39
7969,9612196177,149.00,2002,Online,2026-06-16 13:34:00,SUCCESS,1886.02
7970,9993465409,199.00,2011,Online,2025-12-25 19:40:00,SUCCESS,1210.44
7971,9741440412,249.00,2014,App,2025-10-29 09:55:00,PENDING,4062.76
7972,9413982250,949.00,2010,Retailer,2025-08-23 05:18:00,SUCCESS,2335.90
7973,9181045136,849.00,2015,Bank Portal,2025-10-08 20:14:00,FAILED,834.89
7974,9524712013,179.00,2008,Bank Portal,2026-01-30 16:09:00,FAILED,1003.29
7975,9703470235,99.00,2023,App,2026-02-28 03:31:00,SUCCESS,465.98
7976,9422585977,849.00,2015,Bank Portal,2025-09-16 07:40:00,SUCCESS,1131.44
7977,9094134366,149.00,2003,Online,2026-05-22 11:09:00,SUCCESS,1159.27
7978,9014590644,99.00,2023,Online,2026-05-07 04:52:00,SUCCESS,691.22
7979,9258117595,199.00,2011,App,2025-10-26 22:36:00,SUCCESS,2512.10
7980,9213007439,399.00,2007,Online,2026-05-24 23:39:00,FAILED,1586.20
7981,9480293802,62.56,2018,Bank Portal,2026-04-09 23:07:00,SUCCESS,2334.67
7982,9698778491,499.00,2001,Online,2025-09-03 16:59:00,SUCCESS,594.88
7983,9502110897,300.82,2006,Retailer,2026-02-19 15:48:00,SUCCESS,625.88
7984,9596576052,199.00,2004,App,2025-10-13 00:11:00,SUCCESS,2728.33
7985,9463668576,239.00,2017,USSD,2025-09-08 14:35:00,PENDING,530.03
7986,9332553497,399.00,2006,USSD,2026-07-24 22:07:00,SUCCESS,777.55
7987,9209238094,454.78,2005,Retailer,2025-09-02 10:07:00,SUCCESS,2365.69
7988,9645469135,179.00,2008,App,2026-04-09 22:58:00,SUCCESS,495.96
7989,9502449412,849.00,2022,,2026-07-01 11:21:00,SUCCESS,1087.08
7990,9064891572,149.00,2002,,2026-07-13 23:01:00,PENDING,992.27
7991,9684474610,73.59,2002,Bank Portal,2026-04-16 23:58:00,SUCCESS,1971.12
7992,9015933157,499.00,2001,,2026-01-04 13:37:00,FAILED,152.97
7993,9564427073,479.00,2024,Retailer,2026-08-04 15:08:00,SUCCESS,1998.90
7994,9188707264,299.00,2020,App,2026-05-04 16:40:00,FAILED,1316.31
7995,9418409261,570.04,2016,App,2026-07-13 16:17:00,SUCCESS,1447.36
7996,9044499263,799.00,2005,USSD,2026-04-07 00:30:00,SUCCESS,1457.66
7997,9660783488,699.00,2021,Online,2025-11-18 03:21:00,SUCCESS,1357.25
7998,9769153700,99.00,2023,Bank Portal,2026-04-15 14:52:00,FAILED,303.51
7999,9885621225,649.00,2019,App,2026-07-05 05:30:00,SUCCESS,1023.03
8000,9645469135,649.00,2019,App,2025-08-27 01:39:00,SUCCESS,1144.96
8001,9538996963,799.00,2005,Bank Portal,2026-06-29 09:47:00,SUCCESS,1605.65
8002,9063760133,849.00,2022,App,2025-11-02 13:55:00,FAILED,15.94
8003,9141692778,899.00,2016,Bank Portal,2026-01-13 17:21:00,SUCCESS,1916.75
8004,9502110897,849.00,2022,Retailer,2025-10-15 18:22:00,FAILED,625.88
8005,9220735426,468.22,2017,USSD,2025-11-27 07:49:00,SUCCESS,1752.93
8006,9008562293,149.00,2002,Bank Portal,2025-09-24 07:08:00,SUCCESS,2322.07
8007,9770595396,479.00,2024,App,2026-03-14 04:47:00,PENDING,556.09
8008,9208884637,799.00,2005,Retailer,2026-01-08 10:03:00,SUCCESS,1623.69
8009,9630673196,649.00,2019,,2026-07-28 00:32:00,SUCCESS,1225.15
8010,9147719208,887.93,2008,Online,2026-01-06 03:11:00,REFUNDED,1518.51
8011,9256318940,249.00,2014,App,2026-08-08 06:32:00,SUCCESS,399.38
8012,9436276620,239.00,2017,App,2026-08-06 03:51:00,SUCCESS,987.49
8013,9313678796,849.00,2015,USSD,2026-05-05 18:45:00,SUCCESS,1524.25
8014,9978560726,849.00,2022,Retailer,2025-11-14 07:27:00,SUCCESS,899.28
8015,9261794508,199.00,2004,USSD,2025-09-14 05:57:00,SUCCESS,596.56
8016,9996944401,479.00,2024,,2026-01-19 23:25:00,SUCCESS,487.18
8017,9395364898,2999.00,2025,Online,2026-06-12 14:01:00,SUCCESS,5498.33
8018,9436051192,963.63,2019,Bank Portal,2025-10-05 11:07:00,SUCCESS,4910.82
8019,9460440138,499.00,2001,Retailer,2025-10-18 12:15:00,SUCCESS,2415.75
8020,9121139717,179.00,2009,App,2026-07-08 10:40:00,SUCCESS,209.07
8021,9585469699,179.00,2008,USSD,2026-07-07 09:09:00,SUCCESS,1852.17
8022,9251910492,105.24,2013,Retailer,2025-08-11 22:37:00,SUCCESS,403.32
8023,9253995338,299.00,2020,Bank Portal,2026-06-16 02:26:00,SUCCESS,680.43
8024,9158781453,299.00,2020,Online,2026-05-31 11:09:00,SUCCESS,3487.04
8025,9741695592,149.00,2002,App,2025-09-10 16:28:00,SUCCESS,507.11
8026,9498308937,627.36,2016,App,2026-05-14 13:42:00,SUCCESS,2810.54
8027,9474495323,199.00,2004,USSD,2026-04-02 21:38:00,SUCCESS,1889.99
8028,9787853361,855.32,2013,Online,2026-01-31 22:36:00,REFUNDED,859.35
8029,9133706007,149.00,2002,,2025-09-28 17:30:00,SUCCESS,443.79
8030,9434189384,399.00,2006,Retailer,2026-05-25 23:54:00,SUCCESS,504.75
8031,9766377365,899.00,2018,Online,2026-01-19 16:56:00,PENDING,1174.20
8032,9044499263,949.00,2010,Online,2025-11-22 15:19:00,REFUNDED,1457.66
8033,9760924830,849.00,2022,Bank Portal,2025-08-17 06:51:00,SUCCESS,962.33
8034,9261183658,479.00,2024,App,2026-07-04 06:55:00,SUCCESS,1697.64
8035,9916707768,149.00,2002,Retailer,2026-05-24 07:07:00,SUCCESS,2255.10
8036,9241963318,399.00,2006,Retailer,2026-06-20 05:40:00,SUCCESS,687.84
8037,9982365921,974.80,2008,App,2026-08-08 04:27:00,SUCCESS,1991.20
8038,9328879965,179.00,2009,Online,2025-10-13 12:42:00,SUCCESS,2014.79
8039,9862651057,699.00,2021,App,2025-11-09 10:43:00,SUCCESS,802.70
8040,9177510663,149.00,2002,App,2026-02-01 05:19:00,SUCCESS,1108.60
8041,9166243946,807.89,2024,,2026-03-19 01:41:00,SUCCESS,1348.79
8042,9356224399,826.99,2011,Online,2026-04-21 19:24:00,PENDING,2045.54
8043,9688445641,149.00,2002,Bank Portal,2025-12-07 10:28:00,SUCCESS,2325.34
8044,9744493163,99.00,2023,Retailer,2025-08-16 06:36:00,SUCCESS,285.44
8045,9698778491,501.80,2005,App,2025-08-19 08:25:00,SUCCESS,1096.68
8046,9937930639,904.45,2014,,2026-04-28 06:58:00,SUCCESS,4415.44
8047,9995400649,199.00,2011,USSD,2026-03-31 20:44:00,SUCCESS,747.41
8048,9108676030,949.00,2010,App,2025-08-10 11:23:00,SUCCESS,1391.86
8049,9606901726,199.00,2004,USSD,2026-03-26 17:43:00,REFUNDED,994.13
8050,9240949925,149.00,2002,Online,2026-06-11 19:55:00,SUCCESS,1036.03
8051,9913918607,399.00,2007,Online,2026-02-04 22:43:00,SUCCESS,1339.57
8052,9226140523,799.00,2005,Online,2026-01-23 07:45:00,SUCCESS,2691.10
8053,9168608302,199.00,2011,,2025-10-20 10:14:00,SUCCESS,1531.11
8054,9534037566,199.00,2004,Retailer,2025-10-10 05:16:00,SUCCESS,1984.64
8055,9495006663,799.00,2005,USSD,2025-11-26 22:02:00,SUCCESS,1888.33
8056,9637449685,820.80,2023,App,2025-12-31 01:30:00,SUCCESS,2319.09
8057,9987099431,849.00,2015,Online,2026-07-15 18:47:00,SUCCESS,1008.27
8058,9261925139,430.42,2024,Online,2026-03-19 05:56:00,SUCCESS,1343.51
8059,9341956658,149.00,2002,App,2025-08-10 18:05:00,SUCCESS,790.46
8060,9641679006,399.00,2006,USSD,2026-03-10 08:00:00,SUCCESS,679.23
8061,9766377365,249.00,2014,App,2025-08-11 20:16:00,SUCCESS,1423.20
8062,9191889111,179.00,2009,App,2026-05-25 17:21:00,SUCCESS,1318.53
8063,9943945568,849.00,2022,Bank Portal,2025-09-20 01:02:00,SUCCESS,1135.05
8064,9446331140,772.25,2008,USSD,2025-11-08 14:24:00,SUCCESS,2151.16
8065,9193368555,649.00,2019,Bank Portal,2025-09-10 01:55:00,SUCCESS,1189.75
8066,9701633338,199.00,2011,Bank Portal,2026-03-19 02:46:00,SUCCESS,525.20
8067,9431187970,399.00,2006,Bank Portal,2026-06-28 22:44:00,SUCCESS,1977.50
8068,9009488118,199.00,2011,Retailer,2025-10-09 06:03:00,SUCCESS,405.27
8069,9464716697,249.00,2014,Retailer,2026-01-06 16:05:00,SUCCESS,1124.60
8070,9859427242,899.00,2016,Online,2026-03-01 10:25:00,SUCCESS,4262.58
8071,9995400649,373.00,2011,Retailer,2025-12-09 22:20:00,SUCCESS,1120.41
8072,9776870176,341.50,2013,,2026-07-16 16:07:00,SUCCESS,566.62
8073,9592346277,179.00,2012,USSD,2026-01-17 17:25:00,SUCCESS,677.31
8074,9641102470,920.14,2014,Bank Portal,2026-04-30 21:39:00,SUCCESS,2687.35
8075,9704644560,399.00,2006,Bank Portal,2026-04-03 03:26:00,SUCCESS,1374.52
8076,9856039757,649.00,2019,App,2026-05-14 22:04:00,FAILED,499.42
8077,9818784289,899.00,2018,Online,2025-09-10 06:09:00,FAILED,1206.95
8078,9123125121,849.00,2022,App,2026-02-22 00:02:00,REFUNDED,781.50
8079,9263974247,949.00,2010,App,2025-11-23 01:11:00,SUCCESS,2948.57
8080,9816667374,849.00,2015,App,2025-10-28 03:44:00,SUCCESS,2931.96
8081,9426362705,915.14,2002,Retailer,2026-02-21 00:35:00,SUCCESS,953.22
8082,9628422431,949.00,2010,Retailer,2026-01-20 12:53:00,SUCCESS,1545.84
8083,9279578771,682.76,2012,Retailer,2026-03-30 07:21:00,FAILED,724.55
8084,9827686467,199.00,2004,Retailer,2025-11-19 23:14:00,SUCCESS,3017.29
8085,9593224677,31.29,2001,Online,2025-10-26 14:04:00,SUCCESS,460.14
8086,9019733557,649.00,2019,App,2026-02-15 16:17:00,SUCCESS,1737.93
8087,9542651279,859.66,2022,Retailer,2026-02-19 07:01:00,SUCCESS,997.00
8088,9219531810,899.00,2016,Retailer,2026-01-30 03:31:00,SUCCESS,1411.25
8089,9333067701,949.00,2013,Online,2025-10-10 14:54:00,SUCCESS,1784.82
8090,9498400235,179.00,2008,App,2026-05-13 07:16:00,PENDING,2361.45
8091,9426362705,399.00,2006,USSD,2026-08-03 20:30:00,SUCCESS,1352.22
8092,9875866962,699.00,2021,App,2025-12-03 22:09:00,SUCCESS,5491.61
8093,9729483133,149.00,2003,Online,2025-09-03 15:00:00,SUCCESS,1804.94
8094,9304705811,849.00,2022,,2026-08-05 20:49:00,SUCCESS,1860.32
8095,9042835025,179.00,2009,App,2025-11-25 07:20:00,REFUNDED,501.43
8096,9449516645,399.00,2007,USSD,2026-01-02 02:17:00,SUCCESS,1258.73
8097,9170017491,849.00,2022,Online,2026-05-10 10:42:00,SUCCESS,1681.58
8098,9398341199,179.00,2009,Online,2026-05-16 03:49:00,SUCCESS,727.85
8099,9130522288,149.00,2002,Retailer,2026-01-28 18:50:00,SUCCESS,763.96
8100,9660783488,199.00,2011,USSD,2025-10-26 11:46:00,SUCCESS,1556.25
8101,9005122765,149.00,2003,USSD,2026-01-13 02:58:00,SUCCESS,651.72
8102,9471496750,649.00,2019,,2025-09-13 19:42:00,SUCCESS,2038.19
8103,9632466340,499.00,2001,App,2026-03-28 20:51:00,SUCCESS,782.54
8104,9983962374,899.00,2018,Bank Portal,2026-03-09 21:40:00,SUCCESS,1617.74
8105,9416028817,249.00,2014,Retailer,2025-12-06 16:28:00,SUCCESS,707.00
8106,9258117595,782.05,2004,Retailer,2026-03-09 18:50:00,FAILED,2512.10
8107,9836552200,849.00,2022,USSD,2025-12-25 06:09:00,SUCCESS,2093.28
8108,9901027095,149.00,2002,Online,2026-02-04 23:55:00,SUCCESS,169.42
8109,9687032557,849.00,2015,Online,2026-06-14 03:26:00,SUCCESS,1778.69
8110,9074557127,699.00,2021,Online,2025-10-07 08:30:00,SUCCESS,1588.55
8111,9877032550,699.00,2021,Bank Portal,2025-08-26 19:04:00,SUCCESS,892.92
8112,9128749153,849.00,2022,USSD,2026-06-06 23:19:00,SUCCESS,980.36
8113,9515947915,605.57,2003,Bank Portal,2026-07-23 20:28:00,SUCCESS,616.64
8114,9770888384,849.00,2015,App,2026-06-22 20:50:00,SUCCESS,3418.33
8115,9206953348,849.00,2022,Bank Portal,2025-09-02 13:34:00,PENDING,761.52
8116,9440421150,849.00,2015,Bank Portal,2025-11-21 03:25:00,SUCCESS,1231.69
8117,9206038695,899.00,2016,Retailer,2026-04-16 11:13:00,SUCCESS,7927.64
8118,9811278299,899.00,2018,Online,2026-07-13 01:50:00,SUCCESS,3405.03
8119,9932103004,849.00,2015,Online,2026-04-10 17:40:00,SUCCESS,863.73
8120,9745286578,649.00,2019,App,2025-12-31 16:35:00,SUCCESS,951.43
8121,9309308363,199.00,2004,Bank Portal,2026-04-03 08:38:00,SUCCESS,247.55
8122,9885021510,437.69,2008,Online,2025-08-30 07:50:00,SUCCESS,674.14
8123,9426601811,949.00,2013,App,2026-05-29 05:39:00,SUCCESS,1029.07
8124,9634579715,350.25,2011,App,2026-07-25 21:40:00,SUCCESS,547.41
8125,9304916653,799.00,2005,Online,2026-03-30 15:24:00,SUCCESS,3684.67
8126,9476792837,416.08,2015,Bank Portal,2026-06-28 07:45:00,SUCCESS,2576.08
8127,9680671576,849.00,2022,Online,2025-08-19 03:32:00,SUCCESS,1833.79
8128,9280025769,699.00,2021,Online,2025-11-15 10:53:00,SUCCESS,1853.97
8129,9446331140,199.00,2004,,2026-01-01 07:21:00,SUCCESS,2350.16
8130,9017627310,899.00,2018,Bank Portal,2025-09-19 17:07:00,SUCCESS,2174.52
8131,9268377603,149.00,2003,Retailer,2026-06-21 04:47:00,SUCCESS,558.03
8132,9308612865,899.00,2018,App,2026-05-16 06:26:00,SUCCESS,1216.41
8133,9426694626,2999.00,2025,App,2025-09-24 17:41:00,FAILED,49.48
8134,9272768772,99.00,2023,App,2025-09-03 17:19:00,SUCCESS,1128.54
8135,9775907278,179.00,2009,USSD,2025-09-02 10:11:00,SUCCESS,598.11
8136,9058903087,479.00,2024,USSD,2026-08-02 11:09:00,SUCCESS,2311.49
8137,9357705612,239.00,2017,App,2026-02-09 01:04:00,SUCCESS,1500.13
8138,9816667374,699.00,2021,Retailer,2026-04-16 09:04:00,SUCCESS,3630.96
8139,9949597990,179.00,2009,,2026-07-17 05:21:00,SUCCESS,1257.76
8140,9072805444,249.00,2014,USSD,2025-11-07 06:46:00,SUCCESS,1358.40
8141,9877032550,299.00,2020,USSD,2025-10-19 04:31:00,SUCCESS,1191.92
8142,9415777280,782.52,2011,Online,2026-01-25 13:32:00,PENDING,916.61
8143,9455718762,222.23,2020,Online,2025-09-16 08:03:00,SUCCESS,267.53
8144,9758412604,699.00,2021,Retailer,2026-06-20 00:12:00,FAILED,1351.22
8145,9190709640,99.00,2023,Retailer,2025-12-02 16:26:00,SUCCESS,2291.24
8146,9107589329,479.00,2024,USSD,2025-10-02 17:43:00,FAILED,131.43
8147,9958944015,849.00,2015,USSD,2025-11-16 03:37:00,SUCCESS,1390.18
8148,9782774208,179.00,2012,Online,2025-08-27 07:32:00,SUCCESS,706.44
8149,9915323908,299.00,2020,,2025-09-14 06:31:00,SUCCESS,670.84
8150,9473409534,899.00,2016,Bank Portal,2025-12-08 20:16:00,SUCCESS,2076.85
8151,9628422431,44.65,2018,App,2026-02-18 19:49:00,SUCCESS,1590.49
8152,9453732105,299.00,2020,Retailer,2025-12-13 10:19:00,SUCCESS,335.99
8153,9259087799,649.00,2019,App,2026-04-02 15:59:00,SUCCESS,1275.39
8154,9622717344,949.00,2013,Online,2026-01-18 11:09:00,SUCCESS,953.69
8155,9901281723,849.00,2015,USSD,2026-05-23 08:09:00,SUCCESS,1035.66
8156,9498308937,99.00,2023,App,2026-07-02 13:10:00,SUCCESS,2909.54
8157,9738680601,849.00,2022,App,2025-12-03 12:52:00,SUCCESS,3406.76
8158,9996027488,399.00,2006,Online,2026-03-25 01:32:00,SUCCESS,917.53
8159,9491210062,99.00,2023,App,2025-12-10 13:04:00,SUCCESS,130.14
8160,9268684760,649.00,2019,Online,2026-02-22 16:52:00,REFUNDED,1780.21
8161,9116309695,149.00,2003,USSD,2026-01-03 14:32:00,SUCCESS,236.12
8162,9495356155,849.00,2022,App,2025-10-13 23:14:00,SUCCESS,3183.27
8163,9466472070,249.00,2014,USSD,2026-06-25 11:11:00,SUCCESS,2188.84
8164,9272200392,799.00,2005,USSD,2026-05-25 10:34:00,FAILED,909.76
8165,9446331140,299.00,2020,Retailer,2026-02-17 23:56:00,SUCCESS,2649.16
8166,9208654490,399.00,2007,Bank Portal,2026-06-20 19:26:00,REFUNDED,2536.12
8167,9726423917,287.55,2009,App,2025-09-28 00:57:00,REFUNDED,2087.72
8168,9529825744,899.00,2016,USSD,2025-12-28 21:14:00,PENDING,1251.93
8169,9590330348,99.00,2023,Retailer,2026-05-09 10:51:00,SUCCESS,4861.82
8170,9381924979,416.02,2005,USSD,2025-12-23 14:32:00,FAILED,3837.08
8171,9411479425,799.00,2005,Online,2025-11-06 23:44:00,SUCCESS,1288.85
8172,9046539231,699.00,2021,USSD,2026-05-26 07:51:00,SUCCESS,1955.32
8173,9360172235,479.00,2024,USSD,2026-03-04 23:54:00,SUCCESS,815.12
8174,9426601811,399.00,2007,Retailer,2026-01-06 11:08:00,SUCCESS,1428.07
8175,9449516645,2999.00,2025,Retailer,2025-09-29 09:18:00,SUCCESS,4257.73
8176,9223587723,299.00,2020,App,2025-12-27 15:18:00,SUCCESS,609.46
8177,9313678796,699.00,2021,Retailer,2026-04-24 23:42:00,SUCCESS,2223.25
8178,9222670368,899.00,2016,USSD,2026-03-23 21:33:00,SUCCESS,1401.74
8179,9706092544,799.00,2005,Online,2025-10-26 17:03:00,SUCCESS,1964.57
8180,9549651023,179.00,2008,App,2026-06-29 01:51:00,SUCCESS,1184.66
8181,9415101321,590.22,2017,Bank Portal,2025-12-30 07:34:00,PENDING,519.15
8182,9181233002,399.00,2007,App,2026-08-03 14:05:00,SUCCESS,2667.25
8183,9111218305,399.00,2006,App,2025-10-27 04:13:00,SUCCESS,418.72
8184,9873910138,2999.00,2025,Online,2026-06-30 12:09:00,SUCCESS,3634.10
8185,9453732105,249.00,2014,USSD,2026-03-26 07:21:00,FAILED,335.99
8186,9295228767,149.00,2002,USSD,2025-08-18 11:02:00,SUCCESS,900.10
8187,9217846198,149.00,2002,Retailer,2026-02-06 19:16:00,SUCCESS,2474.71
8188,9430007249,204.63,2016,App,2025-10-14 04:54:00,SUCCESS,2442.40
8189,9881295136,849.00,2015,Bank Portal,2026-01-02 16:37:00,SUCCESS,1164.46
8190,9523343007,499.00,2001,Retailer,2026-03-08 14:26:00,SUCCESS,4548.19
8191,9686340799,899.00,2016,USSD,2026-06-29 03:11:00,FAILED,181.24
8192,9971399378,99.00,2023,Retailer,2025-12-30 15:54:00,FAILED,1565.09
8193,9061212806,149.00,2003,Online,2026-05-01 14:23:00,SUCCESS,1064.18
8194,9712497034,399.00,2007,Retailer,2026-02-03 07:35:00,SUCCESS,2151.88
8195,9684777684,899.00,2018,USSD,2026-02-17 17:56:00,SUCCESS,2601.62
8196,9303404257,399.00,2006,Online,2026-06-05 08:47:00,SUCCESS,1519.98
8197,9865560183,899.00,2018,Bank Portal,2026-01-18 01:59:00,SUCCESS,2419.16
8198,9710323285,649.00,2019,Retailer,2026-03-13 09:01:00,SUCCESS,828.07
8199,9416157507,748.07,2003,Bank Portal,2026-05-16 20:04:00,SUCCESS,2254.45
8200,9563395473,479.00,2024,Bank Portal,2025-11-12 14:14:00,SUCCESS,598.56
8201,9148791684,764.63,2004,,2025-11-27 04:10:00,SUCCESS,1489.01
8202,9460112861,931.35,2005,App,2026-01-27 19:03:00,SUCCESS,3577.44
8203,9077070593,479.00,2024,Online,2026-08-01 05:52:00,SUCCESS,740.69
8204,9775907278,399.00,2007,App,2025-12-02 21:38:00,SUCCESS,997.11
8205,9308945692,149.00,2003,,2026-01-25 17:06:00,FAILED,2011.88
8206,9858934016,757.98,2016,Online,2025-11-08 10:06:00,PENDING,206.11
8207,9437201389,909.63,2010,Bank Portal,2026-02-17 01:56:00,FAILED,1861.32
8208,9778721551,239.00,2017,Online,2026-06-26 06:48:00,SUCCESS,2210.61
8209,9141509800,949.00,2010,App,2026-05-12 19:28:00,SUCCESS,2337.05
8210,9583261859,399.00,2006,Online,2026-03-13 07:11:00,SUCCESS,617.78
8211,9136802588,399.00,2006,App,2025-10-07 13:05:00,SUCCESS,585.86
8212,9852780178,149.00,2003,App,2026-03-01 17:11:00,REFUNDED,1572.92
8213,9013933929,179.00,2008,,2026-03-28 00:26:00,SUCCESS,4921.21
8214,9153292866,479.00,2024,App,2026-07-21 21:43:00,SUCCESS,1574.12
8215,9472368462,234.28,2008,Bank Portal,2025-12-31 01:19:00,SUCCESS,475.06
8216,9768220698,199.00,2004,Online,2026-01-08 04:04:00,SUCCESS,1379.13
8217,9090559534,899.00,2018,Retailer,2026-01-01 14:30:00,SUCCESS,2562.04
8218,9309308363,849.00,2022,App,2026-03-19 00:50:00,SUCCESS,1096.55
8219,9828392404,949.00,2013,App,2026-02-20 12:56:00,SUCCESS,2915.21
8220,9444039831,399.00,2006,Online,2026-02-27 19:18:00,SUCCESS,1630.09
8221,9191889111,529.86,2013,USSD,2025-11-28 16:36:00,SUCCESS,1848.39
8222,9999880197,179.00,2008,App,2026-03-19 06:21:00,SUCCESS,765.05
8223,9072805444,399.00,2007,App,2025-09-29 01:51:00,FAILED,1358.40
8224,9775636869,849.00,2022,Bank Portal,2025-12-05 04:46:00,SUCCESS,1160.82
8225,9745286578,949.00,2010,Retailer,2026-07-08 17:23:00,SUCCESS,1900.43
8226,9516654475,199.00,2011,Online,2026-02-02 11:08:00,SUCCESS,913.21
8227,9304705811,849.00,2015,,2026-02-18 07:59:00,FAILED,1860.32
8228,9206038695,949.00,2010,App,2026-07-17 14:02:00,SUCCESS,8876.64
8229,9015933157,403.12,2005,USSD,2026-07-15 21:44:00,SUCCESS,556.09
8230,9191889111,99.00,2023,App,2026-08-06 10:45:00,SUCCESS,1947.39
8231,9481095383,149.00,2002,Online,2025-12-04 13:56:00,SUCCESS,423.74
8232,9721758190,149.00,2002,Retailer,2025-09-13 05:15:00,SUCCESS,1772.65
8233,9113352689,35.02,2006,Retailer,2026-07-09 19:37:00,FAILED,1112.96
8234,9935215883,239.00,2017,Online,2026-01-21 00:50:00,SUCCESS,762.64
8235,9627345231,524.27,2011,App,2026-01-14 21:42:00,SUCCESS,2387.34
8236,9924303787,849.00,2015,USSD,2025-12-17 10:26:00,SUCCESS,2127.45
8237,9711526064,179.00,2012,Online,2026-06-29 20:17:00,SUCCESS,2012.16
8238,9732154473,2999.00,2025,USSD,2026-05-23 00:04:00,SUCCESS,5623.38
8239,9689247721,799.00,2005,USSD,2026-07-22 19:55:00,SUCCESS,2078.82
8240,9385301645,149.00,2003,Retailer,2026-07-20 12:29:00,SUCCESS,177.52
8241,9572237829,40.41,2016,Online,2025-09-11 17:40:00,SUCCESS,2846.71
8242,9572237829,499.00,2001,USSD,2026-07-16 19:53:00,SUCCESS,3345.71
8243,9664425940,249.00,2014,App,2026-07-09 06:14:00,SUCCESS,249.97
8244,9557039032,239.00,2017,USSD,2025-10-13 07:43:00,SUCCESS,1285.09
8245,9377966414,179.00,2008,Retailer,2025-12-10 17:04:00,SUCCESS,2026.85
8246,9919835101,179.00,2008,App,2025-12-15 19:00:00,SUCCESS,696.41
8247,9716307887,899.00,2018,Retailer,2025-12-25 04:43:00,SUCCESS,1000.78
8248,9135110188,99.00,2023,USSD,2026-03-11 03:10:00,SUCCESS,2325.05
8249,9034785365,199.00,2004,Bank Portal,2025-11-02 14:08:00,SUCCESS,1292.10
8250,9181106569,249.00,2014,USSD,2026-06-29 10:49:00,SUCCESS,1842.79
8251,9133706007,499.00,2001,,2026-01-29 16:01:00,SUCCESS,942.79
8252,9626688700,88.76,2006,App,2025-10-04 15:50:00,FAILED,4.98
8253,9993713915,499.00,2001,Bank Portal,2026-04-28 12:51:00,SUCCESS,749.39
8254,9908925990,199.00,2004,App,2025-12-29 10:21:00,SUCCESS,3236.24
8255,9041260689,899.00,2018,Retailer,2026-05-06 04:16:00,SUCCESS,3929.12
8256,9805030615,314.08,2024,Bank Portal,2025-08-28 05:39:00,SUCCESS,2048.99
8257,9241963318,399.00,2006,App,2026-06-07 13:33:00,SUCCESS,1086.84
8258,9628422431,179.00,2009,Bank Portal,2026-05-24 02:35:00,SUCCESS,1769.49
8259,9570600612,169.47,2011,App,2026-03-16 09:15:00,SUCCESS,2929.32
8260,9326104172,199.00,2011,App,2026-07-12 03:36:00,SUCCESS,1629.02
8261,9925257820,399.00,2006,Bank Portal,2026-07-23 18:31:00,SUCCESS,481.69
8262,9103984895,744.20,2001,Bank Portal,2025-12-16 13:42:00,SUCCESS,1339.13
8263,9261384676,2999.00,2025,Retailer,2026-06-30 11:32:00,SUCCESS,3548.29
8264,9921469980,899.00,2018,Bank Portal,2025-10-16 12:44:00,SUCCESS,2156.92
8265,9794251413,649.00,2019,USSD,2025-08-19 18:01:00,SUCCESS,812.56
8266,9037911462,99.00,2023,Online,2025-08-28 18:42:00,SUCCESS,4891.64
8267,9788244076,239.00,2017,Bank Portal,2026-07-07 03:45:00,SUCCESS,2401.95
8268,9241722978,149.00,2002,,2026-01-25 23:18:00,SUCCESS,226.92
8269,9206610687,199.00,2004,Bank Portal,2026-01-21 15:31:00,SUCCESS,915.17
8270,9262534628,158.75,2022,Bank Portal,2026-07-16 07:55:00,SUCCESS,2531.87
8271,9691727530,199.00,2011,USSD,2025-12-24 19:55:00,SUCCESS,1083.47
8272,9650125733,899.00,2018,Bank Portal,2026-04-12 01:59:00,FAILED,2776.39
8273,9923876716,941.21,2005,Retailer,2026-06-04 13:21:00,SUCCESS,965.67
8274,9606159969,299.00,2020,Retailer,2025-09-20 19:37:00,SUCCESS,834.34
8275,9034026055,143.56,2014,Retailer,2026-07-28 05:49:00,SUCCESS,2036.82
8276,9107589153,725.09,2007,Online,2026-05-15 11:31:00,SUCCESS,1920.43
8277,9890726303,949.00,2013,App,2025-08-11 10:12:00,SUCCESS,1603.16
8278,9140002474,368.70,2008,USSD,2025-11-25 00:58:00,SUCCESS,589.98
8279,9026026861,399.00,2007,Online,2026-07-10 07:46:00,FAILED,366.60
8280,9109226005,899.00,2016,Retailer,2026-04-04 23:02:00,SUCCESS,1977.68
8281,9600718653,982.56,2012,Bank Portal,2026-05-12 22:30:00,SUCCESS,2970.38
8282,9782560190,555.92,2021,USSD,2025-12-17 12:08:00,SUCCESS,696.37
8283,9318443729,299.00,2020,Bank Portal,2026-04-06 03:46:00,SUCCESS,818.93
8284,9109226005,133.43,2015,Bank Portal,2025-08-24 15:43:00,SUCCESS,2111.11
8285,9708459887,99.00,2023,,2026-08-01 08:47:00,FAILED,3269.86
8286,9167460172,149.00,2003,USSD,2025-10-14 20:13:00,SUCCESS,1637.03
8287,9282426979,149.00,2002,Online,2025-09-06 17:38:00,SUCCESS,543.17
8288,9702555628,849.00,2022,Online,2025-10-17 12:28:00,SUCCESS,894.35
8289,9626362705,849.00,2015,USSD,2025-12-21 18:59:00,REFUNDED,310.55
8290,9558653776,899.00,2016,USSD,2025-11-06 23:04:00,SUCCESS,906.73
8291,9013038166,801.75,2009,Bank Portal,2025-10-23 14:07:00,SUCCESS,2460.00
8292,9587920991,179.00,2008,USSD,2025-12-28 03:30:00,SUCCESS,2447.26
8293,9996944401,149.00,2003,Online,2026-03-16 01:02:00,SUCCESS,636.18
8294,9085867261,399.00,2006,Bank Portal,2025-12-28 18:43:00,SUCCESS,1342.42
8295,9770833235,887.81,2007,USSD,2026-01-13 17:33:00,SUCCESS,2210.53
8296,9237871834,199.00,2011,App,2025-12-11 19:13:00,SUCCESS,508.35
8297,9614256076,404.33,2003,App,2025-12-24 02:07:00,FAILED,1098.53
8298,9199149452,149.00,2003,USSD,2026-04-29 12:03:00,SUCCESS,2351.03
8299,9828545976,699.00,2021,App,2025-11-03 05:32:00,PENDING,1595.59
8300,9460440138,199.00,2011,Bank Portal,2025-09-26 11:12:00,SUCCESS,2614.75
8301,9213080579,499.00,2001,App,2026-06-02 08:14:00,SUCCESS,2803.08
8302,9804816533,646.83,2021,App,2026-06-07 06:42:00,FAILED,127.51
8303,9626534835,949.00,2013,Bank Portal,2026-07-30 19:07:00,SUCCESS,1182.80
8304,9313231210,397.92,2023,Online,2025-09-23 00:14:00,SUCCESS,2112.50
8305,9483401426,249.00,2014,Bank Portal,2025-10-06 01:26:00,SUCCESS,3144.33
8306,9526480539,849.00,2015,Online,2026-07-15 18:55:00,SUCCESS,3489.87
8307,9242389306,99.00,2023,USSD,2026-01-14 22:30:00,PENDING,132.09
8308,9936325482,483.74,2024,Online,2026-04-18 10:20:00,SUCCESS,3603.34
8309,9455872401,802.27,2009,USSD,2026-02-14 03:50:00,SUCCESS,1752.95
8310,9686340799,179.00,2008,App,2026-06-14 05:26:00,SUCCESS,360.24
8311,9928200032,179.00,2009,USSD,2025-09-19 05:26:00,SUCCESS,698.32
8312,9459437746,849.00,2022,USSD,2025-08-27 02:59:00,FAILED,1847.91
8313,9436276620,199.00,2004,USSD,2026-01-24 21:20:00,SUCCESS,1186.49
8314,9947084942,529.49,2010,Retailer,2025-12-29 21:05:00,SUCCESS,1553.52
8315,9665334272,986.41,2025,Retailer,2026-05-15 14:13:00,SUCCESS,1992.34
8316,9689173742,649.00,2019,Retailer,2025-09-30 03:15:00,SUCCESS,791.37
8317,9526783920,249.00,2014,Bank Portal,2025-11-09 04:11:00,SUCCESS,1302.47
8318,9720507464,396.90,2004,Retailer,2026-04-25 10:45:00,SUCCESS,2473.57
8319,9840225052,799.00,2005,Retailer,2026-06-21 05:43:00,FAILED,688.60
8320,9740122199,949.00,2010,Bank Portal,2025-11-25 12:39:00,SUCCESS,1427.43
8321,9139165652,179.00,2012,Retailer,2026-01-23 23:44:00,SUCCESS,608.66
8322,9181990715,249.00,2014,Retailer,2026-01-16 21:15:00,FAILED,2567.44
8323,9411479425,899.00,2018,App,2026-05-15 15:55:00,SUCCESS,2187.85
8324,9977841631,499.00,2001,USSD,2025-11-04 10:29:00,SUCCESS,1514.62
8325,9606159969,799.00,2005,Bank Portal,2026-02-04 09:58:00,SUCCESS,1633.34
8326,9967505537,201.30,2009,Bank Portal,2026-04-17 23:21:00,SUCCESS,1342.31
8327,9606159969,399.00,2006,Online,2025-10-29 05:36:00,SUCCESS,2032.34
8328,9527284966,99.00,2023,Bank Portal,2025-09-25 23:47:00,PENDING,587.05
8329,9789135342,2999.00,2025,App,2025-11-25 09:59:00,FAILED,38.36
8330,9040106848,949.00,2013,App,2026-01-15 00:39:00,SUCCESS,2560.32
8331,9408224445,99.00,2023,App,2026-03-06 22:19:00,SUCCESS,1880.05
8332,9439779851,299.00,2020,Bank Portal,2026-05-28 15:09:00,SUCCESS,1983.40
8333,9129226473,179.00,2009,Online,2026-01-01 14:30:00,SUCCESS,1065.61
8334,9183764811,949.00,2013,App,2026-07-27 15:42:00,SUCCESS,1910.61
8335,9645221979,364.36,2015,Bank Portal,2025-10-28 02:37:00,SUCCESS,4739.38
8336,9145771132,299.00,2020,Bank Portal,2026-02-16 05:50:00,SUCCESS,1198.85
8337,9461000693,649.00,2019,Retailer,2026-04-03 00:16:00,SUCCESS,1409.07
8338,9667840434,499.00,2001,App,2026-01-01 07:39:00,REFUNDED,782.42
8339,9764666274,299.00,2020,Bank Portal,2026-07-16 16:20:00,SUCCESS,2295.95
8340,9141692778,199.00,2004,USSD,2025-11-16 10:30:00,SUCCESS,2115.75
8341,9457358291,913.10,2006,App,2026-07-14 18:43:00,SUCCESS,4033.71
8342,9076826516,949.00,2013,Bank Portal,2025-10-31 18:51:00,SUCCESS,1052.93
8343,9011323002,343.60,2022,Bank Portal,2026-02-06 22:40:00,SUCCESS,731.12
8344,9485475786,649.00,2019,App,2025-11-23 03:55:00,PENDING,1325.60
8345,9416028817,849.00,2022,Bank Portal,2025-09-11 16:13:00,SUCCESS,1556.00
8346,9871034100,249.00,2014,Retailer,2026-08-04 09:21:00,SUCCESS,3287.02
8347,9985210421,296.99,2015,USSD,2025-08-28 00:36:00,SUCCESS,1060.47
8348,9720032999,499.00,2001,Bank Portal,2025-12-12 21:17:00,SUCCESS,3864.21
8349,9402265113,649.00,2019,App,2026-07-15 17:24:00,SUCCESS,1603.09
8350,9134445350,199.00,2011,USSD,2026-07-17 23:58:00,SUCCESS,2292.55
8351,9526783920,869.53,2009,Bank Portal,2026-06-16 19:59:00,SUCCESS,2172.00
8352,9412028031,940.60,2019,Retailer,2026-03-13 12:35:00,SUCCESS,2061.52
8353,9852722715,99.00,2023,App,2026-01-10 22:24:00,SUCCESS,1302.89
8354,9995034278,949.00,2010,Online,2025-12-07 14:24:00,SUCCESS,1494.35
8355,9174668074,179.00,2012,Bank Portal,2026-05-22 19:17:00,SUCCESS,764.38
8356,9711304849,179.00,2008,Online,2026-02-09 15:39:00,REFUNDED,179.48
8357,9041260689,849.00,2022,App,2026-02-27 06:05:00,SUCCESS,4778.12
8358,9605184717,786.67,2010,Bank Portal,2026-04-04 03:42:00,SUCCESS,1114.05
8359,9242431938,375.62,2008,App,2026-06-18 09:19:00,SUCCESS,1462.04
8360,9160525441,299.00,2020,Retailer,2025-11-19 20:20:00,SUCCESS,2136.19
8361,9435693139,899.00,2018,Bank Portal,2026-05-10 23:28:00,SUCCESS,1492.23
8362,9858401300,649.00,2019,Online,2026-07-31 01:06:00,SUCCESS,1713.47
8363,9562677058,646.84,2024,Online,2025-08-21 18:06:00,FAILED,945.27
8364,9691727530,649.00,2019,App,2026-01-31 05:03:00,SUCCESS,1732.47
8365,9908822016,514.59,2001,Retailer,2026-06-18 20:34:00,PENDING,5375.18
8366,9645143560,949.00,2013,App,2025-11-19 09:12:00,SUCCESS,2599.93
8367,9796524099,649.00,2019,Online,2025-11-27 23:58:00,SUCCESS,1497.23
8368,9141860149,2999.00,2025,Retailer,2025-10-30 01:28:00,FAILED,1175.27
8369,9064354166,479.00,2024,Online,2025-12-08 14:08:00,SUCCESS,4330.20
8370,9894939802,299.00,2020,App,2026-03-28 17:25:00,PENDING,1055.16
8371,9941114386,417.02,2001,USSD,2025-12-15 20:24:00,SUCCESS,496.67
8372,9402694174,239.00,2017,App,2025-12-08 21:30:00,SUCCESS,1244.56
8373,9734389859,199.00,2011,Online,2026-05-29 04:58:00,SUCCESS,555.55
8374,9519752703,179.00,2009,Retailer,2026-08-02 20:21:00,SUCCESS,2330.57
8375,9476792837,399.00,2007,App,2026-04-05 14:16:00,SUCCESS,2975.08
8376,9098217330,199.00,2011,Retailer,2026-04-11 18:36:00,SUCCESS,1669.72
8377,9412028031,849.00,2022,Retailer,2025-09-01 02:53:00,SUCCESS,2910.52
8378,9038261701,799.00,2005,Bank Portal,2026-03-27 04:42:00,SUCCESS,2111.69
8379,9153954593,179.00,2012,Online,2026-05-23 02:32:00,SUCCESS,1863.08
8380,9827284871,179.00,2012,Online,2026-08-01 11:06:00,SUCCESS,2971.29
8381,9076826516,149.00,2003,Bank Portal,2026-05-27 11:00:00,SUCCESS,1201.93
8382,9607041615,179.00,2009,App,2026-02-14 00:34:00,SUCCESS,564.63
8383,9785992954,149.00,2003,Bank Portal,2026-01-29 02:15:00,SUCCESS,222.84
8384,9194060115,179.00,2009,App,2025-11-24 20:11:00,SUCCESS,522.83
8385,9905090642,699.00,2021,App,2025-10-12 05:40:00,SUCCESS,1571.60
8386,9110172562,119.63,2007,,2025-12-01 01:38:00,SUCCESS,1323.69
8387,9812222875,199.00,2011,Retailer,2026-02-21 14:48:00,SUCCESS,4469.23
8388,9095714699,949.00,2010,Retailer,2026-05-14 11:09:00,SUCCESS,1926.05
8389,9930876997,399.00,2007,App,2026-07-22 18:49:00,SUCCESS,1845.02
8390,9740267113,99.00,2023,USSD,2025-08-11 19:28:00,SUCCESS,744.53
8391,9362714591,849.00,2022,Bank Portal,2025-09-26 04:09:00,SUCCESS,2577.70
8392,9421841153,239.00,2017,Retailer,2026-04-11 16:10:00,SUCCESS,2215.28
8393,9094134366,849.00,2022,Bank Portal,2025-11-22 09:26:00,SUCCESS,2008.27
8394,9862651057,949.00,2013,Bank Portal,2026-07-13 09:03:00,SUCCESS,1751.70
8395,9926167789,249.00,2014,Retailer,2026-03-30 12:39:00,FAILED,1160.28
8396,9263974247,114.12,2023,Retailer,2025-11-19 21:51:00,FAILED,2948.57
8397,9776870176,844.88,2014,Bank Portal,2026-07-21 22:29:00,SUCCESS,1411.50
8398,9263974247,849.00,2022,Retailer,2026-03-25 14:30:00,SUCCESS,3797.57
8399,9492976650,739.96,2012,Retailer,2026-04-10 21:52:00,SUCCESS,1821.57
8400,9904694470,899.00,2016,Retailer,2025-10-19 18:09:00,SUCCESS,3122.15
8401,9538996963,299.00,2020,Retailer,2026-04-03 16:01:00,SUCCESS,1904.65
8402,9464716697,985.04,2014,Bank Portal,2026-02-23 01:38:00,SUCCESS,2109.64
8403,9206610687,592.99,2017,App,2026-06-06 21:30:00,SUCCESS,1508.16
8404,9254265243,2999.00,2025,Retailer,2026-05-30 13:06:00,SUCCESS,5247.44
8405,9574159426,399.00,2007,Online,2026-04-10 15:32:00,SUCCESS,1503.52
8406,9345866103,179.00,2012,App,2026-01-18 17:47:00,SUCCESS,303.51
8407,9769153700,99.00,2023,USSD,2025-12-19 01:36:00,SUCCESS,402.51
8408,9538996963,399.00,2007,App,2026-08-07 19:00:00,SUCCESS,2303.65
8409,9493283580,2999.00,2025,Retailer,2026-05-16 02:58:00,SUCCESS,4056.45
8410,9569631128,799.00,2005,USSD,2025-10-02 19:52:00,SUCCESS,4824.16
8411,9320419026,99.00,2023,USSD,2026-07-14 01:02:00,SUCCESS,247.09
8412,9681659078,491.68,2022,Bank Portal,2025-08-29 13:41:00,SUCCESS,659.23
8413,9601204325,479.00,2024,USSD,2026-06-06 01:30:00,SUCCESS,2681.37
8414,9155431658,149.00,2003,USSD,2025-11-23 21:21:00,SUCCESS,328.65
8415,9494048290,399.00,2007,Bank Portal,2026-03-26 13:20:00,SUCCESS,588.99
8416,9746640394,179.00,2008,Retailer,2025-12-14 02:12:00,PENDING,3284.66
8417,9477724014,899.00,2016,App,2025-11-25 12:49:00,SUCCESS,1090.09
8418,9402694174,849.00,2015,USSD,2025-12-13 02:48:00,SUCCESS,2093.56
8419,9706989348,849.00,2015,Bank Portal,2026-04-14 03:12:00,SUCCESS,1082.72
8420,9456057502,949.00,2013,Retailer,2025-11-29 07:39:00,SUCCESS,2447.82
8421,9887512422,149.00,2002,,2026-02-10 23:21:00,SUCCESS,469.07
8422,9495375021,399.00,2006,Retailer,2026-04-22 23:10:00,SUCCESS,754.81
8423,9134124999,2999.00,2025,App,2025-08-16 08:04:00,SUCCESS,3176.97
8424,9548536502,239.00,2017,Online,2025-12-28 15:04:00,SUCCESS,1478.50
8425,9430907594,179.00,2008,App,2026-04-14 09:59:00,PENDING,786.12
8426,9304705811,901.90,2011,USSD,2025-08-28 16:14:00,SUCCESS,2762.22
8427,9220735426,949.00,2010,App,2025-10-26 07:44:00,SUCCESS,2701.93
8428,9734254067,899.00,2016,App,2025-10-16 02:57:00,SUCCESS,5588.28
8429,9419412817,899.00,2016,USSD,2025-10-03 11:54:00,SUCCESS,1009.20
8430,9705315132,479.00,2024,Online,2025-08-08 15:18:00,SUCCESS,1771.48
8431,9946822836,279.81,2001,App,2026-04-08 20:29:00,SUCCESS,1425.21
8432,9065775470,699.00,2021,Retailer,2026-01-24 09:27:00,PENDING,1152.06
8433,9070789348,199.00,2011,USSD,2026-04-07 17:50:00,SUCCESS,1808.54
8434,9860642466,149.00,2003,Retailer,2026-07-12 16:23:00,REFUNDED,4092.78
8435,9087921746,399.00,2007,USSD,2026-07-04 16:17:00,SUCCESS,510.46
8436,9828061191,849.00,2015,App,2026-06-01 04:31:00,SUCCESS,1873.07
8437,9740571075,199.00,2004,App,2025-11-05 09:00:00,PENDING,3954.99
8438,9077746305,199.00,2004,,2026-01-09 06:05:00,SUCCESS,564.05
8439,9423769975,949.00,2010,Bank Portal,2025-08-13 14:51:00,SUCCESS,2602.20
8440,9147719208,949.00,2013,Retailer,2026-06-28 17:07:00,SUCCESS,2467.51
8441,9268684760,121.12,2012,App,2026-07-07 09:09:00,SUCCESS,1901.33
8442,9528445430,179.00,2012,Retailer,2025-09-04 09:17:00,REFUNDED,1412.15
8443,9606159969,949.00,2010,USSD,2026-07-13 11:26:00,FAILED,2032.34
8444,9812313324,179.00,2012,,2026-04-01 00:27:00,SUCCESS,290.32
8445,9724554396,158.46,2005,Bank Portal,2026-05-23 19:54:00,SUCCESS,1967.42
8446,9816924624,799.00,2005,App,2025-09-26 13:14:00,SUCCESS,1118.35
8447,9370155586,499.00,2001,Retailer,2025-08-18 16:23:00,SUCCESS,923.52
8448,9766727203,399.00,2006,Retailer,2026-01-25 05:15:00,SUCCESS,469.33
8449,9667856871,899.00,2018,Bank Portal,2026-06-13 20:04:00,SUCCESS,1063.18
8450,9107697011,299.00,2020,Retailer,2025-11-15 23:45:00,SUCCESS,722.47
8451,9702433431,479.00,2024,Online,2025-11-21 16:29:00,SUCCESS,3739.00
8452,9456227804,239.00,2017,USSD,2026-01-08 05:43:00,SUCCESS,5219.36
8453,9034785365,649.00,2019,USSD,2025-11-21 07:09:00,SUCCESS,1941.10
8454,9721758190,139.06,2020,Bank Portal,2025-08-15 01:08:00,SUCCESS,1911.71
8455,9787853361,306.62,2024,App,2025-10-11 15:04:00,FAILED,859.35
8456,9614557360,199.00,2011,Retailer,2026-07-22 18:44:00,SUCCESS,223.07
8457,9602551473,199.00,2004,Online,2025-10-04 22:33:00,SUCCESS,4954.86
8458,9984616189,149.00,2002,Bank Portal,2026-03-22 01:58:00,SUCCESS,1134.64
8459,9869549967,199.00,2011,Online,2025-11-22 23:32:00,SUCCESS,790.84
8460,9081824058,980.91,2016,Online,2026-05-24 20:14:00,PENDING,1078.98
8461,9044499263,499.00,2001,App,2026-05-03 07:42:00,SUCCESS,1956.66
8462,9087797012,949.00,2013,App,2025-08-16 03:42:00,SUCCESS,1944.17
8463,9456193112,899.00,2018,App,2026-07-17 00:15:00,SUCCESS,1764.90
8464,9054061669,249.00,2014,Bank Portal,2026-05-20 16:40:00,SUCCESS,579.35
8465,9131422127,199.00,2011,App,2026-01-10 14:01:00,SUCCESS,1338.39
8466,9570117716,699.00,2021,Online,2025-11-11 08:59:00,SUCCESS,2440.09
8467,9606159969,249.00,2014,Retailer,2025-09-06 16:37:00,FAILED,2032.34
8468,9144036581,949.00,2013,USSD,2026-06-18 01:48:00,SUCCESS,5784.48
8469,9962578410,593.81,2019,Bank Portal,2025-11-27 08:54:00,SUCCESS,1666.04
8470,9012947379,799.00,2005,Online,2026-05-10 03:02:00,SUCCESS,5692.11
8471,9854610684,292.66,2023,Bank Portal,2025-12-14 20:24:00,SUCCESS,3662.84
8472,9711559117,949.00,2010,Retailer,2025-12-09 01:55:00,SUCCESS,2578.60
8473,9890704486,169.78,2024,Bank Portal,2026-02-07 11:27:00,SUCCESS,1763.49
8474,9770833235,149.00,2002,Retailer,2026-02-27 02:13:00,SUCCESS,2359.53
8475,9416108450,699.00,2021,App,2026-04-02 15:37:00,SUCCESS,2270.33
8476,9026522693,627.65,2012,USSD,2026-05-03 20:53:00,FAILED,1023.57
8477,9679413933,399.00,2007,Online,2026-06-15 20:31:00,SUCCESS,1468.11
8478,9779978154,249.00,2014,App,2026-03-27 22:25:00,FAILED,675.78
8479,9462786865,200.46,2018,Bank Portal,2025-08-12 23:05:00,SUCCESS,1915.83
8480,9766968092,199.00,2004,App,2025-12-10 05:22:00,SUCCESS,1206.57
8481,9662330633,202.30,2011,Online,2026-06-14 23:03:00,SUCCESS,2262.73
8482,9462786865,347.31,2001,Online,2025-09-12 16:13:00,SUCCESS,2263.14
8483,9135913801,849.00,2022,Bank Portal,2026-01-26 00:36:00,SUCCESS,2268.24
8484,9370121582,249.00,2014,Bank Portal,2026-04-25 03:34:00,SUCCESS,1005.15
8485,9429642099,799.00,2005,USSD,2025-12-31 20:56:00,SUCCESS,1618.47
8486,9360172235,499.00,2001,App,2025-12-25 22:21:00,SUCCESS,1314.12
8487,9323227777,199.00,2011,Online,2026-05-23 02:13:00,PENDING,2306.73
8488,9224390869,669.21,2017,App,2026-02-13 03:45:00,PENDING,3610.08
8489,9447509773,363.58,2018,Retailer,2025-11-09 19:33:00,SUCCESS,504.52
8490,9975245843,949.00,2013,App,2025-09-21 19:00:00,SUCCESS,1884.71
8491,9444059476,899.00,2018,App,2026-05-21 04:21:00,SUCCESS,1449.21
8492,9612926908,299.00,2020,App,2025-12-06 22:02:00,SUCCESS,401.26
8493,9194060115,149.00,2003,Bank Portal,2026-03-06 11:58:00,REFUNDED,522.83
8494,9614256076,26.81,2025,,2026-01-13 18:34:00,SUCCESS,1125.34
8495,9711650918,199.00,2004,Retailer,2025-11-22 23:17:00,SUCCESS,1416.06
8496,9196472126,199.00,2011,App,2025-12-09 03:23:00,SUCCESS,1217.78
8497,9979932880,149.00,2002,USSD,2026-03-07 19:57:00,SUCCESS,315.77
8498,9027649972,249.00,2014,Online,2026-07-31 08:43:00,SUCCESS,1702.03
8499,9148313134,249.00,2014,Bank Portal,2025-12-20 15:36:00,SUCCESS,1057.24
8500,9807008463,2999.00,2025,Online,2026-04-19 18:47:00,SUCCESS,3149.07
8501,9719632210,199.00,2011,App,2026-04-20 17:07:00,SUCCESS,389.99
8502,9614746957,149.00,2003,Retailer,2026-03-07 10:10:00,SUCCESS,1031.25
8503,9214415256,2999.00,2025,USSD,2025-09-04 09:59:00,SUCCESS,3772.97
8504,9112906826,799.00,2005,,2025-10-24 05:18:00,SUCCESS,866.96
8505,9993713915,949.00,2013,App,2025-11-06 16:29:00,SUCCESS,1698.39
8506,9021322936,699.00,2021,Online,2025-12-28 20:11:00,SUCCESS,1188.11
8507,9851820385,179.00,2008,Online,2025-11-05 17:54:00,SUCCESS,459.72
8508,9565082034,86.23,2001,Online,2026-01-13 00:11:00,PENDING,117.55
8509,9441733255,849.00,2022,App,2026-06-10 03:27:00,SUCCESS,1842.69
8510,9035227954,499.00,2001,Bank Portal,2026-05-11 02:52:00,SUCCESS,500.05
8511,9369337271,748.36,2012,Bank Portal,2025-10-05 19:13:00,SUCCESS,2581.09
8512,9720042887,479.00,2024,Bank Portal,2026-03-29 00:51:00,SUCCESS,1412.16
8513,9775907278,149.00,2002,Bank Portal,2026-07-08 19:08:00,SUCCESS,1146.11
8514,9101414184,399.00,2007,Retailer,2025-12-30 06:41:00,FAILED,1709.01
8515,9094134366,393.67,2013,Online,2025-09-09 20:58:00,SUCCESS,2401.94
8516,9906871524,99.00,2023,Online,2026-07-16 00:05:00,SUCCESS,145.98
8517,9424025458,849.00,2022,Bank Portal,2026-08-07 02:15:00,FAILED,838.60
8518,9357705612,199.00,2004,Bank Portal,2026-06-22 05:05:00,SUCCESS,1699.13
8519,9085477032,2999.00,2025,Online,2026-02-14 00:30:00,SUCCESS,7535.15
8520,9326104172,249.00,2014,App,2025-11-08 14:42:00,SUCCESS,1878.02
8521,9046106102,199.00,2004,Retailer,2025-12-21 18:05:00,SUCCESS,2694.06
8522,9479646706,899.00,2018,Online,2025-10-02 15:56:00,FAILED,840.58
8523,9573406557,2999.00,2025,Retailer,2025-11-20 08:31:00,SUCCESS,3971.38
8524,9109226005,205.04,2022,Online,2026-07-16 09:12:00,SUCCESS,2316.15
8525,9230294719,399.00,2007,Retailer,2026-04-27 22:18:00,SUCCESS,2723.34
8526,9140736554,598.23,2010,,2025-11-04 02:03:00,SUCCESS,1680.31
8527,9647663949,499.00,2001,USSD,2026-01-19 21:15:00,SUCCESS,1254.90
8528,9477724014,249.00,2014,USSD,2025-12-19 21:45:00,SUCCESS,1339.09
8529,9719827192,149.00,2003,Retailer,2026-07-28 01:47:00,SUCCESS,1726.54
8530,9086302430,899.00,2016,App,2026-01-01 06:10:00,SUCCESS,2092.87
8531,9425709568,2999.00,2025,USSD,2026-02-17 07:41:00,SUCCESS,3016.17
8532,9956588099,299.00,2020,Online,2026-07-29 01:40:00,SUCCESS,2801.91
8533,9401879454,149.00,2003,USSD,2026-06-07 12:58:00,SUCCESS,185.96
8534,9751471448,93.58,2015,USSD,2026-06-19 13:30:00,SUCCESS,415.71
8535,9313231210,249.00,2014,Retailer,2025-12-15 04:27:00,SUCCESS,2361.50
8536,9919835101,479.00,2024,USSD,2026-06-12 18:13:00,PENDING,696.41
8537,9480972091,399.00,2006,,2026-02-05 23:02:00,SUCCESS,526.43
8538,9460440138,299.00,2020,App,2025-11-30 04:41:00,SUCCESS,2913.75
8539,9774389219,899.00,2016,Bank Portal,2026-01-31 13:52:00,SUCCESS,2126.45
8540,9228254626,416.07,2015,App,2026-02-09 04:18:00,SUCCESS,1961.48
8541,9341956658,899.00,2016,USSD,2025-09-14 14:48:00,REFUNDED,790.46
8542,9873910138,799.00,2005,Online,2025-11-20 01:33:00,SUCCESS,4433.10
8543,9637449685,199.00,2011,App,2026-06-15 02:46:00,SUCCESS,2518.09
8544,9445606160,479.00,2024,USSD,2026-06-27 11:24:00,SUCCESS,1595.25
8545,9922134619,649.00,2019,Online,2026-03-02 12:26:00,SUCCESS,1144.58
8546,9547891427,299.00,2020,Online,2025-09-06 12:35:00,SUCCESS,1693.31
8547,9344013321,849.00,2015,App,2025-12-11 16:30:00,SUCCESS,1130.47
8548,9438139809,249.00,2014,Bank Portal,2026-02-21 04:53:00,SUCCESS,2444.31
8549,9395364898,499.00,2001,Bank Portal,2025-12-19 12:10:00,FAILED,5498.33
8550,9855642368,2999.00,2025,USSD,2026-06-26 12:11:00,SUCCESS,5495.65
8551,9711650918,239.00,2017,Retailer,2025-11-27 07:32:00,SUCCESS,1655.06
8552,9904803676,125.87,2005,USSD,2026-03-29 06:42:00,SUCCESS,1148.57
8553,9865185140,432.56,2013,Retailer,2025-09-03 11:23:00,SUCCESS,4163.58
8554,9594378200,699.00,2021,USSD,2026-07-11 06:12:00,SUCCESS,2137.50
8555,9356702006,649.00,2019,Retailer,2025-11-08 14:47:00,SUCCESS,1944.81
8556,9116309695,649.00,2019,Retailer,2026-06-17 22:22:00,SUCCESS,885.12
8557,9261384676,179.00,2012,Online,2026-06-10 13:04:00,SUCCESS,3727.29
8558,9794251413,299.00,2020,Online,2025-10-21 08:13:00,SUCCESS,1111.56
8559,9047616322,179.00,2009,Retailer,2026-07-26 15:16:00,SUCCESS,1791.97
8560,9080143701,199.00,2011,App,2025-10-04 03:25:00,FAILED,1135.02
8561,9498400235,99.00,2023,App,2025-08-15 18:20:00,FAILED,2361.45
8562,9055719603,149.00,2003,,2025-12-27 22:47:00,SUCCESS,2034.17
8563,9426694626,2999.00,2025,USSD,2025-12-13 06:26:00,SUCCESS,3048.48
8564,9880356285,199.00,2011,Retailer,2025-09-23 12:59:00,SUCCESS,2635.24
8565,9072131475,399.00,2006,Online,2026-07-10 16:11:00,FAILED,647.77
8566,9234782907,979.58,2024,USSD,2025-11-02 11:12:00,SUCCESS,2565.80
8567,9979054945,249.00,2014,Bank Portal,2026-05-04 02:58:00,SUCCESS,2789.43
8568,9729501750,544.38,2020,Online,2026-07-02 11:31:00,SUCCESS,4215.39
8569,9436051192,299.00,2020,USSD,2025-10-28 10:56:00,SUCCESS,5209.82
8570,9308834099,499.00,2001,Retailer,2026-04-12 00:09:00,SUCCESS,2823.72
8571,9330340315,499.00,2001,USSD,2026-07-24 23:03:00,SUCCESS,2200.00
8572,9883987912,149.00,2003,Online,2026-08-03 03:04:00,SUCCESS,1089.47
8573,9356264430,2999.00,2025,Bank Portal,2026-05-24 17:29:00,SUCCESS,3993.65
8574,9064836134,899.00,2016,Online,2025-10-02 21:19:00,SUCCESS,1281.98
8575,9363061274,949.00,2010,App,2025-09-09 23:41:00,SUCCESS,1367.54
8576,9716091254,399.00,2006,Retailer,2026-02-27 06:15:00,SUCCESS,1541.09
8577,9322342923,977.93,2002,Online,2025-09-30 19:30:00,SUCCESS,1133.07
8578,9407460756,849.00,2022,Bank Portal,2026-02-21 02:04:00,FAILED,1336.18
8579,9282199008,399.00,2007,Online,2026-02-27 18:28:00,SUCCESS,682.09
8580,9065164218,593.74,2003,Retailer,2026-06-11 15:38:00,SUCCESS,2886.13
8581,9114759813,849.00,2022,Bank Portal,2025-11-07 23:15:00,SUCCESS,1306.49
8582,9034026055,849.00,2022,Online,2026-04-19 22:46:00,SUCCESS,2885.82
8583,9170017491,849.00,2022,Retailer,2026-01-25 12:42:00,SUCCESS,2530.58
8584,9232719194,199.00,2011,Online,2026-04-02 02:45:00,SUCCESS,4913.32
8585,9369324639,703.02,2019,Online,2025-11-25 09:45:00,SUCCESS,965.97
8586,9637449685,99.00,2023,USSD,2025-09-29 06:20:00,SUCCESS,2617.09
8587,9585845616,149.00,2003,App,2026-02-19 10:42:00,SUCCESS,1186.30
8588,9181233002,199.00,2011,Bank Portal,2026-04-15 09:35:00,SUCCESS,2866.25
8589,9175500265,399.00,2006,Online,2026-05-21 21:44:00,PENDING,147.04
8590,9698427622,179.00,2009,App,2026-01-04 20:57:00,SUCCESS,782.47
8591,9282029766,179.00,2008,Retailer,2025-12-02 20:49:00,SUCCESS,1263.16
8592,9641590162,528.49,2017,USSD,2025-08-12 04:34:00,SUCCESS,3707.67
8593,9029980269,2999.00,2025,App,2026-02-22 19:40:00,SUCCESS,3156.42
8594,9453732105,899.00,2018,Bank Portal,2026-01-12 06:54:00,SUCCESS,1234.99
8595,9287426641,599.46,2019,App,2026-07-05 09:35:00,SUCCESS,900.21
8596,9445606160,699.00,2021,USSD,2026-05-09 08:07:00,SUCCESS,2294.25
8597,9587968564,799.00,2005,App,2026-05-17 22:52:00,SUCCESS,3356.85
8598,9113915658,949.00,2013,Bank Portal,2025-11-22 00:20:00,SUCCESS,1246.72
8599,9303404257,899.00,2018,Online,2026-05-27 22:41:00,SUCCESS,2418.98
8600,9880895118,179.00,2012,Bank Portal,2025-09-12 09:57:00,FAILED,991.49
8601,9697512853,716.36,2015,USSD,2025-09-14 04:33:00,SUCCESS,1270.26
8602,9151458672,2999.00,2025,Bank Portal,2025-08-16 15:37:00,SUCCESS,4148.19
8603,9263929473,99.00,2023,Online,2025-10-27 01:09:00,SUCCESS,4621.09
8604,9960035265,899.00,2018,App,2025-12-05 08:17:00,SUCCESS,2162.86
8605,9124236477,199.00,2004,App,2025-10-01 16:54:00,SUCCESS,1486.11
8606,9272183248,333.14,2020,USSD,2025-10-15 21:44:00,SUCCESS,352.34
8607,9968180957,134.58,2024,Online,2025-09-20 09:10:00,SUCCESS,2355.48
8608,9361631556,399.00,2007,Online,2026-01-28 00:02:00,SUCCESS,2314.79
8609,9077070593,179.00,2008,Online,2025-08-30 10:27:00,SUCCESS,919.69
8610,9430336986,899.00,2016,Bank Portal,2026-04-25 23:00:00,SUCCESS,2610.32
8611,9053076264,151.44,2012,Bank Portal,2026-07-08 23:59:00,SUCCESS,4121.43
8612,9425099296,699.00,2021,App,2026-05-04 15:25:00,SUCCESS,1702.46
8613,9962850362,849.00,2015,USSD,2026-03-08 03:41:00,SUCCESS,2063.35
8614,9207299322,399.00,2007,Retailer,2026-01-19 00:47:00,SUCCESS,2613.91
8615,9223587723,799.00,2005,Retailer,2026-04-27 10:18:00,SUCCESS,1408.46
8616,9560787873,949.00,2013,Bank Portal,2025-11-16 00:23:00,SUCCESS,1359.55
8617,9397256500,949.00,2013,Online,2026-01-19 12:52:00,SUCCESS,1240.46
8618,9863557208,949.00,2013,Retailer,2026-07-19 04:23:00,FAILED,2011.17
8619,9256415707,949.00,2010,Retailer,2026-07-15 20:22:00,SUCCESS,1224.00
8620,9147751178,249.00,2014,Retailer,2026-02-17 23:32:00,PENDING,390.10
8621,9702555628,899.00,2018,USSD,2026-01-04 07:45:00,SUCCESS,1793.35
8622,9597006707,849.00,2015,USSD,2026-02-09 07:46:00,SUCCESS,1691.96
8623,9346344849,949.00,2010,USSD,2025-11-01 08:31:00,REFUNDED,4128.31
8624,9661086847,292.86,2014,USSD,2026-06-02 20:47:00,SUCCESS,677.74
8625,9107697011,352.85,2020,Bank Portal,2025-12-15 01:59:00,SUCCESS,1075.32
8626,9208884637,239.00,2017,Retailer,2026-05-25 00:08:00,SUCCESS,1862.69
8627,9232971847,399.00,2006,Retailer,2026-03-15 11:09:00,SUCCESS,1783.79
8628,9275111806,499.00,2001,Bank Portal,2026-05-29 05:35:00,SUCCESS,1477.00
8629,9898114190,314.13,2013,Online,2026-07-30 16:55:00,SUCCESS,842.13
8630,9925020665,179.00,2008,App,2026-05-18 04:24:00,SUCCESS,656.51
8631,9483401426,479.00,2024,Online,2025-09-03 22:45:00,SUCCESS,3623.33
8632,9516681609,225.38,2011,USSD,2025-10-04 12:12:00,SUCCESS,908.21
8633,9385301645,2999.00,2025,Online,2026-07-13 03:07:00,SUCCESS,3176.52
8634,9581082032,699.00,2021,Bank Portal,2026-02-23 21:23:00,FAILED,1233.56
8635,9224872223,249.00,2014,Retailer,2025-09-06 22:51:00,SUCCESS,1679.38
8636,9081824058,199.00,2011,App,2026-06-17 07:42:00,SUCCESS,1277.98
8637,9686984591,899.00,2016,App,2026-01-07 12:55:00,SUCCESS,3221.73
8638,9960035265,199.00,2011,App,2026-04-09 08:44:00,SUCCESS,2361.86
8639,9340595040,949.00,2013,USSD,2026-03-23 05:36:00,SUCCESS,4238.91
8640,9013658026,2999.00,2025,USSD,2026-07-09 18:58:00,SUCCESS,3277.48
8641,9003541961,479.00,2024,Retailer,2025-09-27 07:12:00,SUCCESS,1481.07
8642,9152447228,179.00,2009,Bank Portal,2025-12-02 05:16:00,PENDING,1206.13
8643,9091949746,99.00,2023,,2025-11-19 12:30:00,SUCCESS,597.53
8644,9187316063,249.00,2014,Online,2026-03-21 02:35:00,PENDING,1570.95
8645,9879224942,479.00,2024,USSD,2026-06-29 17:18:00,SUCCESS,639.04
8646,9492976650,440.07,2016,Bank Portal,2025-08-24 14:54:00,FAILED,1821.57
8647,9320578433,179.00,2008,USSD,2025-11-17 03:11:00,SUCCESS,1682.52
8648,9993465409,699.00,2021,Bank Portal,2026-04-05 05:01:00,SUCCESS,1909.44
8649,9438303400,949.00,2013,Online,2026-07-13 18:12:00,SUCCESS,2683.62
8650,9594538015,849.00,2015,App,2026-07-27 17:17:00,SUCCESS,1579.91
8651,9661980849,353.29,2011,Retailer,2026-06-23 16:08:00,SUCCESS,2287.63
8652,9361920692,799.00,2005,Bank Portal,2025-11-30 17:12:00,SUCCESS,2114.07
8653,9901203840,486.61,2014,App,2025-11-05 06:46:00,SUCCESS,1369.97
8654,9334080446,249.00,2014,Bank Portal,2026-07-15 21:20:00,SUCCESS,306.77
8655,9960035265,149.00,2003,Retailer,2025-11-18 02:44:00,SUCCESS,2510.86
8656,9756212365,849.00,2022,USSD,2025-12-19 08:16:00,SUCCESS,1107.23
8657,9867842317,149.00,2002,App,2026-06-24 07:25:00,SUCCESS,4638.10
8658,9396197560,2999.00,2025,App,2026-05-24 08:30:00,SUCCESS,3439.85
8659,9377966414,949.00,2010,Bank Portal,2026-04-23 01:05:00,SUCCESS,2975.85
8660,9220516113,949.00,2010,Online,2025-11-12 23:34:00,SUCCESS,1870.37
8661,9092179830,127.37,2013,USSD,2026-01-03 11:01:00,SUCCESS,504.63
8662,9703879517,399.00,2006,USSD,2026-06-30 02:11:00,REFUNDED,399.83
8663,9579938094,249.00,2014,USSD,2026-04-24 12:55:00,SUCCESS,2622.47
8664,9994423776,949.00,2010,App,2026-03-30 10:19:00,SUCCESS,3268.04
8665,9861951594,927.98,2019,App,2026-06-29 14:03:00,FAILED,350.98
8666,9614023148,479.00,2024,Bank Portal,2026-06-10 18:12:00,SUCCESS,834.23
8667,9283416454,399.00,2006,Bank Portal,2025-08-27 09:39:00,SUCCESS,800.40
8668,9705315132,249.00,2014,App,2026-06-04 11:10:00,SUCCESS,2020.48
8669,9812576347,262.95,2009,USSD,2026-03-26 22:18:00,SUCCESS,667.52
8670,9907924082,399.00,2006,Retailer,2025-10-03 04:19:00,SUCCESS,4022.69
8671,9426622487,399.00,2007,App,2026-06-12 19:50:00,SUCCESS,3741.11
8672,9558642272,199.00,2004,Bank Portal,2026-07-22 21:14:00,SUCCESS,1069.29
8673,9568689382,149.00,2002,Bank Portal,2025-12-28 20:58:00,SUCCESS,2227.54
8674,9622717344,2999.00,2025,,2026-07-11 14:09:00,SUCCESS,3952.69
8675,9873910138,179.00,2008,USSD,2026-03-12 12:23:00,SUCCESS,4612.10
8676,9912600675,299.00,2020,App,2026-07-10 06:06:00,FAILED,1245.64
8677,9908680706,816.84,2012,Bank Portal,2025-08-31 19:42:00,SUCCESS,1448.21
8678,9850489326,899.00,2016,App,2025-11-24 10:48:00,SUCCESS,2100.98
8679,9470263545,181.83,2006,,2025-10-09 02:10:00,SUCCESS,223.43
8680,9430007249,695.88,2020,App,2025-10-20 09:06:00,SUCCESS,3138.28
8681,9492238773,99.00,2023,App,2026-03-15 13:06:00,SUCCESS,269.93
8682,9334442903,810.04,2016,Retailer,2025-11-10 20:06:00,SUCCESS,1756.22
8683,9773593633,2999.00,2025,Online,2025-09-27 03:23:00,PENDING,258.21
8684,9040106848,849.00,2015,Online,2026-05-27 19:28:00,SUCCESS,3409.32
8685,9887512422,899.00,2018,Retailer,2025-12-10 13:25:00,SUCCESS,1368.07
8686,9772453568,99.00,2023,App,2025-12-03 13:02:00,SUCCESS,1200.34
8687,9156010918,149.00,2002,Retailer,2025-11-19 18:05:00,SUCCESS,156.20
8688,9679413933,199.00,2004,Bank Portal,2026-01-16 18:16:00,SUCCESS,1667.11
8689,9020582350,149.00,2003,Online,2026-03-03 23:07:00,SUCCESS,948.05
8690,9688445641,299.00,2020,Bank Portal,2026-06-21 14:31:00,SUCCESS,2624.34
8691,9228698920,479.00,2024,App,2025-09-23 21:17:00,SUCCESS,5080.71
8692,9887348561,479.00,2024,Retailer,2026-04-17 11:01:00,SUCCESS,1281.59
8693,9689247721,179.00,2009,,2026-01-18 09:07:00,SUCCESS,2257.82
8694,9355413214,899.00,2016,Online,2025-09-08 15:49:00,SUCCESS,1294.26
8695,9671388649,520.79,2019,Bank Portal,2025-12-13 19:01:00,SUCCESS,1151.50
8696,9937930639,728.05,2015,USSD,2025-09-04 03:01:00,SUCCESS,5143.49
8697,9778721551,179.00,2008,,2026-07-01 00:15:00,SUCCESS,2389.61
8698,9299451409,479.00,2024,Retailer,2025-09-03 10:40:00,PENDING,823.76
8699,9300033618,849.00,2015,Retailer,2026-06-01 00:40:00,SUCCESS,939.20
8700,9697692022,949.00,2010,Bank Portal,2026-06-25 01:58:00,SUCCESS,1455.60
8701,9696216448,899.00,2018,Online,2026-02-05 19:30:00,FAILED,261.84
8702,9908925990,799.00,2005,Retailer,2025-08-10 11:41:00,SUCCESS,4035.24
8703,9151845996,179.00,2008,Online,2025-09-06 17:39:00,REFUNDED,114.07
8704,9963281918,884.75,2023,USSD,2026-01-07 11:04:00,SUCCESS,1172.90
8705,9737347016,772.60,2005,Online,2026-06-10 08:57:00,PENDING,3235.88
8706,9403851673,701.21,2011,App,2025-09-07 20:54:00,SUCCESS,1845.17
8707,9102989885,249.00,2014,Retailer,2026-02-03 01:31:00,SUCCESS,1732.66
8708,9290604874,699.00,2021,Retailer,2025-10-11 19:26:00,PENDING,466.19
8709,9329531166,399.00,2007,App,2025-10-13 09:21:00,SUCCESS,421.40
8710,9523505372,399.00,2007,Retailer,2026-02-11 02:32:00,SUCCESS,1378.16
8711,9336564058,149.00,2003,App,2026-06-05 07:14:00,SUCCESS,1103.55
8712,9170035120,849.00,2022,App,2025-09-15 06:48:00,SUCCESS,1016.39
8713,9149498212,699.00,2021,USSD,2026-02-16 05:37:00,FAILED,1857.31
8714,9796716218,827.64,2021,Online,2026-03-09 15:59:00,FAILED,1640.01
8715,9464716697,799.00,2005,Bank Portal,2026-05-06 16:25:00,SUCCESS,2908.64
8716,9832630587,849.00,2022,Bank Portal,2026-05-15 16:37:00,SUCCESS,2127.24
8717,9794609564,286.48,2001,USSD,2026-07-25 04:58:00,FAILED,77.01
8718,9027649972,299.00,2020,Retailer,2025-08-21 19:45:00,FAILED,1702.03
8719,9740236194,552.02,2002,App,2026-06-18 10:39:00,SUCCESS,1321.29
8720,9827686467,657.17,2022,USSD,2026-03-19 13:58:00,SUCCESS,3674.46
8721,9248297607,149.00,2002,Online,2026-04-06 16:43:00,SUCCESS,2123.73
8722,9328879965,239.00,2017,,2025-12-16 17:24:00,SUCCESS,2253.79
8723,9430007249,799.00,2005,Online,2026-02-10 00:27:00,SUCCESS,3937.28
8724,9485475786,799.00,2005,Online,2026-01-14 18:24:00,SUCCESS,2124.60
8725,9804816533,179.00,2009,App,2026-03-31 21:54:00,SUCCESS,306.51
8726,9136712602,99.00,2023,Retailer,2026-03-27 07:55:00,SUCCESS,1401.87
8727,9224872223,249.00,2014,Online,2026-04-20 23:16:00,SUCCESS,1928.38
8728,9839182337,199.00,2011,Online,2026-03-03 05:46:00,SUCCESS,219.25
8729,9706092544,199.00,2004,Bank Portal,2026-03-16 16:08:00,SUCCESS,2163.57
8730,9654775411,479.00,2024,,2026-07-13 19:25:00,SUCCESS,3669.06
8731,9295612850,799.00,2005,Bank Portal,2026-05-19 15:17:00,SUCCESS,966.47
8732,9222670368,149.18,2018,App,2025-12-20 04:18:00,SUCCESS,1550.92
8733,9686067800,149.00,2003,Online,2026-08-01 02:14:00,SUCCESS,277.72
8734,9085477032,239.00,2017,Retailer,2025-09-10 23:32:00,SUCCESS,7774.15
8735,9217844289,149.00,2003,USSD,2025-08-12 20:55:00,SUCCESS,1890.04
8736,9112168601,179.00,2012,App,2026-04-23 16:00:00,SUCCESS,601.10
8737,9726841518,113.87,2003,USSD,2025-10-24 20:42:00,SUCCESS,1672.84
8738,9913675449,828.81,2017,USSD,2026-04-16 14:42:00,SUCCESS,1154.70
8739,9343908179,301.00,2006,Bank Portal,2026-01-03 01:37:00,SUCCESS,1708.99
8740,9540043209,399.00,2007,Retailer,2025-10-06 13:28:00,SUCCESS,3082.30
8741,9747835404,899.00,2018,App,2026-05-01 07:59:00,SUCCESS,1839.78
8742,9400994219,642.58,2017,Retailer,2026-05-01 13:24:00,SUCCESS,2468.76
8743,9141509800,112.82,2009,App,2026-05-02 19:02:00,FAILED,2337.05
8744,9214415256,649.00,2019,App,2026-05-28 01:27:00,SUCCESS,4421.97
8745,9455718762,949.00,2010,Bank Portal,2025-08-27 00:29:00,SUCCESS,1216.53
8746,9614023148,28.01,2007,Bank Portal,2026-07-17 10:29:00,SUCCESS,862.24
8747,9557620186,179.00,2008,USSD,2026-02-15 17:02:00,SUCCESS,467.48
8748,9591608837,479.00,2024,App,2026-06-10 04:11:00,SUCCESS,2543.26
8749,9442627938,894.95,2018,Retailer,2025-12-05 08:40:00,SUCCESS,1873.67
8750,9339314182,179.00,2012,Bank Portal,2025-08-24 08:44:00,SUCCESS,441.59
8751,9107697011,849.00,2015,Bank Portal,2026-06-18 07:29:00,SUCCESS,1924.32
8752,9884280551,499.00,2001,USSD,2025-12-18 05:30:00,SUCCESS,2007.58
8753,9946791534,299.77,2003,App,2026-07-09 15:56:00,SUCCESS,3458.22
8754,9879387272,480.09,2023,USSD,2026-01-17 22:44:00,FAILED,118.56
8755,9766968092,199.00,2011,App,2026-07-30 18:50:00,FAILED,1206.57
8756,9272200392,133.23,2021,App,2026-05-18 09:26:00,SUCCESS,1042.99
8757,9960035265,2999.00,2025,,2026-07-11 08:35:00,SUCCESS,5509.86
8758,9808360600,479.00,2024,USSD,2025-08-23 11:58:00,SUCCESS,3231.25
8759,9447568567,821.96,2011,Online,2025-11-27 16:55:00,SUCCESS,2823.93
8760,9661086847,399.00,2007,Bank Portal,2026-05-24 23:21:00,SUCCESS,1076.74
8761,9260090340,799.00,2005,Retailer,2026-07-07 09:03:00,SUCCESS,1545.75
8762,9422871170,777.78,2005,Bank Portal,2026-04-13 10:42:00,SUCCESS,812.49
8763,9316641127,849.00,2015,Online,2025-12-14 02:28:00,SUCCESS,2195.37
8764,9069298951,859.82,2025,Retailer,2025-12-22 22:12:00,SUCCESS,1628.57
8765,9865185140,516.64,2018,Retailer,2026-04-23 18:41:00,SUCCESS,4680.22
8766,9791384703,2999.00,2025,App,2025-12-09 10:39:00,SUCCESS,3641.58
8767,9962269025,99.00,2023,Online,2025-12-30 16:54:00,SUCCESS,1128.88
8768,9005893517,509.08,2010,Bank Portal,2025-11-08 00:52:00,SUCCESS,880.17
8769,9691364042,949.00,2013,App,2026-04-06 07:23:00,SUCCESS,1665.27
8770,9356264430,849.00,2015,Retailer,2025-09-09 05:37:00,SUCCESS,4842.65
8771,9113915658,949.00,2013,App,2025-09-22 05:20:00,SUCCESS,2195.72
8772,9124152834,499.00,2001,Online,2025-11-08 06:39:00,FAILED,1197.61
8773,9323301841,2999.00,2025,Retailer,2025-10-01 03:43:00,SUCCESS,4255.81
8774,9144036581,111.02,2002,Retailer,2026-02-21 23:04:00,SUCCESS,5895.50
8775,9194284817,827.51,2005,Online,2025-11-30 22:55:00,FAILED,1460.59
8776,9740804790,899.00,2018,Online,2026-02-01 08:36:00,SUCCESS,3388.80
8777,9901281723,699.00,2021,,2026-02-21 01:10:00,SUCCESS,1734.66
8778,9408689121,313.83,2009,USSD,2026-06-27 17:41:00,SUCCESS,1294.47
8779,9184651840,479.00,2024,USSD,2025-11-24 05:37:00,SUCCESS,2764.40
8780,9140252787,99.00,2023,App,2026-03-30 19:14:00,SUCCESS,1111.38
8781,9321333856,877.62,2024,Online,2026-02-07 20:41:00,SUCCESS,1169.72
8782,9330340315,234.18,2015,USSD,2025-11-15 13:14:00,SUCCESS,2434.18
8783,9377966414,849.00,2015,App,2025-12-26 18:13:00,SUCCESS,3824.85
8784,9875136909,418.11,2001,Bank Portal,2026-07-13 05:28:00,SUCCESS,1291.97
8785,9196487626,249.00,2014,Retailer,2026-03-06 16:13:00,PENDING,114.39
8786,9983356172,479.00,2024,Retailer,2025-09-26 15:48:00,SUCCESS,1253.67
8787,9880154142,899.00,2018,Bank Portal,2026-07-15 21:52:00,SUCCESS,2358.82
8788,9741440412,399.00,2006,App,2025-09-09 05:26:00,SUCCESS,4461.76
8789,9086302430,949.00,2013,Online,2026-04-03 23:14:00,REFUNDED,2092.87
8790,9005122765,99.00,2023,Online,2025-12-13 02:56:00,SUCCESS,750.72
8791,9791384703,849.00,2015,Bank Portal,2026-04-24 21:51:00,SUCCESS,4490.58
8792,9320419026,949.00,2013,Bank Portal,2026-05-31 08:38:00,SUCCESS,1196.09
8793,9388743975,479.00,2024,Online,2026-04-06 17:17:00,SUCCESS,835.96
8794,9703470235,399.00,2007,Online,2026-05-06 03:30:00,SUCCESS,864.98
8795,9439819280,179.00,2008,Retailer,2025-12-14 06:29:00,SUCCESS,901.69
8796,9933096383,949.00,2013,App,2026-07-08 04:49:00,SUCCESS,992.25
8797,9678405221,399.00,2007,Retailer,2025-11-03 13:23:00,SUCCESS,774.34
8798,9230345583,99.00,2023,App,2026-03-09 12:37:00,SUCCESS,1291.17
8799,9623304410,199.00,2011,USSD,2026-04-26 22:06:00,SUCCESS,561.21
8800,9436276620,636.05,2023,App,2026-05-04 10:09:00,SUCCESS,1822.54
8801,9555413097,2999.00,2025,Online,2026-08-03 15:31:00,SUCCESS,3874.33
8802,9678936110,899.00,2018,USSD,2025-12-06 09:11:00,SUCCESS,1909.57
8803,9602551473,99.00,2023,USSD,2026-05-13 21:44:00,SUCCESS,5053.86
8804,9338926063,261.59,2020,USSD,2025-08-24 15:36:00,SUCCESS,442.72
8805,9710275623,428.11,2008,Online,2026-07-08 15:21:00,FAILED,1189.43
8806,9017069079,239.00,2017,,2025-08-31 20:22:00,SUCCESS,893.70
8807,9261465249,179.00,2009,Online,2025-12-09 06:48:00,SUCCESS,668.34
8808,9465114291,99.00,2023,Bank Portal,2025-10-22 03:51:00,SUCCESS,584.63
8809,9054061669,699.00,2021,Retailer,2025-11-15 05:13:00,SUCCESS,1278.35
8810,9141692778,849.00,2022,App,2026-06-27 03:08:00,SUCCESS,2964.75
8811,9399892965,199.00,2004,Bank Portal,2025-11-28 14:18:00,SUCCESS,1500.05
8812,9811278299,949.00,2010,App,2026-01-13 07:11:00,SUCCESS,4354.03
8813,9424025458,179.00,2008,Bank Portal,2026-06-18 00:03:00,SUCCESS,1017.60
8814,9919366689,699.00,2021,App,2025-09-28 13:59:00,PENDING,174.06
8815,9203084819,849.00,2022,Bank Portal,2025-12-03 18:25:00,SUCCESS,2056.09
8816,9521719609,438.26,2001,Online,2026-03-04 01:18:00,FAILED,1342.44
8817,9233872183,179.00,2009,,2025-09-01 18:07:00,SUCCESS,850.37
8818,9537265562,199.00,2004,Retailer,2026-05-21 17:14:00,SUCCESS,1984.59
8819,9226938698,149.00,2003,USSD,2026-07-03 19:52:00,SUCCESS,153.75
8820,9887348561,199.00,2004,Retailer,2026-02-01 11:51:00,SUCCESS,1480.59
8821,9041260689,367.98,2019,USSD,2025-09-22 02:45:00,SUCCESS,5146.10
8822,9470202262,249.00,2014,Retailer,2025-12-07 14:53:00,SUCCESS,1789.72
8823,9309761084,2999.00,2025,USSD,2026-01-25 12:32:00,FAILED,1652.57
8824,9405300991,849.00,2022,App,2025-12-21 12:48:00,SUCCESS,1940.23
8825,9505893617,149.00,2003,USSD,2026-04-04 04:49:00,SUCCESS,205.13
8826,9130108797,329.98,2014,Online,2025-10-29 14:51:00,SUCCESS,669.37
8827,9258124177,585.08,2001,Online,2026-07-26 11:12:00,SUCCESS,1916.38
8828,9422588457,299.00,2020,USSD,2026-05-30 10:38:00,SUCCESS,1800.46
8829,9420375435,899.00,2018,Bank Portal,2026-07-10 21:08:00,FAILED,173.82
8830,9228698920,199.00,2004,USSD,2026-07-12 11:44:00,SUCCESS,5279.71
8831,9096433764,949.00,2010,Bank Portal,2025-09-17 20:11:00,SUCCESS,2720.95
8832,9200773905,321.90,2024,Retailer,2026-02-22 23:31:00,REFUNDED,904.38
8833,9416108450,179.00,2009,USSD,2025-12-24 06:47:00,SUCCESS,2449.33
8834,9906522113,99.00,2023,USSD,2026-08-02 09:05:00,SUCCESS,1279.30
8835,9197343538,399.00,2006,USSD,2026-05-27 20:01:00,SUCCESS,3268.06
8836,9275239680,377.27,2014,App,2026-06-09 09:46:00,SUCCESS,539.17
8837,9732154473,812.66,2005,Bank Portal,2025-11-19 14:06:00,SUCCESS,6436.04
8838,9187316063,949.00,2010,USSD,2026-07-06 16:05:00,SUCCESS,2519.95
8839,9438301819,149.00,2002,Bank Portal,2026-05-03 23:00:00,SUCCESS,276.04
8840,9219509211,799.00,2005,USSD,2026-04-26 21:30:00,SUCCESS,1017.48
8841,9434869251,863.24,2006,USSD,2026-05-24 14:22:00,SUCCESS,1758.94
8842,9112084428,949.00,2013,USSD,2026-05-04 02:36:00,SUCCESS,1128.14
8843,9183764811,849.00,2015,App,2025-12-23 17:58:00,SUCCESS,2759.61
8844,9963281918,899.00,2016,Online,2026-02-16 16:53:00,SUCCESS,2071.90
8845,9697512853,479.00,2024,Retailer,2026-07-15 22:29:00,SUCCESS,1749.26
8846,9852722715,949.00,2010,App,2026-05-25 03:22:00,SUCCESS,2251.89
8847,9116309695,399.00,2006,Retailer,2025-12-07 12:25:00,SUCCESS,1284.12
8848,9053076264,799.00,2005,,2026-01-06 03:43:00,SUCCESS,4920.43
8849,9933096383,849.00,2015,Bank Portal,2025-08-12 17:49:00,SUCCESS,1841.25
8850,9339920239,849.00,2022,Retailer,2026-07-09 04:59:00,PENDING,5574.89
8851,9034026055,799.00,2005,Bank Portal,2025-10-20 13:03:00,SUCCESS,3684.82
8852,9806188014,856.18,2009,USSD,2025-10-08 12:29:00,SUCCESS,5452.98
8853,9233872183,110.77,2009,Bank Portal,2026-08-08 05:58:00,SUCCESS,961.14
8854,9493893665,399.00,2006,App,2025-12-28 11:33:00,SUCCESS,678.05
8855,9928336203,849.00,2015,Retailer,2025-12-20 19:47:00,SUCCESS,964.43
8856,9650566117,882.52,2024,USSD,2026-06-18 21:26:00,SUCCESS,2245.36
8857,9081824058,179.00,2009,Bank Portal,2025-09-09 22:20:00,SUCCESS,1456.98
8858,9718463342,682.52,2013,Bank Portal,2026-06-06 03:41:00,SUCCESS,964.83
8859,9523505372,649.00,2019,Online,2026-08-06 19:27:00,SUCCESS,2027.16
8860,9321284528,149.00,2003,Bank Portal,2025-09-21 21:33:00,SUCCESS,1854.39
8861,9395709451,899.00,2018,,2026-01-16 22:01:00,SUCCESS,1238.69
8862,9716307887,199.00,2011,Bank Portal,2026-07-24 08:36:00,SUCCESS,1199.78
8863,9087797012,299.00,2020,Online,2026-07-08 06:20:00,SUCCESS,2243.17
8864,9297583812,29.31,2007,Online,2025-10-25 12:00:00,SUCCESS,2801.94
8865,9357705612,2999.00,2025,Online,2026-08-08 06:40:00,PENDING,1699.13
8866,9058427539,149.00,2003,Bank Portal,2025-12-01 16:45:00,SUCCESS,409.36
8867,9022351267,249.00,2014,Online,2026-01-04 09:37:00,SUCCESS,2323.74
8868,9357061332,799.00,2005,Bank Portal,2026-02-27 04:02:00,SUCCESS,1561.50
8869,9534037566,149.00,2002,Retailer,2025-09-24 06:21:00,SUCCESS,2133.64
8870,9148065394,149.00,2003,USSD,2025-10-13 05:18:00,SUCCESS,699.40
8871,9908925990,375.73,2017,USSD,2025-08-11 06:11:00,SUCCESS,4410.97
8872,9608818002,934.85,2015,USSD,2026-01-17 10:05:00,SUCCESS,2760.14
8873,9608399385,2999.00,2025,App,2026-06-17 11:16:00,SUCCESS,4296.11
8874,9305396013,849.00,2022,App,2026-02-19 19:09:00,FAILED,267.90
8875,9414448159,107.66,2001,App,2026-01-16 16:50:00,SUCCESS,173.42
8876,9725626819,399.00,2006,Bank Portal,2025-10-11 21:55:00,FAILED,1498.55
8877,9827014901,949.00,2010,Bank Portal,2026-01-11 05:22:00,SUCCESS,2056.52
8878,9811278299,899.00,2018,App,2025-10-24 02:03:00,FAILED,4354.03
8879,9272337351,949.00,2013,App,2026-05-01 05:35:00,SUCCESS,2629.39
8880,9114380351,277.64,2022,App,2026-04-03 17:51:00,SUCCESS,1259.08
8881,9403851673,799.00,2005,Online,2026-03-26 19:21:00,SUCCESS,2644.17
8882,9592373798,703.90,2002,USSD,2025-11-08 06:19:00,FAILED,3602.41
8883,9614483616,685.38,2005,Bank Portal,2026-04-30 23:18:00,SUCCESS,2158.50
8884,9206091247,179.00,2008,App,2026-03-26 09:18:00,SUCCESS,1707.97
8885,9124152834,949.00,2010,USSD,2026-07-21 11:24:00,PENDING,1197.61
8886,9373597801,899.00,2016,,2026-04-07 07:40:00,FAILED,117.24
8887,9331976937,455.83,2013,Retailer,2025-09-10 23:48:00,SUCCESS,977.95
8888,9098535177,949.00,2013,USSD,2026-02-04 16:55:00,SUCCESS,1415.29
8889,9256463561,161.55,2006,USSD,2026-03-22 06:41:00,SUCCESS,1041.28
8890,9823363987,179.00,2008,USSD,2026-02-14 15:14:00,SUCCESS,530.04
8891,9594378200,649.00,2019,Retailer,2025-09-18 21:36:00,FAILED,2137.50
8892,9140252787,179.00,2012,App,2025-12-04 07:45:00,SUCCESS,1290.38
8893,9426362705,199.00,2011,USSD,2026-05-30 05:24:00,SUCCESS,1551.22
8894,9604096783,179.00,2009,Retailer,2025-09-22 02:29:00,SUCCESS,290.37
8895,9729811621,799.00,2005,Bank Portal,2026-05-30 16:56:00,SUCCESS,2609.48
8896,9035227954,239.00,2017,App,2026-07-28 08:04:00,SUCCESS,739.05
8897,9920321512,239.00,2017,USSD,2026-04-29 04:29:00,SUCCESS,247.03
8898,9610048563,399.00,2006,Retailer,2025-08-22 08:44:00,SUCCESS,2539.85
8899,9114217757,199.00,2011,Online,2026-07-25 23:27:00,SUCCESS,635.77
8900,9954195582,199.00,2011,App,2026-02-24 01:13:00,SUCCESS,3068.59
8901,9547014460,99.00,2023,Online,2025-10-13 12:14:00,SUCCESS,959.30
8902,9727819951,2999.00,2025,Retailer,2026-07-06 09:32:00,SUCCESS,3020.21
8903,9458302299,969.61,2018,Retailer,2026-03-25 04:44:00,SUCCESS,1530.83
8904,9307506639,949.00,2013,Online,2026-06-17 00:56:00,SUCCESS,2651.38
8905,9301619244,659.26,2009,Bank Portal,2026-02-03 14:37:00,SUCCESS,1265.95
8906,9494048290,711.44,2013,,2026-06-01 06:03:00,SUCCESS,1300.43
8907,9914684804,533.68,2004,Retailer,2026-08-08 08:35:00,SUCCESS,888.67
8908,9013422314,299.00,2020,Online,2026-06-13 18:00:00,FAILED,604.22
8909,9590844859,199.00,2004,Bank Portal,2026-03-12 16:33:00,SUCCESS,366.53
8910,9797431875,240.36,2012,USSD,2025-09-23 07:15:00,SUCCESS,693.28
8911,9263974247,149.00,2003,Online,2025-08-14 09:05:00,SUCCESS,3946.57
8912,9977841631,899.00,2018,Retailer,2026-03-21 16:09:00,SUCCESS,2413.62
8913,9287426641,199.00,2004,Retailer,2025-09-21 01:48:00,SUCCESS,1099.21
8914,9812450030,99.00,2023,App,2026-05-30 12:59:00,SUCCESS,641.91
8915,9840608577,479.00,2024,Bank Portal,2025-09-01 01:30:00,SUCCESS,2458.02
8916,9704440552,649.00,2019,Online,2026-06-14 12:11:00,SUCCESS,1105.56
8917,9957020920,199.00,2004,USSD,2025-10-07 03:13:00,SUCCESS,957.55
8918,9396197560,399.00,2007,App,2026-06-26 02:02:00,SUCCESS,3838.85
8919,9699381443,849.00,2022,Bank Portal,2026-05-19 01:52:00,SUCCESS,2160.87
8920,9219531810,108.42,2012,App,2026-03-29 08:19:00,SUCCESS,1519.67
8921,9764666274,499.00,2001,Bank Portal,2026-03-26 15:36:00,SUCCESS,2794.95
8922,9421861171,899.00,2018,Bank Portal,2026-03-13 04:50:00,SUCCESS,3265.17
8923,9865560183,649.00,2019,Online,2026-07-01 10:10:00,SUCCESS,3068.16
8924,9880356285,949.00,2013,USSD,2026-03-03 08:57:00,FAILED,2635.24
8925,9228698920,149.00,2003,App,2025-11-26 14:57:00,SUCCESS,5428.71
8926,9804183422,649.00,2019,USSD,2026-07-21 11:25:00,SUCCESS,1623.08
8927,9219619093,699.00,2021,App,2026-01-12 21:41:00,SUCCESS,780.86
8928,9828545976,404.97,2008,USSD,2026-04-11 19:10:00,SUCCESS,2000.56
8929,9254509076,199.00,2004,USSD,2025-11-02 16:55:00,SUCCESS,248.72
8930,9444933349,499.00,2001,Bank Portal,2026-01-11 08:07:00,REFUNDED,335.12
8931,9532742948,899.00,2018,Retailer,2026-06-30 18:54:00,SUCCESS,1746.40
8932,9228254626,699.00,2021,App,2026-02-04 10:30:00,FAILED,1961.48
8933,9380046773,266.51,2016,Bank Portal,2026-02-05 02:08:00,SUCCESS,1715.42
8934,9782774208,949.00,2010,Online,2026-04-13 03:55:00,SUCCESS,1655.44
8935,9865299351,849.00,2022,Online,2026-04-13 20:58:00,SUCCESS,975.70
8936,9916707768,149.00,2002,Bank Portal,2025-12-09 05:11:00,SUCCESS,2404.10
8937,9667856871,949.00,2013,Bank Portal,2025-09-09 06:33:00,SUCCESS,2012.18
8938,9422634675,949.00,2010,Online,2026-01-29 04:25:00,SUCCESS,4013.47
8939,9548536502,45.05,2024,App,2025-10-07 09:35:00,SUCCESS,1523.55
8940,9960035265,199.00,2011,USSD,2025-10-21 10:23:00,SUCCESS,5708.86
8941,9726423917,743.14,2023,Bank Portal,2025-10-08 22:26:00,SUCCESS,2830.86
8942,9861142110,157.48,2016,Online,2025-10-13 04:45:00,SUCCESS,1116.18
8943,9867821564,179.00,2009,Online,2026-01-08 04:50:00,SUCCESS,857.78
8944,9858401300,479.00,2024,Bank Portal,2025-12-01 03:11:00,FAILED,1713.47
8945,9681316924,479.00,2024,Bank Portal,2025-09-26 06:26:00,FAILED,1845.85
8946,9261183658,199.00,2004,Retailer,2026-06-28 03:25:00,SUCCESS,1896.64
8947,9002256290,687.26,2014,App,2026-07-05 16:04:00,SUCCESS,2082.80
8948,9438301819,299.00,2020,Online,2026-05-27 20:47:00,SUCCESS,575.04
8949,9183764811,399.00,2007,Retailer,2026-02-11 16:24:00,SUCCESS,3158.61
8950,9046539231,179.00,2008,,2026-07-31 12:16:00,SUCCESS,2134.32
8951,9460112861,149.00,2003,USSD,2025-12-27 11:41:00,SUCCESS,3726.44
8952,9710323285,689.23,2024,App,2025-09-27 16:20:00,SUCCESS,1517.30
8953,9346344849,179.00,2008,Retailer,2026-01-10 13:20:00,SUCCESS,4307.31
8954,9022351267,179.00,2008,Bank Portal,2025-09-01 22:28:00,SUCCESS,2502.74
8955,9449516645,849.00,2022,Online,2026-05-29 02:20:00,SUCCESS,5106.73
8956,9998955932,50.64,2002,Online,2026-02-23 18:47:00,SUCCESS,1663.86
8957,9535231148,179.00,2012,App,2026-06-13 07:58:00,SUCCESS,347.59
8958,9261465249,649.00,2019,USSD,2026-02-10 05:09:00,SUCCESS,1317.34
8959,9621087961,29.54,2009,Online,2026-02-25 17:38:00,SUCCESS,1386.35
8960,9555362365,849.00,2015,USSD,2025-09-06 13:59:00,REFUNDED,3941.27
8961,9557039032,179.00,2008,App,2025-11-07 07:48:00,SUCCESS,1464.09
8962,9076511358,149.00,2002,Bank Portal,2026-04-28 02:56:00,SUCCESS,3496.06
8963,9268684760,743.85,2008,App,2026-08-06 04:35:00,SUCCESS,2645.18
8964,9148791684,921.33,2008,Retailer,2025-09-03 12:16:00,SUCCESS,2410.34
8965,9661993554,849.00,2022,Online,2025-09-27 12:09:00,SUCCESS,1343.51
8966,9676065242,239.00,2017,Bank Portal,2026-05-20 10:45:00,SUCCESS,1106.38
8967,9756865116,199.00,2011,App,2026-03-19 23:07:00,SUCCESS,1095.72
8968,9072334986,799.00,2005,Retailer,2025-08-27 12:28:00,SUCCESS,2921.51
8969,9736943737,949.00,2013,Bank Portal,2026-04-19 08:46:00,SUCCESS,1326.52
8970,9377309012,399.00,2006,Retailer,2025-11-22 14:35:00,SUCCESS,2622.50
8971,9356836237,149.00,2003,Online,2026-03-14 19:07:00,SUCCESS,160.87
8972,9295772775,949.00,2010,USSD,2025-11-07 05:51:00,SUCCESS,1275.58
8973,9041260689,899.00,2016,App,2026-07-29 20:13:00,SUCCESS,6045.10
8974,9400994219,499.00,2001,USSD,2025-09-30 00:53:00,SUCCESS,2967.76
8975,9463409228,179.00,2012,Retailer,2026-01-12 12:01:00,PENDING,1045.52
8976,9850489326,799.00,2005,Online,2026-04-03 11:05:00,SUCCESS,2899.98
8977,9329927089,149.00,2003,Retailer,2026-07-06 05:10:00,SUCCESS,336.37
8978,9032536933,179.00,2012,USSD,2026-04-30 01:39:00,FAILED,1750.24
8979,9290913772,222.59,2015,Bank Portal,2025-10-24 02:13:00,FAILED,1701.34
8980,9426622487,799.00,2005,USSD,2026-01-17 20:32:00,SUCCESS,4540.11
8981,9277826289,2999.00,2025,USSD,2025-12-01 21:51:00,SUCCESS,4578.70
8982,9914544297,249.00,2014,USSD,2025-09-26 22:53:00,SUCCESS,2383.17
8983,9272183248,199.00,2011,Retailer,2026-07-20 15:56:00,SUCCESS,551.34
8984,9098193204,849.00,2015,Retailer,2025-12-22 04:24:00,SUCCESS,1928.90
8985,9701633338,179.00,2009,Online,2025-11-10 16:54:00,REFUNDED,525.20
8986,9512331886,597.13,2003,App,2025-12-06 16:23:00,SUCCESS,2463.18
8987,9786189381,34.72,2020,Bank Portal,2026-02-08 06:21:00,SUCCESS,222.06
8988,9140002474,499.00,2001,,2026-05-15 18:09:00,SUCCESS,1088.98
8989,9579542300,695.31,2015,App,2026-07-08 12:31:00,SUCCESS,1860.56
8990,9702334692,26.41,2006,Online,2026-04-20 13:45:00,SUCCESS,123.52
8991,9287426641,686.91,2007,Bank Portal,2026-01-25 14:51:00,SUCCESS,1786.12
8992,9521719609,499.00,2001,Retailer,2026-06-11 17:34:00,FAILED,1342.44
8993,9022351267,239.00,2017,Retailer,2026-02-16 20:40:00,SUCCESS,2741.74
8994,9725756966,2999.00,2025,Retailer,2025-09-06 07:08:00,SUCCESS,5317.95
8995,9626362705,899.00,2016,Retailer,2026-06-20 11:51:00,SUCCESS,1209.55
8996,9706989348,199.00,2011,App,2026-04-13 18:00:00,SUCCESS,1281.72
8997,9188673168,499.00,2001,App,2026-06-03 11:48:00,SUCCESS,1657.34
8998,9335507529,949.00,2010,Retailer,2026-03-11 14:53:00,SUCCESS,5391.90
8999,9509668614,996.06,2020,Online,2025-08-21 08:59:00,SUCCESS,1268.38
9000,9523505372,57.12,2004,App,2025-11-08 05:27:00,SUCCESS,2084.28
9001,9707681757,949.00,2010,,2026-02-26 20:10:00,SUCCESS,1513.06
9002,9939555911,653.37,2023,USSD,2025-12-05 21:13:00,SUCCESS,1083.42
9003,9622843019,899.00,2018,Online,2025-09-29 00:05:00,SUCCESS,3179.14
9004,9329668941,2999.00,2025,USSD,2025-09-18 17:06:00,PENDING,1675.08
9005,9092392355,249.00,2014,Bank Portal,2026-05-16 00:53:00,FAILED,2830.24
9006,9681316924,399.00,2006,Bank Portal,2025-10-25 15:04:00,SUCCESS,2244.85
9007,9411188296,399.00,2007,Retailer,2026-01-15 01:28:00,SUCCESS,1740.47
9008,9658056089,149.00,2003,App,2025-08-28 23:07:00,SUCCESS,1521.92
9009,9083313677,399.00,2006,Bank Portal,2026-02-28 01:25:00,FAILED,4831.53
9010,9775636869,949.00,2013,Retailer,2026-05-08 21:38:00,SUCCESS,2109.82
9011,9971790799,149.00,2003,Bank Portal,2026-05-01 04:39:00,SUCCESS,1738.19
9012,9591608837,479.00,2024,Online,2026-02-06 11:06:00,SUCCESS,3022.26
9013,9930876997,299.00,2020,Online,2025-12-13 04:18:00,SUCCESS,2144.02
9014,9518412782,499.00,2001,Retailer,2026-01-02 07:22:00,FAILED,407.88
9015,9717149097,13.23,2017,Online,2025-12-14 11:10:00,SUCCESS,930.35
9016,9389270348,2999.00,2025,USSD,2026-02-17 19:41:00,SUCCESS,4027.43
9017,9812313324,949.00,2013,USSD,2026-08-03 11:41:00,SUCCESS,1239.32
9018,9452982688,699.00,2021,Retailer,2026-05-04 05:02:00,PENDING,1097.18
9019,9890704486,801.06,2022,USSD,2025-09-19 06:52:00,REFUNDED,1763.49
9020,9892959600,849.00,2022,USSD,2026-06-19 16:33:00,SUCCESS,1000.63
9021,9836878644,399.00,2006,App,2026-07-11 19:17:00,SUCCESS,1040.62
9022,9622848354,892.02,2021,App,2026-02-26 13:50:00,SUCCESS,2516.39
9023,9611966675,365.20,2022,Retailer,2026-07-27 12:16:00,SUCCESS,825.95
9024,9105248169,303.82,2004,Bank Portal,2026-02-28 18:55:00,SUCCESS,1262.20
9025,9370616912,399.00,2006,Bank Portal,2026-02-14 07:38:00,SUCCESS,1274.88
9026,9936325482,179.00,2008,Retailer,2026-01-24 12:49:00,SUCCESS,3782.34
9027,9802275811,249.00,2014,Online,2026-01-05 22:12:00,SUCCESS,391.52
9028,9454030533,179.00,2012,Online,2025-12-25 21:39:00,SUCCESS,272.50
9029,9500986080,949.00,2010,USSD,2025-12-09 19:17:00,REFUNDED,2974.43
9030,9724234404,399.00,2007,USSD,2026-05-22 14:33:00,SUCCESS,594.17
9031,9448464065,399.00,2006,App,2025-12-24 07:22:00,SUCCESS,863.45
9032,9920546342,949.00,2013,App,2026-01-13 20:29:00,SUCCESS,4048.20
9033,9571937361,239.00,2017,USSD,2026-02-19 05:41:00,SUCCESS,1415.75
9034,9479521121,52.79,2013,Bank Portal,2026-05-06 04:37:00,SUCCESS,760.54
9035,9900201809,949.00,2010,Retailer,2025-10-24 08:46:00,SUCCESS,1982.76
9036,9240528424,2999.00,2025,USSD,2026-07-10 21:44:00,SUCCESS,3340.62
9037,9429642099,499.00,2001,Online,2025-09-11 12:15:00,SUCCESS,2117.47
9038,9323301841,949.00,2010,Bank Portal,2025-10-30 00:48:00,FAILED,4255.81
9039,9546552108,699.00,2021,Retailer,2025-09-25 02:24:00,SUCCESS,1720.52
9040,9021931666,199.00,2011,USSD,2026-06-02 05:07:00,SUCCESS,797.39
9041,9047797926,653.25,2010,Online,2026-06-20 18:10:00,SUCCESS,2927.56
9042,9495024011,299.00,2020,App,2025-08-16 12:01:00,SUCCESS,464.43
9043,9236406566,730.14,2018,Bank Portal,2026-01-24 03:35:00,SUCCESS,734.16
9044,9407460756,99.00,2023,Bank Portal,2026-02-05 16:53:00,SUCCESS,1435.18
9045,9501146896,724.41,2006,Bank Portal,2026-02-17 16:34:00,SUCCESS,783.52
9046,9645221979,179.00,2008,Retailer,2025-10-24 20:36:00,SUCCESS,4918.38
9047,9791047505,785.69,2023,App,2025-10-03 22:26:00,SUCCESS,1522.85
9048,9397527837,149.00,2002,Bank Portal,2026-01-07 15:40:00,SUCCESS,1144.34
9049,9641102470,617.98,2016,USSD,2025-08-24 00:27:00,SUCCESS,3305.33
9050,9741440412,849.00,2015,Retailer,2026-01-22 05:51:00,SUCCESS,5310.76
9051,9468913991,149.00,2003,Retailer,2025-10-21 19:41:00,SUCCESS,1299.53
9052,9463409228,399.00,2006,Online,2026-01-06 15:29:00,SUCCESS,1444.52
9053,9760924830,484.90,2024,Bank Portal,2025-11-23 01:26:00,SUCCESS,1447.23
9054,9429642099,799.00,2005,Bank Portal,2026-08-03 09:55:00,FAILED,2117.47
9055,9654775411,899.00,2016,USSD,2026-05-19 14:35:00,SUCCESS,4568.06
9056,9897468864,99.00,2023,Online,2026-01-18 10:13:00,FAILED,3393.57
9057,9082845649,199.00,2004,App,2026-05-23 22:29:00,SUCCESS,359.25
9058,9300779320,846.86,2018,USSD,2025-12-19 09:06:00,SUCCESS,2049.28
9059,9232233025,864.07,2012,App,2026-05-20 07:56:00,SUCCESS,2749.04
9060,9419423697,799.00,2005,Online,2026-01-20 04:54:00,SUCCESS,3248.70
9061,9648125035,399.00,2007,Retailer,2026-01-25 18:51:00,SUCCESS,755.44
9062,9721639898,849.00,2015,Online,2025-11-29 17:25:00,FAILED,5.54
9063,9626688700,627.91,2010,Bank Portal,2026-05-21 16:20:00,SUCCESS,632.89
9064,9181222607,849.00,2022,Online,2026-01-13 01:11:00,SUCCESS,3812.82
9065,9908925990,899.00,2018,,2025-12-30 23:42:00,SUCCESS,5309.97
9066,9885140567,149.00,2002,App,2026-07-08 01:21:00,SUCCESS,1645.45
9067,9678650673,199.00,2004,Bank Portal,2026-05-25 15:50:00,SUCCESS,382.78
9068,9805961284,179.00,2012,Retailer,2025-08-18 03:18:00,SUCCESS,546.10
9069,9140252787,199.00,2004,USSD,2026-04-22 08:51:00,SUCCESS,1489.38
9070,9339314182,99.00,2023,,2025-11-19 22:16:00,SUCCESS,540.59
9071,9420375435,299.00,2020,USSD,2026-03-04 11:46:00,SUCCESS,472.82
9072,9224872223,918.84,2004,Retailer,2025-08-22 07:35:00,SUCCESS,2847.22
9073,9660714080,149.00,2002,Retailer,2025-08-16 07:58:00,SUCCESS,1378.62
9074,9429368734,436.16,2022,Online,2025-10-03 11:18:00,FAILED,930.94
9075,9188458452,641.76,2002,Bank Portal,2026-05-15 15:36:00,SUCCESS,1046.71
9076,9808489015,99.00,2023,Bank Portal,2026-08-02 11:03:00,FAILED,858.24
9077,9307517257,479.00,2024,USSD,2026-07-26 02:33:00,SUCCESS,4108.51
9078,9697512853,254.61,2025,USSD,2026-03-09 04:43:00,FAILED,1749.26
9079,9298426176,949.00,2013,Online,2026-03-03 11:44:00,REFUNDED,9.94
9080,9791047505,564.29,2025,USSD,2026-08-08 11:22:00,SUCCESS,2087.14
9081,9745363648,479.00,2024,Online,2026-07-31 22:59:00,SUCCESS,1511.34
9082,9217846198,866.90,2025,Retailer,2026-01-12 09:30:00,SUCCESS,3341.61
9083,9959833017,99.00,2023,USSD,2026-01-22 08:22:00,SUCCESS,276.76
9084,9653115828,239.00,2017,USSD,2026-02-02 07:22:00,SUCCESS,2180.37
9085,9702555628,56.07,2012,USSD,2025-10-28 09:10:00,SUCCESS,1849.42
9086,9219509211,499.00,2001,USSD,2026-03-12 23:10:00,SUCCESS,1516.48
9087,9742455446,399.00,2006,Retailer,2025-12-12 23:08:00,SUCCESS,1030.48
9088,9307616997,179.00,2012,USSD,2025-09-30 09:48:00,SUCCESS,1868.18
9089,9444695995,899.00,2016,USSD,2026-02-15 19:08:00,SUCCESS,983.50
9090,9767716927,664.98,2012,Bank Portal,2026-07-16 03:04:00,SUCCESS,805.47
9091,9724234404,199.00,2004,Retailer,2026-03-01 02:59:00,REFUNDED,594.17
9092,9672939857,149.00,2002,USSD,2026-03-27 12:02:00,SUCCESS,1712.64
9093,9612229971,899.00,2018,Bank Portal,2025-10-07 07:29:00,SUCCESS,1088.01
9094,9725626819,249.00,2014,Retailer,2026-01-15 13:13:00,SUCCESS,1747.55
9095,9767716927,249.00,2014,Retailer,2026-06-06 11:17:00,REFUNDED,805.47
9096,9085477032,179.00,2012,Bank Portal,2025-10-14 05:42:00,FAILED,7774.15
9097,9649096166,649.00,2019,App,2026-02-21 20:30:00,SUCCESS,1925.42
9098,9507095333,699.00,2021,USSD,2025-08-15 02:25:00,SUCCESS,1216.62
9099,9623817159,849.00,2022,USSD,2025-12-27 20:45:00,SUCCESS,3120.94
9100,9263974247,179.00,2008,App,2026-06-09 09:48:00,SUCCESS,4125.57
9101,9823094172,150.23,2003,USSD,2025-10-03 19:24:00,SUCCESS,1642.62
9102,9651772535,990.85,2006,Retailer,2026-07-15 14:10:00,SUCCESS,2753.72
9103,9444579035,399.00,2006,Online,2026-06-06 15:58:00,SUCCESS,1633.36
9104,9884852480,2999.00,2025,Retailer,2026-06-16 00:47:00,SUCCESS,3039.35
9105,9912600675,149.00,2003,USSD,2025-12-03 18:25:00,SUCCESS,1394.64
9106,9914684804,149.00,2003,USSD,2026-01-04 06:19:00,SUCCESS,1037.67
9107,9456193112,799.00,2005,Bank Portal,2025-10-17 17:38:00,SUCCESS,2563.90
9108,9514554089,179.00,2009,App,2025-09-29 05:04:00,SUCCESS,1237.53
9109,9907924082,949.00,2010,Retailer,2026-06-12 13:28:00,FAILED,4022.69
9110,9168507590,239.00,2017,Bank Portal,2026-01-30 04:57:00,SUCCESS,2053.50
9111,9630673196,537.25,2004,USSD,2026-06-29 20:16:00,SUCCESS,1762.40
9112,9647663949,849.00,2022,Bank Portal,2025-10-10 08:49:00,SUCCESS,2103.90
9113,9417746214,199.00,2011,Retailer,2025-10-19 10:16:00,SUCCESS,295.45
9114,9875136909,199.00,2011,Retailer,2026-04-12 02:56:00,SUCCESS,1490.97
9115,9203084819,899.00,2018,Bank Portal,2025-08-31 23:14:00,SUCCESS,2955.09
9116,9612926908,479.00,2024,Bank Portal,2026-03-03 05:57:00,FAILED,401.26
9117,9012947379,399.00,2006,App,2025-08-09 07:10:00,SUCCESS,6091.11
9118,9979932880,849.00,2022,Retailer,2026-03-10 22:13:00,FAILED,315.77
9119,9421368869,699.00,2021,Retailer,2026-07-02 08:15:00,SUCCESS,1486.34
9120,9303404257,149.00,2003,App,2026-05-10 23:04:00,SUCCESS,2567.98
9121,9539856591,149.00,2003,Retailer,2026-03-07 20:20:00,SUCCESS,254.71
9122,9155928225,799.00,2005,Bank Portal,2026-02-03 08:15:00,SUCCESS,2026.15
9123,9568689382,479.00,2024,Bank Portal,2026-02-26 16:11:00,SUCCESS,2706.54
9124,9568124974,949.00,2010,App,2025-12-02 17:31:00,SUCCESS,3045.51
9125,9444695995,149.00,2002,App,2026-06-27 20:48:00,SUCCESS,1132.50
9126,9087839213,53.42,2010,Bank Portal,2025-11-26 03:05:00,SUCCESS,2454.37
9127,9020582350,899.00,2016,App,2025-09-18 04:57:00,SUCCESS,1847.05
9128,9421861171,299.00,2020,Bank Portal,2025-10-18 20:08:00,SUCCESS,3564.17
9129,9483401426,949.00,2013,Retailer,2025-11-26 02:36:00,SUCCESS,4572.33
9130,9600718653,954.01,2016,USSD,2025-09-30 23:37:00,SUCCESS,3924.39
9131,9571937361,399.00,2007,USSD,2025-11-09 19:47:00,SUCCESS,1814.75
9132,9049333405,299.00,2020,USSD,2025-09-22 17:24:00,SUCCESS,445.07
9133,9742455446,399.00,2007,Online,2025-09-10 05:50:00,SUCCESS,1429.48
9134,9495024011,179.00,2008,App,2026-05-04 20:19:00,SUCCESS,643.43
9135,9214026495,799.00,2005,Online,2026-02-23 22:24:00,PENDING,2010.09
9136,9726841518,2999.00,2025,App,2025-08-11 22:24:00,SUCCESS,4671.84
9137,9881295136,949.00,2013,Online,2026-04-06 20:46:00,SUCCESS,2113.46
9138,9689173742,179.00,2008,App,2026-07-11 09:43:00,SUCCESS,970.37
9139,9259123143,42.81,2022,App,2026-07-01 05:09:00,SUCCESS,3643.88
9140,9891083617,179.00,2012,USSD,2026-05-13 22:02:00,SUCCESS,1763.32
9141,9141509800,154.35,2008,Online,2026-02-12 03:02:00,SUCCESS,2491.40
9142,9863005622,299.00,2020,Online,2026-03-10 14:04:00,SUCCESS,915.27
9143,9564427073,2999.00,2025,Online,2026-07-12 20:23:00,SUCCESS,4997.90
9144,9010950406,758.31,2015,Bank Portal,2025-11-18 02:22:00,SUCCESS,2634.12
9145,9664425940,399.00,2006,App,2026-06-27 07:30:00,SUCCESS,648.97
9146,9725626819,154.09,2012,Online,2025-12-29 07:52:00,SUCCESS,1901.64
9147,9704440552,869.13,2013,Bank Portal,2026-07-08 00:50:00,SUCCESS,1974.69
9148,9435235529,849.00,2015,Retailer,2025-10-04 06:07:00,SUCCESS,1320.93
9149,9753074007,849.00,2015,Retailer,2025-08-27 02:21:00,SUCCESS,988.31
9150,9027649972,179.00,2009,App,2026-01-23 04:39:00,SUCCESS,1881.03
9151,9300890484,649.00,2019,USSD,2026-05-31 15:43:00,SUCCESS,4895.04
9152,9342525005,949.00,2010,Retailer,2025-08-09 20:55:00,FAILED,1288.79
9153,9154558412,399.00,2006,Retailer,2026-06-30 00:10:00,SUCCESS,1810.37
9154,9744056667,699.00,2021,Retailer,2026-01-20 21:14:00,SUCCESS,726.72
9155,9901281723,161.12,2007,USSD,2025-09-30 00:01:00,SUCCESS,1895.78
9156,9140002474,239.00,2017,Bank Portal,2026-02-13 10:35:00,REFUNDED,1088.98
9157,9172158268,239.00,2017,Bank Portal,2025-10-29 02:36:00,SUCCESS,446.34
9158,9456227804,730.38,2017,App,2026-04-12 19:21:00,SUCCESS,5949.74
9159,9555263470,849.00,2022,USSD,2026-07-10 21:27:00,REFUNDED,370.19
9160,9572054664,949.00,2013,Online,2026-01-21 18:17:00,SUCCESS,1134.32
9161,9534037566,179.00,2012,App,2026-04-28 05:13:00,SUCCESS,2312.64
9162,9977902874,179.00,2012,Online,2025-10-27 06:32:00,SUCCESS,1197.10
9163,9017498386,199.00,2011,Bank Portal,2025-08-26 04:39:00,SUCCESS,945.82
9164,9201078701,521.17,2019,Online,2025-08-12 12:34:00,SUCCESS,654.81
9165,9072334986,703.74,2015,Online,2025-12-28 02:36:00,SUCCESS,3625.25
9166,9396394684,239.00,2017,Retailer,2025-08-31 08:01:00,SUCCESS,538.57
9167,9155023129,299.00,2020,USSD,2025-10-25 15:04:00,SUCCESS,2252.10
9168,9939555911,729.17,2011,Retailer,2026-03-28 23:15:00,SUCCESS,1812.59
9169,9013609628,639.52,2020,App,2026-01-25 13:59:00,SUCCESS,5519.56
9170,9058427539,179.00,2009,USSD,2026-06-15 19:12:00,SUCCESS,588.36
9171,9786189381,399.00,2007,USSD,2025-10-10 21:03:00,SUCCESS,621.06
9172,9402694174,479.00,2024,App,2025-10-26 08:20:00,PENDING,2093.56
9173,9303395247,899.00,2016,Bank Portal,2026-02-06 02:30:00,SUCCESS,1180.35
9174,9848390634,149.00,2003,App,2026-04-06 05:49:00,FAILED,1792.00
9175,9403329225,699.00,2021,USSD,2026-06-07 09:58:00,SUCCESS,856.05
9176,9314936354,705.62,2017,App,2025-08-29 14:58:00,SUCCESS,885.78
9177,9649096166,149.00,2003,USSD,2026-01-30 07:00:00,SUCCESS,2074.42
9178,9003965759,199.00,2004,USSD,2026-01-12 13:14:00,PENDING,1697.75
9179,9123125121,899.00,2018,App,2025-10-27 18:58:00,SUCCESS,1680.50
9180,9024774974,299.00,2020,Bank Portal,2026-05-22 15:29:00,SUCCESS,1032.28
9181,9637296958,681.72,2003,Retailer,2025-09-05 08:45:00,SUCCESS,2273.40
9182,9180579219,699.00,2021,Online,2025-12-17 12:46:00,REFUNDED,757.67
9183,9310976491,499.00,2001,App,2026-04-21 20:59:00,SUCCESS,2609.32
9184,9959804085,343.26,2022,Online,2025-11-03 12:11:00,SUCCESS,356.33
9185,9838031390,199.00,2004,USSD,2026-05-23 18:15:00,SUCCESS,1115.85
9186,9463892862,649.00,2019,Retailer,2026-03-10 19:18:00,SUCCESS,2042.49
9187,9719827192,99.00,2023,App,2025-12-25 03:55:00,SUCCESS,1825.54
9188,9535231148,479.00,2024,Retailer,2025-11-20 09:15:00,SUCCESS,826.59
9189,9107697011,149.00,2003,Online,2025-10-08 15:59:00,SUCCESS,2073.32
9190,9716091254,299.00,2020,Bank Portal,2026-07-23 22:04:00,FAILED,1541.09
9191,9702433431,179.00,2012,Bank Portal,2025-09-01 20:49:00,FAILED,3739.00
9192,9493943514,649.00,2019,Bank Portal,2025-12-15 23:13:00,SUCCESS,2240.24
9193,9336375767,149.00,2002,Bank Portal,2026-04-25 18:21:00,SUCCESS,1068.35
9194,9152707815,849.00,2022,USSD,2026-02-27 01:18:00,SUCCESS,1876.69
9195,9995400649,399.00,2006,,2026-03-20 04:13:00,SUCCESS,1519.41
9196,9348436435,949.00,2013,Retailer,2026-06-25 12:25:00,SUCCESS,1774.74
9197,9024774974,949.00,2010,App,2025-11-08 13:44:00,FAILED,1032.28
9198,9844498927,199.00,2011,USSD,2025-10-05 07:18:00,SUCCESS,203.43
9199,9527284966,949.00,2013,App,2026-07-25 20:32:00,SUCCESS,1536.05
9200,9479646706,239.00,2017,USSD,2026-01-21 23:22:00,FAILED,840.58
9201,9721758190,649.00,2019,Bank Portal,2025-10-21 15:41:00,SUCCESS,2560.71
9202,9290604874,849.00,2022,Retailer,2026-05-21 03:28:00,SUCCESS,1315.19
9203,9631457717,791.59,2007,App,2026-08-06 11:25:00,SUCCESS,1126.29
9204,9158781453,2999.00,2025,Bank Portal,2025-09-14 14:50:00,SUCCESS,6486.04
9205,9148065394,179.00,2012,USSD,2026-03-05 10:09:00,SUCCESS,878.40
9206,9030120540,199.00,2011,USSD,2025-08-13 18:01:00,PENDING,1106.83
9207,9456812983,199.00,2011,App,2026-05-29 17:17:00,FAILED,527.26
9208,9662330633,544.96,2013,Bank Portal,2025-09-08 06:09:00,SUCCESS,2807.69
9209,9840225052,179.00,2009,Online,2025-09-07 18:30:00,SUCCESS,867.60
9210,9248297607,149.00,2003,App,2026-01-03 11:33:00,REFUNDED,2123.73
9211,9243928104,899.00,2018,Online,2025-08-25 02:47:00,REFUNDED,21.55
9212,9491810458,179.00,2009,Bank Portal,2025-12-12 00:31:00,SUCCESS,1153.69
9213,9502449412,99.00,2023,App,2025-10-18 08:19:00,SUCCESS,1186.08
9214,9555263470,299.00,2020,Online,2026-06-08 15:57:00,SUCCESS,669.19
9215,9233872183,934.85,2023,Bank Portal,2025-12-17 08:19:00,SUCCESS,1895.99
9216,9852064349,399.00,2007,App,2026-03-08 11:15:00,SUCCESS,1787.41
9217,9090559534,649.00,2019,USSD,2026-04-10 23:31:00,SUCCESS,3211.04
9218,9882559367,649.00,2019,USSD,2026-01-12 00:28:00,SUCCESS,1255.77
9219,9533435588,949.00,2010,Online,2026-02-07 03:10:00,SUCCESS,2562.17
9220,9430959230,224.66,2009,Bank Portal,2026-05-29 19:07:00,SUCCESS,859.33
9221,9863254577,149.00,2002,Retailer,2026-02-02 18:19:00,SUCCESS,755.44
9222,9055719603,401.98,2020,Online,2025-12-09 00:29:00,SUCCESS,2436.15
9223,9145771132,949.00,2013,Online,2026-03-24 00:50:00,SUCCESS,2147.85
9224,9431640300,899.00,2018,Bank Portal,2026-01-12 03:54:00,SUCCESS,1037.37
9225,9571937361,479.00,2024,Retailer,2026-05-10 22:10:00,SUCCESS,2293.75
9226,9133706007,164.41,2024,Retailer,2025-09-17 09:16:00,SUCCESS,1107.20
9227,9438301819,399.00,2007,USSD,2025-10-11 23:11:00,PENDING,575.04
9228,9733998834,249.00,2014,Online,2025-08-08 23:25:00,FAILED,668.46
9229,9340647972,299.00,2020,Bank Portal,2026-04-22 23:48:00,SUCCESS,312.46
9230,9979932880,99.00,2023,Online,2026-02-28 00:33:00,SUCCESS,414.77
9231,9576974808,407.92,2022,Retailer,2025-12-07 21:56:00,SUCCESS,1464.92
9232,9194060115,31.27,2020,Online,2026-04-05 11:52:00,SUCCESS,554.10
9233,9863557208,99.00,2023,USSD,2026-07-28 23:29:00,SUCCESS,2110.17
9234,9477724014,479.00,2024,USSD,2026-04-21 12:23:00,FAILED,1339.09
9235,9268684760,2999.00,2025,App,2026-05-15 12:46:00,SUCCESS,5644.18
9236,9885021510,299.00,2020,App,2026-03-28 11:49:00,SUCCESS,973.14
9237,9114600526,199.00,2011,Bank Portal,2026-01-23 13:29:00,SUCCESS,486.82
9238,9447509773,799.00,2005,App,2025-08-09 04:40:00,SUCCESS,1303.52
9239,9646965327,699.00,2021,App,2025-10-15 15:09:00,REFUNDED,158.05
9240,9367476675,179.00,2008,Bank Portal,2026-04-29 16:13:00,REFUNDED,711.87
9241,9177859595,794.80,2006,App,2026-07-16 10:26:00,SUCCESS,1131.64
9242,9341689563,399.00,2007,Retailer,2026-06-06 20:28:00,SUCCESS,1397.60
9243,9191889111,849.00,2015,Online,2026-03-18 13:56:00,SUCCESS,2796.39
9244,9529825744,199.00,2011,App,2025-11-10 13:38:00,SUCCESS,1450.93
9245,9925020665,249.00,2014,USSD,2026-01-01 04:52:00,SUCCESS,905.51
9246,9329607107,179.00,2012,USSD,2026-01-24 02:04:00,REFUNDED,1553.23
9247,9485475786,179.00,2009,Retailer,2026-06-30 14:13:00,SUCCESS,2303.60
9248,9498654061,239.00,2017,Online,2025-11-09 03:09:00,SUCCESS,566.53
9249,9971399378,799.00,2005,USSD,2026-03-10 11:10:00,PENDING,1565.09
9250,9214415256,179.00,2009,USSD,2026-03-20 17:42:00,REFUNDED,4421.97
9251,9959700796,908.16,2004,Bank Portal,2025-08-22 06:58:00,SUCCESS,1138.63
9252,9729483133,249.00,2014,USSD,2026-03-08 21:30:00,SUCCESS,2053.94
9253,9690535970,479.00,2024,USSD,2026-02-25 23:40:00,SUCCESS,625.16
9254,9574159426,699.00,2021,Bank Portal,2026-03-09 11:04:00,SUCCESS,2202.52
9255,9207627507,773.64,2018,Retailer,2026-07-15 22:08:00,SUCCESS,1258.22
9256,9322342923,179.00,2008,Bank Portal,2025-08-26 16:09:00,SUCCESS,1312.07
9257,9114380351,949.00,2010,Bank Portal,2025-11-05 14:18:00,FAILED,1259.08
9258,9012947379,239.00,2017,Online,2026-03-26 05:22:00,SUCCESS,6330.11
9259,9943945568,849.00,2015,App,2025-12-24 21:05:00,SUCCESS,1984.05
