subscription_id,customer_id,msisdn,plan_id,activation_date,expiry_date,status,renewal_type
3001,1001,9175500265,2007,2025-11-06,2025-11-13,Expired,Manual
3002,1002,9320419026,2015,2026-07-16,2026-07-17,Expired,Auto
3003,1003,9676065242,2007,2025-10-05,2025-10-12,Expired,Auto
3004,1004,9861175745,2010,2025-12-04,2026-06-02,Expired,Auto
3005,1005,9076526144,2007,2026-02-22,2026-03-01,Expired,Manual
3006,1006,9413982250,2003,2026-04-01,2026-06-30,Expired,Auto
3007,1007,9736384200,2003,2025-12-25,2026-03-25,Expired,Manual
3008,1008,9785244063,2012,2026-05-03,2026-05-31,Expired,Auto
3009,1009,9088065007,2011,2026-04-09,2026-10-06,Active,Auto
3010,1010,9764120703,2013,2026-01-05,2026-04-05,Expired,Auto
3011,1011,9455927236,2014,2025-12-13,2026-02-07,Expired,Auto
3012,1012,9539856591,2004,2025-09-10,2025-11-05,Expired,Manual
3013,1013,9207627540,2022,2026-02-22,2026-03-24,Expired,Auto
3014,1014,9217846198,2009,2026-01-19,2026-01-26,Expired,Manual
3015,1015,9437201389,2008,2026-01-05,2027-01-05,Active,Auto
3016,1016,9491810458,2024,2025-09-01,2025-09-08,Expired,Auto
3017,1017,9496963502,2015,2026-04-21,2026-04-22,Expired,Auto
3018,1018,9621024804,2012,2026-07-29,2026-08-26,Active,Auto
3019,1019,9848695986,2012,2026-08-05,2026-09-02,Active,Auto
3020,1020,9022351267,2005,2026-07-23,2026-07-24,Expired,Auto
3021,1021,9378947562,2009,2026-07-07,2026-07-14,Expired,Manual
3022,1022,9614032373,2013,2025-08-24,2025-11-22,Expired,Manual
3023,1023,9419423697,2012,2025-09-09,2025-10-07,Expired,Auto
3024,1024,9197343538,2006,2025-11-27,2025-12-27,Expired,Manual
3025,1025,9808246308,2017,2026-03-03,2027-03-03,Active,Manual
3026,1026,9470263545,2006,2025-08-21,2025-09-20,Expired,Auto
3027,1027,9479521121,2001,2026-06-27,2026-06-28,Expired,Auto
3028,1028,9243928104,2019,2026-02-13,2026-08-12,Active,Auto
3029,1029,9254509076,2023,2025-12-26,2026-02-20,Expired,Manual
3030,1030,9802275811,2004,2025-08-28,2025-10-23,Expired,Auto
3031,1031,9540043209,2025,2025-10-04,2025-10-05,Expired,Manual
3032,1032,9431144647,2021,2026-05-30,2026-08-22,Active,Auto
3033,1033,9725946196,2007,2025-11-02,2025-11-09,Expired,Auto
3034,1034,9892539588,2005,2026-06-29,2026-06-30,Expired,Manual
3035,1035,9431652707,2010,2026-02-18,2026-08-17,Active,Auto
3036,1036,9890726303,2002,2025-11-02,2025-11-09,Expired,Auto
3037,1037,9112030342,2012,2025-12-15,2026-01-12,Expired,Auto
3038,1038,9425099296,2009,2025-08-27,2025-09-03,Expired,Manual
3039,1039,9706492763,2003,2026-03-19,2026-06-17,Expired,Manual
3040,1040,9595982848,2009,2025-12-14,2025-12-21,Expired,Auto
3041,1041,9665891208,2004,2025-11-14,2026-01-09,Expired,Manual
3042,1042,9146794714,2011,2026-04-06,2026-10-03,Active,Auto
3043,1043,9029980269,2021,2026-05-11,2026-08-03,Expired,Auto
3044,1044,9718137502,2021,2026-01-19,2026-04-13,Expired,Manual
3045,1045,9904464900,2015,2025-09-08,2025-09-09,Expired,Auto
3046,1046,9724234404,2011,2026-04-09,2026-10-06,Active,Manual
3047,1047,9313678796,2016,2025-09-05,2025-12-04,Expired,Auto
3048,1048,9098217330,2019,2025-11-08,2026-05-07,Expired,Auto
3049,1049,9001662644,2001,2026-06-02,2026-06-03,Expired,Auto
3050,1050,9214415256,2022,2026-02-04,2026-03-06,Expired,Manual
3051,1051,9890825533,2013,2025-09-17,2025-12-16,Expired,Auto
3052,1052,9096455686,2008,2025-11-18,2026-11-18,Active,Auto
3053,1053,9690535970,2005,2025-09-03,2025-09-04,Expired,Auto
3054,1054,9451324357,2011,2026-06-08,2026-12-05,Active,Auto
3055,1055,9933786876,2015,2025-09-03,2025-09-04,Expired,Auto
3056,1056,9756865116,2022,2025-08-23,2025-09-22,Expired,Manual
3057,1057,9654775411,2017,2025-09-04,2026-09-04,Active,Auto
3058,1058,9924300529,2007,2026-06-05,2026-06-12,Expired,Auto
3059,1059,9196472126,2018,2026-02-28,2026-04-25,Expired,Auto
3060,1060,9090559534,2010,2026-04-01,2026-09-28,Active,Auto
3061,1061,9174668074,2014,2026-04-27,2026-06-22,Expired,Auto
3062,1062,9744493163,2010,2026-07-20,2027-01-16,Active,Auto
3063,1063,9479646706,2019,2026-02-15,2026-08-14,Active,Auto
3064,1064,9434013329,2015,2025-12-28,2025-12-29,Expired,Auto
3065,1065,9184840683,2009,2025-10-30,2025-11-06,Expired,Auto
3066,1066,9856039757,2002,2025-12-14,2025-12-21,Expired,Manual
3067,1067,9319295201,2020,2026-07-11,2027-07-11,Active,Auto
3068,1068,9080972256,2015,2025-09-02,2025-09-03,Expired,Auto
3069,1069,9789135342,2020,2026-05-28,2027-05-28,Active,Auto
3070,1070,9430959230,2021,2026-07-09,2026-10-01,Active,Auto
3071,1071,9345866103,2009,2025-10-04,2025-10-11,Expired,Auto
3072,1072,9193368555,2023,2026-06-26,2026-08-21,Active,Manual
3073,1073,9516681609,2015,2026-02-17,2026-02-18,Expired,Auto
3074,1074,9943945568,2003,2026-05-26,2026-08-24,Active,Auto
3075,1075,9721639898,2014,2026-06-15,2026-08-10,Active,Auto
3076,1076,9922134619,2008,2026-02-08,2027-02-08,Active,Auto
3077,1077,9094890871,2018,2026-06-21,2026-08-16,Active,Manual
3078,1078,9114217757,2024,2026-05-03,2026-05-10,Expired,Auto
3079,1079,9235523264,2006,2025-10-13,2025-11-12,Expired,Manual
3080,1080,9456227804,2024,2026-05-03,2026-05-10,Expired,Auto
3081,1081,9845404873,2002,2026-05-05,2026-05-12,Expired,Manual
3082,1082,9493893665,2023,2025-08-25,2025-10-20,Expired,Auto
3083,1083,9232971847,2008,2026-06-17,2027-06-17,Active,Auto
3084,1084,9295578289,2001,2026-02-20,2026-02-21,Expired,Manual
3085,1085,9137483789,2017,2026-06-05,2027-06-05,Active,Auto
3086,1086,9008562293,2016,2026-06-05,2026-09-03,Active,Auto
3087,1087,9325409489,2002,2025-12-23,2025-12-30,Expired,Auto
3088,1088,9662896417,2023,2025-09-30,2025-11-25,Expired,Auto
3089,1089,9012406996,2009,2026-01-15,2026-01-22,Expired,Manual
3090,1090,9115823345,2023,2026-07-10,2026-09-04,Active,Auto
3091,1091,9399892965,2022,2025-11-11,2025-12-11,Expired,Auto
3092,1092,9558653776,2004,2026-03-10,2026-05-05,Expired,Auto
3093,1093,9439466067,2006,2026-01-23,2026-02-22,Expired,Auto
3094,1094,9454030533,2013,2026-05-24,2026-08-22,Active,Manual
3095,1095,9402265113,2023,2025-08-12,2025-10-07,Expired,Manual
3096,1096,9376973273,2011,2025-08-18,2026-02-14,Expired,Auto
3097,1097,9321434555,2010,2026-01-22,2026-07-21,Expired,Manual
3098,1098,9710275623,2016,2026-04-07,2026-07-06,Expired,Auto
3099,1099,9753074007,2005,2025-10-07,2025-10-08,Expired,Auto
3100,1100,9164061537,2015,2025-12-03,2025-12-04,Expired,Manual
3101,1101,9341689563,2009,2026-07-27,2026-08-03,Expired,Manual
3102,1102,9121868941,2007,2026-02-22,2026-03-01,Expired,Manual
3103,1103,9147751178,2008,2026-03-03,2027-03-03,Active,Auto
3104,1104,9827686467,2002,2026-01-29,2026-02-05,Expired,Auto
3105,1105,9740267113,2019,2025-09-04,2026-03-03,Expired,Auto
3106,1106,9077746305,2022,2025-09-28,2025-10-28,Expired,Auto
3107,1107,9418409261,2015,2025-09-28,2025-09-29,Expired,Manual
3108,1108,9041260689,2009,2026-07-12,2026-07-19,Expired,Auto
3109,1109,9064761468,2010,2026-06-24,2026-12-21,Active,Auto
3110,1110,9863557208,2001,2026-01-31,2026-02-01,Expired,Auto
3111,1111,9490502993,2002,2026-01-25,2026-02-01,Expired,Auto
3112,1112,9686067800,2002,2026-04-13,2026-04-20,Expired,Auto
3113,1113,9237871834,2005,2025-12-02,2025-12-03,Expired,Manual
3114,1114,9508243198,2004,2026-05-06,2026-07-01,Expired,Auto
3115,1115,9042835025,2022,2025-12-28,2026-01-27,Expired,Auto
3116,1116,9906871524,2024,2026-04-22,2026-04-29,Expired,Auto
3117,1117,9492238773,2010,2026-01-18,2026-07-17,Expired,Auto
3118,1118,9168608302,2006,2025-11-18,2025-12-18,Expired,Auto
3119,1119,9721469059,2010,2026-04-13,2026-10-10,Active,Auto
3120,1120,9061212806,2017,2026-07-17,2027-07-17,Active,Auto
3121,1121,9354953132,2004,2025-08-09,2025-10-04,Expired,Auto
3122,1122,9593991237,2025,2025-08-18,2025-08-19,Expired,Auto
3123,1123,9092179830,2015,2025-09-23,2025-09-24,Expired,Auto
3124,1124,9619697251,2010,2026-06-01,2026-11-28,Active,Auto
3125,1125,9430336986,2016,2026-04-07,2026-07-06,Expired,Manual
3126,1126,9351486610,2025,2025-12-26,2025-12-27,Expired,Auto
3127,1127,9746640394,2013,2026-06-19,2026-09-17,Active,Auto
3128,1128,9402694174,2016,2026-06-21,2026-09-19,Active,Manual
3129,1129,9068472035,2002,2025-08-28,2025-09-04,Expired,Auto
3130,1130,9491210062,2012,2026-01-26,2026-02-23,Expired,Auto
3131,1131,9711559117,2003,2025-10-29,2026-01-27,Expired,Manual
3132,1132,9327980832,2025,2025-08-09,2025-08-10,Expired,Auto
3133,1133,9885135188,2025,2026-01-08,2026-01-09,Expired,Auto
3134,1134,9624494538,2025,2026-05-13,2026-05-14,Expired,Manual
3135,1135,9964118269,2002,2026-01-30,2026-02-06,Expired,Auto
3136,1136,9855264323,2019,2026-06-18,2026-12-15,Active,Auto
3137,1137,9307517257,2009,2026-05-20,2026-05-27,Expired,Auto
3138,1138,9622848354,2018,2026-03-15,2026-05-10,Expired,Auto
3139,1139,9459437746,2019,2025-08-28,2026-02-24,Expired,Manual
3140,1140,9013038166,2018,2025-10-25,2025-12-20,Expired,Auto
3141,1141,9619471980,2003,2026-05-03,2026-08-01,Expired,Auto
3142,1142,9064354166,2018,2026-05-05,2026-06-30,Expired,Manual
3143,1143,9893415964,2004,2025-10-03,2025-11-28,Expired,Auto
3144,1144,9240102837,2016,2026-03-06,2026-06-04,Expired,Auto
3145,1145,9923876716,2006,2026-05-20,2026-06-19,Expired,Auto
3146,1146,9840608577,2016,2026-07-10,2026-10-08,Active,Auto
3147,1147,9441733255,2003,2025-10-22,2026-01-20,Expired,Auto
3148,1148,9587968564,2022,2026-08-07,2026-09-06,Active,Auto
3149,1149,9570117716,2011,2026-07-21,2027-01-17,Active,Auto
3150,1150,9545979618,2008,2025-09-19,2026-09-19,Active,Auto
3151,1151,9858537522,2024,2026-01-12,2026-01-19,Expired,Auto
3152,1152,9858401300,2007,2026-02-26,2026-03-05,Expired,Auto
3153,1153,9752772693,2019,2026-02-19,2026-08-18,Active,Auto
3154,1154,9717149097,2023,2026-01-25,2026-03-22,Expired,Auto
3155,1155,9453732105,2019,2026-03-08,2026-09-04,Active,Auto
3156,1156,9496696399,2010,2025-11-18,2026-05-17,Expired,Manual
3157,1157,9950067841,2006,2025-09-05,2025-10-05,Expired,Manual
3158,1158,9236406566,2023,2026-08-04,2026-09-29,Active,Auto
3159,1159,9277826289,2017,2025-12-29,2026-12-29,Active,Manual
3160,1160,9729811621,2025,2026-05-09,2026-05-10,Expired,Auto
3161,1161,9201436615,2015,2025-11-30,2025-12-01,Expired,Manual
3162,1162,9416028817,2007,2026-06-06,2026-06-13,Expired,Auto
3163,1163,9772453568,2014,2025-08-26,2025-10-21,Expired,Manual
3164,1164,9029344093,2013,2026-08-04,2026-11-02,Active,Auto
3165,1165,9378084252,2020,2026-06-05,2027-06-05,Active,Auto
3166,1166,9516050219,2024,2026-01-14,2026-01-21,Expired,Auto
3167,1167,9627345231,2023,2025-09-28,2025-11-23,Expired,Auto
3168,1168,9096448649,2003,2025-08-23,2025-11-21,Expired,Auto
3169,1169,9177510663,2018,2025-08-30,2025-10-25,Expired,Manual
3170,1170,9495731812,2001,2026-05-13,2026-05-14,Expired,Manual
3171,1171,9003965759,2013,2026-02-04,2026-05-05,Expired,Manual
3172,1172,9019733557,2017,2026-04-29,2027-04-29,Active,Manual
3173,1173,9102989885,2021,2025-08-18,2025-11-10,Expired,Auto
3174,1174,9395082068,2023,2026-05-24,2026-07-19,Expired,Auto
3175,1175,9611966675,2012,2026-05-13,2026-06-10,Expired,Auto
3176,1176,9536196460,2015,2025-09-18,2025-09-19,Expired,Auto
3177,1177,9459687858,2010,2025-12-27,2026-06-25,Expired,Auto
3178,1178,9122807235,2014,2025-09-01,2025-10-27,Expired,Auto
3179,1179,9261183658,2023,2026-07-21,2026-09-15,Active,Auto
3180,1180,9107697011,2012,2025-12-03,2025-12-31,Expired,Auto
3181,1181,9103984895,2003,2026-02-03,2026-05-04,Expired,Auto
3182,1182,9308834099,2011,2026-07-05,2027-01-01,Active,Auto
3183,1183,9657662652,2015,2026-01-28,2026-01-29,Expired,Auto
3184,1184,9140002474,2009,2026-04-20,2026-04-27,Expired,Auto
3185,1185,9727470475,2018,2026-04-28,2026-06-23,Expired,Manual
3186,1186,9163121700,2005,2025-11-18,2025-11-19,Expired,Auto
3187,1187,9977841631,2009,2025-10-16,2025-10-23,Expired,Auto
3188,1188,9485475786,2023,2026-05-28,2026-07-23,Expired,Auto
3189,1189,9081824058,2020,2026-07-26,2027-07-26,Active,Manual
3190,1190,9594378200,2020,2026-01-09,2027-01-09,Active,Auto
3191,1191,9741755655,2020,2026-03-18,2027-03-18,Active,Auto
3192,1192,9900201809,2011,2026-05-27,2026-11-23,Active,Auto
3193,1193,9039777186,2017,2025-11-17,2026-11-17,Active,Manual
3194,1194,9826607330,2008,2025-12-30,2026-12-30,Active,Manual
3195,1195,9503057115,2001,2026-03-05,2026-03-06,Expired,Auto
3196,1196,9671388649,2007,2026-04-11,2026-04-18,Expired,Manual
3197,1197,9725756966,2006,2026-07-02,2026-08-01,Expired,Manual
3198,1198,9680862390,2010,2026-06-29,2026-12-26,Active,Auto
3199,1199,9339920239,2009,2026-05-24,2026-05-31,Expired,Auto
3200,1200,9935215883,2024,2026-04-18,2026-04-25,Expired,Auto
3201,1201,9844498927,2002,2025-11-12,2025-11-19,Expired,Auto
3202,1202,9134124999,2021,2025-10-17,2026-01-09,Expired,Auto
3203,1203,9367558754,2015,2026-02-15,2026-02-16,Expired,Manual
3204,1204,9605184717,2013,2026-01-26,2026-04-26,Expired,Auto
3205,1205,9114353759,2011,2026-01-09,2026-07-08,Expired,Auto
3206,1206,9890704486,2004,2026-03-30,2026-05-25,Expired,Auto
3207,1207,9608682904,2016,2026-07-03,2026-10-01,Active,Auto
3208,1208,9804183422,2005,2026-07-30,2026-07-31,Expired,Auto
3209,1209,9641679006,2006,2026-06-14,2026-07-14,Expired,Auto
3210,1210,9063760133,2006,2025-11-13,2025-12-13,Expired,Auto
3211,1211,9526783920,2007,2026-01-27,2026-02-03,Expired,Manual
3212,1212,9249231779,2015,2026-07-02,2026-07-03,Expired,Manual
3213,1213,9747509650,2010,2026-02-19,2026-08-18,Active,Manual
3214,1214,9119515529,2022,2026-05-21,2026-06-20,Expired,Auto
3215,1215,9558663876,2007,2025-08-23,2025-08-30,Expired,Auto
3216,1216,9667840434,2024,2025-08-10,2025-08-17,Expired,Manual
3217,1217,9214026495,2002,2025-08-14,2025-08-21,Expired,Auto
3218,1218,9873460889,2020,2025-09-10,2026-09-10,Active,Auto
3219,1219,9956588099,2002,2025-09-01,2025-09-08,Expired,Auto
3220,1220,9211583428,2022,2025-11-11,2025-12-11,Expired,Auto
3221,1221,9155431658,2002,2025-11-03,2025-11-10,Expired,Auto
3222,1222,9740804790,2007,2025-12-05,2025-12-12,Expired,Auto
3223,1223,9537265562,2013,2026-05-24,2026-08-22,Active,Auto
3224,1224,9148274783,2013,2025-11-13,2026-02-11,Expired,Auto
3225,1225,9044499263,2017,2026-06-30,2027-06-30,Active,Manual
3226,1226,9228254626,2017,2026-07-26,2027-07-26,Active,Auto
3227,1227,9206058251,2018,2025-09-10,2025-11-05,Expired,Auto
3228,1228,9766727203,2022,2025-09-06,2025-10-06,Expired,Manual
3229,1229,9105248169,2022,2026-04-01,2026-05-01,Expired,Auto
3230,1230,9933096383,2018,2025-12-19,2026-02-13,Expired,Auto
3231,1231,9009237649,2006,2026-06-16,2026-07-16,Expired,Auto
3232,1232,9074096260,2006,2026-04-29,2026-05-29,Expired,Auto
3233,1233,9963951877,2002,2025-11-16,2025-11-23,Expired,Manual
3234,1234,9040106848,2024,2025-09-16,2025-09-23,Expired,Auto
3235,1235,9302150375,2001,2026-06-04,2026-06-05,Expired,Auto
3236,1236,9387079174,2011,2026-04-10,2026-10-07,Active,Auto
3237,1237,9042613413,2004,2026-07-16,2026-09-10,Active,Auto
3238,1238,9661980849,2020,2025-09-16,2026-09-16,Active,Auto
3239,1239,9470547842,2018,2025-12-23,2026-02-17,Expired,Auto
3240,1240,9784734680,2023,2026-02-06,2026-04-03,Expired,Manual
3241,1241,9303403675,2008,2026-02-28,2027-02-28,Active,Auto
3242,1242,9451765267,2002,2025-10-03,2025-10-10,Expired,Manual
3243,1243,9904694470,2006,2026-03-22,2026-04-21,Expired,Auto
3244,1244,9712497034,2001,2026-07-21,2026-07-22,Expired,Auto
3245,1245,9503335139,2003,2026-07-03,2026-10-01,Active,Manual
3246,1246,9946791534,2021,2025-08-12,2025-11-04,Expired,Auto
3247,1247,9465063743,2013,2026-03-17,2026-06-15,Expired,Auto
3248,1248,9481502489,2021,2026-07-09,2026-10-01,Active,Manual
3249,1249,9835472713,2005,2025-09-11,2025-09-12,Expired,Auto
3250,1250,9586461558,2016,2025-12-29,2026-03-29,Expired,Auto
3251,1251,9075886366,2025,2026-06-13,2026-06-14,Expired,Manual
3252,1252,9698778491,2011,2026-05-23,2026-11-19,Active,Auto
3253,1253,9121106707,2015,2025-10-18,2025-10-19,Expired,Auto
3254,1254,9130899315,2008,2026-02-26,2027-02-26,Active,Auto
3255,1255,9984616189,2006,2025-09-23,2025-10-23,Expired,Auto
3256,1256,9263945281,2024,2026-04-03,2026-04-10,Expired,Auto
3257,1257,9199093591,2018,2025-09-20,2025-11-15,Expired,Manual
3258,1258,9461000693,2007,2026-07-21,2026-07-28,Expired,Auto
3259,1259,9049333405,2016,2026-02-23,2026-05-24,Expired,Auto
3260,1260,9025367205,2018,2026-03-14,2026-05-09,Expired,Auto
3261,1261,9590330348,2015,2026-03-19,2026-03-20,Expired,Auto
3262,1262,9612926908,2009,2026-01-06,2026-01-13,Expired,Auto
3263,1263,9763845246,2011,2026-04-26,2026-10-23,Active,Auto
3264,1264,9242778489,2011,2026-07-31,2027-01-27,Active,Manual
3265,1265,9460112861,2006,2026-02-27,2026-03-29,Expired,Auto
3266,1266,9117958992,2014,2025-10-09,2025-12-04,Expired,Auto
3267,1267,9543934698,2025,2025-10-12,2025-10-13,Expired,Auto
3268,1268,9796524099,2006,2025-09-12,2025-10-12,Expired,Manual
3269,1269,9878886536,2011,2026-04-03,2026-09-30,Active,Auto
3270,1270,9987867347,2017,2026-07-22,2027-07-22,Active,Auto
3271,1271,9042806619,2023,2026-02-03,2026-03-31,Expired,Manual
3272,1272,9422871170,2014,2025-11-17,2026-01-12,Expired,Auto
3273,1273,9720032999,2009,2026-05-10,2026-05-17,Expired,Auto
3274,1274,9135110188,2024,2026-03-19,2026-03-26,Expired,Auto
3275,1275,9101414184,2018,2026-01-19,2026-03-16,Expired,Manual
3276,1276,9290719240,2022,2026-03-16,2026-04-15,Expired,Manual
3277,1277,9649997188,2003,2025-11-01,2026-01-30,Expired,Auto
3278,1278,9614483616,2010,2026-06-02,2026-11-29,Active,Auto
3279,1279,9261465249,2024,2026-08-07,2026-08-14,Active,Auto
3280,1280,9220516113,2016,2026-06-30,2026-09-28,Active,Auto
3281,1281,9501146896,2001,2026-02-05,2026-02-06,Expired,Auto
3282,1282,9646713440,2009,2025-08-22,2025-08-29,Expired,Manual
3283,1283,9444579035,2016,2026-07-06,2026-10-04,Active,Auto
3284,1284,9021322936,2015,2025-09-22,2025-09-23,Expired,Auto
3285,1285,9411479425,2007,2026-03-21,2026-03-28,Expired,Auto
3286,1286,9308216567,2014,2025-09-16,2025-11-11,Expired,Auto
3287,1287,9748138129,2023,2025-09-27,2025-11-22,Expired,Auto
3288,1288,9989569477,2023,2026-05-11,2026-07-06,Expired,Auto
3289,1289,9789487873,2016,2025-08-30,2025-11-28,Expired,Auto
3290,1290,9303771920,2012,2026-01-28,2026-02-25,Expired,Auto
3291,1291,9363061274,2004,2026-07-27,2026-09-21,Active,Auto
3292,1292,9741440412,2016,2026-02-28,2026-05-29,Expired,Manual
3293,1293,9171781247,2012,2025-08-17,2025-09-14,Expired,Manual
3294,1294,9749321705,2019,2025-12-02,2026-05-31,Expired,Auto
3295,1295,9066393064,2011,2026-06-03,2026-11-30,Active,Auto
3296,1296,9506592288,2022,2025-10-10,2025-11-09,Expired,Manual
3297,1297,9521719609,2010,2026-05-24,2026-11-20,Active,Auto
3298,1298,9310444428,2018,2025-10-27,2025-12-22,Expired,Manual
3299,1299,9494048290,2018,2025-11-03,2025-12-29,Expired,Auto
3300,1300,9798258896,2025,2025-12-09,2025-12-10,Expired,Manual
3301,1301,9877576008,2010,2025-11-17,2026-05-16,Expired,Manual
3302,1302,9671868299,2018,2026-07-18,2026-09-12,Active,Auto
3303,1303,9010252571,2008,2026-01-30,2027-01-30,Active,Auto
3304,1304,9507095333,2024,2026-04-16,2026-04-23,Expired,Manual
3305,1305,9856321230,2015,2026-04-01,2026-04-02,Expired,Manual
3306,1306,9943606523,2009,2026-02-26,2026-03-05,Expired,Auto
3307,1307,9107589153,2023,2025-11-04,2025-12-30,Expired,Manual
3308,1308,9295612850,2015,2026-07-11,2026-07-12,Expired,Auto
3309,1309,9470202262,2018,2025-10-23,2025-12-18,Expired,Auto
3310,1310,9700118735,2005,2026-01-05,2026-01-06,Expired,Auto
3311,1311,9999880197,2006,2025-10-16,2025-11-15,Expired,Auto
3312,1312,9788982046,2013,2025-11-29,2026-02-27,Expired,Auto
3313,1313,9628422431,2017,2025-09-28,2026-09-28,Active,Auto
3314,1314,9312630856,2017,2026-01-15,2027-01-15,Active,Auto
3315,1315,9977902874,2023,2026-06-11,2026-08-06,Expired,Auto
3316,1316,9731762453,2004,2026-04-17,2026-06-12,Expired,Auto
3317,1317,9919366689,2011,2026-04-30,2026-10-27,Active,Auto
3318,1318,9109226005,2024,2026-04-18,2026-04-25,Expired,Auto
3319,1319,9532742948,2021,2026-03-22,2026-06-14,Expired,Manual
3320,1320,9128749153,2009,2025-10-12,2025-10-19,Expired,Auto
3321,1321,9734254067,2015,2026-07-03,2026-07-04,Expired,Manual
3322,1322,9421861171,2002,2026-06-01,2026-06-08,Expired,Auto
3323,1323,9300779320,2025,2026-07-17,2026-07-18,Expired,Auto
3324,1324,9259123143,2021,2026-07-06,2026-09-28,Active,Manual
3325,1325,9952036397,2016,2026-01-15,2026-04-15,Expired,Auto
3326,1326,9268377603,2005,2025-09-24,2025-09-25,Expired,Auto
3327,1327,9083259626,2024,2026-04-26,2026-05-03,Expired,Manual
3328,1328,9892073721,2006,2026-06-11,2026-07-11,Expired,Auto
3329,1329,9703879517,2018,2026-03-05,2026-04-30,Expired,Auto
3330,1330,9993465409,2007,2026-03-11,2026-03-18,Expired,Auto
3331,1331,9370616912,2008,2026-05-12,2027-05-12,Active,Auto
3332,1332,9633487067,2008,2025-09-29,2026-09-29,Active,Auto
3333,1333,9371194810,2020,2025-09-20,2026-09-20,Active,Auto
3334,1334,9702967027,2015,2026-02-02,2026-02-03,Expired,Auto
3335,1335,9808489015,2025,2026-03-10,2026-03-11,Expired,Auto
3336,1336,9460499989,2006,2025-09-14,2025-10-14,Expired,Auto
3337,1337,9219619093,2009,2026-02-14,2026-02-21,Expired,Auto
3338,1338,9766377365,2016,2025-11-18,2026-02-16,Expired,Auto
3339,1339,9005893367,2020,2026-04-30,2027-04-30,Active,Manual
3340,1340,9880356285,2018,2025-12-05,2026-01-30,Expired,Auto
3341,1341,9872891034,2002,2026-01-11,2026-01-18,Expired,Auto
3342,1342,9411621277,2015,2026-06-29,2026-06-30,Expired,Auto
3343,1343,9096596402,2012,2025-09-23,2025-10-21,Expired,Auto
3344,1344,9259460539,2013,2026-04-17,2026-07-16,Expired,Manual
3345,1345,9085867261,2001,2026-03-16,2026-03-17,Expired,Auto
3346,1346,9291962099,2020,2026-02-16,2027-02-16,Active,Auto
3347,1347,9215527452,2016,2025-10-09,2026-01-07,Expired,Manual
3348,1348,9194060115,2019,2025-09-21,2026-03-20,Expired,Auto
3349,1349,9585803522,2019,2026-07-05,2027-01-01,Active,Manual
3350,1350,9797267197,2017,2026-02-09,2027-02-09,Active,Auto
3351,1351,9754894574,2025,2026-05-05,2026-05-06,Expired,Auto
3352,1352,9856696852,2006,2026-05-12,2026-06-11,Expired,Auto
3353,1353,9275239680,2012,2026-07-17,2026-08-14,Active,Auto
3354,1354,9158490724,2011,2026-02-05,2026-08-04,Expired,Manual
3355,1355,9037911462,2004,2026-05-28,2026-07-23,Expired,Auto
3356,1356,9263974247,2019,2026-06-05,2026-12-02,Active,Auto
3357,1357,9861142110,2024,2026-05-06,2026-05-13,Expired,Auto
3358,1358,9430007249,2001,2025-08-23,2025-08-24,Expired,Manual
3359,1359,9623817159,2004,2025-12-06,2026-01-31,Expired,Manual
3360,1360,9787853361,2010,2026-02-10,2026-08-09,Active,Auto
3361,1361,9689173742,2017,2025-11-11,2026-11-11,Active,Manual
3362,1362,9201892762,2020,2026-01-04,2027-01-04,Active,Auto
3363,1363,9882919597,2015,2025-08-16,2025-08-17,Expired,Manual
3364,1364,9414448159,2024,2026-06-20,2026-06-27,Expired,Auto
3365,1365,9700310891,2006,2025-12-24,2026-01-23,Expired,Auto
3366,1366,9342525005,2024,2026-02-06,2026-02-13,Expired,Manual
3367,1367,9292033900,2006,2025-09-30,2025-10-30,Expired,Auto
3368,1368,9977897114,2015,2026-01-23,2026-01-24,Expired,Auto
3369,1369,9661993554,2020,2025-08-09,2026-08-09,Active,Manual
3370,1370,9903888218,2004,2025-08-20,2025-10-15,Expired,Auto
3371,1371,9545111208,2001,2026-06-23,2026-06-24,Expired,Auto
3372,1372,9134947253,2025,2026-06-01,2026-06-02,Expired,Manual
3373,1373,9436818611,2022,2026-01-19,2026-02-18,Expired,Manual
3374,1374,9557039032,2003,2026-04-15,2026-07-14,Expired,Auto
3375,1375,9016069226,2023,2026-06-10,2026-08-05,Expired,Auto
3376,1376,9296959007,2008,2026-01-09,2027-01-09,Active,Auto
3377,1377,9286115084,2004,2026-06-16,2026-08-11,Active,Auto
3378,1378,9076511358,2023,2026-02-15,2026-04-12,Expired,Auto
3379,1379,9362714591,2006,2026-06-30,2026-07-30,Expired,Auto
3380,1380,9112084428,2002,2025-11-22,2025-11-29,Expired,Auto
3381,1381,9307506639,2017,2026-05-08,2027-05-08,Active,Manual
3382,1382,9507167622,2021,2026-08-04,2026-10-27,Active,Manual
3383,1383,9493943514,2021,2025-08-21,2025-11-13,Expired,Auto
3384,1384,9502424314,2010,2026-02-09,2026-08-08,Expired,Manual
3385,1385,9900785731,2024,2026-06-15,2026-06-22,Expired,Manual
3386,1386,9127115379,2008,2025-08-23,2026-08-23,Active,Auto
3387,1387,9796716218,2013,2026-01-23,2026-04-23,Expired,Auto
3388,1388,9804383400,2009,2026-04-05,2026-04-12,Expired,Auto
3389,1389,9465179100,2003,2025-11-02,2026-01-31,Expired,Auto
3390,1390,9764849921,2001,2025-11-24,2025-11-25,Expired,Auto
3391,1391,9138848924,2018,2026-06-14,2026-08-09,Active,Auto
3392,1392,9034785365,2009,2026-04-17,2026-04-24,Expired,Auto
3393,1393,9113352689,2022,2026-06-26,2026-07-26,Expired,Auto
3394,1394,9745363648,2012,2025-12-22,2026-01-19,Expired,Auto
3395,1395,9788506080,2020,2026-01-18,2027-01-18,Active,Auto
3396,1396,9441556937,2017,2026-03-13,2027-03-13,Active,Auto
3397,1397,9112558734,2017,2025-12-05,2026-12-05,Active,Auto
3398,1398,9514110424,2025,2026-06-28,2026-06-29,Expired,Auto
3399,1399,9742455446,2005,2026-04-09,2026-04-10,Expired,Auto
3400,1400,9227325705,2010,2026-03-28,2026-09-24,Active,Auto
3401,1401,9170340840,2008,2026-02-12,2027-02-12,Active,Manual
3402,1402,9924303787,2007,2026-01-27,2026-02-03,Expired,Auto
3403,1403,9719698684,2004,2026-03-01,2026-04-26,Expired,Auto
3404,1404,9573109165,2019,2026-08-06,2027-02-02,Active,Auto
3405,1405,9801875959,2021,2025-10-30,2026-01-22,Expired,Auto
3406,1406,9148817241,2008,2026-02-23,2027-02-23,Active,Auto
3407,1407,9444059476,2010,2025-08-20,2026-02-16,Expired,Auto
3408,1408,9086302430,2022,2025-09-21,2025-10-21,Expired,Manual
3409,1409,9046106102,2023,2026-05-31,2026-07-26,Expired,Auto
3410,1410,9110172562,2013,2025-11-05,2026-02-03,Expired,Auto
3411,1411,9368609947,2018,2025-09-30,2025-11-25,Expired,Auto
3412,1412,9339634659,2015,2026-08-08,2026-08-09,Active,Manual
3413,1413,9479872818,2004,2026-06-26,2026-08-21,Active,Manual
3414,1414,9165146274,2003,2026-08-01,2026-10-30,Active,Auto
3415,1415,9697512853,2012,2026-04-04,2026-05-02,Expired,Auto
3416,1416,9329927089,2001,2026-05-07,2026-05-08,Expired,Auto
3417,1417,9371579682,2024,2026-06-12,2026-06-19,Expired,Auto
3418,1418,9234782907,2013,2025-10-13,2026-01-11,Expired,Auto
3419,1419,9140252787,2007,2026-06-22,2026-06-29,Expired,Auto
3420,1420,9366092788,2009,2026-02-20,2026-02-27,Expired,Auto
3421,1421,9098535177,2008,2026-04-06,2027-04-06,Active,Manual
3422,1422,9034236560,2010,2025-09-27,2026-03-26,Expired,Auto
3423,1423,9785992954,2014,2025-08-18,2025-10-13,Expired,Auto
3424,1424,9222670368,2003,2026-07-13,2026-10-11,Active,Auto
3425,1425,9859427242,2018,2026-02-18,2026-04-15,Expired,Auto
3426,1426,9885021510,2015,2026-05-18,2026-05-19,Expired,Manual
3427,1427,9920321512,2011,2025-08-13,2026-02-09,Expired,Auto
3428,1428,9547850454,2018,2026-03-20,2026-05-15,Expired,Auto
3429,1429,9966445815,2024,2025-12-24,2025-12-31,Expired,Auto
3430,1430,9141477418,2004,2025-08-18,2025-10-13,Expired,Auto
3431,1431,9907344482,2001,2026-06-22,2026-06-23,Expired,Auto
3432,1432,9902358584,2010,2025-11-28,2026-05-27,Expired,Auto
3433,1433,9829979612,2017,2026-01-01,2027-01-01,Active,Auto
3434,1434,9217844289,2024,2026-02-08,2026-02-15,Expired,Manual
3435,1435,9738680601,2016,2025-08-29,2025-11-27,Expired,Manual
3436,1436,9670666235,2008,2025-10-19,2026-10-19,Active,Auto
3437,1437,9241963318,2008,2025-08-20,2026-08-20,Active,Manual
3438,1438,9420426042,2016,2026-07-21,2026-10-19,Active,Auto
3439,1439,9653115828,2008,2026-05-11,2027-05-11,Active,Auto
3440,1440,9660783488,2014,2026-06-13,2026-08-08,Expired,Auto
3441,1441,9473409534,2003,2026-07-01,2026-09-29,Active,Manual
3442,1442,9074413160,2006,2026-07-27,2026-08-26,Active,Auto
3443,1443,9658225449,2009,2025-08-17,2025-08-24,Expired,Manual
3444,1444,9184651840,2022,2025-10-18,2025-11-17,Expired,Auto
3445,1445,9978158041,2002,2026-06-25,2026-07-02,Expired,Auto
3446,1446,9012947379,2005,2026-06-12,2026-06-13,Expired,Auto
3447,1447,9697692022,2008,2026-07-03,2027-07-03,Active,Auto
3448,1448,9533435588,2024,2025-10-03,2025-10-10,Expired,Auto
3449,1449,9468913991,2018,2026-07-07,2026-09-01,Active,Auto
3450,1450,9720507464,2012,2025-12-25,2026-01-22,Expired,Auto
3451,1451,9591608837,2016,2025-08-10,2025-11-08,Expired,Auto
3452,1452,9689351480,2003,2025-12-29,2026-03-29,Expired,Auto
3453,1453,9369877332,2016,2026-03-20,2026-06-18,Expired,Auto
3454,1454,9861951594,2012,2026-05-16,2026-06-13,Expired,Manual
3455,1455,9435693139,2006,2026-06-15,2026-07-15,Expired,Auto
3456,1456,9823363987,2002,2025-10-06,2025-10-13,Expired,Auto
3457,1457,9971399378,2006,2026-05-02,2026-06-01,Expired,Auto
3458,1458,9434669687,2001,2026-04-25,2026-04-26,Expired,Auto
3459,1459,9123505302,2015,2026-03-21,2026-03-22,Expired,Auto
3460,1460,9183764811,2008,2025-11-09,2026-11-09,Active,Auto
3461,1461,9789114780,2001,2025-12-24,2025-12-25,Expired,Manual
3462,1462,9623285130,2025,2026-06-23,2026-06-24,Expired,Auto
3463,1463,9699985030,2014,2026-02-01,2026-03-29,Expired,Auto
3464,1464,9596576052,2018,2026-05-24,2026-07-19,Expired,Auto
3465,1465,9602726764,2017,2025-11-18,2026-11-18,Active,Auto
3466,1466,9208965329,2013,2025-11-01,2026-01-30,Expired,Auto
3467,1467,9291680295,2010,2026-02-18,2026-08-17,Active,Manual
3468,1468,9538448491,2022,2026-02-11,2026-03-13,Expired,Auto
3469,1469,9054061669,2024,2026-06-10,2026-06-17,Expired,Auto
3470,1470,9282426979,2002,2026-01-01,2026-01-08,Expired,Manual
3471,1471,9576974808,2025,2026-03-03,2026-03-04,Expired,Auto
3472,1472,9124236477,2009,2025-12-09,2025-12-16,Expired,Auto
3473,1473,9375376181,2022,2025-09-29,2025-10-29,Expired,Auto
3474,1474,9131833841,2002,2025-12-20,2025-12-27,Expired,Auto
3475,1475,9560787873,2016,2026-05-17,2026-08-15,Active,Manual
3476,1476,9719827192,2004,2026-06-23,2026-08-18,Active,Auto
3477,1477,9704440552,2025,2026-07-16,2026-07-17,Expired,Auto
3478,1478,9155928225,2025,2026-07-22,2026-07-23,Expired,Auto
3479,1479,9651772535,2021,2025-10-21,2026-01-13,Expired,Auto
3480,1480,9729483133,2004,2026-01-15,2026-03-12,Expired,Auto
3481,1481,9272337351,2021,2026-03-19,2026-06-11,Expired,Auto
3482,1482,9942631623,2008,2026-03-21,2027-03-21,Active,Auto
3483,1483,9252070773,2008,2025-11-29,2026-11-29,Active,Auto
3484,1484,9340595040,2002,2025-10-21,2025-10-28,Expired,Auto
3485,1485,9854610684,2007,2026-04-30,2026-05-07,Expired,Auto
3486,1486,9422634675,2003,2025-10-31,2026-01-29,Expired,Manual
3487,1487,9322342923,2024,2026-07-21,2026-07-28,Expired,Auto
3488,1488,9955512973,2011,2026-04-21,2026-10-18,Active,Auto
3489,1489,9848390634,2018,2026-04-13,2026-06-08,Expired,Manual
3490,1490,9726841518,2012,2026-03-14,2026-04-11,Expired,Auto
3491,1491,9145771132,2002,2026-05-13,2026-05-20,Expired,Auto
3492,1492,9604851581,2013,2025-09-26,2025-12-25,Expired,Auto
3493,1493,9283317877,2013,2026-03-25,2026-06-23,Expired,Auto
3494,1494,9542651279,2022,2026-05-05,2026-06-04,Expired,Manual
3495,1495,9124152834,2008,2026-06-19,2027-06-19,Active,Manual
3496,1496,9329531166,2010,2025-12-14,2026-06-12,Expired,Auto
3497,1497,9207627507,2010,2026-04-06,2026-10-03,Active,Manual
3498,1498,9756212365,2015,2026-01-01,2026-01-02,Expired,Manual
3499,1499,9826417842,2013,2026-02-14,2026-05-15,Expired,Manual
3500,1500,9362307452,2016,2025-11-01,2026-01-30,Expired,Auto
3501,1501,9736943737,2024,2026-01-14,2026-01-21,Expired,Manual
3502,1502,9828392404,2004,2025-12-12,2026-02-06,Expired,Manual
3503,1503,9904667284,2004,2025-12-20,2026-02-14,Expired,Auto
3504,1504,9058427539,2008,2026-04-01,2027-04-01,Active,Auto
3505,1505,9262020684,2007,2026-05-19,2026-05-26,Expired,Auto
3506,1506,9918925197,2013,2026-02-28,2026-05-29,Expired,Auto
3507,1507,9684703922,2013,2026-03-16,2026-06-14,Expired,Auto
3508,1508,9630673196,2008,2025-08-24,2026-08-24,Active,Auto
3509,1509,9461303784,2011,2025-08-22,2026-02-18,Expired,Auto
3510,1510,9385301645,2003,2025-08-19,2025-11-17,Expired,Auto
3511,1511,9199165101,2009,2026-02-25,2026-03-04,Expired,Auto
3512,1512,9399897805,2014,2025-11-11,2026-01-06,Expired,Auto
3513,1513,9156397765,2008,2026-03-11,2027-03-11,Active,Manual
3514,1514,9875136909,2010,2026-04-07,2026-10-04,Active,Auto
3515,1515,9931329415,2012,2026-06-18,2026-07-16,Expired,Auto
3516,1516,9607160117,2006,2025-08-21,2025-09-20,Expired,Auto
3517,1517,9419412817,2009,2026-03-28,2026-04-04,Expired,Auto
3518,1518,9821490395,2019,2026-02-24,2026-08-23,Active,Manual
3519,1519,9456193112,2022,2025-09-15,2025-10-15,Expired,Auto
3520,1520,9647663949,2025,2026-06-18,2026-06-19,Expired,Manual
3521,1521,9889162484,2021,2026-04-15,2026-07-08,Expired,Auto
3522,1522,9873334549,2006,2025-09-24,2025-10-24,Expired,Auto
3523,1523,9751471448,2002,2025-12-03,2025-12-10,Expired,Auto
3524,1524,9937930639,2019,2025-10-30,2026-04-28,Expired,Auto
3525,1525,9282199008,2004,2026-06-30,2026-08-25,Active,Auto
3526,1526,9331976937,2006,2026-01-03,2026-02-02,Expired,Auto
3527,1527,9316729329,2008,2025-10-22,2026-10-22,Active,Auto
3528,1528,9388743975,2001,2025-08-21,2025-08-22,Expired,Auto
3529,1529,9200773905,2012,2026-06-12,2026-07-10,Expired,Manual
3530,1530,9003541961,2022,2025-10-08,2025-11-07,Expired,Manual
3531,1531,9139165652,2021,2025-11-28,2026-02-20,Expired,Auto
3532,1532,9077070593,2025,2025-10-11,2025-10-12,Expired,Manual
3533,1533,9837948417,2021,2025-11-16,2026-02-08,Expired,Manual
3534,1534,9303395247,2014,2026-07-11,2026-09-05,Active,Auto
3535,1535,9316641127,2015,2025-12-12,2025-12-13,Expired,Auto
3536,1536,9423769975,2023,2026-02-03,2026-03-31,Expired,Manual
3537,1537,9689247721,2022,2026-02-18,2026-03-20,Expired,Auto
3538,1538,9196208552,2013,2026-02-12,2026-05-13,Expired,Auto
3539,1539,9439416253,2016,2026-05-27,2026-08-25,Active,Auto
3540,1540,9763705774,2004,2025-12-23,2026-02-17,Expired,Manual
3541,1541,9765021782,2009,2026-03-11,2026-03-18,Expired,Auto
3542,1542,9760746650,2011,2025-08-27,2026-02-23,Expired,Manual
3543,1543,9233872183,2002,2026-01-21,2026-01-28,Expired,Auto
3544,1544,9262534628,2017,2026-04-04,2027-04-04,Active,Auto
3545,1545,9452982688,2023,2025-10-12,2025-12-07,Expired,Auto
3546,1546,9078329882,2010,2026-01-25,2026-07-24,Expired,Auto
3547,1547,9623304410,2005,2026-01-09,2026-01-10,Expired,Auto
3548,1548,9585777720,2016,2026-04-09,2026-07-08,Expired,Auto
3549,1549,9686490219,2009,2025-11-30,2025-12-07,Expired,Auto
3550,1550,9260415010,2004,2026-01-14,2026-03-11,Expired,Auto
3551,1551,9926167789,2014,2025-10-12,2025-12-07,Expired,Auto
3552,1552,9860419605,2015,2026-07-29,2026-07-30,Expired,Manual
3553,1553,9458969397,2009,2026-01-01,2026-01-08,Expired,Auto
3554,1554,9401879454,2007,2026-06-04,2026-06-11,Expired,Auto
3555,1555,9904237613,2020,2026-05-12,2027-05-12,Active,Auto
3556,1556,9747835404,2003,2025-09-24,2025-12-23,Expired,Auto
3557,1557,9549651023,2004,2025-09-12,2025-11-07,Expired,Auto
3558,1558,9144036581,2024,2025-11-01,2025-11-08,Expired,Auto
3559,1559,9317348294,2022,2025-11-18,2025-12-18,Expired,Auto
3560,1560,9226938698,2017,2026-08-08,2027-08-08,Active,Auto
3561,1561,9253995338,2015,2026-01-30,2026-01-31,Expired,Auto
3562,1562,9517862781,2008,2026-01-13,2027-01-13,Active,Auto
3563,1563,9994952510,2025,2025-09-02,2025-09-03,Expired,Auto
3564,1564,9962850362,2013,2026-03-11,2026-06-09,Expired,Auto
3565,1565,9907924082,2005,2026-01-04,2026-01-05,Expired,Auto
3566,1566,9188707264,2003,2026-07-13,2026-10-11,Active,Auto
3567,1567,9232783896,2017,2025-11-29,2026-11-29,Active,Auto
3568,1568,9212555103,2018,2026-04-10,2026-06-05,Expired,Auto
3569,1569,9923520067,2018,2026-07-22,2026-09-16,Active,Manual
3570,1570,9147719208,2012,2025-09-14,2025-10-12,Expired,Auto
3571,1571,9716091254,2005,2026-02-11,2026-02-12,Expired,Auto
3572,1572,9098193204,2008,2025-11-15,2026-11-15,Active,Auto
3573,1573,9321921613,2016,2026-07-25,2026-10-23,Active,Auto
3574,1574,9919172025,2002,2025-10-16,2025-10-23,Expired,Manual
3575,1575,9775099364,2012,2025-12-01,2025-12-29,Expired,Auto
3576,1576,9815290082,2014,2026-02-19,2026-04-16,Expired,Auto
3577,1577,9258836568,2024,2026-04-13,2026-04-20,Expired,Auto
3578,1578,9811278299,2007,2025-12-28,2026-01-04,Expired,Auto
3579,1579,9444933349,2021,2026-03-30,2026-06-22,Expired,Auto
3580,1580,9054098690,2014,2026-05-28,2026-07-23,Expired,Manual
3581,1581,9113915658,2013,2025-12-27,2026-03-27,Expired,Auto
3582,1582,9274829332,2025,2026-01-28,2026-01-29,Expired,Auto
3583,1583,9741695592,2009,2026-04-17,2026-04-24,Expired,Auto
3584,1584,9877697818,2008,2026-07-23,2027-07-23,Active,Auto
3585,1585,9830485236,2013,2026-06-03,2026-09-01,Active,Manual
3586,1586,9590844859,2015,2025-10-20,2025-10-21,Expired,Manual
3587,1587,9828545976,2009,2026-07-13,2026-07-20,Expired,Auto
3588,1588,9606901726,2013,2026-02-07,2026-05-08,Expired,Auto
3589,1589,9027799141,2016,2025-12-05,2026-03-05,Expired,Manual
3590,1590,9697913561,2025,2026-03-18,2026-03-19,Expired,Auto
3591,1591,9269473610,2014,2025-08-17,2025-10-12,Expired,Auto
3592,1592,9455718762,2005,2026-07-05,2026-07-06,Expired,Auto
3593,1593,9347402101,2001,2026-05-21,2026-05-22,Expired,Auto
3594,1594,9790798596,2025,2025-09-11,2025-09-12,Expired,Auto
3595,1595,9841198231,2015,2026-06-11,2026-06-12,Expired,Auto
3596,1596,9463821945,2015,2026-04-10,2026-04-11,Expired,Auto
3597,1597,9272200392,2024,2025-09-08,2025-09-15,Expired,Auto
3598,1598,9681316924,2016,2026-01-20,2026-04-20,Expired,Auto
3599,1599,9407553646,2025,2026-05-22,2026-05-23,Expired,Auto
3600,1600,9562677058,2014,2026-02-25,2026-04-22,Expired,Auto
3601,1601,9417746214,2020,2026-01-06,2027-01-06,Active,Auto
3602,1602,9005140457,2016,2026-01-26,2026-04-26,Expired,Manual
3603,1603,9809602579,2023,2026-01-04,2026-03-01,Expired,Auto
3604,1604,9334600602,2001,2026-04-23,2026-04-24,Expired,Auto
3605,1605,9268261094,2008,2025-11-24,2026-11-24,Active,Auto
3606,1606,9177859595,2014,2026-02-08,2026-04-05,Expired,Auto
3607,1607,9740571075,2004,2026-08-08,2026-10-03,Active,Manual
3608,1608,9535231148,2015,2025-10-29,2025-10-30,Expired,Auto
3609,1609,9776870176,2012,2025-10-25,2025-11-22,Expired,Manual
3610,1610,9208654490,2004,2026-06-02,2026-07-28,Expired,Manual
3611,1611,9072131475,2025,2025-12-31,2026-01-01,Expired,Auto
3612,1612,9439779851,2018,2026-01-02,2026-02-27,Expired,Auto
3613,1613,9495375021,2013,2025-08-22,2025-11-20,Expired,Auto
3614,1614,9924039619,2015,2026-04-03,2026-04-04,Expired,Auto
3615,1615,9422585977,2005,2026-01-09,2026-01-10,Expired,Auto
3616,1616,9273823732,2014,2025-08-24,2025-10-19,Expired,Auto
3617,1617,9328879965,2021,2026-02-15,2026-05-10,Expired,Auto
3618,1618,9592347229,2002,2026-05-21,2026-05-28,Expired,Auto
3619,1619,9234857417,2014,2026-01-01,2026-02-26,Expired,Auto
3620,1620,9903072949,2021,2025-09-30,2025-12-23,Expired,Auto
3621,1621,9080143701,2016,2026-01-03,2026-04-03,Expired,Auto
3622,1622,9270280541,2018,2026-04-30,2026-06-25,Expired,Auto
3623,1623,9595025974,2017,2026-05-29,2027-05-29,Active,Manual
3624,1624,9482533923,2009,2025-10-05,2025-10-12,Expired,Auto
3625,1625,9590605164,2019,2026-05-14,2026-11-10,Active,Auto
3626,1626,9565082034,2012,2026-03-14,2026-04-11,Expired,Manual
3627,1627,9334080446,2012,2025-10-30,2025-11-27,Expired,Auto
3628,1628,9881706569,2023,2026-03-28,2026-05-23,Expired,Auto
3629,1629,9607041615,2004,2025-09-02,2025-10-28,Expired,Auto
3630,1630,9148653508,2025,2026-02-23,2026-02-24,Expired,Manual
3631,1631,9993713915,2013,2025-10-02,2025-12-31,Expired,Auto
3632,1632,9593148535,2025,2026-06-24,2026-06-25,Expired,Auto
3633,1633,9141147611,2023,2025-08-27,2025-10-22,Expired,Auto
3634,1634,9747624885,2025,2025-08-19,2025-08-20,Expired,Auto
3635,1635,9947492471,2005,2025-10-08,2025-10-09,Expired,Auto
3636,1636,9754125757,2019,2025-10-13,2026-04-11,Expired,Auto
3637,1637,9987962847,2009,2025-10-08,2025-10-15,Expired,Auto
3638,1638,9706092544,2001,2025-09-04,2025-09-05,Expired,Manual
3639,1639,9448815190,2008,2026-06-28,2027-06-28,Active,Auto
3640,1640,9650125733,2003,2025-10-16,2026-01-14,Expired,Auto
3641,1641,9829595142,2005,2026-04-22,2026-04-23,Expired,Manual
3642,1642,9573295533,2014,2025-10-31,2025-12-26,Expired,Auto
3643,1643,9880895118,2007,2026-07-31,2026-08-07,Expired,Auto
3644,1644,9884852480,2005,2026-06-30,2026-07-01,Expired,Auto
3645,1645,9687032557,2002,2025-12-21,2025-12-28,Expired,Manual
3646,1646,9817598267,2012,2026-02-04,2026-03-04,Expired,Manual
3647,1647,9013658026,2023,2026-05-09,2026-07-04,Expired,Manual
3648,1648,9138535944,2004,2026-06-28,2026-08-23,Active,Manual
3649,1649,9028781181,2014,2026-02-18,2026-04-15,Expired,Auto
3650,1650,9145047843,2011,2026-04-05,2026-10-02,Active,Auto
3651,1651,9621087961,2010,2026-08-04,2027-01-31,Active,Auto
3652,1652,9114380351,2018,2026-04-20,2026-06-15,Expired,Manual
3653,1653,9295228767,2003,2025-10-25,2026-01-23,Expired,Manual
3654,1654,9727819951,2022,2026-04-26,2026-05-26,Expired,Manual
3655,1655,9645846678,2016,2026-07-13,2026-10-11,Active,Auto
3656,1656,9734389859,2022,2026-01-24,2026-02-23,Expired,Auto
3657,1657,9104425091,2024,2026-04-04,2026-04-11,Expired,Auto
3658,1658,9906013754,2008,2026-07-13,2027-07-13,Active,Auto
3659,1659,9717212766,2006,2025-09-12,2025-10-12,Expired,Manual
3660,1660,9076826516,2021,2025-08-26,2025-11-18,Expired,Auto
3661,1661,9987099431,2024,2025-12-02,2025-12-09,Expired,Manual
3662,1662,9913918607,2011,2025-11-30,2026-05-29,Expired,Manual
3663,1663,9046934124,2024,2026-02-05,2026-02-12,Expired,Manual
3664,1664,9370155586,2001,2026-01-19,2026-01-20,Expired,Auto
3665,1665,9398299414,2014,2026-05-24,2026-07-19,Expired,Auto
3666,1666,9168248942,2002,2025-10-10,2025-10-17,Expired,Manual
3667,1667,9357705612,2003,2026-01-14,2026-04-14,Expired,Auto
3668,1668,9673126056,2011,2026-03-17,2026-09-13,Active,Auto
3669,1669,9199149452,2011,2026-07-14,2027-01-10,Active,Auto
3670,1670,9960458510,2001,2025-12-29,2025-12-30,Expired,Auto
3671,1671,9959804085,2001,2026-07-18,2026-07-19,Expired,Auto
3672,1672,9572993950,2007,2026-03-14,2026-03-21,Expired,Auto
3673,1673,9695482165,2005,2026-01-29,2026-01-30,Expired,Auto
3674,1674,9308612865,2012,2026-07-13,2026-08-10,Active,Auto
3675,1675,9794251413,2024,2026-02-04,2026-02-11,Expired,Manual
3676,1676,9568124974,2005,2025-09-02,2025-09-03,Expired,Manual
3677,1677,9618242440,2009,2025-12-14,2025-12-21,Expired,Auto
3678,1678,9030120540,2010,2025-12-27,2026-06-25,Expired,Auto
3679,1679,9812313324,2005,2025-10-29,2025-10-30,Expired,Manual
3680,1680,9616760643,2006,2025-12-13,2026-01-12,Expired,Auto
3681,1681,9961535300,2015,2026-02-17,2026-02-18,Expired,Auto
3682,1682,9434189384,2019,2025-10-29,2026-04-27,Expired,Auto
3683,1683,9814703362,2008,2026-01-23,2027-01-23,Active,Manual
3684,1684,9117039595,2015,2026-01-22,2026-01-23,Expired,Manual
3685,1685,9947084942,2017,2026-04-13,2027-04-13,Active,Manual
3686,1686,9438199116,2024,2025-10-04,2025-10-11,Expired,Manual
3687,1687,9181917476,2018,2026-02-27,2026-04-24,Expired,Manual
3688,1688,9883058079,2001,2025-09-03,2025-09-04,Expired,Manual
3689,1689,9309761084,2020,2026-03-06,2027-03-06,Active,Auto
3690,1690,9464716697,2005,2026-01-22,2026-01-23,Expired,Auto
3691,1691,9753947818,2023,2026-03-26,2026-05-21,Expired,Manual
3692,1692,9711650918,2016,2026-03-06,2026-06-04,Expired,Auto
3693,1693,9341956658,2011,2026-04-16,2026-10-13,Active,Auto
3694,1694,9295772775,2009,2025-08-16,2025-08-23,Expired,Auto
3695,1695,9995400649,2016,2025-12-15,2026-03-15,Expired,Manual
3696,1696,9338926063,2001,2026-05-04,2026-05-05,Expired,Manual
3697,1697,9556156670,2012,2026-02-20,2026-03-20,Expired,Auto
3698,1698,9386581095,2009,2026-07-09,2026-07-16,Expired,Auto
3699,1699,9761267068,2006,2025-08-14,2025-09-13,Expired,Manual
3700,1700,9272183248,2008,2026-05-12,2027-05-12,Active,Auto
3701,1701,9421841153,2023,2026-01-25,2026-03-22,Expired,Auto
3702,1702,9959700796,2018,2026-01-17,2026-03-14,Expired,Manual
3703,1703,9870510043,2010,2026-01-04,2026-07-03,Expired,Auto
3704,1704,9154558412,2003,2026-01-19,2026-04-19,Expired,Auto
3705,1705,9176460828,2008,2025-08-13,2026-08-13,Active,Manual
3706,1706,9998955932,2002,2025-10-22,2025-10-29,Expired,Auto
3707,1707,9332185537,2009,2026-07-09,2026-07-16,Expired,Auto
3708,1708,9329607107,2007,2026-07-11,2026-07-18,Expired,Manual
3709,1709,9087603389,2008,2025-12-09,2026-12-09,Active,Manual
3710,1710,9766968092,2021,2025-09-05,2025-11-28,Expired,Manual
3711,1711,9026026861,2015,2025-09-02,2025-09-03,Expired,Auto
3712,1712,9995034278,2019,2026-05-11,2026-11-07,Active,Auto
3713,1713,9381326802,2008,2026-02-17,2027-02-17,Active,Auto
3714,1714,9807008463,2022,2026-02-07,2026-03-09,Expired,Auto
3715,1715,9608399385,2012,2025-10-18,2025-11-15,Expired,Auto
3716,1716,9106431298,2018,2025-12-09,2026-02-03,Expired,Manual
3717,1717,9713975976,2008,2025-12-02,2026-12-02,Active,Auto
3718,1718,9357779476,2019,2026-03-17,2026-09-13,Active,Auto
3719,1719,9740122199,2011,2025-08-09,2026-02-05,Expired,Auto
3720,1720,9767716927,2003,2026-06-14,2026-09-12,Active,Manual
3721,1721,9430907594,2016,2026-06-07,2026-09-05,Active,Auto
3722,1722,9280959290,2019,2025-09-14,2026-03-13,Expired,Manual
3723,1723,9894939802,2015,2025-08-28,2025-08-29,Expired,Auto
3724,1724,9753361183,2024,2026-01-16,2026-01-23,Expired,Auto
3725,1725,9869549967,2006,2026-04-16,2026-05-16,Expired,Manual
3726,1726,9130522288,2002,2026-04-14,2026-04-21,Expired,Auto
3727,1727,9458727969,2004,2026-01-21,2026-03-18,Expired,Auto
3728,1728,9206038695,2018,2026-01-01,2026-02-26,Expired,Auto
3729,1729,9275111806,2009,2026-04-24,2026-05-01,Expired,Auto
3730,1730,9605619891,2008,2025-12-01,2026-12-01,Active,Manual
3731,1731,9841198966,2023,2026-01-13,2026-03-10,Expired,Auto
3732,1732,9778890936,2014,2026-02-02,2026-03-30,Expired,Auto
3733,1733,9396197560,2021,2025-11-04,2026-01-27,Expired,Auto
3734,1734,9421368869,2021,2026-01-08,2026-04-02,Expired,Auto
3735,1735,9039545349,2013,2026-06-12,2026-09-10,Active,Auto
3736,1736,9661086847,2025,2025-10-05,2025-10-06,Expired,Auto
3737,1737,9672939857,2016,2025-08-11,2025-11-09,Expired,Auto
3738,1738,9706526412,2010,2026-05-18,2026-11-14,Active,Auto
3739,1739,9357633243,2010,2025-11-11,2026-05-10,Expired,Auto
3740,1740,9523531401,2005,2026-07-19,2026-07-20,Expired,Manual
3741,1741,9945645521,2001,2025-08-14,2025-08-15,Expired,Auto
3742,1742,9538996963,2008,2025-08-21,2026-08-21,Active,Auto
3743,1743,9874395494,2002,2026-06-05,2026-06-12,Expired,Auto
3744,1744,9833608043,2002,2025-11-04,2025-11-11,Expired,Manual
3745,1745,9330340315,2003,2026-03-30,2026-06-28,Expired,Manual
3746,1746,9423299732,2022,2026-07-28,2026-08-27,Active,Auto
3747,1747,9665103464,2015,2026-07-03,2026-07-04,Expired,Auto
3748,1748,9403851673,2002,2026-08-03,2026-08-10,Active,Manual
3749,1749,9581731174,2013,2026-06-27,2026-09-25,Active,Auto
3750,1750,9232233025,2018,2025-10-02,2025-11-27,Expired,Manual
3751,1751,9367476675,2009,2025-09-06,2025-09-13,Expired,Auto
3752,1752,9480293802,2009,2026-02-18,2026-02-25,Expired,Auto
3753,1753,9170035120,2015,2025-11-26,2025-11-27,Expired,Auto
3754,1754,9763827162,2007,2025-10-28,2025-11-04,Expired,Auto
3755,1755,9904117280,2006,2025-10-13,2025-11-12,Expired,Manual
3756,1756,9891236284,2003,2026-04-23,2026-07-22,Expired,Auto
3757,1757,9579464701,2013,2025-08-24,2025-11-22,Expired,Auto
3758,1758,9820621196,2010,2026-01-11,2026-07-10,Expired,Auto
3759,1759,9321333856,2019,2026-05-13,2026-11-09,Active,Auto
3760,1760,9904803676,2008,2026-04-14,2027-04-14,Active,Manual
3761,1761,9713148308,2004,2026-06-10,2026-08-05,Expired,Auto
3762,1762,9447148769,2019,2025-09-15,2026-03-14,Expired,Auto
3763,1763,9828061191,2003,2026-07-02,2026-09-30,Active,Auto
3764,1764,9350331807,2001,2025-10-05,2025-10-06,Expired,Auto
3765,1765,9412167410,2023,2025-11-10,2026-01-05,Expired,Auto
3766,1766,9848469260,2019,2026-01-25,2026-07-24,Expired,Manual
3767,1767,9113510308,2008,2026-02-23,2027-02-23,Active,Auto
3768,1768,9614422892,2009,2025-10-03,2025-10-10,Expired,Auto
3769,1769,9259191672,2021,2026-07-27,2026-10-19,Active,Auto
3770,1770,9748400778,2021,2025-12-22,2026-03-16,Expired,Auto
3771,1771,9555263470,2015,2026-07-12,2026-07-13,Expired,Manual
3772,1772,9593224677,2014,2026-04-08,2026-06-03,Expired,Auto
3773,1773,9555362365,2001,2026-02-04,2026-02-05,Expired,Auto
3774,1774,9925020665,2017,2025-09-14,2026-09-14,Active,Auto
3775,1775,9525708516,2018,2025-11-20,2026-01-15,Expired,Auto
3776,1776,9300033618,2013,2026-06-12,2026-09-10,Active,Auto
3777,1777,9547014460,2025,2025-10-28,2025-10-29,Expired,Auto
3778,1778,9959833017,2022,2026-04-29,2026-05-29,Expired,Auto
3779,1779,9723932732,2004,2025-11-27,2026-01-22,Expired,Manual
3780,1780,9502110897,2008,2026-06-07,2027-06-07,Active,Auto
3781,1781,9536373493,2012,2025-12-07,2026-01-04,Expired,Auto
3782,1782,9631457717,2024,2026-06-30,2026-07-07,Expired,Manual
3783,1783,9480285619,2024,2026-04-14,2026-04-21,Expired,Auto
3784,1784,9143369748,2009,2026-07-07,2026-07-14,Expired,Manual
3785,1785,9992816237,2017,2026-01-29,2027-01-29,Active,Auto
3786,1786,9863005622,2021,2026-08-01,2026-10-24,Active,Auto
3787,1787,9373597801,2021,2026-01-26,2026-04-20,Expired,Auto
3788,1788,9230294719,2023,2026-05-22,2026-07-17,Expired,Auto
3789,1789,9930876997,2008,2025-11-01,2026-11-01,Active,Auto
3790,1790,9357747761,2025,2026-05-10,2026-05-11,Expired,Auto
3791,1791,9456351512,2019,2025-10-08,2026-04-06,Expired,Auto
3792,1792,9742370033,2024,2026-03-18,2026-03-25,Expired,Manual
3793,1793,9329668941,2005,2026-03-07,2026-03-08,Expired,Manual
3794,1794,9860866938,2020,2026-02-21,2027-02-21,Active,Auto
3795,1795,9449516645,2014,2026-02-16,2026-04-13,Expired,Auto
3796,1796,9726423917,2009,2025-11-28,2025-12-05,Expired,Auto
3797,1797,9877032550,2002,2026-02-21,2026-02-28,Expired,Manual
3798,1798,9191889111,2008,2025-08-23,2026-08-23,Active,Auto
3799,1799,9074570229,2012,2025-11-18,2025-12-16,Expired,Auto
3800,1800,9985210421,2011,2026-02-18,2026-08-17,Active,Manual
3801,1801,9619105728,2007,2026-04-08,2026-04-15,Expired,Auto
3802,1802,9072417610,2002,2025-08-23,2025-08-30,Expired,Auto
3803,1803,9791189402,2023,2025-11-17,2026-01-12,Expired,Auto
3804,1804,9996027488,2014,2025-10-02,2025-11-27,Expired,Auto
3805,1805,9919835101,2011,2025-09-06,2026-03-05,Expired,Manual
3806,1806,9579542300,2020,2025-09-23,2026-09-23,Active,Auto
3807,1807,9047797926,2021,2026-03-07,2026-05-30,Expired,Auto
3808,1808,9170017491,2024,2026-06-16,2026-06-23,Expired,Manual
3809,1809,9456057502,2004,2025-08-18,2025-10-13,Expired,Manual
3810,1810,9635739998,2004,2025-10-05,2025-11-30,Expired,Auto
3811,1811,9495006663,2018,2026-07-20,2026-09-14,Active,Auto
3812,1812,9962578410,2008,2026-01-11,2027-01-11,Active,Auto
3813,1813,9155023129,2001,2025-10-06,2025-10-07,Expired,Auto
3814,1814,9569679306,2009,2026-05-25,2026-06-01,Expired,Auto
3815,1815,9892959600,2025,2026-01-23,2026-01-24,Expired,Auto
3816,1816,9931149828,2010,2026-06-02,2026-11-29,Active,Auto
3817,1817,9951316861,2017,2026-01-15,2027-01-15,Active,Auto
3818,1818,9455872401,2025,2025-12-23,2025-12-24,Expired,Auto
3819,1819,9334731107,2024,2026-02-10,2026-02-17,Expired,Manual
3820,1820,9741554062,2006,2025-08-16,2025-09-15,Expired,Auto
3821,1821,9088911836,2016,2026-07-16,2026-10-14,Active,Manual
3822,1822,9920614869,2015,2025-08-20,2025-08-21,Expired,Auto
3823,1823,9647163979,2009,2026-04-09,2026-04-16,Expired,Auto
3824,1824,9425709568,2009,2025-11-27,2025-12-04,Expired,Auto
3825,1825,9812576347,2009,2026-05-18,2026-05-25,Expired,Auto
3826,1826,9901281723,2007,2026-01-08,2026-01-15,Expired,Auto
3827,1827,9606159969,2004,2025-10-08,2025-12-03,Expired,Manual
3828,1828,9852722715,2008,2025-09-20,2026-09-20,Active,Auto
3829,1829,9130438532,2022,2026-02-15,2026-03-17,Expired,Auto
3830,1830,9158781453,2006,2026-05-13,2026-06-12,Expired,Auto
3831,1831,9867842317,2010,2026-06-06,2026-12-03,Active,Manual
3832,1832,9874974724,2002,2026-03-25,2026-04-01,Expired,Auto
3833,1833,9735981530,2022,2026-01-29,2026-02-28,Expired,Manual
3834,1834,9441625786,2014,2026-04-17,2026-06-12,Expired,Auto
3835,1835,9961240954,2019,2026-06-06,2026-12-03,Active,Auto
3836,1836,9827284871,2014,2026-02-06,2026-04-03,Expired,Manual
3837,1837,9440265125,2001,2025-10-31,2025-11-01,Expired,Manual
3838,1838,9981340400,2008,2026-03-22,2027-03-22,Active,Auto
3839,1839,9422588457,2013,2025-12-10,2026-03-10,Expired,Auto
3840,1840,9261794508,2004,2026-01-31,2026-03-28,Expired,Manual
3841,1841,9632466340,2002,2026-06-13,2026-06-20,Expired,Auto
3842,1842,9517979820,2009,2025-10-15,2025-10-22,Expired,Auto
3843,1843,9839182337,2017,2026-01-17,2027-01-17,Active,Auto
3844,1844,9180579219,2003,2026-07-22,2026-10-20,Active,Auto
3845,1845,9143319358,2012,2026-07-12,2026-08-09,Active,Auto
3846,1846,9982365921,2006,2026-07-26,2026-08-25,Active,Auto
3847,1847,9011323002,2001,2026-02-02,2026-02-03,Expired,Auto
3848,1848,9810572739,2005,2026-01-13,2026-01-14,Expired,Auto
3849,1849,9594089145,2021,2025-12-22,2026-03-16,Expired,Auto
3850,1850,9705315132,2010,2026-02-11,2026-08-10,Active,Auto
3851,1851,9794517860,2016,2025-12-27,2026-03-27,Expired,Auto
3852,1852,9040988054,2001,2026-04-11,2026-04-12,Expired,Manual
3853,1853,9405300991,2011,2026-04-22,2026-10-19,Active,Auto
3854,1854,9212086862,2017,2025-10-17,2026-10-17,Active,Manual
3855,1855,9446339874,2013,2025-09-06,2025-12-05,Expired,Auto
3856,1856,9846121822,2019,2025-10-23,2026-04-21,Expired,Auto
3857,1857,9325737452,2025,2026-02-14,2026-02-15,Expired,Manual
3858,1858,9913235075,2015,2025-11-12,2025-11-13,Expired,Manual
3859,1859,9070789348,2017,2026-03-12,2027-03-12,Active,Auto
3860,1860,9651730485,2017,2026-06-04,2027-06-04,Active,Auto
3861,1861,9044284795,2009,2026-06-25,2026-07-02,Expired,Auto
3862,1862,9358375261,2003,2025-12-22,2026-03-22,Expired,Auto
3863,1863,9065775470,2013,2025-12-19,2026-03-19,Expired,Auto
3864,1864,9945438284,2018,2026-07-26,2026-09-20,Active,Auto
3865,1865,9623666135,2020,2025-09-30,2026-09-30,Active,Auto
3866,1866,9557620186,2016,2025-10-30,2026-01-28,Expired,Manual
3867,1867,9916279696,2002,2026-01-27,2026-02-03,Expired,Auto
3868,1868,9688445641,2019,2026-08-08,2027-02-04,Active,Auto
3869,1869,9604096783,2009,2025-09-28,2025-10-05,Expired,Manual
3870,1870,9946822836,2019,2026-06-06,2026-12-03,Active,Manual
3871,1871,9400994219,2023,2026-04-05,2026-05-31,Expired,Auto
3872,1872,9272768772,2003,2026-02-18,2026-05-19,Expired,Auto
3873,1873,9941114386,2012,2026-06-25,2026-07-23,Expired,Auto
3874,1874,9604049518,2007,2026-03-16,2026-03-23,Expired,Auto
3875,1875,9370121582,2008,2026-08-02,2027-08-02,Active,Auto
3876,1876,9916707768,2016,2026-03-14,2026-06-12,Expired,Auto
3877,1877,9436276620,2019,2025-09-10,2026-03-09,Expired,Auto
3878,1878,9949597990,2022,2025-11-21,2025-12-21,Expired,Auto
3879,1879,9476792837,2008,2026-03-02,2027-03-02,Active,Auto
3880,1880,9932056913,2025,2026-02-08,2026-02-09,Expired,Auto
3881,1881,9502449412,2004,2025-10-14,2025-12-09,Expired,Auto
3882,1882,9915323908,2016,2026-05-27,2026-08-25,Active,Auto
3883,1883,9136802588,2010,2026-05-30,2026-11-26,Active,Auto
3884,1884,9770595396,2022,2026-01-20,2026-02-19,Expired,Manual
3885,1885,9429642099,2025,2026-03-10,2026-03-11,Expired,Auto
3886,1886,9768220698,2024,2026-06-03,2026-06-10,Expired,Auto
3887,1887,9691364042,2002,2026-03-11,2026-03-18,Expired,Auto
3888,1888,9547891427,2010,2025-12-31,2026-06-29,Expired,Auto
3889,1889,9438303400,2021,2025-12-05,2026-02-27,Expired,Auto
3890,1890,9030212975,2010,2026-01-19,2026-07-18,Expired,Manual
3891,1891,9962269025,2015,2026-05-19,2026-05-20,Expired,Manual
3892,1892,9887348561,2023,2026-05-24,2026-07-19,Expired,Auto
3893,1893,9679413933,2020,2026-01-18,2027-01-18,Active,Auto
3894,1894,9023427973,2004,2025-11-08,2026-01-03,Expired,Auto
3895,1895,9984238513,2008,2026-03-23,2027-03-23,Active,Auto
3896,1896,9065164218,2004,2025-11-30,2026-01-25,Expired,Auto
3897,1897,9465114291,2002,2026-02-17,2026-02-24,Expired,Manual
3898,1898,9226658063,2024,2025-11-24,2025-12-01,Expired,Auto
3899,1899,9087921746,2025,2026-03-29,2026-03-30,Expired,Auto
3900,1900,9805030615,2003,2025-08-23,2025-11-21,Expired,Auto
3901,1901,9141509800,2025,2025-10-15,2025-10-16,Expired,Auto
3902,1902,9252576787,2006,2026-03-06,2026-04-05,Expired,Manual
3903,1903,9258117595,2013,2026-01-06,2026-04-06,Expired,Auto
3904,1904,9559938913,2003,2025-09-04,2025-12-03,Expired,Auto
3905,1905,9053076264,2001,2025-08-12,2025-08-13,Expired,Auto
3906,1906,9884280551,2024,2025-10-18,2025-10-25,Expired,Manual
3907,1907,9734092400,2017,2025-08-31,2026-08-31,Active,Auto
3908,1908,9275421825,2021,2026-05-11,2026-08-03,Expired,Manual
3909,1909,9912600675,2001,2026-03-06,2026-03-07,Expired,Manual
3910,1910,9881295136,2015,2026-02-17,2026-02-18,Expired,Auto
3911,1911,9856519072,2013,2026-02-13,2026-05-14,Expired,Auto
3912,1912,9645469135,2016,2025-12-03,2026-03-03,Expired,Auto
3913,1913,9142718067,2007,2026-04-01,2026-04-08,Expired,Auto
3914,1914,9900897051,2006,2026-06-05,2026-07-05,Expired,Auto
3915,1915,9455982650,2005,2026-04-11,2026-04-12,Expired,Auto
3916,1916,9435088568,2011,2026-06-04,2026-12-01,Active,Auto
3917,1917,9555420104,2022,2026-02-16,2026-03-18,Expired,Auto
3918,1918,9675186493,2017,2026-08-06,2027-08-06,Active,Auto
3919,1919,9686640704,2001,2025-08-13,2025-08-14,Expired,Auto
3920,1920,9330836010,2008,2026-03-04,2027-03-04,Active,Auto
3921,1921,9779978154,2005,2025-11-14,2025-11-15,Expired,Auto
3922,1922,9635295299,2004,2026-05-14,2026-07-09,Expired,Auto
3923,1923,9937196625,2010,2025-12-10,2026-06-08,Expired,Auto
3924,1924,9356224399,2017,2025-12-14,2026-12-14,Active,Auto
3925,1925,9644398064,2011,2026-05-06,2026-11-02,Active,Auto
3926,1926,9095714699,2019,2026-08-03,2027-01-30,Active,Auto
3927,1927,9344013321,2010,2026-01-24,2026-07-23,Expired,Manual
3928,1928,9460440138,2008,2025-11-27,2026-11-27,Active,Auto
3929,1929,9341257393,2007,2026-03-14,2026-03-21,Expired,Auto
3930,1930,9730729979,2004,2025-09-16,2025-11-11,Expired,Auto
3931,1931,9634513165,2013,2025-09-20,2025-12-19,Expired,Auto
3932,1932,9168507590,2002,2026-05-22,2026-05-29,Expired,Manual
3933,1933,9645417845,2019,2025-08-13,2026-02-09,Expired,Manual
3934,1934,9896366912,2021,2026-01-26,2026-04-20,Expired,Auto
3935,1935,9851820385,2005,2026-05-15,2026-05-16,Expired,Auto
3936,1936,9121139717,2021,2026-06-06,2026-08-29,Active,Auto
3937,1937,9427753446,2008,2025-12-20,2026-12-20,Active,Auto
3938,1938,9850489326,2022,2025-09-18,2025-10-18,Expired,Auto
3939,1939,9763566478,2024,2026-04-11,2026-04-18,Expired,Auto
3940,1940,9169326437,2015,2026-07-04,2026-07-05,Expired,Auto
3941,1941,9865185140,2024,2026-01-24,2026-01-31,Expired,Auto
3942,1942,9457517519,2013,2026-03-27,2026-06-25,Expired,Auto
3943,1943,9728547586,2002,2025-12-04,2025-12-11,Expired,Auto
3944,1944,9906522113,2015,2026-07-30,2026-07-31,Expired,Auto
3945,1945,9862651057,2009,2025-11-26,2025-12-03,Expired,Auto
3946,1946,9600869805,2021,2026-04-19,2026-07-12,Expired,Auto
3947,1947,9932103004,2019,2025-12-25,2026-06-23,Expired,Auto
3948,1948,9706989348,2003,2025-10-20,2026-01-18,Expired,Auto
3949,1949,9945424627,2022,2026-02-22,2026-03-24,Expired,Auto
3950,1950,9920546342,2005,2026-04-25,2026-04-26,Expired,Auto
3951,1951,9725946595,2017,2025-09-27,2026-09-27,Active,Manual
3952,1952,9431640300,2023,2026-01-11,2026-03-08,Expired,Manual
3953,1953,9806845698,2015,2025-08-24,2025-08-25,Expired,Auto
3954,1954,9548536502,2015,2025-10-23,2025-10-24,Expired,Auto
3955,1955,9991659092,2006,2026-01-12,2026-02-11,Expired,Auto
3956,1956,9733681770,2014,2025-12-08,2026-02-02,Expired,Auto
3957,1957,9395709451,2015,2025-09-22,2025-09-23,Expired,Auto
3958,1958,9537525786,2008,2026-05-05,2027-05-05,Active,Auto
3959,1959,9034026055,2025,2025-11-13,2025-11-14,Expired,Auto
3960,1960,9885621225,2017,2025-09-25,2026-09-25,Active,Auto
3961,1961,9853114272,2019,2025-09-05,2026-03-04,Expired,Auto
3962,1962,9141860149,2022,2026-07-16,2026-08-15,Active,Manual
3963,1963,9883987912,2018,2026-06-20,2026-08-15,Active,Auto
3964,1964,9600007643,2024,2026-03-04,2026-03-11,Expired,Auto
3965,1965,9073827036,2012,2026-06-20,2026-07-18,Expired,Auto
3966,1966,9996944401,2006,2026-05-21,2026-06-20,Expired,Manual
3967,1967,9014590644,2003,2026-02-25,2026-05-26,Expired,Auto
3968,1968,9213007439,2016,2026-06-02,2026-08-31,Active,Manual
3969,1969,9975245843,2022,2026-07-19,2026-08-18,Active,Auto
3970,1970,9248883849,2006,2025-10-03,2025-11-02,Expired,Auto
3971,1971,9282313639,2018,2026-06-04,2026-07-30,Expired,Manual
3972,1972,9230472880,2018,2025-10-16,2025-12-11,Expired,Auto
3973,1973,9234581156,2009,2025-10-21,2025-10-28,Expired,Auto
3974,1974,9737347016,2003,2026-01-20,2026-04-20,Expired,Manual
3975,1975,9878292863,2016,2026-06-13,2026-09-11,Active,Auto
3976,1976,9491534581,2015,2025-12-29,2025-12-30,Expired,Auto
3977,1977,9567082556,2022,2025-11-05,2025-12-05,Expired,Auto
3978,1978,9356264430,2007,2025-08-20,2025-08-27,Expired,Auto
3979,1979,9764666274,2007,2026-02-16,2026-02-23,Expired,Auto
3980,1980,9087839213,2013,2025-10-30,2026-01-28,Expired,Manual
3981,1981,9147450389,2005,2025-12-30,2025-12-31,Expired,Auto
3982,1982,9620370383,2005,2025-12-12,2025-12-13,Expired,Auto
3983,1983,9288974991,2022,2025-11-12,2025-12-12,Expired,Auto
3984,1984,9181222607,2022,2026-08-09,2026-09-08,Active,Auto
3985,1985,9374066522,2006,2026-05-31,2026-06-30,Expired,Auto
3986,1986,9100297432,2020,2026-01-31,2027-01-31,Active,Auto
3987,1987,9045768958,2013,2026-01-01,2026-04-01,Expired,Auto
3988,1988,9979932880,2008,2026-03-25,2027-03-25,Active,Manual
3989,1989,9108676030,2014,2025-10-20,2025-12-15,Expired,Auto
3990,1990,9786128893,2004,2025-10-11,2025-12-06,Expired,Auto
3991,1991,9098505926,2007,2026-07-07,2026-07-14,Expired,Auto
3992,1992,9190709640,2005,2026-05-24,2026-05-25,Expired,Manual
3993,1993,9527284966,2009,2025-12-17,2025-12-24,Expired,Manual
3994,1994,9448548158,2006,2025-12-28,2026-01-27,Expired,Auto
3995,1995,9445606160,2003,2026-04-05,2026-07-04,Expired,Auto
3996,1996,9498308937,2024,2026-05-17,2026-05-24,Expired,Auto
3997,1997,9085933854,2007,2025-11-25,2025-12-02,Expired,Auto
3998,1998,9846966750,2002,2026-04-18,2026-04-25,Expired,Manual
3999,1999,9112168601,2018,2025-08-14,2025-10-09,Expired,Auto
4000,2000,9720847062,2022,2025-11-21,2025-12-21,Expired,Auto
4001,2001,9230345583,2024,2026-01-11,2026-01-18,Expired,Manual
4002,2002,9852064349,2025,2026-06-07,2026-06-08,Expired,Auto
4003,2003,9377309012,2001,2026-03-19,2026-03-20,Expired,Auto
4004,2004,9527366290,2020,2026-05-14,2027-05-14,Active,Auto
4005,2005,9426622487,2017,2025-11-28,2026-11-28,Active,Auto
4006,2006,9983654556,2018,2026-05-22,2026-07-17,Expired,Auto
4007,2007,9669445142,2018,2026-02-26,2026-04-23,Expired,Auto
4008,2008,9574159426,2021,2025-11-12,2026-02-04,Expired,Auto
4009,2009,9167460172,2008,2026-04-14,2027-04-14,Active,Auto
4010,2010,9811712474,2004,2025-10-07,2025-12-02,Expired,Auto
4011,2011,9462786865,2018,2025-09-02,2025-10-28,Expired,Manual
4012,2012,9114600526,2013,2026-06-04,2026-09-02,Active,Auto
4013,2013,9428780802,2009,2026-02-04,2026-02-11,Expired,Auto
4014,2014,9133706007,2012,2025-12-31,2026-01-28,Expired,Auto
4015,2015,9511071231,2022,2026-06-02,2026-07-02,Expired,Manual
4016,2016,9744056667,2010,2025-08-31,2026-02-27,Expired,Auto
4017,2017,9994423776,2010,2026-01-21,2026-07-20,Expired,Auto
4018,2018,9446331140,2019,2026-04-03,2026-09-30,Active,Auto
4019,2019,9203205842,2015,2025-08-25,2025-08-26,Expired,Auto
4020,2020,9047616322,2012,2026-05-24,2026-06-21,Expired,Auto
4021,2021,9572054664,2019,2026-03-08,2026-09-04,Active,Manual
4022,2022,9239105152,2006,2026-07-02,2026-08-01,Expired,Manual
4023,2023,9426601811,2014,2025-11-17,2026-01-12,Expired,Auto
4024,2024,9380481498,2025,2026-01-19,2026-01-20,Expired,Auto
4025,2025,9805961284,2016,2026-05-02,2026-07-31,Expired,Auto
4026,2026,9706826673,2025,2026-07-23,2026-07-24,Expired,Auto
4027,2027,9978180673,2001,2026-05-05,2026-05-06,Expired,Auto
4028,2028,9302722320,2014,2025-11-16,2026-01-11,Expired,Manual
4029,2029,9275761147,2012,2025-11-12,2025-12-10,Expired,Auto
4030,2030,9679711118,2021,2025-12-26,2026-03-20,Expired,Auto
4031,2031,9721758190,2017,2025-08-31,2026-08-31,Active,Auto
4032,2032,9233660103,2004,2026-04-19,2026-06-14,Expired,Auto
4033,2033,9614746957,2025,2026-03-30,2026-03-31,Expired,Auto
4034,2034,9326104172,2002,2026-03-14,2026-03-21,Expired,Auto
4035,2035,9322719953,2019,2025-08-12,2026-02-08,Expired,Auto
4036,2036,9249843308,2009,2025-12-15,2025-12-22,Expired,Auto
4037,2037,9643945620,2010,2026-03-24,2026-09-20,Active,Manual
4038,2038,9791384703,2024,2026-05-28,2026-06-04,Expired,Manual
4039,2039,9389270348,2015,2026-03-28,2026-03-29,Expired,Auto
4040,2040,9983962374,2024,2025-11-19,2025-11-26,Expired,Auto
4041,2041,9152707815,2015,2026-04-27,2026-04-28,Expired,Manual
4042,2042,9483401426,2024,2026-04-23,2026-04-30,Expired,Manual
4043,2043,9770888384,2008,2026-07-12,2027-07-12,Active,Auto
4044,2044,9473222253,2006,2025-12-04,2026-01-03,Expired,Auto
4045,2045,9843341034,2008,2025-09-16,2026-09-16,Active,Manual
4046,2046,9773593633,2006,2026-05-21,2026-06-20,Expired,Auto
4047,2047,9573406557,2015,2025-12-02,2025-12-03,Expired,Auto
4048,2048,9440774688,2010,2026-05-31,2026-11-27,Active,Auto
4049,2049,9017498386,2016,2025-08-24,2025-11-22,Expired,Auto
4050,2050,9047322311,2016,2025-11-22,2026-02-20,Expired,Auto
4051,2051,9498400235,2007,2026-07-09,2026-07-16,Expired,Auto
4052,2052,9463668576,2002,2025-11-26,2025-12-03,Expired,Manual
4053,2053,9259087799,2022,2026-01-12,2026-02-11,Expired,Manual
4054,2054,9871034100,2025,2026-05-27,2026-05-28,Expired,Auto
4055,2055,9560097356,2018,2026-01-16,2026-03-13,Expired,Auto
4056,2056,9921469980,2021,2026-01-08,2026-04-02,Expired,Auto
4057,2057,9891083617,2001,2025-09-29,2025-09-30,Expired,Auto
4058,2058,9647547109,2013,2026-01-21,2026-04-21,Expired,Manual
4059,2059,9398809993,2005,2026-06-08,2026-06-09,Expired,Auto
4060,2060,9370869533,2002,2026-01-17,2026-01-24,Expired,Auto
4061,2061,9968039419,2008,2025-09-17,2026-09-17,Active,Auto
4062,2062,9377857775,2021,2026-01-07,2026-04-01,Expired,Auto
4063,2063,9832630587,2024,2025-08-23,2025-08-30,Expired,Auto
4064,2064,9515075130,2015,2025-12-26,2025-12-27,Expired,Auto
4065,2065,9758412604,2014,2026-08-08,2026-10-03,Active,Auto
4066,2066,9894317164,2015,2026-02-04,2026-02-05,Expired,Auto
4067,2067,9852780178,2020,2025-11-12,2026-11-12,Active,Manual
4068,2068,9406746988,2022,2026-06-18,2026-07-18,Expired,Auto
4069,2069,9493283580,2004,2025-08-26,2025-10-21,Expired,Auto
4070,2070,9515947915,2007,2025-09-22,2025-09-29,Expired,Auto
4071,2071,9426362705,2004,2026-07-16,2026-09-10,Active,Auto
4072,2072,9612196177,2024,2026-04-18,2026-04-25,Expired,Auto
4073,2073,9282756188,2014,2026-02-09,2026-04-06,Expired,Auto
4074,2074,9196487626,2024,2025-12-17,2025-12-24,Expired,Auto
4075,2075,9583261859,2024,2026-07-31,2026-08-07,Expired,Auto
4076,2076,9674276930,2023,2025-08-20,2025-10-15,Expired,Manual
4077,2077,9691333074,2005,2025-12-11,2025-12-12,Expired,Auto
4078,2078,9403565445,2022,2025-09-05,2025-10-05,Expired,Auto
4079,2079,9314936354,2010,2026-01-30,2026-07-29,Expired,Auto
4080,2080,9816924624,2013,2026-03-09,2026-06-07,Expired,Auto
4081,2081,9438301819,2011,2026-07-16,2027-01-12,Active,Auto
4082,2082,9806188014,2002,2026-08-08,2026-08-15,Active,Auto
4083,2083,9107589329,2010,2026-08-01,2027-01-28,Active,Auto
4084,2084,9261925139,2015,2026-05-05,2026-05-06,Expired,Auto
4085,2085,9649241604,2003,2026-06-18,2026-09-16,Active,Manual
4086,2086,9822818672,2015,2025-12-28,2025-12-29,Expired,Auto
4087,2087,9740236194,2022,2025-12-31,2026-01-30,Expired,Auto
4088,2088,9256318940,2006,2026-01-23,2026-02-22,Expired,Auto
4089,2089,9818603288,2024,2026-07-29,2026-08-05,Expired,Auto
4090,2090,9153954593,2014,2025-09-08,2025-11-03,Expired,Auto
4091,2091,9960035265,2019,2025-09-21,2026-03-20,Expired,Auto
4092,2092,9897468864,2020,2025-12-30,2026-12-30,Active,Manual
4093,2093,9857972103,2016,2025-10-18,2026-01-16,Expired,Auto
4094,2094,9481095383,2004,2026-07-09,2026-09-03,Active,Auto
4095,2095,9626534835,2003,2025-09-18,2025-12-17,Expired,Auto
4096,2096,9258124177,2016,2026-07-28,2026-10-26,Active,Auto
4097,2097,9612267016,2015,2026-01-03,2026-01-04,Expired,Manual
4098,2098,9148313134,2022,2026-01-26,2026-02-25,Expired,Auto
4099,2099,9399502473,2009,2026-05-07,2026-05-14,Expired,Auto
4100,2100,9086734425,2017,2025-09-02,2026-09-02,Active,Auto
4101,2101,9718463342,2014,2026-07-19,2026-09-13,Active,Auto
4102,2102,9770833235,2009,2026-08-02,2026-08-09,Active,Auto
4103,2103,9521083493,2013,2026-06-08,2026-09-06,Active,Auto
4104,2104,9911426376,2005,2025-12-25,2025-12-26,Expired,Auto
4105,2105,9173279402,2008,2026-01-14,2027-01-14,Active,Auto
4106,2106,9699484617,2021,2026-04-02,2026-06-25,Expired,Auto
4107,2107,9974476741,2025,2025-09-12,2025-09-13,Expired,Manual
4108,2108,9782560190,2013,2026-03-11,2026-06-09,Expired,Auto
4109,2109,9441846981,2023,2025-08-09,2025-10-04,Expired,Auto
4110,2110,9711304849,2009,2026-07-22,2026-07-29,Expired,Auto
4111,2111,9152777669,2005,2026-03-10,2026-03-11,Expired,Auto
4112,2112,9260090340,2011,2025-08-27,2026-02-23,Expired,Auto
4113,2113,9774389219,2008,2026-06-30,2027-06-30,Active,Auto
4114,2114,9427582923,2013,2026-02-22,2026-05-23,Expired,Auto
4115,2115,9181233002,2004,2026-07-03,2026-08-28,Active,Manual
4116,2116,9662330633,2025,2025-10-09,2025-10-10,Expired,Auto
4117,2117,9739996816,2011,2026-05-26,2026-11-22,Active,Manual
4118,2118,9148065394,2014,2025-08-23,2025-10-18,Expired,Manual
4119,2119,9401290907,2011,2025-08-15,2026-02-11,Expired,Auto
4120,2120,9863254577,2019,2025-11-19,2026-05-18,Expired,Auto
4121,2121,9148791684,2008,2026-01-25,2027-01-25,Active,Manual
4122,2122,9936325482,2017,2026-03-16,2027-03-16,Active,Auto
4123,2123,9782390064,2025,2026-02-22,2026-02-23,Expired,Manual
4124,2124,9645143560,2003,2026-05-19,2026-08-17,Active,Auto
4125,2125,9528445430,2023,2026-01-26,2026-03-23,Expired,Auto
4126,2126,9492459494,2024,2026-02-01,2026-02-08,Expired,Manual
4127,2127,9182374891,2004,2026-07-31,2026-09-25,Active,Auto
4128,2128,9882152260,2018,2025-12-06,2026-01-31,Expired,Auto
4129,2129,9581082032,2009,2026-03-24,2026-03-31,Expired,Auto
4130,2130,9304705811,2001,2026-04-30,2026-05-01,Expired,Auto
4131,2131,9200751886,2016,2025-12-28,2026-03-28,Expired,Auto
4132,2132,9894284201,2003,2026-06-23,2026-09-21,Active,Manual
4133,2133,9426694626,2017,2025-10-16,2026-10-16,Active,Manual
4134,2134,9753930809,2003,2026-05-04,2026-08-02,Expired,Manual
4135,2135,9836552200,2021,2025-08-16,2025-11-08,Expired,Auto
4136,2136,9958894190,2001,2026-06-23,2026-06-24,Expired,Manual
4137,2137,9265679931,2025,2026-05-22,2026-05-23,Expired,Auto
4138,2138,9377966414,2006,2026-01-15,2026-02-14,Expired,Auto
4139,2139,9686340799,2023,2026-06-01,2026-07-27,Expired,Auto
4140,2140,9181106569,2004,2026-05-27,2026-07-22,Expired,Auto
4141,2141,9526480539,2006,2026-08-02,2026-09-01,Active,Auto
4142,2142,9005122765,2023,2026-06-08,2026-08-03,Expired,Auto
4143,2143,9875416206,2024,2025-08-16,2025-08-23,Expired,Auto
4144,2144,9114759813,2010,2026-06-05,2026-12-02,Active,Manual
4145,2145,9840225052,2006,2026-01-10,2026-02-09,Expired,Manual
4146,2146,9811167262,2017,2026-03-20,2027-03-20,Active,Manual
4147,2147,9534037566,2017,2026-01-24,2027-01-24,Active,Auto
4148,2148,9941173721,2021,2026-01-30,2026-04-24,Expired,Auto
4149,2149,9983356172,2024,2025-10-30,2025-11-06,Expired,Auto
4150,2150,9928200032,2014,2025-09-15,2025-11-10,Expired,Auto
4151,2151,9479723140,2008,2026-05-22,2027-05-22,Active,Auto
4152,2152,9173360980,2019,2025-10-26,2026-04-24,Expired,Manual
4153,2153,9509668614,2013,2025-09-25,2025-12-24,Expired,Manual
4154,2154,9460203900,2023,2025-08-26,2025-10-21,Expired,Auto
4155,2155,9546552108,2024,2026-05-10,2026-05-17,Expired,Auto
4156,2156,9699381443,2021,2026-04-19,2026-07-12,Expired,Manual
4157,2157,9368475100,2008,2026-02-12,2027-02-12,Active,Auto
4158,2158,9839192936,2004,2025-08-22,2025-10-17,Expired,Auto
4159,2159,9455033418,2023,2026-03-20,2026-05-15,Expired,Auto
4160,2160,9691727530,2005,2026-02-15,2026-02-16,Expired,Auto
4161,2161,9585469699,2006,2026-06-09,2026-07-09,Expired,Auto
4162,2162,9794609564,2008,2026-07-30,2027-07-30,Active,Auto
4163,2163,9143736243,2012,2026-05-15,2026-06-12,Expired,Auto
4164,2164,9679384794,2013,2026-05-06,2026-08-04,Expired,Auto
4165,2165,9649096166,2004,2025-12-21,2026-02-15,Expired,Auto
4166,2166,9156010918,2001,2025-09-08,2025-09-09,Expired,Manual
4167,2167,9242730233,2008,2026-07-13,2027-07-13,Active,Manual
4168,2168,9711526064,2010,2025-11-13,2026-05-12,Expired,Auto
4169,2169,9032536933,2008,2025-10-11,2026-10-11,Active,Auto
4170,2170,9648170640,2021,2025-08-12,2025-11-04,Expired,Auto
4171,2171,9017069079,2025,2026-06-29,2026-06-30,Expired,Auto
4172,2172,9667856871,2014,2026-05-06,2026-07-01,Expired,Auto
4173,2173,9424025458,2020,2025-09-19,2026-09-19,Active,Manual
4174,2174,9273518405,2024,2026-07-10,2026-07-17,Expired,Manual
4175,2175,9500664448,2021,2026-07-30,2026-10-22,Active,Auto
4176,2176,9477724014,2005,2026-07-18,2026-07-19,Expired,Auto
4177,2177,9511172539,2017,2025-12-24,2026-12-24,Active,Auto
4178,2178,9676483041,2013,2025-09-06,2025-12-05,Expired,Manual
4179,2179,9300890484,2011,2026-04-13,2026-10-10,Active,Auto
4180,2180,9091949746,2013,2026-08-08,2026-11-06,Active,Auto
4181,2181,9241722978,2013,2025-11-10,2026-02-08,Expired,Auto
4182,2182,9537845032,2012,2025-10-25,2025-11-22,Expired,Manual
4183,2183,9355413214,2012,2025-10-23,2025-11-20,Expired,Auto
4184,2184,9321284528,2023,2025-12-13,2026-02-07,Expired,Auto
4185,2185,9335158995,2024,2025-12-24,2025-12-31,Expired,Auto
4186,2186,9524712013,2011,2025-10-05,2026-04-03,Expired,Auto
4187,2187,9587920991,2023,2026-04-13,2026-06-08,Expired,Manual
4188,2188,9129226473,2013,2026-03-28,2026-06-26,Expired,Auto
4189,2189,9589107492,2025,2026-06-09,2026-06-10,Expired,Auto
4190,2190,9626485470,2011,2026-06-19,2026-12-16,Active,Auto
4191,2191,9611995540,2025,2025-12-29,2025-12-30,Expired,Auto
4192,2192,9681659078,2014,2025-12-20,2026-02-14,Expired,Auto
4193,2193,9634579715,2021,2026-07-30,2026-10-22,Active,Auto
4194,2194,9963281918,2014,2026-02-11,2026-04-08,Expired,Manual
4195,2195,9588907707,2007,2026-01-11,2026-01-18,Expired,Auto
4196,2196,9356836237,2006,2025-08-18,2025-09-17,Expired,Auto
4197,2197,9626346064,2023,2025-12-15,2026-02-09,Expired,Auto
4198,2198,9729501750,2020,2026-07-02,2027-07-02,Active,Auto
4199,2199,9283416454,2006,2026-02-20,2026-03-22,Expired,Auto
4200,2200,9038261701,2017,2026-03-07,2027-03-07,Active,Auto
4201,2201,9570600612,2019,2025-10-15,2026-04-13,Expired,Manual
4202,2202,9191762701,2012,2026-04-06,2026-05-04,Expired,Auto
4203,2203,9381435728,2005,2026-07-26,2026-07-27,Expired,Auto
4204,2204,9287426641,2018,2026-03-19,2026-05-14,Expired,Auto
4205,2205,9053069055,2016,2026-06-12,2026-09-10,Active,Manual
4206,2206,9760924830,2015,2025-10-12,2025-10-13,Expired,Auto
4207,2207,9817708292,2011,2026-05-02,2026-10-29,Active,Manual
4208,2208,9287238695,2021,2025-11-24,2026-02-16,Expired,Auto
4209,2209,9645836279,2007,2026-03-15,2026-03-22,Expired,Auto
4210,2210,9220735426,2001,2025-12-31,2026-01-01,Expired,Auto
4211,2211,9397391615,2023,2026-01-21,2026-03-18,Expired,Manual
4212,2212,9950644548,2025,2026-01-26,2026-01-27,Expired,Auto
4213,2213,9025017273,2017,2026-02-15,2027-02-15,Active,Auto
4214,2214,9170336332,2021,2026-08-07,2026-10-30,Active,Auto
4215,2215,9356702006,2012,2025-10-10,2025-11-07,Expired,Manual
4216,2216,9355689364,2025,2025-10-20,2025-10-21,Expired,Manual
4217,2217,9928651744,2008,2025-11-07,2026-11-07,Active,Manual
4218,2218,9431076863,2014,2026-04-24,2026-06-19,Expired,Auto
4219,2219,9131422127,2015,2025-10-07,2025-10-08,Expired,Auto
4220,2220,9070299550,2015,2026-05-20,2026-05-21,Expired,Auto
4221,2221,9865560183,2019,2025-12-18,2026-06-16,Expired,Manual
4222,2222,9299451409,2011,2025-09-06,2026-03-05,Expired,Manual
4223,2223,9637296958,2007,2025-12-04,2025-12-11,Expired,Auto
4224,2224,9097455664,2010,2026-03-23,2026-09-19,Active,Auto
4225,2225,9597006707,2010,2026-06-16,2026-12-13,Active,Manual
4226,2226,9709825566,2001,2025-09-25,2025-09-26,Expired,Auto
4227,2227,9436051192,2003,2026-02-12,2026-05-13,Expired,Manual
4228,2228,9283921992,2020,2026-02-21,2027-02-21,Active,Auto
4229,2229,9234135465,2001,2026-05-25,2026-05-26,Expired,Auto
4230,2230,9153477217,2009,2026-07-29,2026-08-05,Expired,Auto
4231,2231,9362824218,2020,2026-06-04,2027-06-04,Active,Auto
4232,2232,9157676195,2003,2025-08-31,2025-11-29,Expired,Auto
4233,2233,9646965327,2020,2026-04-06,2027-04-06,Active,Auto
4234,2234,9320578433,2019,2026-02-17,2026-08-16,Active,Manual
4235,2235,9256415707,2006,2026-02-16,2026-03-18,Expired,Auto
4236,2236,9523505372,2009,2026-01-29,2026-02-05,Expired,Manual
4237,2237,9369337271,2001,2026-06-19,2026-06-20,Expired,Manual
4238,2238,9477728139,2020,2025-09-30,2026-09-30,Active,Auto
4239,2239,9492976650,2018,2025-09-27,2025-11-22,Expired,Auto
4240,2240,9563395473,2002,2026-05-23,2026-05-30,Expired,Auto
4241,2241,9702555628,2008,2026-07-19,2027-07-19,Active,Manual
4242,2242,9240528424,2025,2026-02-23,2026-02-24,Expired,Manual
4243,2243,9784337777,2014,2026-03-20,2026-05-15,Expired,Manual
4244,2244,9237705747,2020,2025-08-23,2026-08-23,Active,Manual
4245,2245,9602551473,2010,2025-12-18,2026-06-16,Expired,Manual
4246,2246,9521895779,2019,2025-12-10,2026-06-08,Expired,Manual
4247,2247,9726984694,2021,2025-12-24,2026-03-18,Expired,Auto
4248,2248,9958944015,2017,2025-10-20,2026-10-20,Active,Auto
4249,2249,9775907278,2007,2025-08-30,2025-09-06,Expired,Manual
4250,2250,9201078701,2001,2026-05-30,2026-05-31,Expired,Auto
4251,2251,9852432804,2003,2025-12-15,2026-03-15,Expired,Auto
4252,2252,9364190160,2024,2025-09-15,2025-09-22,Expired,Auto
4253,2253,9099456196,2017,2025-08-22,2026-08-22,Active,Auto
4254,2254,9151845996,2005,2026-05-22,2026-05-23,Expired,Auto
4255,2255,9111218305,2015,2026-04-15,2026-04-16,Expired,Auto
4256,2256,9112906826,2021,2025-09-27,2025-12-20,Expired,Auto
4257,2257,9672099426,2011,2026-04-22,2026-10-19,Active,Auto
4258,2258,9656701006,2025,2026-01-13,2026-01-14,Expired,Auto
4259,2259,9847355174,2001,2025-12-08,2025-12-09,Expired,Auto
4260,2260,9232719194,2015,2026-05-27,2026-05-28,Expired,Manual
4261,2261,9873313711,2009,2025-09-20,2025-09-27,Expired,Auto
4262,2262,9833739256,2015,2025-10-12,2025-10-13,Expired,Auto
4263,2263,9773254753,2010,2026-03-29,2026-09-25,Active,Auto
4264,2264,9219509211,2003,2025-12-02,2026-03-02,Expired,Auto
4265,2265,9242389306,2010,2026-05-07,2026-11-03,Active,Auto
4266,2266,9152447228,2012,2026-03-03,2026-03-31,Expired,Auto
4267,2267,9238285153,2021,2026-03-07,2026-05-30,Expired,Auto
4268,2268,9236504333,2009,2026-06-25,2026-07-02,Expired,Auto
4269,2269,9134445350,2014,2025-09-27,2025-11-22,Expired,Auto
4270,2270,9608818002,2023,2026-03-01,2026-04-26,Expired,Auto
4271,2271,9538388870,2014,2026-06-18,2026-08-13,Active,Auto
4272,2272,9061874421,2003,2026-02-27,2026-05-28,Expired,Auto
4273,2273,9013609628,2010,2026-05-05,2026-11-01,Active,Auto
4274,2274,9362339888,2016,2026-07-13,2026-10-11,Active,Auto
4275,2275,9775636869,2011,2026-05-04,2026-10-31,Active,Auto
4276,2276,9165285386,2014,2025-09-01,2025-10-27,Expired,Auto
4277,2277,9162637098,2001,2026-06-09,2026-06-10,Expired,Auto
4278,2278,9188458452,2012,2026-01-16,2026-02-13,Expired,Auto
4279,2279,9415777280,2006,2025-08-21,2025-09-20,Expired,Manual
4280,2280,9212842238,2006,2026-02-01,2026-03-03,Expired,Auto
4281,2281,9444695995,2018,2026-01-08,2026-03-05,Expired,Auto
4282,2282,9294943670,2020,2026-07-29,2027-07-29,Active,Auto
4283,2283,9529825744,2020,2026-03-01,2027-03-01,Active,Manual
4284,2284,9263929473,2022,2026-02-20,2026-03-22,Expired,Auto
4285,2285,9816713290,2017,2026-04-29,2027-04-29,Active,Manual
4286,2286,9827014901,2021,2026-03-12,2026-06-04,Expired,Auto
4287,2287,9891938702,2011,2026-02-16,2026-08-15,Active,Auto
4288,2288,9836283011,2021,2026-05-06,2026-07-29,Expired,Auto
4289,2289,9573300557,2011,2026-05-10,2026-11-06,Active,Auto
4290,2290,9887512422,2015,2025-10-31,2025-11-01,Expired,Auto
4291,2291,9434869251,2006,2026-03-24,2026-04-23,Expired,Auto
4292,2292,9395364898,2014,2026-06-03,2026-07-29,Expired,Auto
4293,2293,9270379946,2025,2026-07-10,2026-07-11,Expired,Auto
4294,2294,9398341199,2015,2025-10-18,2025-10-19,Expired,Auto
4295,2295,9702433431,2007,2025-11-13,2025-11-20,Expired,Manual
4296,2296,9989560037,2019,2025-08-30,2026-02-26,Expired,Manual
4297,2297,9440968565,2016,2026-02-21,2026-05-22,Expired,Auto
4298,2298,9752611744,2025,2025-12-14,2025-12-15,Expired,Auto
4299,2299,9064836134,2012,2026-01-31,2026-02-28,Expired,Auto
4300,2300,9967505537,2022,2025-08-09,2025-09-08,Expired,Auto
4301,2301,9134104277,2021,2025-10-29,2026-01-21,Expired,Auto
4302,2302,9886438998,2022,2026-05-29,2026-06-28,Expired,Auto
4303,2303,9242431938,2019,2026-01-14,2026-07-13,Expired,Auto
4304,2304,9390331285,2019,2025-12-16,2026-06-14,Expired,Auto
4305,2305,9500986080,2003,2025-11-18,2026-02-16,Expired,Auto
4306,2306,9601239809,2025,2026-03-17,2026-03-18,Expired,Manual
4307,2307,9439819280,2025,2025-10-11,2025-10-12,Expired,Auto
4308,2308,9072334986,2015,2026-04-28,2026-04-29,Expired,Manual
4309,2309,9539790584,2014,2025-11-25,2026-01-20,Expired,Manual
4310,2310,9440421150,2025,2026-02-03,2026-02-04,Expired,Manual
4311,2311,9357061332,2022,2026-03-04,2026-04-03,Expired,Auto
4312,2312,9290604874,2017,2025-10-23,2026-10-23,Active,Auto
4313,2313,9340647972,2012,2026-03-05,2026-04-02,Expired,Auto
4314,2314,9572237829,2001,2026-04-27,2026-04-28,Expired,Auto
4315,2315,9319116101,2002,2025-08-14,2025-08-21,Expired,Auto
4316,2316,9658056089,2008,2025-08-26,2026-08-26,Active,Auto
4317,2317,9913675449,2001,2026-06-13,2026-06-14,Expired,Auto
4318,2318,9989677763,2024,2026-05-27,2026-06-03,Expired,Auto
4319,2319,9946399696,2001,2025-12-29,2025-12-30,Expired,Auto
4320,2320,9181045136,2005,2025-11-16,2025-11-17,Expired,Manual
4321,2321,9160525441,2025,2026-03-15,2026-03-16,Expired,Manual
4322,2322,9397527837,2025,2026-02-07,2026-02-08,Expired,Auto
4323,2323,9603381916,2012,2025-10-28,2025-11-25,Expired,Manual
4324,2324,9533729628,2024,2026-08-03,2026-08-10,Active,Auto
4325,2325,9875866962,2025,2026-01-19,2026-01-20,Expired,Manual
4326,2326,9009488118,2013,2025-08-25,2025-11-23,Expired,Manual
4327,2327,9224872223,2011,2025-10-19,2026-04-17,Expired,Manual
4328,2328,9333067701,2008,2026-02-22,2027-02-22,Active,Auto
4329,2329,9438139809,2008,2025-08-21,2026-08-21,Active,Auto
4330,2330,9886125921,2020,2026-01-20,2027-01-20,Active,Auto
4331,2331,9804816533,2020,2025-09-17,2026-09-17,Active,Auto
4332,2332,9836149659,2021,2025-11-09,2026-02-01,Expired,Auto
4333,2333,9212701889,2001,2026-03-14,2026-03-15,Expired,Auto
4334,2334,9076766655,2014,2026-07-07,2026-09-01,Active,Auto
4335,2335,9207806858,2019,2025-08-16,2026-02-12,Expired,Auto
4336,2336,9725626819,2012,2026-01-16,2026-02-13,Expired,Auto
4337,2337,9397256500,2021,2025-10-09,2026-01-01,Expired,Auto
4338,2338,9059956673,2001,2025-10-15,2025-10-16,Expired,Auto
4339,2339,9219531810,2001,2025-09-03,2025-09-04,Expired,Auto
4340,2340,9443693002,2006,2026-05-29,2026-06-28,Expired,Auto
4341,2341,9510075677,2021,2025-08-21,2025-11-13,Expired,Auto
4342,2342,9069298951,2002,2025-12-21,2025-12-28,Expired,Auto
4343,2343,9769153700,2014,2026-01-27,2026-03-24,Expired,Auto
4344,2344,9013422314,2003,2026-01-22,2026-04-22,Expired,Auto
4345,2345,9304916653,2020,2025-09-17,2026-09-17,Active,Auto
4346,2346,9430540760,2002,2025-10-07,2025-10-14,Expired,Auto
4347,2347,9867821564,2010,2026-08-01,2027-01-28,Active,Manual
4348,2348,9313231210,2003,2026-08-01,2026-10-30,Active,Auto
4349,2349,9083677629,2022,2026-07-26,2026-08-25,Active,Auto
4350,2350,9027649972,2008,2026-06-12,2027-06-12,Active,Auto
4351,2351,9912890254,2011,2025-10-17,2026-04-15,Expired,Auto
4352,2352,9867564868,2013,2026-01-04,2026-04-04,Expired,Auto
4353,2353,9251910492,2009,2025-11-28,2025-12-05,Expired,Auto
4354,2354,9727188408,2013,2025-12-25,2026-03-25,Expired,Auto
4355,2355,9017627310,2023,2026-01-12,2026-03-09,Expired,Auto
4356,2356,9816667374,2023,2026-03-27,2026-05-22,Expired,Auto
4357,2357,9858307133,2002,2026-05-27,2026-06-03,Expired,Manual
4358,2358,9558642272,2003,2025-11-16,2026-02-14,Expired,Auto
4359,2359,9005893517,2011,2025-08-26,2026-02-22,Expired,Manual
4360,2360,9248297607,2021,2025-12-23,2026-03-17,Expired,Auto
4361,2361,9130108797,2015,2026-03-06,2026-03-07,Expired,Manual
4362,2362,9429368734,2010,2025-08-30,2026-02-26,Expired,Manual
4363,2363,9293613492,2012,2025-09-24,2025-10-22,Expired,Auto
4364,2364,9978560726,2020,2025-08-10,2026-08-10,Active,Auto
4365,2365,9471496750,2024,2026-06-05,2026-06-12,Expired,Auto
4366,2366,9579938094,2003,2026-04-12,2026-07-11,Expired,Auto
4367,2367,9911419975,2017,2025-09-09,2026-09-09,Active,Manual
4368,2368,9064891572,2004,2026-03-02,2026-04-27,Expired,Auto
4369,2369,9010950406,2020,2026-03-09,2027-03-09,Active,Auto
4370,2370,9363955032,2017,2025-08-18,2026-08-18,Active,Manual
4371,2371,9079626966,2009,2026-08-01,2026-08-08,Expired,Auto
4372,2372,9485845898,2021,2025-10-20,2026-01-12,Expired,Manual
4373,2373,9463409228,2004,2026-01-10,2026-03-07,Expired,Auto
4374,2374,9388371465,2021,2026-01-18,2026-04-12,Expired,Auto
4375,2375,9074557127,2005,2026-07-25,2026-07-26,Expired,Manual
4376,2376,9928984615,2011,2026-07-03,2026-12-30,Active,Auto
4377,2377,9280025769,2001,2026-04-27,2026-04-28,Expired,Auto
4378,2378,9778723545,2016,2026-05-01,2026-07-30,Expired,Auto
4379,2379,9616175588,2001,2026-03-31,2026-04-01,Expired,Manual
4380,2380,9494382746,2004,2025-11-02,2025-12-28,Expired,Manual
4381,2381,9334442903,2007,2026-03-20,2026-03-27,Expired,Auto
4382,2382,9554154137,2002,2025-10-01,2025-10-08,Expired,Manual
4383,2383,9720814920,2006,2026-01-27,2026-02-26,Expired,Auto
4384,2384,9353531213,2003,2026-06-11,2026-09-09,Active,Auto
4385,2385,9702334692,2014,2026-07-04,2026-08-29,Active,Auto
4386,2386,9797942466,2019,2026-07-03,2026-12-30,Active,Auto
4387,2387,9806988607,2001,2026-07-26,2026-07-27,Expired,Auto
4388,2388,9873887410,2013,2026-06-06,2026-09-04,Active,Auto
4389,2389,9043878021,2020,2026-01-11,2027-01-11,Active,Auto
4390,2390,9957020920,2011,2025-11-05,2026-05-04,Expired,Manual
4391,2391,9013933929,2020,2026-01-10,2027-01-10,Active,Manual
4392,2392,9908822016,2017,2026-02-14,2027-02-14,Active,Manual
4393,2393,9614557360,2004,2026-06-16,2026-08-11,Active,Auto
4394,2394,9812222875,2007,2025-09-20,2025-09-27,Expired,Auto
4395,2395,9585845616,2007,2026-04-06,2026-04-13,Expired,Auto
4396,2396,9644345116,2021,2025-11-23,2026-02-15,Expired,Auto
4397,2397,9973773443,2010,2026-05-12,2026-11-08,Active,Auto
4398,2398,9797431875,2018,2025-08-15,2025-10-10,Expired,Auto
4399,2399,9623001421,2007,2026-05-17,2026-05-24,Expired,Manual
4400,2400,9116309695,2016,2026-02-17,2026-05-18,Expired,Auto
4401,2401,9094134366,2018,2025-09-29,2025-11-24,Expired,Auto
4402,2402,9457358291,2018,2026-07-08,2026-09-02,Active,Auto
4403,2403,9622843019,2012,2025-08-14,2025-09-11,Expired,Auto
4404,2404,9282029766,2025,2026-01-26,2026-01-27,Expired,Auto
4405,2405,9151458672,2005,2025-09-16,2025-09-17,Expired,Auto
4406,2406,9153292866,2018,2025-10-17,2025-12-12,Expired,Auto
4407,2407,9308264635,2016,2026-07-11,2026-10-09,Active,Auto
4408,2408,9571937361,2006,2025-11-12,2025-12-12,Expired,Auto
4409,2409,9926518136,2023,2026-02-06,2026-04-03,Expired,Auto
4410,2410,9601204325,2020,2026-05-07,2027-05-07,Active,Manual
4411,2411,9415101321,2018,2026-02-12,2026-04-09,Expired,Auto
4412,2412,9703470235,2024,2025-12-21,2025-12-28,Expired,Auto
4413,2413,9209238094,2017,2026-08-01,2027-08-01,Active,Auto
4414,2414,9088506003,2012,2026-05-13,2026-06-10,Expired,Manual
4415,2415,9595960872,2023,2026-02-27,2026-04-24,Expired,Auto
4416,2416,9474495323,2011,2026-02-01,2026-07-31,Expired,Auto
4417,2417,9865299351,2004,2025-10-10,2025-12-05,Expired,Auto
4418,2418,9141692778,2007,2025-10-05,2025-10-12,Expired,Auto
4419,2419,9452736120,2024,2026-02-17,2026-02-24,Expired,Manual
4420,2420,9412028031,2014,2025-12-20,2026-02-14,Expired,Auto
4421,2421,9719632210,2016,2026-01-22,2026-04-22,Expired,Auto
4422,2422,9806192469,2001,2025-12-24,2025-12-25,Expired,Auto
4423,2423,9838031390,2002,2026-01-24,2026-01-31,Expired,Auto
4424,2424,9142975699,2001,2025-11-04,2025-11-05,Expired,Manual
4425,2425,9968180957,2014,2025-08-28,2025-10-23,Expired,Auto
4426,2426,9971919649,2008,2026-01-16,2027-01-16,Active,Manual
4427,2427,9366952000,2007,2026-06-13,2026-06-20,Expired,Auto
4428,2428,9787754344,2019,2025-12-23,2026-06-21,Expired,Manual
4429,2429,9470322610,2011,2026-07-21,2027-01-17,Active,Manual
4430,2430,9784369393,2023,2026-03-06,2026-05-01,Expired,Auto
4431,2431,9250376333,2009,2026-02-12,2026-02-19,Expired,Manual
4432,2432,9873910138,2009,2025-12-26,2026-01-02,Expired,Auto
4433,2433,9579317328,2024,2026-03-04,2026-03-11,Expired,Auto
4434,2434,9924743850,2017,2026-07-05,2027-07-05,Active,Auto
4435,2435,9072805444,2017,2025-09-09,2026-09-09,Active,Auto
4436,2436,9976082062,2025,2025-10-16,2025-10-17,Expired,Manual
4437,2437,9024774974,2004,2026-03-26,2026-05-21,Expired,Auto
4438,2438,9710323285,2011,2026-01-11,2026-07-10,Expired,Auto
4439,2439,9017047397,2024,2026-08-01,2026-08-08,Expired,Auto
4440,2440,9505893617,2010,2026-03-05,2026-09-01,Active,Auto
4441,2441,9793693760,2009,2025-11-19,2025-11-26,Expired,Auto
4442,2442,9987353400,2004,2026-04-18,2026-06-13,Expired,Auto
4443,2443,9997960664,2018,2026-07-10,2026-09-04,Active,Manual
4444,2444,9083313677,2012,2025-11-21,2025-12-19,Expired,Auto
4445,2445,9346344849,2013,2025-08-26,2025-11-24,Expired,Auto
4446,2446,9239123013,2007,2025-10-12,2025-10-19,Expired,Manual
4447,2447,9641590162,2004,2026-06-23,2026-08-18,Active,Manual
4448,2448,9970882968,2014,2025-09-18,2025-11-13,Expired,Auto
4449,2449,9716307887,2002,2026-01-04,2026-01-11,Expired,Auto
4450,2450,9780561985,2022,2026-07-23,2026-08-22,Active,Auto
4451,2451,9096433764,2005,2026-01-05,2026-01-06,Expired,Manual
4452,2452,9298426176,2003,2025-09-19,2025-12-18,Expired,Manual
4453,2453,9407183186,2010,2026-07-15,2027-01-11,Active,Auto
4454,2454,9203084819,2025,2026-05-01,2026-05-02,Expired,Auto
4455,2455,9873484372,2005,2026-07-07,2026-07-08,Expired,Manual
4456,2456,9126973951,2009,2026-07-13,2026-07-20,Expired,Manual
4457,2457,9594019997,2010,2026-02-19,2026-08-18,Active,Manual
4458,2458,9422283441,2011,2026-06-12,2026-12-09,Active,Manual
4459,2459,9370992455,2016,2026-04-27,2026-07-26,Expired,Auto
4460,2460,9812450030,2006,2026-07-23,2026-08-22,Active,Manual
4461,2461,9994592472,2014,2025-10-27,2025-12-22,Expired,Auto
4462,2462,9021931666,2016,2026-07-06,2026-10-04,Active,Auto
4463,2463,9680671576,2005,2025-12-31,2026-01-01,Expired,Manual
4464,2464,9695526600,2002,2026-05-26,2026-06-02,Expired,Auto
4465,2465,9303281850,2013,2025-11-23,2026-02-21,Expired,Auto
4466,2466,9594823692,2003,2025-10-30,2026-01-28,Expired,Manual
4467,2467,9145496073,2023,2026-06-29,2026-08-24,Active,Auto
4468,2468,9978319834,2013,2026-07-22,2026-10-20,Active,Auto
4469,2469,9906279824,2010,2026-05-23,2026-11-19,Active,Auto
4470,2470,9681743383,2016,2026-03-11,2026-06-09,Expired,Auto
4471,2471,9956547471,2009,2026-04-04,2026-04-11,Expired,Auto
4472,2472,9971790799,2004,2025-12-06,2026-01-31,Expired,Auto
4473,2473,9155922083,2022,2025-10-11,2025-11-10,Expired,Auto
4474,2474,9857601735,2012,2025-10-08,2025-11-05,Expired,Auto
4475,2475,9515624822,2011,2025-09-10,2026-03-09,Expired,Auto
4476,2476,9082845649,2016,2025-11-13,2026-02-11,Expired,Auto
4477,2477,9307536991,2008,2026-05-17,2027-05-17,Active,Auto
4478,2478,9256463561,2024,2026-04-22,2026-04-29,Expired,Auto
4479,2479,9894016125,2019,2025-09-21,2026-03-20,Expired,Auto
4480,2480,9678405221,2018,2026-03-29,2026-05-24,Expired,Manual
4481,2481,9181990715,2003,2025-12-07,2026-03-07,Expired,Auto
4482,2482,9791762622,2014,2026-04-27,2026-06-22,Expired,Auto
4483,2483,9984325517,2015,2025-10-20,2025-10-21,Expired,Manual
4484,2484,9309726863,2024,2026-05-08,2026-05-15,Expired,Manual
4485,2485,9564427073,2006,2025-10-19,2025-11-18,Expired,Auto
4486,2486,9778721551,2013,2026-04-08,2026-07-07,Expired,Manual
4487,2487,9373936459,2022,2026-03-11,2026-04-10,Expired,Manual
4488,2488,9926097351,2023,2026-07-06,2026-08-31,Active,Auto
4489,2489,9683924668,2022,2026-06-07,2026-07-07,Expired,Auto
4490,2490,9609672328,2006,2025-08-25,2025-09-24,Expired,Auto
4491,2491,9116656864,2007,2026-02-06,2026-02-13,Expired,Auto
4492,2492,9911341851,2009,2026-06-01,2026-06-08,Expired,Manual
4493,2493,9665334272,2022,2026-06-18,2026-07-18,Expired,Auto
4494,2494,9230727302,2013,2026-05-09,2026-08-07,Expired,Auto
4495,2495,9734229757,2018,2026-01-03,2026-02-28,Expired,Auto
4496,2496,9992699839,2013,2026-07-07,2026-10-05,Active,Manual
4497,2497,9729137019,2003,2026-04-09,2026-07-08,Expired,Auto
4498,2498,9290871617,2003,2026-04-07,2026-07-06,Expired,Manual
4499,2499,9206953348,2020,2025-08-16,2026-08-16,Active,Auto
4500,2500,9361920692,2025,2025-11-05,2025-11-06,Expired,Auto
4501,2501,9645221979,2019,2025-09-03,2026-03-02,Expired,Auto
4502,2502,9523343007,2024,2026-04-29,2026-05-06,Expired,Manual
4503,2503,9954195582,2015,2025-11-21,2025-11-22,Expired,Auto
4504,2504,9823094172,2008,2026-03-31,2027-03-31,Active,Auto
4505,2505,9431187970,2014,2026-07-17,2026-09-11,Active,Manual
4506,2506,9279578771,2024,2026-01-20,2026-01-27,Expired,Auto
4507,2507,9901027095,2019,2026-03-22,2026-09-18,Active,Auto
4508,2508,9301619244,2008,2026-04-28,2027-04-28,Active,Auto
4509,2509,9297583812,2013,2026-01-25,2026-04-25,Expired,Auto
4510,2510,9253025636,2020,2026-04-18,2027-04-18,Active,Auto
4511,2511,9542948658,2006,2026-06-06,2026-07-06,Expired,Auto
4512,2512,9821653555,2008,2025-09-15,2026-09-15,Active,Auto
4513,2513,9501391277,2024,2025-10-24,2025-10-31,Expired,Auto
4514,2514,9807652232,2021,2025-08-28,2025-11-20,Expired,Auto
4515,2515,9684474610,2016,2025-08-19,2025-11-17,Expired,Auto
4516,2516,9761991359,2025,2026-05-26,2026-05-27,Expired,Auto
4517,2517,9092392355,2011,2026-03-17,2026-09-13,Active,Auto
4518,2518,9737037725,2022,2026-04-28,2026-05-28,Expired,Auto
4519,2519,9757547702,2017,2026-03-12,2027-03-12,Active,Manual
4520,2520,9022444195,2003,2025-09-08,2025-12-07,Expired,Auto
4521,2521,9600718653,2005,2025-11-07,2025-11-08,Expired,Auto
4522,2522,9411188296,2008,2026-04-03,2027-04-03,Active,Auto
4523,2523,9827224344,2018,2025-08-16,2025-10-11,Expired,Auto
4524,2524,9908680706,2020,2026-07-04,2027-07-04,Active,Auto
4525,2525,9223587723,2013,2026-07-18,2026-10-16,Active,Auto
4526,2526,9166243946,2018,2026-05-05,2026-06-30,Expired,Auto
4527,2527,9368392062,2005,2026-03-29,2026-03-30,Expired,Auto
4528,2528,9912678197,2017,2026-02-16,2027-02-16,Active,Auto
4529,2529,9355749693,2008,2025-12-16,2026-12-16,Active,Auto
4530,2530,9518412782,2001,2025-10-08,2025-10-09,Expired,Auto
4531,2531,9361631556,2005,2025-09-09,2025-09-10,Expired,Auto
4532,2532,9396394684,2013,2026-07-15,2026-10-13,Active,Auto
4533,2533,9393065630,2011,2025-10-06,2026-04-04,Expired,Auto
4534,2534,9879387272,2004,2026-02-06,2026-04-03,Expired,Manual
4535,2535,9002256290,2024,2026-06-23,2026-06-30,Expired,Auto
4536,2536,9942935795,2012,2025-08-26,2025-09-23,Expired,Auto
4537,2537,9698427622,2004,2026-06-15,2026-08-10,Active,Auto
4538,2538,9224390869,2024,2025-10-16,2025-10-23,Expired,Manual
4539,2539,9435235529,2007,2025-09-18,2025-09-25,Expired,Auto
4540,2540,9939555911,2008,2026-05-08,2027-05-08,Active,Auto
4541,2541,9254265243,2016,2026-05-20,2026-08-18,Active,Manual
4542,2542,9307616997,2009,2026-03-05,2026-03-12,Expired,Manual
4543,2543,9303404257,2021,2026-02-19,2026-05-14,Expired,Manual
4544,2544,9501364426,2012,2026-02-09,2026-03-09,Expired,Auto
4545,2545,9240949925,2023,2025-10-08,2025-12-03,Expired,Auto
4546,2546,9505659495,2003,2026-04-12,2026-07-11,Expired,Auto
4547,2547,9310976491,2025,2025-12-30,2025-12-31,Expired,Auto
4548,2548,9415190237,2021,2026-03-18,2026-06-10,Expired,Auto
4549,2549,9026308350,2003,2025-09-11,2025-12-10,Expired,Manual
4550,2550,9678650673,2005,2025-12-27,2025-12-28,Expired,Manual
4551,2551,9268684760,2022,2025-12-18,2026-01-17,Expired,Manual
4552,2552,9514554089,2017,2025-12-19,2026-12-19,Active,Auto
4553,2553,9339314182,2006,2026-02-05,2026-03-07,Expired,Auto
4554,2554,9055719603,2025,2025-11-11,2025-11-12,Expired,Manual
4555,2555,9129656577,2002,2026-01-08,2026-01-15,Expired,Auto
4556,2556,9512331886,2009,2025-08-30,2025-09-06,Expired,Auto
4557,2557,9323301841,2012,2026-07-07,2026-08-04,Expired,Manual
4558,2558,9950965101,2004,2025-12-04,2026-01-29,Expired,Auto
4559,2559,9814744697,2011,2026-01-26,2026-07-25,Expired,Manual
4560,2560,9818784289,2019,2025-11-07,2026-05-06,Expired,Manual
4561,2561,9784533955,2010,2026-05-15,2026-11-11,Active,Auto
4562,2562,9569631128,2012,2026-03-20,2026-04-17,Expired,Auto
4563,2563,9732019683,2009,2026-07-13,2026-07-20,Expired,Auto
4564,2564,9208884637,2016,2025-12-24,2026-03-24,Expired,Auto
4565,2565,9589109415,2008,2026-07-23,2027-07-23,Active,Auto
4566,2566,9001622884,2014,2025-10-27,2025-12-22,Expired,Auto
4567,2567,9172158268,2021,2026-07-20,2026-10-12,Active,Auto
4568,2568,9724554396,2012,2026-03-14,2026-04-11,Expired,Auto
4569,2569,9087797012,2002,2025-08-11,2025-08-18,Expired,Auto
4570,2570,9309119050,2023,2025-10-25,2025-12-20,Expired,Manual
4571,2571,9046539231,2007,2025-10-15,2025-10-22,Expired,Auto
4572,2572,9933443229,2012,2026-02-20,2026-03-20,Expired,Auto
4573,2573,9403044114,2003,2026-05-13,2026-08-11,Active,Auto
4574,2574,9478093902,2018,2026-05-11,2026-07-06,Expired,Auto
4575,2575,9870804539,2012,2026-01-25,2026-02-22,Expired,Manual
4576,2576,9601122096,2011,2026-03-19,2026-09-15,Active,Manual
4577,2577,9738777859,2017,2025-12-19,2026-12-19,Active,Manual
4578,2578,9195190492,2022,2025-10-01,2025-10-31,Expired,Auto
4579,2579,9318443729,2023,2026-01-25,2026-03-22,Expired,Auto
4580,2580,9482169580,2015,2026-05-07,2026-05-08,Expired,Auto
4581,2581,9223427366,2003,2025-11-04,2026-02-02,Expired,Manual
4582,2582,9480972091,2020,2026-06-24,2027-06-24,Active,Manual
4583,2583,9555413097,2016,2026-01-18,2026-04-18,Expired,Auto
4584,2584,9970527161,2015,2025-11-06,2025-11-07,Expired,Manual
4585,2585,9898114190,2023,2025-10-26,2025-12-21,Expired,Auto
4586,2586,9020582350,2012,2025-08-17,2025-09-14,Expired,Manual
4587,2587,9872274431,2016,2025-09-22,2025-12-21,Expired,Manual
4588,2588,9708459887,2009,2026-03-03,2026-03-10,Expired,Auto
4589,2589,9977358205,2022,2026-05-27,2026-06-26,Expired,Manual
4590,2590,9201298375,2020,2025-11-15,2026-11-15,Active,Auto
4591,2591,9183088032,2024,2026-03-24,2026-03-31,Expired,Auto
4592,2592,9381924979,2019,2026-01-23,2026-07-22,Expired,Auto
4593,2593,9466472070,2021,2026-01-24,2026-04-18,Expired,Auto
4594,2594,9472560051,2014,2026-06-26,2026-08-21,Active,Auto
4595,2595,9592373798,2013,2026-06-25,2026-09-23,Active,Auto
4596,2596,9890267090,2001,2026-01-26,2026-01-27,Expired,Auto
4597,2597,9309308363,2021,2026-01-11,2026-04-05,Expired,Auto
4598,2598,9808360600,2024,2026-08-06,2026-08-13,Active,Auto
4599,2599,9527541428,2008,2026-02-08,2027-02-08,Active,Manual
4600,2600,9187316063,2024,2025-11-27,2025-12-04,Expired,Auto
4601,2601,9773178668,2019,2026-05-09,2026-11-05,Active,Auto
4602,2602,9959160625,2010,2026-02-25,2026-08-24,Active,Manual
4603,2603,9908925990,2013,2026-07-02,2026-09-30,Active,Auto
4604,2604,9855642368,2022,2026-07-15,2026-08-14,Active,Auto
4605,2605,9448464065,2016,2026-04-30,2026-07-29,Expired,Manual
4606,2606,9684777684,2013,2026-08-05,2026-11-03,Active,Manual
4607,2607,9763922676,2013,2025-09-12,2025-12-11,Expired,Auto
4608,2608,9874232179,2019,2026-02-11,2026-08-10,Active,Auto
4609,2609,9335507529,2025,2026-06-29,2026-06-30,Expired,Auto
4610,2610,9798260963,2012,2026-01-13,2026-02-10,Expired,Auto
4611,2611,9386831030,2003,2025-11-20,2026-02-18,Expired,Manual
4612,2612,9194284817,2019,2025-09-01,2026-02-28,Expired,Auto
4613,2613,9559929500,2015,2025-09-15,2025-09-16,Expired,Auto
4614,2614,9248682153,2004,2025-12-21,2026-02-15,Expired,Auto
4615,2615,9843931461,2013,2025-09-02,2025-12-01,Expired,Manual
4616,2616,9880154142,2011,2025-12-24,2026-06-22,Expired,Auto
4617,2617,9740512270,2011,2025-10-19,2026-04-17,Expired,Auto
4618,2618,9305396013,2021,2025-11-14,2026-02-06,Expired,Auto
4619,2619,9890977992,2015,2025-11-17,2025-11-18,Expired,Manual
4620,2620,9896294232,2016,2025-12-03,2026-03-03,Expired,Auto
4621,2621,9058903087,2025,2025-08-30,2025-08-31,Expired,Auto
4622,2622,9444039831,2009,2025-12-10,2025-12-17,Expired,Manual
4623,2623,9732154473,2001,2026-02-20,2026-02-21,Expired,Manual
4624,2624,9458302299,2010,2025-11-07,2026-05-06,Expired,Auto
4625,2625,9454715894,2016,2026-05-23,2026-08-21,Active,Auto
4626,2626,9592346277,2017,2026-06-12,2027-06-12,Active,Auto
4627,2627,9397508951,2011,2025-09-14,2026-03-13,Expired,Manual
4628,2628,9728206711,2017,2025-12-12,2026-12-12,Active,Auto
4629,2629,9522483758,2024,2026-04-12,2026-04-19,Expired,Manual
4630,2630,9380046773,2019,2026-06-01,2026-11-28,Active,Auto
4631,2631,9895381807,2023,2026-06-26,2026-08-21,Active,Auto
4632,2632,9659889840,2012,2026-02-10,2026-03-10,Expired,Auto
4633,2633,9720042887,2021,2026-03-25,2026-06-17,Expired,Manual
4634,2634,9969780416,2023,2025-12-04,2026-01-29,Expired,Auto
4635,2635,9495024011,2007,2025-12-23,2025-12-30,Expired,Manual
4636,2636,9085477032,2012,2025-09-27,2025-10-25,Expired,Auto
4637,2637,9460290468,2002,2026-06-01,2026-06-08,Expired,Manual
4638,2638,9386304400,2003,2026-02-02,2026-05-03,Expired,Auto
4639,2639,9129360373,2007,2025-09-10,2025-09-17,Expired,Auto
4640,2640,9914544297,2007,2025-08-26,2025-09-02,Expired,Auto
4641,2641,9420375435,2024,2026-06-27,2026-07-04,Expired,Auto
4642,2642,9910559280,2019,2025-08-22,2026-02-18,Expired,Auto
4643,2643,9686984591,2025,2026-03-04,2026-03-05,Expired,Auto
4644,2644,9711635050,2001,2026-01-19,2026-01-20,Expired,Auto
4645,2645,9372545972,2020,2025-11-20,2026-11-20,Active,Auto
4646,2646,9472368462,2014,2025-11-17,2026-01-12,Expired,Manual
4647,2647,9785090735,2023,2026-01-12,2026-03-09,Expired,Auto
4648,2648,9284547066,2019,2025-10-05,2026-04-03,Expired,Auto
4649,2649,9565346338,2010,2026-06-25,2026-12-22,Active,Auto
4650,2650,9371549245,2009,2026-08-04,2026-08-11,Active,Manual
4651,2651,9332553497,2021,2026-07-29,2026-10-21,Active,Auto
4652,2652,9706090013,2005,2026-05-28,2026-05-29,Expired,Auto
4653,2653,9786189381,2012,2025-08-24,2025-09-21,Expired,Manual
4654,2654,9705670142,2007,2025-12-14,2025-12-21,Expired,Manual
4655,2655,9463892862,2014,2025-09-18,2025-11-13,Expired,Manual
4656,2656,9707681757,2009,2026-06-15,2026-06-22,Expired,Auto
4657,2657,9622717344,2022,2026-01-29,2026-02-28,Expired,Manual
4658,2658,9174678054,2010,2026-04-03,2026-09-30,Active,Auto
4659,2659,9981503355,2016,2025-10-05,2026-01-03,Expired,Auto
4660,2660,9407460756,2008,2025-09-11,2026-09-11,Active,Auto
4661,2661,9060279524,2017,2025-12-09,2026-12-09,Active,Manual
4662,2662,9788244076,2015,2026-07-25,2026-07-26,Expired,Manual
4663,2663,9815153288,2020,2026-03-17,2027-03-17,Active,Auto
4664,2664,9342857406,2009,2025-09-29,2025-10-06,Expired,Auto
4665,2665,9043010004,2012,2025-10-26,2025-11-23,Expired,Manual
4666,2666,9160988351,2002,2025-09-30,2025-10-07,Expired,Auto
4667,2667,9736724803,2001,2025-11-27,2025-11-28,Expired,Auto
4668,2668,9612229971,2012,2026-05-16,2026-06-13,Expired,Auto
4669,2669,9979054945,2011,2025-08-23,2026-02-19,Expired,Manual
4670,2670,9701633338,2025,2026-03-29,2026-03-30,Expired,Auto
4671,2671,9781262871,2008,2025-08-26,2026-08-26,Active,Manual
4672,2672,9456812983,2004,2025-11-16,2026-01-11,Expired,Auto
4673,2673,9664425940,2010,2026-01-18,2026-07-17,Expired,Manual
4674,2674,9574555223,2001,2025-08-15,2025-08-16,Expired,Auto
4675,2675,9343908179,2006,2026-06-29,2026-07-29,Expired,Auto
4676,2676,9836878644,2008,2026-01-20,2027-01-20,Active,Auto
4677,2677,9663502880,2009,2026-04-10,2026-04-17,Expired,Auto
4678,2678,9086091750,2010,2026-06-12,2026-12-09,Active,Manual
4679,2679,9416108450,2002,2025-09-03,2025-09-10,Expired,Auto
4680,2680,9000780354,2012,2025-11-21,2025-12-19,Expired,Auto
4681,2681,9184298947,2013,2026-05-23,2026-08-21,Active,Manual
4682,2682,9261384676,2018,2026-04-21,2026-06-16,Expired,Manual
4683,2683,9136712602,2002,2025-12-31,2026-01-07,Expired,Manual
4684,2684,9593562461,2019,2026-05-28,2026-11-24,Active,Auto
4685,2685,9316479699,2018,2025-09-19,2025-11-14,Expired,Auto
4686,2686,9978564709,2012,2026-03-24,2026-04-21,Expired,Manual
4687,2687,9679838478,2009,2026-06-25,2026-07-02,Expired,Manual
4688,2688,9867157154,2024,2026-01-12,2026-01-19,Expired,Manual
4689,2689,9015933157,2001,2025-12-29,2025-12-30,Expired,Manual
4690,2690,9355570955,2014,2026-02-06,2026-04-03,Expired,Manual
4691,2691,9740696272,2015,2026-02-04,2026-02-05,Expired,Auto
4692,2692,9035227954,2019,2025-12-15,2026-06-13,Expired,Auto
4693,2693,9811364321,2008,2026-06-19,2027-06-19,Active,Manual
4694,2694,9614023148,2019,2026-05-07,2026-11-03,Active,Auto
4695,2695,9615024005,2008,2025-11-27,2026-11-27,Active,Auto
4696,2696,9140736554,2025,2025-12-17,2025-12-18,Expired,Auto
4697,2697,9408689121,2013,2025-11-09,2026-02-07,Expired,Auto
4698,2698,9207299322,2012,2026-02-23,2026-03-23,Expired,Manual
4699,2699,9213080579,2020,2025-09-16,2026-09-16,Active,Auto
4700,2700,9336564058,2025,2026-05-24,2026-05-25,Expired,Auto
4701,2701,9696216448,2008,2025-09-30,2026-09-30,Active,Auto
4702,2702,9323227777,2005,2025-10-09,2025-10-10,Expired,Auto
4703,2703,9973494914,2024,2026-06-18,2026-06-25,Expired,Auto
4704,2704,9641102470,2007,2026-01-02,2026-01-09,Expired,Auto
4705,2705,9036029635,2009,2025-12-10,2025-12-17,Expired,Manual
4706,2706,9879224942,2001,2026-02-06,2026-02-07,Expired,Manual
4707,2707,9885140567,2008,2025-09-09,2026-09-09,Active,Auto
4708,2708,9598580352,2017,2026-08-08,2027-08-08,Active,Auto
4709,2709,9447568567,2019,2026-05-16,2026-11-12,Active,Manual
4710,2710,9442627938,2025,2026-03-08,2026-03-09,Expired,Auto
4711,2711,9865934381,2018,2026-06-22,2026-08-17,Active,Auto
4712,2712,9498654061,2003,2025-11-08,2026-02-06,Expired,Auto
4713,2713,9454072380,2007,2026-04-27,2026-05-04,Expired,Auto
4714,2714,9355426056,2001,2026-03-31,2026-04-01,Expired,Auto
4715,2715,9206091247,2011,2025-09-18,2026-03-17,Expired,Auto
4716,2716,9519752703,2020,2025-11-30,2026-11-30,Active,Auto
4717,2717,9482276814,2001,2026-08-02,2026-08-03,Expired,Auto
4718,2718,9025077405,2022,2026-08-09,2026-09-08,Active,Auto
4719,2719,9626362705,2018,2025-10-21,2025-12-16,Expired,Auto
4720,2720,9914684804,2007,2026-02-21,2026-02-28,Expired,Auto
4721,2721,9180219805,2016,2026-02-15,2026-05-16,Expired,Auto
4722,2722,9479186674,2018,2025-08-19,2025-10-14,Expired,Auto
4723,2723,9408224445,2025,2026-02-20,2026-02-21,Expired,Auto
4724,2724,9901203840,2003,2026-08-07,2026-11-05,Active,Manual
4725,2725,9858934016,2017,2025-09-08,2026-09-08,Active,Auto
4726,2726,9626067519,2005,2025-10-16,2025-10-17,Expired,Manual
4727,2727,9308945692,2025,2026-03-05,2026-03-06,Expired,Manual
4728,2728,9236700278,2013,2026-01-09,2026-04-09,Expired,Manual
4729,2729,9516654475,2002,2026-05-10,2026-05-17,Expired,Auto
4730,2730,9171524016,2020,2026-01-19,2027-01-19,Active,Manual
4731,2731,9338749069,2019,2026-02-11,2026-08-10,Active,Auto
4732,2732,9866771832,2019,2026-07-22,2027-01-18,Active,Auto
4733,2733,9822571845,2023,2026-02-11,2026-04-08,Expired,Auto
4734,2734,9925257820,2003,2026-01-14,2026-04-14,Expired,Auto
4735,2735,9149498212,2017,2026-01-04,2027-01-04,Active,Auto
4736,2736,9448401668,2014,2026-01-24,2026-03-21,Expired,Auto
4737,2737,9447509773,2025,2025-08-11,2025-08-12,Expired,Manual
4738,2738,9403329225,2003,2025-12-02,2026-03-02,Expired,Auto
4739,2739,9006102306,2017,2025-10-12,2026-10-12,Active,Auto
4740,2740,9981345284,2018,2026-04-24,2026-06-19,Expired,Auto
4741,2741,9233348615,2005,2025-10-18,2025-10-19,Expired,Auto
4742,2742,9312938340,2020,2026-05-09,2027-05-09,Active,Auto
4743,2743,9568689382,2013,2025-09-15,2025-12-14,Expired,Manual
4744,2744,9782774208,2004,2025-12-21,2026-02-15,Expired,Auto
4745,2745,9616735243,2008,2026-03-30,2027-03-30,Active,Auto
4746,2746,9772590440,2012,2026-05-05,2026-06-02,Expired,Auto
4747,2747,9733998834,2021,2025-09-16,2025-12-09,Expired,Auto
4748,2748,9344975865,2013,2025-08-20,2025-11-18,Expired,Auto
4749,2749,9760428137,2010,2025-09-12,2026-03-11,Expired,Auto
4750,2750,9148612750,2011,2026-04-30,2026-10-27,Active,Auto
4751,2751,9650566117,2022,2025-09-29,2025-10-29,Expired,Auto
4752,2752,9006213397,2018,2026-01-02,2026-02-27,Expired,Manual
4753,2753,9928336203,2024,2026-07-26,2026-08-02,Expired,Manual
4754,2754,9704644560,2003,2025-09-07,2025-12-06,Expired,Auto
4755,2755,9348436435,2018,2025-12-23,2026-02-17,Expired,Auto
4756,2756,9756795583,2003,2026-05-19,2026-08-17,Active,Auto
4757,2757,9037323874,2009,2026-07-10,2026-07-17,Expired,Auto
4758,2758,9813220709,2024,2026-03-06,2026-03-13,Expired,Manual
4759,2759,9791047505,2024,2026-08-08,2026-08-15,Active,Auto
4760,2760,9795544732,2001,2026-02-07,2026-02-08,Expired,Auto
4761,2761,9678283390,2010,2025-12-13,2026-06-11,Expired,Auto
4762,2762,9390636710,2011,2025-09-14,2026-03-13,Expired,Manual
4763,2763,9701765990,2023,2025-12-03,2026-01-28,Expired,Auto
4764,2764,9543569469,2016,2026-05-31,2026-08-29,Active,Auto
4765,2765,9416157507,2013,2026-03-23,2026-06-21,Expired,Manual
4766,2766,9306954920,2010,2026-04-20,2026-10-17,Active,Manual
4767,2767,9503426153,2022,2026-01-29,2026-02-28,Expired,Auto
4768,2768,9226140523,2018,2025-12-29,2026-02-23,Expired,Manual
4769,2769,9121760064,2009,2026-05-01,2026-05-08,Expired,Auto
4770,2770,9089693538,2020,2026-08-02,2027-08-02,Active,Auto
4771,2771,9504867370,2007,2026-03-23,2026-03-30,Expired,Manual
4772,2772,9495356155,2022,2026-03-21,2026-04-20,Expired,Auto
4773,2773,9660714080,2010,2026-01-22,2026-07-21,Expired,Auto
4774,2774,9548617618,2001,2026-04-23,2026-04-24,Expired,Auto
4775,2775,9360172235,2005,2025-10-24,2025-10-25,Expired,Auto
4776,2776,9614256076,2020,2025-10-27,2026-10-27,Active,Auto
4777,2777,9258561653,2002,2025-11-12,2025-11-19,Expired,Auto
4778,2778,9086985638,2014,2025-11-30,2026-01-25,Expired,Manual
4779,2779,9406287036,2004,2026-07-28,2026-09-22,Active,Manual
4780,2780,9369324639,2015,2025-11-12,2025-11-13,Expired,Auto
4781,2781,9860642466,2023,2025-08-25,2025-10-20,Expired,Auto
4782,2782,9897798393,2008,2026-02-25,2027-02-25,Active,Auto
4783,2783,9394201342,2018,2025-08-12,2025-10-07,Expired,Auto
4784,2784,9637449685,2008,2026-05-28,2027-05-28,Active,Auto
4785,2785,9626688700,2024,2026-04-24,2026-05-01,Expired,Auto
4786,2786,9026522693,2016,2025-08-11,2025-11-09,Expired,Auto
4787,2787,9206610687,2005,2026-07-08,2026-07-09,Expired,Auto
4788,2788,9594538015,2003,2026-04-02,2026-07-01,Expired,Auto
4789,2789,9135913801,2009,2026-02-08,2026-02-15,Expired,Auto
4790,2790,9905090642,2019,2025-11-05,2026-05-04,Expired,Auto
4791,2791,9864830782,2013,2026-01-04,2026-04-04,Expired,Auto
4792,2792,9678936110,2007,2026-08-06,2026-08-13,Active,Auto
4793,2793,9648125035,2019,2026-07-05,2027-01-01,Active,Auto
4794,2794,9275087498,2021,2026-03-13,2026-06-05,Expired,Auto
4795,2795,9336375767,2023,2025-08-28,2025-10-23,Expired,Auto
4796,2796,9045818325,2020,2026-02-11,2027-02-11,Active,Auto
4797,2797,9123125121,2004,2025-11-02,2025-12-28,Expired,Auto
4798,2798,9054093769,2015,2026-05-20,2026-05-21,Expired,Auto
4799,2799,9920250453,2004,2025-10-05,2025-11-30,Expired,Manual
4800,2800,9745286578,2021,2026-03-05,2026-05-28,Expired,Auto
4801,2801,9059113934,2005,2026-02-25,2026-02-26,Expired,Auto
4802,2802,9923406627,2013,2026-04-05,2026-07-04,Expired,Auto
4803,2803,9882559367,2006,2026-03-11,2026-04-10,Expired,Auto
4804,2804,9610048563,2023,2025-11-03,2025-12-29,Expired,Auto
4805,2805,9188673168,2011,2026-05-02,2026-10-29,Active,Manual
4806,2806,9857989753,2025,2025-11-01,2025-11-02,Expired,Auto
4807,2807,9228698920,2011,2026-06-25,2026-12-22,Active,Auto
4808,2808,9290913772,2023,2026-06-02,2026-07-28,Expired,Auto
4809,2809,9771282736,2004,2026-05-29,2026-07-24,Expired,Auto
