ticket_id,customer_id,category,subcategory,description,created_at,sla_due_at,status,assigned_to,resolution_notes
11001,1359,Network,Call Drop,Call Drop issue reported by customer.,2025-10-16 03:00:00,2025-10-19 03:00:00,Closed,Team B,Resolved after investigation.
11002,1910,Network,Call Drop,,2025-10-23 11:00:00,2025-10-24 11:00:00,Open,Team B,
11003,1603,Recharge,,Recharge issue reported by customer.,2026-03-21 03:00:00,2026-03-23 03:00:00,InProgress,Network Ops,
11004,2640,Billing,,Billing issue reported by customer.,2026-04-06 03:00:00,2026-04-09 03:00:00,Closed,Team A,Resolved after investigation.
11005,2213,Network,Slow Data,Slow Data issue reported by customer.,2025-08-09 22:00:00,2025-08-12 22:00:00,Closed,Billing Desk,Resolved after investigation.
11006,2372,Recharge,Recharge Failed,Recharge Failed issue reported by customer.,2026-05-16 11:00:00,2026-05-17 11:00:00,Closed,Team B,Resolved after investigation.
11007,1068,Network,Call Drop,Call Drop issue reported by customer.,2026-06-25 10:00:00,2026-06-27 10:00:00,Closed,Network Ops,Resolved after investigation.
11008,1978,Recharge,Recharge Failed,Recharge Failed issue reported by customer.,2026-01-24 16:00:00,2026-01-27 16:00:00,Closed,KYC Cell,Resolved after investigation.
11009,1811,Network,Slow Data,Slow Data issue reported by customer.,2025-10-28 17:00:00,2025-10-30 17:00:00,Open,Team B,
11010,1557,Recharge,Amount Deducted,Amount Deducted issue reported by customer.,2025-12-04 09:00:00,2025-12-06 09:00:00,Closed,Team A,Resolved after investigation.
11011,2738,KYC,Document Rejected,Document Rejected issue reported by customer.,2026-03-10 10:00:00,2026-03-13 10:00:00,InProgress,KYC Cell,
11012,2778,Roaming,Billing Query,Billing Query issue reported by customer.,2026-03-14 11:00:00,2026-03-15 11:00:00,InProgress,Team B,
11013,2779,KYC,Document Rejected,Document Rejected issue reported by customer.,2026-07-15 00:00:00,2026-07-17 00:00:00,Open,Team A,
11014,1076,Recharge,Amount Deducted,Amount Deducted issue reported by customer.,2026-04-10 00:00:00,2026-04-13 00:00:00,Closed,Network Ops,Resolved after investigation.
11015,2012,Recharge,Recharge Failed,Recharge Failed issue reported by customer.,2026-03-27 07:00:00,2026-03-29 07:00:00,Open,,
11016,2380,SIM,Activation Delay,Activation Delay issue reported by customer.,2026-05-07 19:00:00,2026-05-08 19:00:00,InProgress,Network Ops,
11017,2097,Network,No Signal,No Signal issue reported by customer.,2026-06-16 19:00:00,2026-06-17 19:00:00,Closed,Team C,Resolved after investigation.
11018,2085,Roaming,Billing Query,Billing Query issue reported by customer.,2025-10-09 08:00:00,2025-10-10 08:00:00,Closed,Team C,Resolved after investigation.
11019,2728,Network,Slow Data,Slow Data issue reported by customer.,2025-08-16 09:00:00,2025-08-18 09:00:00,Closed,Billing Desk,Resolved after investigation.
11020,2662,Recharge,Amount Deducted,Amount Deducted issue reported by customer.,2026-04-09 09:00:00,2026-04-12 09:00:00,Closed,Team A,Resolved after investigation.
11021,2427,Billing,Late Fee Dispute,Late Fee Dispute issue reported by customer.,2026-02-19 14:00:00,2026-02-22 14:00:00,Open,Network Ops,
11022,1537,SIM,Replacement Request,,2025-08-18 02:00:00,2025-08-19 02:00:00,Closed,Billing Desk,Resolved after investigation.
11023,1881,SIM,SIM Not Working,SIM Not Working issue reported by customer.,2026-03-02 16:00:00,2026-03-05 16:00:00,InProgress,Team C,
11024,2669,Network,No Signal,No Signal issue reported by customer.,2025-12-10 08:00:00,2025-12-11 08:00:00,Open,KYC Cell,
11025,2122,Recharge,Recharge Failed,Recharge Failed issue reported by customer.,2026-07-15 18:00:00,2026-07-16 18:00:00,InProgress,Network Ops,
11026,1166,Network,No Signal,No Signal issue reported by customer.,2025-12-07 05:00:00,2025-12-08 05:00:00,Closed,Team B,Resolved after investigation.
11027,2433,SIM,SIM Not Working,SIM Not Working issue reported by customer.,2025-10-07 00:00:00,2025-10-08 00:00:00,Open,Team A,
11028,2459,Billing,High Bill,High Bill issue reported by customer.,2025-10-29 16:00:00,2025-11-01 16:00:00,Open,,
11029,1071,Billing,High Bill,,2026-05-27 08:00:00,2026-05-29 08:00:00,Closed,KYC Cell,Resolved after investigation.
11030,2471,Network,No Signal,No Signal issue reported by customer.,2025-12-18 19:00:00,2025-12-20 19:00:00,Open,Team B,
11031,2249,Recharge,Recharge Failed,Recharge Failed issue reported by customer.,2025-12-03 06:00:00,2025-12-04 06:00:00,Closed,Team A,Resolved after investigation.
11032,2711,Roaming,Billing Query,,2025-09-17 10:00:00,2025-09-18 10:00:00,Closed,Team B,Resolved after investigation.
11033,2684,Network,No Signal,No Signal issue reported by customer.,2026-05-15 12:00:00,2026-05-18 12:00:00,Closed,Team A,Resolved after investigation.
11034,1988,KYC,Verification Pending,Verification Pending issue reported by customer.,2026-01-27 18:00:00,2026-01-30 18:00:00,InProgress,Network Ops,
11035,1006,Recharge,Recharge Failed,Recharge Failed issue reported by customer.,2025-09-11 02:00:00,2025-09-12 02:00:00,InProgress,,
11036,1672,Recharge,Recharge Failed,Recharge Failed issue reported by customer.,2026-02-03 22:00:00,2026-02-05 22:00:00,Closed,Team C,Resolved after investigation.
11037,2039,Recharge,Amount Deducted,Amount Deducted issue reported by customer.,2026-03-18 16:00:00,2026-03-21 16:00:00,Closed,KYC Cell,Resolved after investigation.
11038,2679,Billing,GST Query,GST Query issue reported by customer.,2026-06-17 19:00:00,2026-06-20 19:00:00,Closed,Team B,Resolved after investigation.
11039,1582,Network,Call Drop,Call Drop issue reported by customer.,2026-06-29 12:00:00,2026-07-02 12:00:00,Closed,,Resolved after investigation.
11040,1602,Roaming,Billing Query,,2025-11-15 08:00:00,2025-11-18 08:00:00,Open,KYC Cell,
11041,2248,SIM,SIM Not Working,SIM Not Working issue reported by customer.,2026-04-02 19:00:00,2026-04-03 19:00:00,InProgress,Team C,
11042,1427,Network,Slow Data,Slow Data issue reported by customer.,2025-11-07 07:00:00,2025-11-08 07:00:00,Open,Team B,
11043,1030,Network,No Signal,No Signal issue reported by customer.,2026-01-17 09:00:00,2026-01-18 09:00:00,Closed,Team C,Resolved after investigation.
11044,2211,SIM,Activation Delay,Activation Delay issue reported by customer.,2025-12-29 17:00:00,2026-01-01 17:00:00,Closed,Network Ops,Resolved after investigation.
11045,1907,KYC,Verification Pending,Verification Pending issue reported by customer.,2025-12-20 14:00:00,2025-12-23 14:00:00,Open,Team B,
11046,1162,KYC,Verification Pending,Verification Pending issue reported by customer.,2025-09-12 03:00:00,2025-09-14 03:00:00,Open,Network Ops,
11047,1424,SIM,Replacement Request,Replacement Request issue reported by customer.,2026-06-27 07:00:00,2026-06-29 07:00:00,Open,Team C,
11048,1345,Network,No Signal,No Signal issue reported by customer.,2025-08-24 13:00:00,2025-08-25 13:00:00,InProgress,Network Ops,
11049,2309,Recharge,Amount Deducted,Amount Deducted issue reported by customer.,2026-05-26 23:00:00,2026-05-29 23:00:00,Closed,Team C,Resolved after investigation.
11050,2737,SIM,Replacement Request,Replacement Request issue reported by customer.,2025-11-13 16:00:00,2025-11-14 16:00:00,InProgress,Network Ops,
11051,2247,SIM,SIM Not Working,SIM Not Working issue reported by customer.,2026-06-01 10:00:00,2026-06-02 10:00:00,Closed,Network Ops,Resolved after investigation.
11052,2269,Roaming,Billing Query,Billing Query issue reported by customer.,2026-05-21 20:00:00,2026-05-24 20:00:00,InProgress,KYC Cell,
11053,1633,Recharge,Recharge Failed,Recharge Failed issue reported by customer.,2026-02-17 22:00:00,2026-02-19 22:00:00,Closed,,Resolved after investigation.
11054,1298,Billing,Late Fee Dispute,,2026-02-22 03:00:00,2026-02-23 03:00:00,Closed,Team C,Resolved after investigation.
11055,1059,Billing,Late Fee Dispute,Late Fee Dispute issue reported by customer.,2026-03-09 23:00:00,2026-03-11 23:00:00,Closed,Team C,Resolved after investigation.
11056,1499,SIM,Replacement Request,Replacement Request issue reported by customer.,2025-11-04 19:00:00,2025-11-05 19:00:00,Closed,Team C,Resolved after investigation.
11057,1443,Billing,Late Fee Dispute,Late Fee Dispute issue reported by customer.,2026-01-30 02:00:00,2026-02-02 02:00:00,Closed,,Resolved after investigation.
11058,1798,Network,Call Drop,Call Drop issue reported by customer.,2026-03-17 09:00:00,2026-03-18 09:00:00,Closed,Team C,Resolved after investigation.
11059,2480,Roaming,Activation Issue,Activation Issue issue reported by customer.,2026-06-26 21:00:00,2026-06-27 21:00:00,Closed,,Resolved after investigation.
11060,2245,KYC,Document Rejected,Document Rejected issue reported by customer.,2025-11-20 06:00:00,2025-11-21 06:00:00,Open,Team B,
11061,2713,Network,No Signal,No Signal issue reported by customer.,2026-05-15 08:00:00,2026-05-17 08:00:00,Open,Team A,
11062,2232,SIM,Activation Delay,Activation Delay issue reported by customer.,2026-04-12 14:00:00,2026-04-14 14:00:00,Closed,Network Ops,Resolved after investigation.
11063,2708,Network,No Signal,,2025-09-08 15:00:00,2025-09-10 15:00:00,Closed,Network Ops,Resolved after investigation.
11064,1936,SIM,Activation Delay,Activation Delay issue reported by customer.,2026-01-24 00:00:00,2026-01-25 00:00:00,Closed,Team C,Resolved after investigation.
11065,2771,Roaming,Billing Query,Billing Query issue reported by customer.,2026-03-26 09:00:00,2026-03-27 09:00:00,Open,Billing Desk,
11066,1864,Roaming,Billing Query,Billing Query issue reported by customer.,2026-05-29 21:00:00,2026-05-30 21:00:00,Open,Team C,
11067,2389,KYC,Verification Pending,Verification Pending issue reported by customer.,2026-07-31 03:00:00,2026-08-01 03:00:00,Closed,Team A,Resolved after investigation.
11068,1055,Billing,Late Fee Dispute,Late Fee Dispute issue reported by customer.,2026-01-05 08:00:00,2026-01-07 08:00:00,Closed,Team B,Resolved after investigation.
11069,1837,Recharge,Amount Deducted,Amount Deducted issue reported by customer.,2025-12-16 14:00:00,2025-12-18 14:00:00,Closed,Network Ops,Resolved after investigation.
11070,1016,Recharge,Recharge Failed,Recharge Failed issue reported by customer.,2026-05-06 06:00:00,2026-05-09 06:00:00,Closed,Team C,Resolved after investigation.
11071,1598,Roaming,Billing Query,Billing Query issue reported by customer.,2026-04-19 19:00:00,2026-04-21 19:00:00,Closed,,Resolved after investigation.
11072,1858,Network,,Network issue reported by customer.,2025-12-26 17:00:00,2025-12-27 17:00:00,Open,KYC Cell,
11073,2417,Network,No Signal,No Signal issue reported by customer.,2025-08-27 09:00:00,2025-08-30 09:00:00,Closed,Team B,Resolved after investigation.
11074,1205,Recharge,Amount Deducted,Amount Deducted issue reported by customer.,2025-11-11 08:00:00,2025-11-13 08:00:00,Closed,Team C,Resolved after investigation.
11075,2659,KYC,Verification Pending,Verification Pending issue reported by customer.,2025-12-08 01:00:00,2025-12-10 01:00:00,Open,Network Ops,
11076,2439,Network,Slow Data,Slow Data issue reported by customer.,2026-07-24 02:00:00,2026-07-25 02:00:00,Closed,KYC Cell,Resolved after investigation.
11077,1721,SIM,Activation Delay,Activation Delay issue reported by customer.,2026-01-19 06:00:00,2026-01-22 06:00:00,Closed,Team C,Resolved after investigation.
11078,1575,Billing,GST Query,GST Query issue reported by customer.,2025-12-17 14:00:00,2025-12-18 14:00:00,Closed,Network Ops,Resolved after investigation.
11079,2015,Roaming,Billing Query,Billing Query issue reported by customer.,2025-10-21 11:00:00,2025-10-23 11:00:00,Closed,Team B,Resolved after investigation.
11080,2202,KYC,Document Rejected,Document Rejected issue reported by customer.,2026-03-26 20:00:00,2026-03-28 20:00:00,Closed,Network Ops,Resolved after investigation.
11081,2724,Network,No Signal,,2025-12-26 00:00:00,2025-12-28 00:00:00,Open,Network Ops,
11082,1439,Billing,GST Query,GST Query issue reported by customer.,2026-02-06 22:00:00,2026-02-08 22:00:00,Closed,Network Ops,Resolved after investigation.
11083,2048,Recharge,Amount Deducted,Amount Deducted issue reported by customer.,2025-08-31 02:00:00,2025-09-03 02:00:00,InProgress,Billing Desk,
11084,1064,Network,No Signal,,2026-07-29 02:00:00,2026-07-31 02:00:00,Closed,Team C,Resolved after investigation.
11085,2752,Network,Slow Data,Slow Data issue reported by customer.,2026-07-03 23:00:00,2026-07-05 23:00:00,Open,Billing Desk,
11086,2686,SIM,SIM Not Working,,2025-09-09 00:00:00,2025-09-12 00:00:00,Closed,Billing Desk,Resolved after investigation.
11087,2464,KYC,Verification Pending,Verification Pending issue reported by customer.,2025-08-16 04:00:00,2025-08-19 04:00:00,Open,Team C,
11088,1641,SIM,Replacement Request,Replacement Request issue reported by customer.,2026-05-02 23:00:00,2026-05-05 23:00:00,Closed,KYC Cell,
11089,1375,Billing,GST Query,GST Query issue reported by customer.,2026-07-12 09:00:00,2026-07-15 09:00:00,Closed,Network Ops,Resolved after investigation.
11090,2357,Recharge,Recharge Failed,,2026-06-12 11:00:00,2026-06-13 11:00:00,Closed,,Resolved after investigation.
11091,1365,KYC,Verification Pending,Verification Pending issue reported by customer.,2026-04-27 22:00:00,2026-04-28 22:00:00,Open,Billing Desk,
11092,1426,Recharge,Amount Deducted,Amount Deducted issue reported by customer.,2026-01-10 09:00:00,2026-01-13 09:00:00,InProgress,Billing Desk,
11093,1392,Roaming,Activation Issue,Activation Issue issue reported by customer.,2025-12-13 02:00:00,2025-12-16 02:00:00,InProgress,Billing Desk,
11094,1078,SIM,SIM Not Working,SIM Not Working issue reported by customer.,2026-02-22 01:00:00,2026-02-23 01:00:00,Closed,Team C,Resolved after investigation.
11095,2798,Recharge,Amount Deducted,Amount Deducted issue reported by customer.,2026-01-27 22:00:00,2026-01-28 22:00:00,Open,Team B,
11096,1397,Network,Slow Data,Slow Data issue reported by customer.,2026-02-22 04:00:00,2026-02-24 04:00:00,Closed,Team A,Resolved after investigation.
11097,2190,Recharge,Recharge Failed,Recharge Failed issue reported by customer.,2026-01-31 05:00:00,2026-02-01 05:00:00,InProgress,Team C,
11098,1182,Billing,GST Query,GST Query issue reported by customer.,2026-07-05 11:00:00,2026-07-06 11:00:00,InProgress,Network Ops,
11099,1631,Recharge,Amount Deducted,Amount Deducted issue reported by customer.,2026-01-14 05:00:00,2026-01-17 05:00:00,Closed,Billing Desk,Resolved after investigation.
11100,2105,Network,Slow Data,Slow Data issue reported by customer.,2026-05-05 13:00:00,2026-05-07 13:00:00,Closed,Team A,Resolved after investigation.
11101,2655,SIM,Activation Delay,Activation Delay issue reported by customer.,2025-12-19 04:00:00,2025-12-21 04:00:00,Closed,Team C,Resolved after investigation.
11102,2321,Billing,GST Query,GST Query issue reported by customer.,2025-11-16 19:00:00,2025-11-19 19:00:00,Open,Billing Desk,
11103,2730,Billing,High Bill,High Bill issue reported by customer.,2025-11-30 22:00:00,2025-12-01 22:00:00,Closed,Team B,Resolved after investigation.
11104,2170,SIM,SIM Not Working,SIM Not Working issue reported by customer.,2026-02-19 03:00:00,2026-02-20 03:00:00,Open,Team B,
11105,2599,SIM,SIM Not Working,SIM Not Working issue reported by customer.,2026-06-17 05:00:00,2026-06-19 05:00:00,Open,Network Ops,
11106,2099,Billing,Late Fee Dispute,Late Fee Dispute issue reported by customer.,2026-01-20 06:00:00,2026-01-21 06:00:00,Closed,KYC Cell,Resolved after investigation.
11107,1849,KYC,Verification Pending,Verification Pending issue reported by customer.,2025-12-08 04:00:00,2025-12-10 04:00:00,Closed,,Resolved after investigation.
11108,2413,Network,Slow Data,Slow Data issue reported by customer.,2025-12-10 13:00:00,2025-12-12 13:00:00,Closed,,Resolved after investigation.
11109,1133,Recharge,Recharge Failed,,2026-06-18 18:00:00,2026-06-20 18:00:00,InProgress,KYC Cell,
11110,2350,Network,No Signal,No Signal issue reported by customer.,2026-05-31 18:00:00,2026-06-02 18:00:00,InProgress,KYC Cell,
11111,1073,Roaming,Activation Issue,Activation Issue issue reported by customer.,2025-12-19 05:00:00,2025-12-21 05:00:00,Closed,Network Ops,Resolved after investigation.
11112,2563,Roaming,Activation Issue,,2026-06-14 11:00:00,2026-06-15 11:00:00,Closed,Team B,Resolved after investigation.
11113,1821,KYC,Document Rejected,Document Rejected issue reported by customer.,2025-09-27 05:00:00,2025-09-29 05:00:00,Closed,Team C,Resolved after investigation.
11114,1158,Network,Slow Data,Slow Data issue reported by customer.,2026-04-16 02:00:00,2026-04-19 02:00:00,Closed,Billing Desk,Resolved after investigation.
11115,2208,Network,No Signal,No Signal issue reported by customer.,2025-11-19 05:00:00,2025-11-22 05:00:00,Closed,KYC Cell,Resolved after investigation.
11116,1245,Recharge,Recharge Failed,Recharge Failed issue reported by customer.,2025-12-20 17:00:00,2025-12-22 17:00:00,Open,Network Ops,
11117,1404,Recharge,Amount Deducted,Amount Deducted issue reported by customer.,2026-01-09 05:00:00,2026-01-11 05:00:00,Open,,
11118,1683,Billing,GST Query,GST Query issue reported by customer.,2026-04-26 00:00:00,2026-04-29 00:00:00,Closed,Billing Desk,Resolved after investigation.
11119,2568,Roaming,Billing Query,Billing Query issue reported by customer.,2026-06-05 08:00:00,2026-06-06 08:00:00,Closed,KYC Cell,Resolved after investigation.
11120,2558,KYC,Verification Pending,Verification Pending issue reported by customer.,2025-09-06 04:00:00,2025-09-09 04:00:00,InProgress,Team C,
11121,1286,SIM,Activation Delay,Activation Delay issue reported by customer.,2025-12-15 05:00:00,2025-12-17 05:00:00,Open,KYC Cell,
11122,2431,Network,Call Drop,Call Drop issue reported by customer.,2025-08-09 11:00:00,2025-08-12 11:00:00,InProgress,,
11123,1649,Roaming,Activation Issue,Activation Issue issue reported by customer.,2026-07-31 20:00:00,2026-08-01 20:00:00,Closed,Billing Desk,Resolved after investigation.
11124,2149,Billing,,Billing issue reported by customer.,2025-11-13 21:00:00,2025-11-16 21:00:00,Closed,Team B,Resolved after investigation.
11125,1772,Billing,Late Fee Dispute,Late Fee Dispute issue reported by customer.,2026-02-24 18:00:00,2026-02-25 18:00:00,Closed,Team A,Resolved after investigation.
11126,2135,Network,Slow Data,Slow Data issue reported by customer.,2025-11-07 22:00:00,2025-11-08 22:00:00,Open,,
11127,2599,Network,No Signal,No Signal issue reported by customer.,2026-07-13 01:00:00,2026-07-14 01:00:00,Open,Billing Desk,
11128,2140,Network,Slow Data,,2026-03-13 20:00:00,2026-03-14 20:00:00,Open,Team A,
11129,1989,SIM,,SIM issue reported by customer.,2026-06-20 10:00:00,2026-06-21 10:00:00,Closed,Team A,Resolved after investigation.
11130,1842,Roaming,Billing Query,Billing Query issue reported by customer.,2026-05-01 11:00:00,2026-05-04 11:00:00,InProgress,Team B,
11131,1550,Roaming,Billing Query,Billing Query issue reported by customer.,2026-05-30 22:00:00,2026-06-02 22:00:00,Closed,Team B,Resolved after investigation.
11132,2369,Network,Slow Data,Slow Data issue reported by customer.,2026-02-15 00:00:00,2026-02-17 00:00:00,Open,KYC Cell,
11133,2739,Network,Slow Data,Slow Data issue reported by customer.,2026-07-28 14:00:00,2026-07-30 14:00:00,Closed,Team A,Resolved after investigation.
11134,2452,Billing,GST Query,GST Query issue reported by customer.,2026-01-31 19:00:00,2026-02-03 19:00:00,Closed,Billing Desk,Resolved after investigation.
11135,1958,Billing,High Bill,,2026-03-31 04:00:00,2026-04-01 04:00:00,Open,KYC Cell,
11136,1240,Recharge,Amount Deducted,Amount Deducted issue reported by customer.,2026-02-08 01:00:00,2026-02-10 01:00:00,Closed,Team A,Resolved after investigation.
11137,2308,Network,,Network issue reported by customer.,2025-09-26 01:00:00,2025-09-29 01:00:00,Open,Network Ops,
11138,2562,Roaming,Activation Issue,Activation Issue issue reported by customer.,2025-09-29 10:00:00,2025-10-02 10:00:00,Closed,Team C,Resolved after investigation.
11139,1375,Recharge,Recharge Failed,,2026-04-28 22:00:00,2026-04-30 22:00:00,Closed,KYC Cell,Resolved after investigation.
11140,2478,Roaming,Activation Issue,Activation Issue issue reported by customer.,2026-05-14 22:00:00,2026-05-16 22:00:00,InProgress,Team B,
11141,1296,SIM,Replacement Request,Replacement Request issue reported by customer.,2026-07-26 10:00:00,2026-07-27 10:00:00,Open,Team B,
11142,1229,KYC,Document Rejected,Document Rejected issue reported by customer.,2026-04-17 20:00:00,2026-04-18 20:00:00,Closed,,Resolved after investigation.
11143,1701,Network,Call Drop,Call Drop issue reported by customer.,2025-08-25 07:00:00,2025-08-27 07:00:00,InProgress,Team A,
11144,1417,Billing,,Billing issue reported by customer.,2025-12-04 22:00:00,2025-12-06 22:00:00,Closed,,Resolved after investigation.
11145,2190,KYC,Verification Pending,Verification Pending issue reported by customer.,2026-07-03 01:00:00,2026-07-04 01:00:00,InProgress,,
11146,2002,Network,Slow Data,,2026-08-05 11:00:00,2026-08-06 11:00:00,Open,Billing Desk,
11147,1023,Network,No Signal,No Signal issue reported by customer.,2026-02-25 18:00:00,2026-02-26 18:00:00,InProgress,Billing Desk,
11148,1495,Recharge,Recharge Failed,Recharge Failed issue reported by customer.,2026-06-21 05:00:00,2026-06-23 05:00:00,Open,KYC Cell,
11149,2164,SIM,Activation Delay,Activation Delay issue reported by customer.,2025-08-25 21:00:00,2025-08-28 21:00:00,InProgress,Team A,
11150,2549,Network,No Signal,No Signal issue reported by customer.,2026-04-03 08:00:00,2026-04-05 08:00:00,Closed,Network Ops,Resolved after investigation.
11151,1199,Network,No Signal,No Signal issue reported by customer.,2026-01-23 02:00:00,2026-01-25 02:00:00,Open,Team A,
11152,2279,SIM,Activation Delay,Activation Delay issue reported by customer.,2026-07-19 05:00:00,2026-07-21 05:00:00,Closed,KYC Cell,Resolved after investigation.
11153,2778,Roaming,Activation Issue,Activation Issue issue reported by customer.,2025-09-16 09:00:00,2025-09-18 09:00:00,Closed,KYC Cell,Resolved after investigation.
11154,2731,Billing,GST Query,GST Query issue reported by customer.,2025-12-11 12:00:00,2025-12-13 12:00:00,InProgress,Team C,
11155,1445,Billing,GST Query,GST Query issue reported by customer.,2026-04-13 16:00:00,2026-04-16 16:00:00,InProgress,Team B,
11156,2047,Roaming,Activation Issue,Activation Issue issue reported by customer.,2026-07-02 14:00:00,2026-07-03 14:00:00,Closed,Team C,Resolved after investigation.
11157,1155,Network,Call Drop,Call Drop issue reported by customer.,2026-08-01 23:00:00,2026-08-04 23:00:00,Closed,Billing Desk,
11158,1415,Network,Call Drop,Call Drop issue reported by customer.,2025-10-08 20:00:00,2025-10-10 20:00:00,InProgress,Team C,
11159,1286,Recharge,Recharge Failed,,2026-06-15 22:00:00,2026-06-16 22:00:00,Closed,Team C,Resolved after investigation.
11160,2732,Roaming,Billing Query,Billing Query issue reported by customer.,2025-08-26 01:00:00,2025-08-29 01:00:00,Closed,Team C,Resolved after investigation.
11161,2261,Network,Call Drop,Call Drop issue reported by customer.,2025-11-17 20:00:00,2025-11-20 20:00:00,Open,Team A,
11162,1685,SIM,Replacement Request,Replacement Request issue reported by customer.,2026-06-02 23:00:00,2026-06-03 23:00:00,Open,Team C,
11163,1729,KYC,Verification Pending,Verification Pending issue reported by customer.,2026-01-18 04:00:00,2026-01-19 04:00:00,Open,Team B,
11164,1087,Network,Slow Data,Slow Data issue reported by customer.,2026-02-09 07:00:00,2026-02-11 07:00:00,Closed,Billing Desk,Resolved after investigation.
11165,2187,KYC,Verification Pending,Verification Pending issue reported by customer.,2025-11-20 10:00:00,2025-11-23 10:00:00,InProgress,,
11166,2602,KYC,Verification Pending,Verification Pending issue reported by customer.,2026-04-07 10:00:00,2026-04-10 10:00:00,InProgress,Team B,
11167,2175,KYC,Verification Pending,,2026-01-13 20:00:00,2026-01-16 20:00:00,Open,Team A,
11168,1003,Billing,Late Fee Dispute,Late Fee Dispute issue reported by customer.,2026-03-22 17:00:00,2026-03-24 17:00:00,Closed,Team A,
11169,1383,Network,Slow Data,Slow Data issue reported by customer.,2025-12-01 19:00:00,2025-12-04 19:00:00,Open,Billing Desk,
11170,2355,SIM,Activation Delay,Activation Delay issue reported by customer.,2026-05-17 17:00:00,2026-05-18 17:00:00,Open,Team A,
11171,2639,Roaming,Activation Issue,Activation Issue issue reported by customer.,2026-06-15 11:00:00,2026-06-18 11:00:00,Closed,Team A,Resolved after investigation.
11172,2532,Network,Slow Data,Slow Data issue reported by customer.,2025-09-01 03:00:00,2025-09-03 03:00:00,InProgress,Billing Desk,
11173,1507,Roaming,Billing Query,Billing Query issue reported by customer.,2026-07-15 14:00:00,2026-07-18 14:00:00,Open,KYC Cell,
11174,1959,Billing,GST Query,GST Query issue reported by customer.,2026-03-10 23:00:00,2026-03-13 23:00:00,Open,Team A,
11175,2400,Roaming,Billing Query,Billing Query issue reported by customer.,2026-01-07 21:00:00,2026-01-08 21:00:00,Open,Billing Desk,
11176,1791,Recharge,Recharge Failed,Recharge Failed issue reported by customer.,2026-02-19 22:00:00,2026-02-20 22:00:00,Open,Team A,
11177,1468,Billing,GST Query,,2026-01-11 08:00:00,2026-01-12 08:00:00,Closed,Team C,Resolved after investigation.
11178,1063,Roaming,,Roaming issue reported by customer.,2026-01-05 05:00:00,2026-01-06 05:00:00,Open,Team A,
11179,1486,Recharge,Amount Deducted,Amount Deducted issue reported by customer.,2026-01-25 13:00:00,2026-01-26 13:00:00,Closed,KYC Cell,Resolved after investigation.
11180,2301,Roaming,Activation Issue,Activation Issue issue reported by customer.,2026-08-01 17:00:00,2026-08-04 17:00:00,Open,Team C,
11181,1706,SIM,Replacement Request,Replacement Request issue reported by customer.,2026-04-15 01:00:00,2026-04-16 01:00:00,Closed,KYC Cell,Resolved after investigation.
11182,1885,KYC,Document Rejected,Document Rejected issue reported by customer.,2025-10-26 16:00:00,2025-10-27 16:00:00,Closed,Team B,
11183,2174,Network,No Signal,No Signal issue reported by customer.,2026-07-17 02:00:00,2026-07-18 02:00:00,Open,Team B,
11184,1450,SIM,SIM Not Working,SIM Not Working issue reported by customer.,2025-11-15 06:00:00,2025-11-18 06:00:00,Closed,Team A,Resolved after investigation.
11185,2287,SIM,Replacement Request,Replacement Request issue reported by customer.,2025-12-09 14:00:00,2025-12-12 14:00:00,Closed,Team A,Resolved after investigation.
11186,2195,Recharge,Amount Deducted,Amount Deducted issue reported by customer.,2026-06-11 10:00:00,2026-06-13 10:00:00,Closed,Team C,Resolved after investigation.
11187,1742,Roaming,Billing Query,,2025-11-20 11:00:00,2025-11-21 11:00:00,InProgress,,
11188,1318,Roaming,Billing Query,Billing Query issue reported by customer.,2025-11-23 12:00:00,2025-11-24 12:00:00,Open,,
11189,2664,Roaming,Billing Query,Billing Query issue reported by customer.,2026-04-11 03:00:00,2026-04-13 03:00:00,Open,Team B,
11190,2678,SIM,SIM Not Working,,2025-09-09 13:00:00,2025-09-10 13:00:00,Open,Team B,
11191,2717,Billing,GST Query,GST Query issue reported by customer.,2025-08-23 09:00:00,2025-08-25 09:00:00,Closed,,
11192,1264,SIM,Activation Delay,Activation Delay issue reported by customer.,2025-12-27 02:00:00,2025-12-30 02:00:00,Closed,Team C,Resolved after investigation.
11193,2464,SIM,Replacement Request,Replacement Request issue reported by customer.,2025-10-02 13:00:00,2025-10-04 13:00:00,Closed,Billing Desk,Resolved after investigation.
11194,1480,KYC,Verification Pending,,2026-03-11 18:00:00,2026-03-14 18:00:00,Open,,
11195,1763,Billing,GST Query,GST Query issue reported by customer.,2026-05-11 09:00:00,2026-05-12 09:00:00,InProgress,Network Ops,
11196,2402,SIM,Activation Delay,Activation Delay issue reported by customer.,2026-03-23 07:00:00,2026-03-25 07:00:00,Open,Network Ops,
11197,2583,KYC,Document Rejected,Document Rejected issue reported by customer.,2026-05-02 01:00:00,2026-05-04 01:00:00,Open,KYC Cell,
11198,2395,Billing,High Bill,High Bill issue reported by customer.,2026-03-21 13:00:00,2026-03-24 13:00:00,Closed,Network Ops,Resolved after investigation.
11199,2413,Network,Slow Data,Slow Data issue reported by customer.,2025-11-07 13:00:00,2025-11-10 13:00:00,Closed,Team C,Resolved after investigation.
11200,1358,Recharge,Recharge Failed,Recharge Failed issue reported by customer.,2026-01-13 23:00:00,2026-01-16 23:00:00,Closed,Billing Desk,Resolved after investigation.
11201,1145,Roaming,Billing Query,Billing Query issue reported by customer.,2026-04-20 09:00:00,2026-04-21 09:00:00,Open,Network Ops,
11202,2182,Network,No Signal,No Signal issue reported by customer.,2026-04-25 01:00:00,2026-04-27 01:00:00,Open,Team C,
11203,1705,KYC,,KYC issue reported by customer.,2026-03-14 01:00:00,2026-03-15 01:00:00,Open,Billing Desk,
11204,2263,Recharge,Amount Deducted,Amount Deducted issue reported by customer.,2026-01-25 20:00:00,2026-01-28 20:00:00,Open,Team A,
11205,1712,Network,Call Drop,,2025-11-22 02:00:00,2025-11-25 02:00:00,Closed,Billing Desk,Resolved after investigation.
11206,2487,KYC,Verification Pending,Verification Pending issue reported by customer.,2026-01-25 03:00:00,2026-01-26 03:00:00,Open,Billing Desk,
11207,1724,Roaming,Billing Query,Billing Query issue reported by customer.,2025-12-14 22:00:00,2025-12-15 22:00:00,Closed,Team A,Resolved after investigation.
11208,2169,Recharge,Recharge Failed,Recharge Failed issue reported by customer.,2026-06-02 06:00:00,2026-06-03 06:00:00,Closed,Team B,Resolved after investigation.
11209,2753,SIM,Replacement Request,Replacement Request issue reported by customer.,2026-04-20 18:00:00,2026-04-23 18:00:00,Closed,KYC Cell,
11210,2315,Network,Call Drop,Call Drop issue reported by customer.,2026-05-04 18:00:00,2026-05-06 18:00:00,Open,Team C,
11211,1675,Recharge,Amount Deducted,Amount Deducted issue reported by customer.,2026-08-08 07:00:00,2026-08-11 07:00:00,Closed,Team A,Resolved after investigation.
11212,2723,KYC,,KYC issue reported by customer.,2026-05-31 22:00:00,2026-06-02 22:00:00,Closed,Team B,Resolved after investigation.
11213,2110,Roaming,Billing Query,Billing Query issue reported by customer.,2026-01-29 09:00:00,2026-02-01 09:00:00,Closed,Team A,
11214,1181,Recharge,,,2026-05-14 15:00:00,2026-05-17 15:00:00,InProgress,Team B,
11215,1250,Roaming,Activation Issue,Activation Issue issue reported by customer.,2026-04-28 17:00:00,2026-05-01 17:00:00,Closed,Team C,Resolved after investigation.
11216,1038,Network,No Signal,No Signal issue reported by customer.,2025-12-24 03:00:00,2025-12-26 03:00:00,Closed,Team A,Resolved after investigation.
11217,1676,KYC,Verification Pending,,2026-07-23 17:00:00,2026-07-24 17:00:00,Open,Network Ops,
11218,1058,Roaming,Billing Query,Billing Query issue reported by customer.,2025-12-31 22:00:00,2026-01-02 22:00:00,Open,KYC Cell,
11219,2290,Recharge,Recharge Failed,Recharge Failed issue reported by customer.,2025-10-29 10:00:00,2025-10-30 10:00:00,InProgress,,
11220,2377,Recharge,Amount Deducted,Amount Deducted issue reported by customer.,2026-01-18 09:00:00,2026-01-20 09:00:00,Closed,Team B,Resolved after investigation.
11221,1536,SIM,Activation Delay,Activation Delay issue reported by customer.,2025-11-19 13:00:00,2025-11-20 13:00:00,Closed,Team C,
11222,2343,Roaming,Activation Issue,,2026-07-31 19:00:00,2026-08-01 19:00:00,Open,Team A,
11223,1245,Recharge,Recharge Failed,Recharge Failed issue reported by customer.,2026-04-27 08:00:00,2026-04-28 08:00:00,InProgress,Team C,
11224,2504,Network,Slow Data,Slow Data issue reported by customer.,2025-12-19 17:00:00,2025-12-21 17:00:00,InProgress,Team A,
11225,2449,Roaming,Billing Query,Billing Query issue reported by customer.,2026-06-21 17:00:00,2026-06-23 17:00:00,Open,Network Ops,
11226,1183,Network,Call Drop,Call Drop issue reported by customer.,2025-11-02 23:00:00,2025-11-03 23:00:00,InProgress,Team A,
11227,1872,SIM,SIM Not Working,SIM Not Working issue reported by customer.,2025-11-03 17:00:00,2025-11-06 17:00:00,InProgress,Team C,
11228,2767,Network,No Signal,No Signal issue reported by customer.,2026-07-30 23:00:00,2026-08-02 23:00:00,Closed,,Resolved after investigation.
11229,1653,KYC,Document Rejected,Document Rejected issue reported by customer.,2025-10-31 05:00:00,2025-11-02 05:00:00,Closed,,
11230,2664,Network,Slow Data,Slow Data issue reported by customer.,2026-03-31 10:00:00,2026-04-02 10:00:00,Open,Billing Desk,
11231,1631,Recharge,Recharge Failed,Recharge Failed issue reported by customer.,2026-04-07 03:00:00,2026-04-08 03:00:00,Closed,Network Ops,Resolved after investigation.
11232,1321,Network,No Signal,No Signal issue reported by customer.,2025-09-02 23:00:00,2025-09-04 23:00:00,Open,Team C,
11233,2774,Billing,Late Fee Dispute,Late Fee Dispute issue reported by customer.,2026-01-17 02:00:00,2026-01-20 02:00:00,Closed,Team B,Resolved after investigation.
11234,2447,Roaming,,Roaming issue reported by customer.,2026-01-10 15:00:00,2026-01-13 15:00:00,Closed,Team B,Resolved after investigation.
11235,1698,Billing,Late Fee Dispute,Late Fee Dispute issue reported by customer.,2025-12-16 06:00:00,2025-12-19 06:00:00,Open,Network Ops,
11236,1373,KYC,Document Rejected,Document Rejected issue reported by customer.,2025-10-29 03:00:00,2025-11-01 03:00:00,InProgress,Network Ops,
11237,2796,Billing,GST Query,GST Query issue reported by customer.,2025-10-22 00:00:00,2025-10-25 00:00:00,Closed,Team C,Resolved after investigation.
11238,1789,Network,No Signal,No Signal issue reported by customer.,2026-08-05 21:00:00,2026-08-06 21:00:00,Closed,Team C,Resolved after investigation.
11239,2200,SIM,SIM Not Working,SIM Not Working issue reported by customer.,2025-08-28 09:00:00,2025-08-29 09:00:00,Closed,Team B,Resolved after investigation.
11240,2751,Roaming,Activation Issue,Activation Issue issue reported by customer.,2026-02-02 09:00:00,2026-02-05 09:00:00,Closed,Billing Desk,Resolved after investigation.
11241,1131,Network,,Network issue reported by customer.,2026-05-24 07:00:00,2026-05-25 07:00:00,Closed,Billing Desk,Resolved after investigation.
11242,1411,Recharge,Amount Deducted,Amount Deducted issue reported by customer.,2025-10-30 03:00:00,2025-10-31 03:00:00,InProgress,Network Ops,
11243,1736,Network,No Signal,No Signal issue reported by customer.,2025-11-08 03:00:00,2025-11-09 03:00:00,Open,Team A,
11244,2596,SIM,Replacement Request,Replacement Request issue reported by customer.,2026-07-28 00:00:00,2026-07-29 00:00:00,Closed,KYC Cell,Resolved after investigation.
11245,1244,Network,Call Drop,Call Drop issue reported by customer.,2026-01-06 12:00:00,2026-01-07 12:00:00,Open,,
11246,1239,Network,No Signal,No Signal issue reported by customer.,2026-05-10 13:00:00,2026-05-12 13:00:00,Open,Network Ops,
11247,2552,KYC,Verification Pending,Verification Pending issue reported by customer.,2025-09-14 06:00:00,2025-09-15 06:00:00,Closed,Network Ops,Resolved after investigation.
11248,1361,KYC,Document Rejected,,2026-04-17 04:00:00,2026-04-19 04:00:00,Closed,Team A,Resolved after investigation.
11249,1279,Network,Call Drop,Call Drop issue reported by customer.,2025-12-27 00:00:00,2025-12-29 00:00:00,Closed,Network Ops,Resolved after investigation.
11250,1796,SIM,SIM Not Working,SIM Not Working issue reported by customer.,2026-04-29 06:00:00,2026-05-01 06:00:00,Closed,Billing Desk,Resolved after investigation.
11251,2762,Recharge,Recharge Failed,Recharge Failed issue reported by customer.,2026-04-08 19:00:00,2026-04-11 19:00:00,Open,Team A,
11252,1961,SIM,,SIM issue reported by customer.,2026-05-26 11:00:00,2026-05-27 11:00:00,Open,Billing Desk,
11253,1299,KYC,Document Rejected,Document Rejected issue reported by customer.,2025-10-05 08:00:00,2025-10-07 08:00:00,InProgress,KYC Cell,
11254,1056,KYC,Verification Pending,Verification Pending issue reported by customer.,2026-02-11 08:00:00,2026-02-13 08:00:00,Closed,Team C,Resolved after investigation.
11255,2582,KYC,Verification Pending,Verification Pending issue reported by customer.,2026-05-03 14:00:00,2026-05-05 14:00:00,Closed,,Resolved after investigation.
11256,2326,Billing,Late Fee Dispute,Late Fee Dispute issue reported by customer.,2026-07-25 17:00:00,2026-07-28 17:00:00,InProgress,Billing Desk,
11257,2101,Billing,High Bill,High Bill issue reported by customer.,2026-07-19 09:00:00,2026-07-21 09:00:00,Closed,Team C,Resolved after investigation.
11258,2194,Network,No Signal,No Signal issue reported by customer.,2025-11-21 05:00:00,2025-11-22 05:00:00,Open,Billing Desk,
11259,1551,SIM,SIM Not Working,SIM Not Working issue reported by customer.,2025-08-08 20:00:00,2025-08-11 20:00:00,Closed,Team C,Resolved after investigation.
11260,2703,KYC,Verification Pending,Verification Pending issue reported by customer.,2026-01-28 20:00:00,2026-01-31 20:00:00,Open,KYC Cell,
11261,1677,SIM,SIM Not Working,SIM Not Working issue reported by customer.,2026-02-18 23:00:00,2026-02-19 23:00:00,InProgress,Billing Desk,
11262,2807,KYC,Verification Pending,Verification Pending issue reported by customer.,2025-11-05 22:00:00,2025-11-08 22:00:00,Closed,Network Ops,Resolved after investigation.
11263,1458,Billing,GST Query,GST Query issue reported by customer.,2026-02-06 09:00:00,2026-02-09 09:00:00,Open,Team A,
11264,2063,Roaming,Activation Issue,Activation Issue issue reported by customer.,2025-11-07 13:00:00,2025-11-09 13:00:00,Closed,Billing Desk,
11265,2445,KYC,Verification Pending,Verification Pending issue reported by customer.,2026-07-13 23:00:00,2026-07-15 23:00:00,Open,,
11266,2777,Billing,High Bill,High Bill issue reported by customer.,2026-01-01 21:00:00,2026-01-04 21:00:00,Closed,,Resolved after investigation.
11267,1562,Network,Slow Data,Slow Data issue reported by customer.,2026-01-10 20:00:00,2026-01-13 20:00:00,InProgress,Team A,
11268,1630,Roaming,Billing Query,Billing Query issue reported by customer.,2026-07-22 20:00:00,2026-07-25 20:00:00,Closed,Team B,Resolved after investigation.
11269,1605,Roaming,Activation Issue,Activation Issue issue reported by customer.,2026-01-12 22:00:00,2026-01-14 22:00:00,Closed,Team C,Resolved after investigation.
11270,2282,KYC,Document Rejected,Document Rejected issue reported by customer.,2025-12-16 02:00:00,2025-12-18 02:00:00,InProgress,Billing Desk,
11271,1340,Recharge,Amount Deducted,Amount Deducted issue reported by customer.,2026-02-13 17:00:00,2026-02-14 17:00:00,Open,KYC Cell,
11272,2139,Roaming,Activation Issue,Activation Issue issue reported by customer.,2026-03-16 09:00:00,2026-03-17 09:00:00,Open,Network Ops,
11273,2102,Network,Call Drop,Call Drop issue reported by customer.,2026-05-04 19:00:00,2026-05-07 19:00:00,Open,Billing Desk,
11274,2438,Billing,Late Fee Dispute,Late Fee Dispute issue reported by customer.,2025-09-04 11:00:00,2025-09-05 11:00:00,Open,Team A,
11275,1038,Recharge,Amount Deducted,Amount Deducted issue reported by customer.,2025-12-16 05:00:00,2025-12-17 05:00:00,Closed,KYC Cell,Resolved after investigation.
11276,2046,Billing,Late Fee Dispute,Late Fee Dispute issue reported by customer.,2026-03-04 16:00:00,2026-03-07 16:00:00,Closed,Team A,Resolved after investigation.
11277,1533,Network,No Signal,No Signal issue reported by customer.,2025-11-17 15:00:00,2025-11-19 15:00:00,Open,Network Ops,
11278,2582,KYC,Document Rejected,Document Rejected issue reported by customer.,2025-11-04 12:00:00,2025-11-07 12:00:00,Closed,Team C,Resolved after investigation.
11279,1330,Recharge,Amount Deducted,,2025-10-17 11:00:00,2025-10-18 11:00:00,Closed,KYC Cell,Resolved after investigation.
11280,1648,Recharge,Amount Deducted,Amount Deducted issue reported by customer.,2026-03-28 17:00:00,2026-03-29 17:00:00,Closed,Team A,Resolved after investigation.
11281,2195,Recharge,Amount Deducted,Amount Deducted issue reported by customer.,2026-05-14 16:00:00,2026-05-15 16:00:00,Closed,Team B,Resolved after investigation.
11282,1825,Network,Slow Data,Slow Data issue reported by customer.,2026-02-07 22:00:00,2026-02-09 22:00:00,Closed,Team C,Resolved after investigation.
11283,1096,Network,Slow Data,Slow Data issue reported by customer.,2025-08-29 08:00:00,2025-08-30 08:00:00,Closed,Team B,Resolved after investigation.
11284,1389,Recharge,Recharge Failed,Recharge Failed issue reported by customer.,2026-06-06 13:00:00,2026-06-07 13:00:00,Closed,Team A,
11285,1749,Network,Call Drop,Call Drop issue reported by customer.,2026-07-01 17:00:00,2026-07-02 17:00:00,Closed,Team C,Resolved after investigation.
11286,2662,Recharge,Amount Deducted,Amount Deducted issue reported by customer.,2025-10-03 11:00:00,2025-10-05 11:00:00,Open,Team B,
11287,1381,Billing,GST Query,,2025-10-28 20:00:00,2025-10-31 20:00:00,Closed,Team C,Resolved after investigation.
11288,2145,Roaming,Billing Query,Billing Query issue reported by customer.,2025-11-17 14:00:00,2025-11-18 14:00:00,Closed,Team C,Resolved after investigation.
11289,1968,Network,Slow Data,Slow Data issue reported by customer.,2026-03-19 22:00:00,2026-03-22 22:00:00,Closed,Network Ops,Resolved after investigation.
11290,2557,Billing,High Bill,High Bill issue reported by customer.,2026-02-03 08:00:00,2026-02-05 08:00:00,InProgress,Network Ops,
11291,1944,SIM,SIM Not Working,SIM Not Working issue reported by customer.,2026-04-05 13:00:00,2026-04-08 13:00:00,InProgress,KYC Cell,
11292,1824,Recharge,Recharge Failed,Recharge Failed issue reported by customer.,2025-10-02 11:00:00,2025-10-04 11:00:00,InProgress,Team A,
11293,1663,KYC,Document Rejected,Document Rejected issue reported by customer.,2026-05-03 13:00:00,2026-05-04 13:00:00,Closed,Team C,Resolved after investigation.
11294,1880,Billing,GST Query,GST Query issue reported by customer.,2026-07-14 21:00:00,2026-07-16 21:00:00,InProgress,Network Ops,
11295,1720,Roaming,Billing Query,Billing Query issue reported by customer.,2026-02-28 20:00:00,2026-03-03 20:00:00,Closed,Team B,Resolved after investigation.
11296,2212,Recharge,Recharge Failed,Recharge Failed issue reported by customer.,2026-02-25 11:00:00,2026-02-26 11:00:00,Closed,KYC Cell,Resolved after investigation.
11297,1090,SIM,SIM Not Working,SIM Not Working issue reported by customer.,2026-02-09 11:00:00,2026-02-10 11:00:00,InProgress,,
11298,2553,Roaming,Billing Query,Billing Query issue reported by customer.,2026-07-08 06:00:00,2026-07-10 06:00:00,Open,KYC Cell,
11299,1259,Network,No Signal,,2026-07-01 14:00:00,2026-07-03 14:00:00,Open,Billing Desk,
11300,2494,Billing,GST Query,GST Query issue reported by customer.,2026-05-12 18:00:00,2026-05-15 18:00:00,Closed,Team A,Resolved after investigation.
11301,1234,KYC,Document Rejected,Document Rejected issue reported by customer.,2026-07-29 21:00:00,2026-08-01 21:00:00,Open,Network Ops,
11302,1677,SIM,SIM Not Working,SIM Not Working issue reported by customer.,2025-11-24 04:00:00,2025-11-26 04:00:00,Open,Team B,
11303,1505,Network,No Signal,No Signal issue reported by customer.,2025-11-21 05:00:00,2025-11-24 05:00:00,InProgress,Team C,
11304,1176,Billing,GST Query,GST Query issue reported by customer.,2025-09-13 13:00:00,2025-09-15 13:00:00,Open,KYC Cell,
11305,1549,Recharge,Recharge Failed,Recharge Failed issue reported by customer.,2026-05-08 06:00:00,2026-05-11 06:00:00,Closed,,Resolved after investigation.
11306,1022,Roaming,Billing Query,Billing Query issue reported by customer.,2025-11-16 10:00:00,2025-11-19 10:00:00,Closed,Billing Desk,Resolved after investigation.
11307,2188,Recharge,Amount Deducted,Amount Deducted issue reported by customer.,2025-12-17 17:00:00,2025-12-20 17:00:00,InProgress,Team C,
11308,1763,Network,Call Drop,Call Drop issue reported by customer.,2026-02-23 19:00:00,2026-02-24 19:00:00,Closed,Team A,Resolved after investigation.
11309,2504,Billing,Late Fee Dispute,Late Fee Dispute issue reported by customer.,2026-07-21 01:00:00,2026-07-24 01:00:00,Closed,Team C,Resolved after investigation.
11310,1290,SIM,Replacement Request,Replacement Request issue reported by customer.,2025-09-07 07:00:00,2025-09-10 07:00:00,Closed,Team C,Resolved after investigation.
11311,1327,SIM,Activation Delay,Activation Delay issue reported by customer.,2026-05-05 15:00:00,2026-05-08 15:00:00,Closed,Team C,Resolved after investigation.
11312,2671,KYC,Document Rejected,Document Rejected issue reported by customer.,2026-06-15 05:00:00,2026-06-18 05:00:00,Closed,,
11313,1431,SIM,SIM Not Working,,2026-03-12 04:00:00,2026-03-14 04:00:00,Closed,Network Ops,Resolved after investigation.
11314,2116,Roaming,Billing Query,Billing Query issue reported by customer.,2025-10-14 23:00:00,2025-10-17 23:00:00,Open,Team C,
11315,1160,Recharge,Amount Deducted,Amount Deducted issue reported by customer.,2025-08-20 19:00:00,2025-08-21 19:00:00,InProgress,Billing Desk,
11316,2729,SIM,Replacement Request,Replacement Request issue reported by customer.,2026-05-09 03:00:00,2026-05-10 03:00:00,Open,Billing Desk,
11317,1292,KYC,Document Rejected,,2025-08-18 23:00:00,2025-08-20 23:00:00,Closed,Team C,Resolved after investigation.
11318,1966,SIM,Replacement Request,,2026-06-15 18:00:00,2026-06-18 18:00:00,Open,Team C,
11319,2139,Network,Call Drop,Call Drop issue reported by customer.,2026-01-12 23:00:00,2026-01-13 23:00:00,Closed,Team A,Resolved after investigation.
11320,2078,KYC,Verification Pending,Verification Pending issue reported by customer.,2026-02-09 23:00:00,2026-02-11 23:00:00,Open,KYC Cell,
11321,2360,Recharge,Recharge Failed,Recharge Failed issue reported by customer.,2026-05-15 21:00:00,2026-05-17 21:00:00,Closed,KYC Cell,Resolved after investigation.
11322,2126,KYC,Document Rejected,Document Rejected issue reported by customer.,2026-06-26 13:00:00,2026-06-27 13:00:00,Open,KYC Cell,
11323,2804,SIM,Activation Delay,Activation Delay issue reported by customer.,2025-12-15 06:00:00,2025-12-18 06:00:00,Closed,Network Ops,Resolved after investigation.
11324,1959,KYC,Verification Pending,Verification Pending issue reported by customer.,2025-10-21 10:00:00,2025-10-23 10:00:00,InProgress,Team C,
11325,1633,KYC,Verification Pending,Verification Pending issue reported by customer.,2026-06-17 08:00:00,2026-06-18 08:00:00,Open,KYC Cell,
11326,1764,KYC,Verification Pending,Verification Pending issue reported by customer.,2025-12-14 06:00:00,2025-12-15 06:00:00,Open,KYC Cell,
11327,1458,Recharge,Recharge Failed,,2026-05-17 11:00:00,2026-05-18 11:00:00,Closed,,Resolved after investigation.
11328,2501,Roaming,Activation Issue,Activation Issue issue reported by customer.,2026-02-01 15:00:00,2026-02-02 15:00:00,Closed,KYC Cell,Resolved after investigation.
11329,2038,Network,Call Drop,Call Drop issue reported by customer.,2026-08-03 19:00:00,2026-08-05 19:00:00,Closed,Team A,Resolved after investigation.
11330,2603,Roaming,Activation Issue,Activation Issue issue reported by customer.,2025-12-22 20:00:00,2025-12-25 20:00:00,Closed,Team B,Resolved after investigation.
11331,2792,SIM,Replacement Request,Replacement Request issue reported by customer.,2026-06-04 10:00:00,2026-06-05 10:00:00,InProgress,Team B,
11332,1170,Billing,High Bill,High Bill issue reported by customer.,2026-01-21 15:00:00,2026-01-24 15:00:00,InProgress,Billing Desk,
11333,2670,SIM,SIM Not Working,SIM Not Working issue reported by customer.,2026-04-17 05:00:00,2026-04-20 05:00:00,Closed,KYC Cell,Resolved after investigation.
11334,1801,Recharge,Amount Deducted,Amount Deducted issue reported by customer.,2026-07-29 12:00:00,2026-07-30 12:00:00,Closed,Team A,Resolved after investigation.
11335,1042,Billing,High Bill,High Bill issue reported by customer.,2025-11-18 06:00:00,2025-11-21 06:00:00,InProgress,Team A,
11336,1481,Roaming,Billing Query,Billing Query issue reported by customer.,2026-06-09 07:00:00,2026-06-12 07:00:00,InProgress,Team A,
11337,1830,Billing,Late Fee Dispute,Late Fee Dispute issue reported by customer.,2025-10-24 02:00:00,2025-10-25 02:00:00,Closed,Team B,Resolved after investigation.
11338,1564,Roaming,Activation Issue,Activation Issue issue reported by customer.,2026-01-05 02:00:00,2026-01-06 02:00:00,Closed,KYC Cell,Resolved after investigation.
11339,2453,SIM,Activation Delay,Activation Delay issue reported by customer.,2025-11-11 11:00:00,2025-11-12 11:00:00,Open,KYC Cell,
11340,1003,Roaming,Billing Query,Billing Query issue reported by customer.,2026-06-21 15:00:00,2026-06-23 15:00:00,Closed,,Resolved after investigation.
11341,2531,SIM,SIM Not Working,SIM Not Working issue reported by customer.,2025-12-27 23:00:00,2025-12-28 23:00:00,Open,Team A,
11342,1273,KYC,Document Rejected,Document Rejected issue reported by customer.,2026-06-29 13:00:00,2026-07-01 13:00:00,Closed,Billing Desk,Resolved after investigation.
11343,1141,Roaming,Activation Issue,Activation Issue issue reported by customer.,2025-12-31 10:00:00,2026-01-01 10:00:00,Closed,Team C,Resolved after investigation.
11344,1499,Recharge,Amount Deducted,Amount Deducted issue reported by customer.,2026-02-21 19:00:00,2026-02-22 19:00:00,Closed,Network Ops,Resolved after investigation.
11345,2312,Roaming,Billing Query,Billing Query issue reported by customer.,2026-02-12 15:00:00,2026-02-15 15:00:00,Open,Billing Desk,
11346,1236,Billing,GST Query,GST Query issue reported by customer.,2026-08-08 20:00:00,2026-08-09 20:00:00,Open,Team B,
11347,2207,Recharge,Recharge Failed,Recharge Failed issue reported by customer.,2025-12-25 00:00:00,2025-12-26 00:00:00,Closed,Team A,Resolved after investigation.
11348,2379,Roaming,Billing Query,Billing Query issue reported by customer.,2026-02-01 01:00:00,2026-02-02 01:00:00,Closed,KYC Cell,Resolved after investigation.
11349,2694,SIM,Activation Delay,Activation Delay issue reported by customer.,2026-01-05 12:00:00,2026-01-07 12:00:00,InProgress,Billing Desk,
11350,2690,Recharge,,Recharge issue reported by customer.,2025-11-28 16:00:00,2025-12-01 16:00:00,Open,Team A,
11351,1433,SIM,SIM Not Working,SIM Not Working issue reported by customer.,2026-02-08 19:00:00,2026-02-09 19:00:00,InProgress,Team C,
11352,1966,SIM,SIM Not Working,SIM Not Working issue reported by customer.,2025-12-09 04:00:00,2025-12-10 04:00:00,Closed,Team C,
11353,1939,Roaming,Billing Query,Billing Query issue reported by customer.,2025-09-08 23:00:00,2025-09-11 23:00:00,InProgress,,
11354,1778,SIM,Activation Delay,Activation Delay issue reported by customer.,2025-11-25 22:00:00,2025-11-28 22:00:00,Closed,Billing Desk,Resolved after investigation.
11355,1502,Billing,High Bill,,2025-10-31 20:00:00,2025-11-01 20:00:00,Closed,Team B,Resolved after investigation.
11356,2117,Roaming,,Roaming issue reported by customer.,2026-02-27 03:00:00,2026-03-01 03:00:00,Open,KYC Cell,
11357,2461,KYC,,KYC issue reported by customer.,2025-08-24 23:00:00,2025-08-25 23:00:00,Closed,,
11358,2046,Network,Call Drop,Call Drop issue reported by customer.,2025-10-25 00:00:00,2025-10-27 00:00:00,Open,,
11359,1436,Billing,High Bill,High Bill issue reported by customer.,2026-01-24 08:00:00,2026-01-25 08:00:00,Closed,Team A,Resolved after investigation.
11360,2465,KYC,Verification Pending,Verification Pending issue reported by customer.,2026-05-23 10:00:00,2026-05-24 10:00:00,Closed,KYC Cell,Resolved after investigation.
11361,2214,KYC,Document Rejected,Document Rejected issue reported by customer.,2025-10-24 11:00:00,2025-10-27 11:00:00,Closed,Team A,
11362,1233,Recharge,Amount Deducted,Amount Deducted issue reported by customer.,2026-05-11 11:00:00,2026-05-12 11:00:00,Open,KYC Cell,
11363,1260,SIM,SIM Not Working,SIM Not Working issue reported by customer.,2026-08-04 05:00:00,2026-08-06 05:00:00,Open,Team B,
11364,1628,Roaming,Billing Query,Billing Query issue reported by customer.,2026-01-27 16:00:00,2026-01-30 16:00:00,Open,Billing Desk,
11365,1868,Recharge,Recharge Failed,,2026-06-29 22:00:00,2026-07-02 22:00:00,Open,Network Ops,
11366,2309,Recharge,Recharge Failed,Recharge Failed issue reported by customer.,2025-12-03 03:00:00,2025-12-06 03:00:00,Closed,Billing Desk,Resolved after investigation.
11367,1287,KYC,Verification Pending,Verification Pending issue reported by customer.,2026-03-14 00:00:00,2026-03-16 00:00:00,Closed,Network Ops,Resolved after investigation.
11368,2648,Network,Call Drop,Call Drop issue reported by customer.,2026-01-21 19:00:00,2026-01-22 19:00:00,InProgress,KYC Cell,
11369,1996,Billing,Late Fee Dispute,Late Fee Dispute issue reported by customer.,2026-07-12 00:00:00,2026-07-15 00:00:00,Closed,Team C,Resolved after investigation.
11370,1039,Network,Slow Data,Slow Data issue reported by customer.,2025-10-31 02:00:00,2025-11-03 02:00:00,Closed,Team A,Resolved after investigation.
11371,1247,Recharge,Recharge Failed,Recharge Failed issue reported by customer.,2025-12-23 17:00:00,2025-12-24 17:00:00,Open,,
11372,1459,KYC,Document Rejected,Document Rejected issue reported by customer.,2026-05-10 21:00:00,2026-05-12 21:00:00,Closed,Team A,
11373,1555,Recharge,Amount Deducted,Amount Deducted issue reported by customer.,2026-04-16 22:00:00,2026-04-18 22:00:00,Open,Team C,
11374,1437,Recharge,Amount Deducted,Amount Deducted issue reported by customer.,2026-04-16 02:00:00,2026-04-17 02:00:00,Closed,Network Ops,Resolved after investigation.
11375,1624,Recharge,Recharge Failed,Recharge Failed issue reported by customer.,2026-04-13 00:00:00,2026-04-14 00:00:00,Closed,Billing Desk,Resolved after investigation.
11376,2089,Roaming,Billing Query,Billing Query issue reported by customer.,2026-05-12 17:00:00,2026-05-14 17:00:00,InProgress,Network Ops,
11377,1569,SIM,Activation Delay,Activation Delay issue reported by customer.,2025-12-05 09:00:00,2025-12-07 09:00:00,Closed,Team B,Resolved after investigation.
11378,1287,KYC,Document Rejected,Document Rejected issue reported by customer.,2026-04-28 21:00:00,2026-04-29 21:00:00,Closed,Team B,Resolved after investigation.
11379,1803,Roaming,Billing Query,Billing Query issue reported by customer.,2026-05-19 13:00:00,2026-05-21 13:00:00,Closed,Team A,Resolved after investigation.
11380,1282,KYC,Document Rejected,Document Rejected issue reported by customer.,2025-11-06 02:00:00,2025-11-08 02:00:00,Closed,KYC Cell,Resolved after investigation.
11381,2516,SIM,Activation Delay,Activation Delay issue reported by customer.,2026-07-14 23:00:00,2026-07-16 23:00:00,Open,Team B,
11382,1235,SIM,Replacement Request,Replacement Request issue reported by customer.,2025-11-24 03:00:00,2025-11-27 03:00:00,Open,Team A,
11383,2259,KYC,Verification Pending,Verification Pending issue reported by customer.,2025-10-31 13:00:00,2025-11-03 13:00:00,Open,Billing Desk,
11384,2406,Recharge,Recharge Failed,Recharge Failed issue reported by customer.,2025-09-28 15:00:00,2025-09-30 15:00:00,Open,Billing Desk,
11385,1224,KYC,Document Rejected,Document Rejected issue reported by customer.,2026-02-21 22:00:00,2026-02-23 22:00:00,Closed,Team A,Resolved after investigation.
11386,2008,KYC,Verification Pending,Verification Pending issue reported by customer.,2025-12-18 04:00:00,2025-12-21 04:00:00,Closed,Network Ops,Resolved after investigation.
11387,2598,Roaming,Activation Issue,Activation Issue issue reported by customer.,2025-10-09 12:00:00,2025-10-11 12:00:00,InProgress,Team B,
11388,1372,Billing,Late Fee Dispute,Late Fee Dispute issue reported by customer.,2026-03-30 02:00:00,2026-03-31 02:00:00,Open,Network Ops,
11389,1288,KYC,Verification Pending,Verification Pending issue reported by customer.,2026-07-09 04:00:00,2026-07-11 04:00:00,InProgress,Team A,
11390,2453,Roaming,Activation Issue,,2025-11-14 19:00:00,2025-11-16 19:00:00,Closed,Billing Desk,Resolved after investigation.
11391,2456,Billing,GST Query,,2026-06-21 17:00:00,2026-06-24 17:00:00,InProgress,Network Ops,
11392,2382,Recharge,Recharge Failed,,2026-01-08 12:00:00,2026-01-11 12:00:00,Closed,Team B,Resolved after investigation.
11393,2282,KYC,Verification Pending,Verification Pending issue reported by customer.,2025-12-27 09:00:00,2025-12-28 09:00:00,Open,Team A,
11394,2085,Recharge,Amount Deducted,Amount Deducted issue reported by customer.,2025-09-12 21:00:00,2025-09-13 21:00:00,Closed,Team A,Resolved after investigation.
11395,1920,Recharge,Recharge Failed,Recharge Failed issue reported by customer.,2025-12-27 21:00:00,2025-12-28 21:00:00,Open,Network Ops,
11396,1300,Billing,GST Query,GST Query issue reported by customer.,2026-06-09 16:00:00,2026-06-12 16:00:00,Closed,Team B,Resolved after investigation.
11397,1860,Roaming,Activation Issue,,2025-10-13 03:00:00,2025-10-16 03:00:00,Closed,KYC Cell,Resolved after investigation.
11398,2216,Billing,Late Fee Dispute,Late Fee Dispute issue reported by customer.,2026-07-03 11:00:00,2026-07-06 11:00:00,Open,,
11399,1848,KYC,Document Rejected,Document Rejected issue reported by customer.,2026-07-05 12:00:00,2026-07-07 12:00:00,Closed,Team A,Resolved after investigation.
11400,1053,KYC,Verification Pending,Verification Pending issue reported by customer.,2026-04-20 04:00:00,2026-04-23 04:00:00,Open,Network Ops,
11401,2409,Recharge,Amount Deducted,Amount Deducted issue reported by customer.,2026-05-07 01:00:00,2026-05-08 01:00:00,Closed,Team C,
11402,1134,Billing,High Bill,High Bill issue reported by customer.,2025-11-15 09:00:00,2025-11-16 09:00:00,Closed,KYC Cell,Resolved after investigation.
11403,1115,KYC,Document Rejected,Document Rejected issue reported by customer.,2025-12-04 01:00:00,2025-12-05 01:00:00,Closed,Billing Desk,Resolved after investigation.
11404,2354,SIM,,SIM issue reported by customer.,2025-10-28 10:00:00,2025-10-29 10:00:00,Closed,Network Ops,Resolved after investigation.
11405,1402,Recharge,Recharge Failed,,2026-04-19 23:00:00,2026-04-22 23:00:00,Closed,Team B,Resolved after investigation.
11406,1945,KYC,Document Rejected,Document Rejected issue reported by customer.,2026-01-03 00:00:00,2026-01-04 00:00:00,Closed,Team B,Resolved after investigation.
11407,1781,Billing,Late Fee Dispute,Late Fee Dispute issue reported by customer.,2026-03-04 05:00:00,2026-03-07 05:00:00,Closed,KYC Cell,Resolved after investigation.
11408,2042,Billing,High Bill,High Bill issue reported by customer.,2026-04-24 14:00:00,2026-04-26 14:00:00,Open,Team A,
11409,1769,SIM,Replacement Request,Replacement Request issue reported by customer.,2026-04-08 05:00:00,2026-04-09 05:00:00,Closed,Team C,Resolved after investigation.
11410,2659,Roaming,Activation Issue,Activation Issue issue reported by customer.,2025-12-27 13:00:00,2025-12-30 13:00:00,Open,Team A,
11411,1314,Roaming,Activation Issue,Activation Issue issue reported by customer.,2025-12-06 07:00:00,2025-12-08 07:00:00,Closed,Billing Desk,Resolved after investigation.
11412,1677,KYC,Verification Pending,,2026-05-21 15:00:00,2026-05-24 15:00:00,Closed,KYC Cell,Resolved after investigation.
11413,1312,Roaming,Activation Issue,Activation Issue issue reported by customer.,2026-01-28 06:00:00,2026-01-31 06:00:00,Closed,Billing Desk,Resolved after investigation.
11414,1061,SIM,Activation Delay,Activation Delay issue reported by customer.,2026-05-25 12:00:00,2026-05-28 12:00:00,Open,,
11415,1999,KYC,Document Rejected,Document Rejected issue reported by customer.,2025-12-02 05:00:00,2025-12-05 05:00:00,Closed,,Resolved after investigation.
11416,2751,Roaming,Activation Issue,Activation Issue issue reported by customer.,2025-11-16 18:00:00,2025-11-17 18:00:00,InProgress,Team A,
11417,2760,Recharge,Recharge Failed,Recharge Failed issue reported by customer.,2025-08-28 01:00:00,2025-08-29 01:00:00,Open,,
11418,1082,KYC,Document Rejected,Document Rejected issue reported by customer.,2025-11-11 05:00:00,2025-11-13 05:00:00,Closed,,Resolved after investigation.
11419,2708,Roaming,Billing Query,Billing Query issue reported by customer.,2025-10-02 12:00:00,2025-10-05 12:00:00,Open,Team C,
11420,1451,Network,Call Drop,,2026-05-09 16:00:00,2026-05-11 16:00:00,Closed,Network Ops,Resolved after investigation.
11421,1953,KYC,Verification Pending,Verification Pending issue reported by customer.,2026-02-10 07:00:00,2026-02-13 07:00:00,Closed,,Resolved after investigation.
11422,2209,Roaming,Activation Issue,Activation Issue issue reported by customer.,2026-06-29 23:00:00,2026-06-30 23:00:00,InProgress,KYC Cell,
11423,1908,Roaming,Activation Issue,Activation Issue issue reported by customer.,2025-08-26 14:00:00,2025-08-27 14:00:00,Closed,Team B,Resolved after investigation.
11424,2639,Roaming,Activation Issue,Activation Issue issue reported by customer.,2025-09-12 03:00:00,2025-09-14 03:00:00,Open,Team B,
11425,1088,Roaming,Billing Query,Billing Query issue reported by customer.,2025-11-12 17:00:00,2025-11-14 17:00:00,Closed,KYC Cell,Resolved after investigation.
11426,2055,Billing,GST Query,GST Query issue reported by customer.,2026-05-04 10:00:00,2026-05-07 10:00:00,Closed,KYC Cell,Resolved after investigation.
11427,1982,Roaming,Billing Query,Billing Query issue reported by customer.,2025-12-27 02:00:00,2025-12-29 02:00:00,Open,Billing Desk,
11428,2705,Roaming,Billing Query,Billing Query issue reported by customer.,2025-10-29 20:00:00,2025-11-01 20:00:00,Closed,Team C,Resolved after investigation.
11429,2324,Recharge,Amount Deducted,Amount Deducted issue reported by customer.,2025-11-19 09:00:00,2025-11-22 09:00:00,Closed,Team C,Resolved after investigation.
11430,2646,KYC,Document Rejected,Document Rejected issue reported by customer.,2025-10-25 02:00:00,2025-10-27 02:00:00,InProgress,Team C,
11431,1833,Roaming,Activation Issue,Activation Issue issue reported by customer.,2026-07-26 07:00:00,2026-07-29 07:00:00,Closed,,Resolved after investigation.
11432,1245,SIM,SIM Not Working,SIM Not Working issue reported by customer.,2025-08-25 16:00:00,2025-08-26 16:00:00,Closed,Team B,Resolved after investigation.
11433,2659,KYC,Verification Pending,Verification Pending issue reported by customer.,2026-03-16 14:00:00,2026-03-18 14:00:00,Open,KYC Cell,
11434,2346,SIM,SIM Not Working,SIM Not Working issue reported by customer.,2025-08-17 09:00:00,2025-08-19 09:00:00,Open,Billing Desk,
11435,1290,Network,Call Drop,Call Drop issue reported by customer.,2026-07-15 05:00:00,2026-07-17 05:00:00,InProgress,Billing Desk,
11436,2697,SIM,SIM Not Working,SIM Not Working issue reported by customer.,2025-12-01 03:00:00,2025-12-02 03:00:00,Closed,Team B,Resolved after investigation.
11437,1054,SIM,Activation Delay,Activation Delay issue reported by customer.,2026-08-05 15:00:00,2026-08-08 15:00:00,Closed,Billing Desk,Resolved after investigation.
11438,2544,SIM,Replacement Request,Replacement Request issue reported by customer.,2026-07-21 03:00:00,2026-07-22 03:00:00,Closed,KYC Cell,Resolved after investigation.
11439,1795,Recharge,Recharge Failed,Recharge Failed issue reported by customer.,2025-11-20 16:00:00,2025-11-23 16:00:00,Closed,Network Ops,Resolved after investigation.
11440,2754,SIM,Replacement Request,Replacement Request issue reported by customer.,2026-01-19 15:00:00,2026-01-20 15:00:00,Closed,KYC Cell,Resolved after investigation.
11441,2368,Recharge,Recharge Failed,Recharge Failed issue reported by customer.,2026-03-02 17:00:00,2026-03-05 17:00:00,Open,Team B,
11442,2455,Roaming,Activation Issue,Activation Issue issue reported by customer.,2026-05-27 15:00:00,2026-05-30 15:00:00,InProgress,Billing Desk,
11443,2522,Billing,GST Query,,2026-01-26 07:00:00,2026-01-28 07:00:00,Open,Team B,
11444,1263,Roaming,Billing Query,Billing Query issue reported by customer.,2026-04-29 16:00:00,2026-05-01 16:00:00,Closed,Billing Desk,Resolved after investigation.
11445,1808,Recharge,Amount Deducted,Amount Deducted issue reported by customer.,2025-10-20 13:00:00,2025-10-22 13:00:00,InProgress,KYC Cell,
11446,1736,KYC,Verification Pending,Verification Pending issue reported by customer.,2026-06-14 13:00:00,2026-06-16 13:00:00,Open,Team B,
11447,1875,SIM,Activation Delay,,2025-08-23 21:00:00,2025-08-25 21:00:00,Open,,
11448,2229,KYC,Document Rejected,Document Rejected issue reported by customer.,2026-06-15 05:00:00,2026-06-16 05:00:00,Closed,Team A,Resolved after investigation.
11449,1566,Roaming,Activation Issue,,2025-10-02 13:00:00,2025-10-05 13:00:00,Closed,Network Ops,Resolved after investigation.
11450,1181,KYC,Verification Pending,Verification Pending issue reported by customer.,2026-01-24 13:00:00,2026-01-27 13:00:00,InProgress,Billing Desk,
11451,1273,SIM,Activation Delay,Activation Delay issue reported by customer.,2026-06-10 17:00:00,2026-06-12 17:00:00,InProgress,Network Ops,
11452,1222,Recharge,Amount Deducted,Amount Deducted issue reported by customer.,2026-02-23 11:00:00,2026-02-25 11:00:00,Open,Billing Desk,
11453,1672,SIM,Activation Delay,Activation Delay issue reported by customer.,2026-06-11 15:00:00,2026-06-12 15:00:00,Closed,Team B,Resolved after investigation.
11454,2432,Roaming,Activation Issue,Activation Issue issue reported by customer.,2026-05-18 21:00:00,2026-05-21 21:00:00,Closed,Billing Desk,Resolved after investigation.
11455,1986,Recharge,Amount Deducted,Amount Deducted issue reported by customer.,2025-12-14 01:00:00,2025-12-15 01:00:00,Closed,Team A,Resolved after investigation.
11456,1183,Billing,High Bill,High Bill issue reported by customer.,2025-09-07 22:00:00,2025-09-09 22:00:00,InProgress,Team A,
11457,2023,Network,No Signal,No Signal issue reported by customer.,2026-01-06 05:00:00,2026-01-09 05:00:00,InProgress,KYC Cell,
11458,1300,Recharge,,Recharge issue reported by customer.,2026-06-24 20:00:00,2026-06-25 20:00:00,Closed,Team C,Resolved after investigation.
11459,1120,Billing,High Bill,High Bill issue reported by customer.,2026-01-23 18:00:00,2026-01-24 18:00:00,Open,,
11460,2640,KYC,Verification Pending,Verification Pending issue reported by customer.,2025-09-12 21:00:00,2025-09-15 21:00:00,Closed,Network Ops,Resolved after investigation.
11461,2451,KYC,Verification Pending,Verification Pending issue reported by customer.,2026-06-08 21:00:00,2026-06-09 21:00:00,Closed,KYC Cell,Resolved after investigation.
11462,2045,Recharge,Recharge Failed,Recharge Failed issue reported by customer.,2025-10-10 21:00:00,2025-10-13 21:00:00,Closed,Network Ops,Resolved after investigation.
11463,2307,SIM,SIM Not Working,SIM Not Working issue reported by customer.,2025-11-27 03:00:00,2025-11-28 03:00:00,Closed,Team B,Resolved after investigation.
11464,2641,Network,Slow Data,,2025-09-22 06:00:00,2025-09-24 06:00:00,Open,Team A,
11465,2262,Recharge,Recharge Failed,Recharge Failed issue reported by customer.,2025-10-17 20:00:00,2025-10-18 20:00:00,Open,Team A,
11466,2203,KYC,Document Rejected,Document Rejected issue reported by customer.,2026-03-07 02:00:00,2026-03-10 02:00:00,Closed,Team B,Resolved after investigation.
11467,2276,Network,Slow Data,Slow Data issue reported by customer.,2026-04-24 19:00:00,2026-04-25 19:00:00,Closed,Billing Desk,Resolved after investigation.
11468,2611,Roaming,,,2025-09-20 21:00:00,2025-09-21 21:00:00,Closed,Billing Desk,Resolved after investigation.
11469,2546,Roaming,Billing Query,Billing Query issue reported by customer.,2025-10-24 17:00:00,2025-10-26 17:00:00,Open,Billing Desk,
11470,2127,KYC,Document Rejected,Document Rejected issue reported by customer.,2026-05-07 00:00:00,2026-05-10 00:00:00,Closed,Team A,Resolved after investigation.
11471,2495,Billing,High Bill,High Bill issue reported by customer.,2026-01-29 11:00:00,2026-01-31 11:00:00,Closed,Network Ops,
11472,2374,SIM,Replacement Request,Replacement Request issue reported by customer.,2025-10-22 16:00:00,2025-10-25 16:00:00,Closed,Billing Desk,Resolved after investigation.
11473,2273,KYC,Document Rejected,Document Rejected issue reported by customer.,2026-01-06 20:00:00,2026-01-07 20:00:00,Open,Network Ops,
11474,1694,Recharge,Recharge Failed,Recharge Failed issue reported by customer.,2025-10-02 05:00:00,2025-10-05 05:00:00,InProgress,Team A,
11475,2695,Roaming,Billing Query,Billing Query issue reported by customer.,2025-11-02 14:00:00,2025-11-03 14:00:00,Open,Network Ops,
11476,2542,Network,No Signal,,2026-06-14 16:00:00,2026-06-17 16:00:00,Closed,Team B,Resolved after investigation.
11477,1967,Billing,Late Fee Dispute,Late Fee Dispute issue reported by customer.,2025-08-11 18:00:00,2025-08-14 18:00:00,Closed,Billing Desk,Resolved after investigation.
11478,2509,Billing,GST Query,,2025-12-03 14:00:00,2025-12-05 14:00:00,Closed,Network Ops,Resolved after investigation.
11479,2092,Recharge,Amount Deducted,Amount Deducted issue reported by customer.,2025-09-30 20:00:00,2025-10-03 20:00:00,Closed,KYC Cell,Resolved after investigation.
11480,2798,SIM,Replacement Request,Replacement Request issue reported by customer.,2026-03-03 05:00:00,2026-03-05 05:00:00,Closed,Billing Desk,Resolved after investigation.
11481,2311,SIM,SIM Not Working,SIM Not Working issue reported by customer.,2025-09-15 05:00:00,2025-09-18 05:00:00,Closed,KYC Cell,Resolved after investigation.
11482,2535,Recharge,Amount Deducted,Amount Deducted issue reported by customer.,2026-03-25 17:00:00,2026-03-26 17:00:00,Open,Team B,
11483,1310,Recharge,Amount Deducted,Amount Deducted issue reported by customer.,2026-04-21 12:00:00,2026-04-24 12:00:00,Closed,Billing Desk,Resolved after investigation.
11484,1463,Recharge,Recharge Failed,Recharge Failed issue reported by customer.,2026-01-03 03:00:00,2026-01-05 03:00:00,Closed,Team C,Resolved after investigation.
11485,1365,SIM,SIM Not Working,SIM Not Working issue reported by customer.,2025-11-26 20:00:00,2025-11-27 20:00:00,Closed,Team B,Resolved after investigation.
11486,2507,SIM,Activation Delay,Activation Delay issue reported by customer.,2026-02-20 12:00:00,2026-02-23 12:00:00,InProgress,Network Ops,
11487,2606,Roaming,Billing Query,Billing Query issue reported by customer.,2025-09-04 02:00:00,2025-09-05 02:00:00,Closed,KYC Cell,Resolved after investigation.
11488,1743,KYC,Document Rejected,Document Rejected issue reported by customer.,2026-05-09 16:00:00,2026-05-10 16:00:00,Closed,KYC Cell,Resolved after investigation.
11489,1485,Recharge,Recharge Failed,,2025-11-18 02:00:00,2025-11-20 02:00:00,InProgress,Team B,
11490,2586,Roaming,,Roaming issue reported by customer.,2026-02-01 07:00:00,2026-02-04 07:00:00,InProgress,Team C,
11491,1882,Network,Slow Data,Slow Data issue reported by customer.,2026-04-22 07:00:00,2026-04-23 07:00:00,Closed,Team A,Resolved after investigation.
11492,2203,SIM,Replacement Request,Replacement Request issue reported by customer.,2025-11-06 16:00:00,2025-11-07 16:00:00,Closed,KYC Cell,Resolved after investigation.
11493,1785,Billing,Late Fee Dispute,Late Fee Dispute issue reported by customer.,2025-11-20 11:00:00,2025-11-21 11:00:00,Closed,Team A,Resolved after investigation.
11494,2135,KYC,Document Rejected,Document Rejected issue reported by customer.,2026-01-19 12:00:00,2026-01-20 12:00:00,InProgress,KYC Cell,
11495,1324,Billing,Late Fee Dispute,Late Fee Dispute issue reported by customer.,2025-12-12 08:00:00,2025-12-14 08:00:00,InProgress,Team C,
11496,1929,SIM,Replacement Request,Replacement Request issue reported by customer.,2025-08-26 18:00:00,2025-08-29 18:00:00,Open,Billing Desk,
11497,2567,SIM,SIM Not Working,SIM Not Working issue reported by customer.,2026-07-15 00:00:00,2026-07-16 00:00:00,Closed,,Resolved after investigation.
11498,1797,Recharge,Amount Deducted,Amount Deducted issue reported by customer.,2025-11-30 04:00:00,2025-12-03 04:00:00,Closed,,Resolved after investigation.
11499,1818,Billing,Late Fee Dispute,Late Fee Dispute issue reported by customer.,2025-11-06 19:00:00,2025-11-07 19:00:00,InProgress,KYC Cell,
11500,2384,Billing,GST Query,GST Query issue reported by customer.,2025-11-08 11:00:00,2025-11-09 11:00:00,Closed,Team B,Resolved after investigation.
11501,2372,Roaming,Billing Query,Billing Query issue reported by customer.,2025-12-13 13:00:00,2025-12-15 13:00:00,Closed,Team C,Resolved after investigation.
11502,2657,KYC,Document Rejected,,2026-04-28 11:00:00,2026-04-30 11:00:00,Open,,
11503,2429,Recharge,Amount Deducted,Amount Deducted issue reported by customer.,2026-02-03 15:00:00,2026-02-05 15:00:00,Closed,Team B,Resolved after investigation.
11504,1471,Roaming,Billing Query,Billing Query issue reported by customer.,2026-05-08 05:00:00,2026-05-10 05:00:00,Closed,Team C,Resolved after investigation.
11505,2216,Roaming,Activation Issue,Activation Issue issue reported by customer.,2026-01-17 18:00:00,2026-01-18 18:00:00,Open,,
11506,1559,Network,Slow Data,Slow Data issue reported by customer.,2025-11-08 23:00:00,2025-11-11 23:00:00,InProgress,Billing Desk,
11507,2770,Network,,Network issue reported by customer.,2025-12-24 17:00:00,2025-12-25 17:00:00,Closed,Team B,Resolved after investigation.
11508,1905,SIM,Activation Delay,Activation Delay issue reported by customer.,2026-03-09 22:00:00,2026-03-11 22:00:00,Closed,,Resolved after investigation.
11509,1163,Recharge,Amount Deducted,Amount Deducted issue reported by customer.,2026-01-13 19:00:00,2026-01-15 19:00:00,Open,KYC Cell,
11510,2744,Roaming,,Roaming issue reported by customer.,2025-12-10 18:00:00,2025-12-12 18:00:00,Closed,KYC Cell,Resolved after investigation.
11511,1962,Network,,Network issue reported by customer.,2026-05-03 00:00:00,2026-05-05 00:00:00,Closed,Network Ops,Resolved after investigation.
11512,1611,Recharge,Recharge Failed,Recharge Failed issue reported by customer.,2026-04-26 05:00:00,2026-04-28 05:00:00,Open,Team A,
11513,1840,SIM,Replacement Request,Replacement Request issue reported by customer.,2026-01-13 15:00:00,2026-01-15 15:00:00,Open,Network Ops,
11514,1506,KYC,Document Rejected,Document Rejected issue reported by customer.,2025-08-31 23:00:00,2025-09-03 23:00:00,Closed,Team C,Resolved after investigation.
11515,2626,Network,Slow Data,Slow Data issue reported by customer.,2026-05-20 19:00:00,2026-05-23 19:00:00,Closed,,Resolved after investigation.
11516,2596,Billing,High Bill,High Bill issue reported by customer.,2025-11-14 03:00:00,2025-11-17 03:00:00,Closed,Team B,Resolved after investigation.
11517,2729,SIM,SIM Not Working,SIM Not Working issue reported by customer.,2025-11-26 12:00:00,2025-11-29 12:00:00,Closed,Network Ops,
11518,1838,Network,Slow Data,Slow Data issue reported by customer.,2025-11-06 06:00:00,2025-11-08 06:00:00,Closed,,Resolved after investigation.
11519,1019,KYC,Document Rejected,Document Rejected issue reported by customer.,2025-12-24 18:00:00,2025-12-25 18:00:00,InProgress,Billing Desk,
11520,2101,Network,Slow Data,Slow Data issue reported by customer.,2026-06-25 01:00:00,2026-06-27 01:00:00,InProgress,Network Ops,
11521,1536,SIM,SIM Not Working,SIM Not Working issue reported by customer.,2026-07-05 13:00:00,2026-07-07 13:00:00,Closed,Network Ops,Resolved after investigation.
11522,2805,Recharge,Amount Deducted,,2025-11-09 07:00:00,2025-11-11 07:00:00,Closed,Network Ops,Resolved after investigation.
11523,2539,Billing,High Bill,,2026-02-28 08:00:00,2026-03-03 08:00:00,InProgress,KYC Cell,
11524,1049,Recharge,Amount Deducted,Amount Deducted issue reported by customer.,2025-12-06 10:00:00,2025-12-08 10:00:00,Closed,Team C,Resolved after investigation.
11525,2301,SIM,SIM Not Working,SIM Not Working issue reported by customer.,2025-09-04 20:00:00,2025-09-05 20:00:00,Closed,Team A,Resolved after investigation.
11526,1126,Network,Slow Data,Slow Data issue reported by customer.,2026-02-14 19:00:00,2026-02-16 19:00:00,Open,Network Ops,
11527,1417,SIM,Replacement Request,Replacement Request issue reported by customer.,2026-05-25 10:00:00,2026-05-28 10:00:00,Closed,,Resolved after investigation.
11528,2750,Network,Call Drop,Call Drop issue reported by customer.,2025-10-23 12:00:00,2025-10-26 12:00:00,Closed,Team B,
11529,2573,Recharge,Amount Deducted,Amount Deducted issue reported by customer.,2025-08-26 05:00:00,2025-08-28 05:00:00,Closed,Network Ops,Resolved after investigation.
11530,1031,Billing,High Bill,High Bill issue reported by customer.,2026-06-04 12:00:00,2026-06-06 12:00:00,Closed,Network Ops,Resolved after investigation.
11531,1726,Billing,Late Fee Dispute,Late Fee Dispute issue reported by customer.,2026-05-09 19:00:00,2026-05-12 19:00:00,Closed,,Resolved after investigation.
11532,1559,KYC,Document Rejected,Document Rejected issue reported by customer.,2026-06-08 16:00:00,2026-06-09 16:00:00,Closed,,Resolved after investigation.
11533,1034,KYC,Document Rejected,Document Rejected issue reported by customer.,2026-04-08 02:00:00,2026-04-11 02:00:00,Closed,Billing Desk,Resolved after investigation.
11534,1478,Billing,High Bill,High Bill issue reported by customer.,2026-07-09 03:00:00,2026-07-11 03:00:00,Open,Billing Desk,
11535,1040,SIM,Activation Delay,Activation Delay issue reported by customer.,2026-07-18 16:00:00,2026-07-19 16:00:00,Closed,Team B,Resolved after investigation.
11536,1817,Billing,GST Query,GST Query issue reported by customer.,2025-10-08 06:00:00,2025-10-09 06:00:00,Open,Billing Desk,
11537,1394,SIM,Activation Delay,Activation Delay issue reported by customer.,2025-10-10 21:00:00,2025-10-11 21:00:00,Closed,Billing Desk,
11538,2496,KYC,Document Rejected,Document Rejected issue reported by customer.,2026-03-24 18:00:00,2026-03-27 18:00:00,Closed,Team B,Resolved after investigation.
11539,2096,KYC,Document Rejected,Document Rejected issue reported by customer.,2026-02-21 03:00:00,2026-02-22 03:00:00,Closed,Billing Desk,Resolved after investigation.
11540,1169,SIM,SIM Not Working,SIM Not Working issue reported by customer.,2026-04-07 23:00:00,2026-04-08 23:00:00,InProgress,Billing Desk,
11541,2194,Recharge,Amount Deducted,Amount Deducted issue reported by customer.,2026-05-30 22:00:00,2026-06-02 22:00:00,Closed,,Resolved after investigation.
11542,1751,Billing,GST Query,,2026-04-03 14:00:00,2026-04-06 14:00:00,Closed,,Resolved after investigation.
11543,2030,Network,No Signal,No Signal issue reported by customer.,2025-11-03 21:00:00,2025-11-06 21:00:00,Open,KYC Cell,
11544,1789,Roaming,Activation Issue,Activation Issue issue reported by customer.,2026-05-03 04:00:00,2026-05-06 04:00:00,InProgress,Billing Desk,
11545,1082,Roaming,Billing Query,Billing Query issue reported by customer.,2026-06-08 23:00:00,2026-06-10 23:00:00,InProgress,Billing Desk,
11546,1645,SIM,Activation Delay,Activation Delay issue reported by customer.,2026-03-15 13:00:00,2026-03-18 13:00:00,Closed,Team C,Resolved after investigation.
11547,1816,SIM,Activation Delay,Activation Delay issue reported by customer.,2026-05-20 21:00:00,2026-05-23 21:00:00,InProgress,KYC Cell,
11548,2642,Network,Slow Data,Slow Data issue reported by customer.,2025-08-09 13:00:00,2025-08-11 13:00:00,Closed,Team A,Resolved after investigation.
11549,1829,Roaming,Billing Query,Billing Query issue reported by customer.,2025-10-26 23:00:00,2025-10-27 23:00:00,Open,Team A,
11550,1944,KYC,Document Rejected,Document Rejected issue reported by customer.,2025-11-01 11:00:00,2025-11-02 11:00:00,Closed,KYC Cell,Resolved after investigation.
11551,1753,Network,No Signal,No Signal issue reported by customer.,2026-05-29 01:00:00,2026-05-30 01:00:00,Closed,,Resolved after investigation.
11552,1247,Roaming,Activation Issue,Activation Issue issue reported by customer.,2026-04-10 18:00:00,2026-04-12 18:00:00,Closed,,Resolved after investigation.
11553,1494,Roaming,Billing Query,Billing Query issue reported by customer.,2025-09-04 05:00:00,2025-09-05 05:00:00,InProgress,Team C,
11554,1858,KYC,Document Rejected,Document Rejected issue reported by customer.,2026-07-19 21:00:00,2026-07-21 21:00:00,Closed,Team A,
11555,1166,Recharge,Recharge Failed,Recharge Failed issue reported by customer.,2025-08-27 00:00:00,2025-08-28 00:00:00,Open,Team A,
11556,2055,KYC,Document Rejected,Document Rejected issue reported by customer.,2026-07-06 12:00:00,2026-07-07 12:00:00,Closed,Network Ops,Resolved after investigation.
11557,2128,Recharge,Amount Deducted,Amount Deducted issue reported by customer.,2026-07-09 17:00:00,2026-07-12 17:00:00,Closed,Network Ops,Resolved after investigation.
11558,1525,Billing,Late Fee Dispute,Late Fee Dispute issue reported by customer.,2025-09-12 12:00:00,2025-09-15 12:00:00,Open,Team B,
11559,1152,KYC,Document Rejected,Document Rejected issue reported by customer.,2026-04-20 00:00:00,2026-04-23 00:00:00,Open,Team A,
11560,1526,Recharge,Recharge Failed,Recharge Failed issue reported by customer.,2026-08-05 12:00:00,2026-08-07 12:00:00,InProgress,Team C,
11561,2177,Billing,Late Fee Dispute,Late Fee Dispute issue reported by customer.,2026-07-29 00:00:00,2026-08-01 00:00:00,Open,Team B,
11562,2622,KYC,Document Rejected,Document Rejected issue reported by customer.,2026-01-18 16:00:00,2026-01-21 16:00:00,InProgress,Team C,
11563,2346,Roaming,Activation Issue,Activation Issue issue reported by customer.,2026-03-28 09:00:00,2026-03-30 09:00:00,Closed,Team A,Resolved after investigation.
11564,2146,Roaming,Activation Issue,Activation Issue issue reported by customer.,2026-01-03 20:00:00,2026-01-06 20:00:00,Closed,Network Ops,Resolved after investigation.
11565,2773,Recharge,Amount Deducted,Amount Deducted issue reported by customer.,2026-03-17 19:00:00,2026-03-19 19:00:00,Closed,Team B,Resolved after investigation.
11566,1838,KYC,Verification Pending,Verification Pending issue reported by customer.,2025-10-04 03:00:00,2025-10-06 03:00:00,InProgress,Network Ops,
11567,2443,Billing,GST Query,GST Query issue reported by customer.,2026-06-16 16:00:00,2026-06-18 16:00:00,Open,,
11568,1462,Network,Call Drop,,2026-02-16 00:00:00,2026-02-18 00:00:00,Closed,Billing Desk,Resolved after investigation.
11569,1500,Recharge,Recharge Failed,Recharge Failed issue reported by customer.,2025-11-09 12:00:00,2025-11-12 12:00:00,Closed,Network Ops,
11570,1340,Roaming,Billing Query,Billing Query issue reported by customer.,2026-06-01 13:00:00,2026-06-03 13:00:00,Closed,Team C,Resolved after investigation.
11571,1608,Billing,High Bill,High Bill issue reported by customer.,2026-04-19 06:00:00,2026-04-20 06:00:00,Closed,KYC Cell,Resolved after investigation.
11572,2307,Roaming,Billing Query,Billing Query issue reported by customer.,2026-07-29 03:00:00,2026-07-31 03:00:00,Closed,Team A,Resolved after investigation.
11573,1855,Billing,High Bill,,2025-12-03 07:00:00,2025-12-06 07:00:00,Open,Team A,
11574,2706,Roaming,Billing Query,Billing Query issue reported by customer.,2026-07-10 12:00:00,2026-07-12 12:00:00,Closed,Network Ops,Resolved after investigation.
11575,1739,Billing,GST Query,GST Query issue reported by customer.,2026-07-03 21:00:00,2026-07-04 21:00:00,Closed,Network Ops,Resolved after investigation.
11576,1031,SIM,Activation Delay,Activation Delay issue reported by customer.,2026-01-01 11:00:00,2026-01-02 11:00:00,Closed,Network Ops,Resolved after investigation.
11577,2447,KYC,Document Rejected,Document Rejected issue reported by customer.,2025-11-03 22:00:00,2025-11-04 22:00:00,Closed,Team C,Resolved after investigation.
11578,2508,KYC,Verification Pending,Verification Pending issue reported by customer.,2025-12-01 23:00:00,2025-12-02 23:00:00,Closed,KYC Cell,
11579,2709,Network,No Signal,No Signal issue reported by customer.,2025-09-03 00:00:00,2025-09-05 00:00:00,Closed,Team B,
11580,2353,Billing,GST Query,GST Query issue reported by customer.,2026-05-15 13:00:00,2026-05-18 13:00:00,Open,Team A,
11581,2047,SIM,,SIM issue reported by customer.,2026-01-02 02:00:00,2026-01-05 02:00:00,Open,KYC Cell,
11582,1349,Recharge,Recharge Failed,Recharge Failed issue reported by customer.,2026-03-05 19:00:00,2026-03-06 19:00:00,Closed,KYC Cell,Resolved after investigation.
11583,2095,Recharge,Amount Deducted,,2026-02-15 19:00:00,2026-02-17 19:00:00,Closed,Team C,Resolved after investigation.
11584,2675,KYC,Document Rejected,Document Rejected issue reported by customer.,2026-01-08 00:00:00,2026-01-11 00:00:00,Closed,Team B,Resolved after investigation.
11585,1867,SIM,Activation Delay,Activation Delay issue reported by customer.,2026-05-29 21:00:00,2026-05-30 21:00:00,Closed,KYC Cell,Resolved after investigation.
11586,1727,Network,No Signal,No Signal issue reported by customer.,2026-02-06 21:00:00,2026-02-07 21:00:00,InProgress,Team B,
11587,2115,SIM,SIM Not Working,SIM Not Working issue reported by customer.,2025-10-19 22:00:00,2025-10-22 22:00:00,Closed,Team A,Resolved after investigation.
11588,2168,Recharge,Recharge Failed,Recharge Failed issue reported by customer.,2025-10-27 09:00:00,2025-10-28 09:00:00,Closed,Team C,Resolved after investigation.
11589,1271,Recharge,Amount Deducted,Amount Deducted issue reported by customer.,2025-11-21 23:00:00,2025-11-24 23:00:00,InProgress,Network Ops,
11590,2163,SIM,Activation Delay,Activation Delay issue reported by customer.,2026-06-03 22:00:00,2026-06-05 22:00:00,InProgress,Team C,
11591,2551,Billing,Late Fee Dispute,Late Fee Dispute issue reported by customer.,2025-09-10 14:00:00,2025-09-13 14:00:00,Closed,KYC Cell,Resolved after investigation.
11592,2606,Network,Call Drop,Call Drop issue reported by customer.,2025-10-14 21:00:00,2025-10-15 21:00:00,Closed,KYC Cell,Resolved after investigation.
11593,2470,SIM,SIM Not Working,,2026-06-14 19:00:00,2026-06-15 19:00:00,Open,Network Ops,
11594,2167,Billing,Late Fee Dispute,Late Fee Dispute issue reported by customer.,2026-02-25 01:00:00,2026-02-27 01:00:00,Closed,Billing Desk,Resolved after investigation.
11595,1638,Roaming,Billing Query,Billing Query issue reported by customer.,2025-12-06 15:00:00,2025-12-08 15:00:00,Closed,Team A,Resolved after investigation.
11596,2576,Network,Slow Data,,2025-08-17 01:00:00,2025-08-19 01:00:00,Open,Network Ops,
11597,2758,KYC,Verification Pending,Verification Pending issue reported by customer.,2026-05-04 14:00:00,2026-05-05 14:00:00,Closed,KYC Cell,Resolved after investigation.
11598,1954,Recharge,Recharge Failed,,2025-10-20 09:00:00,2025-10-23 09:00:00,InProgress,KYC Cell,
11599,2789,SIM,SIM Not Working,SIM Not Working issue reported by customer.,2026-03-20 04:00:00,2026-03-22 04:00:00,InProgress,Team B,
11600,2115,SIM,Activation Delay,Activation Delay issue reported by customer.,2026-05-10 19:00:00,2026-05-12 19:00:00,Open,,
11601,1034,KYC,Document Rejected,Document Rejected issue reported by customer.,2026-03-23 22:00:00,2026-03-24 22:00:00,Open,Team B,
11602,1189,Billing,Late Fee Dispute,Late Fee Dispute issue reported by customer.,2026-02-22 20:00:00,2026-02-23 20:00:00,InProgress,Network Ops,
11603,1403,Recharge,Amount Deducted,Amount Deducted issue reported by customer.,2026-04-08 15:00:00,2026-04-11 15:00:00,Closed,Team C,Resolved after investigation.
11604,2761,KYC,Verification Pending,Verification Pending issue reported by customer.,2026-01-16 19:00:00,2026-01-18 19:00:00,Closed,,Resolved after investigation.
11605,1338,Roaming,Activation Issue,,2026-04-07 23:00:00,2026-04-10 23:00:00,Open,Network Ops,
11606,2476,Roaming,Billing Query,Billing Query issue reported by customer.,2026-07-10 09:00:00,2026-07-13 09:00:00,InProgress,Team B,
11607,2778,Network,No Signal,,2025-09-12 12:00:00,2025-09-13 12:00:00,Closed,KYC Cell,Resolved after investigation.
11608,1823,SIM,Activation Delay,Activation Delay issue reported by customer.,2025-09-27 19:00:00,2025-09-28 19:00:00,InProgress,Network Ops,
11609,1678,SIM,SIM Not Working,SIM Not Working issue reported by customer.,2026-03-06 02:00:00,2026-03-07 02:00:00,Open,Team B,
11610,1375,Recharge,Amount Deducted,Amount Deducted issue reported by customer.,2026-02-02 21:00:00,2026-02-04 21:00:00,Closed,Team B,Resolved after investigation.
11611,1875,Recharge,Recharge Failed,Recharge Failed issue reported by customer.,2025-09-24 14:00:00,2025-09-26 14:00:00,Open,KYC Cell,
11612,2124,Recharge,Recharge Failed,Recharge Failed issue reported by customer.,2026-08-06 04:00:00,2026-08-08 04:00:00,InProgress,Billing Desk,
11613,1735,KYC,Verification Pending,Verification Pending issue reported by customer.,2026-01-14 22:00:00,2026-01-16 22:00:00,Open,Team A,
11614,1459,SIM,,SIM issue reported by customer.,2026-07-09 23:00:00,2026-07-12 23:00:00,Closed,Network Ops,Resolved after investigation.
11615,1660,Roaming,Activation Issue,Activation Issue issue reported by customer.,2025-12-08 09:00:00,2025-12-11 09:00:00,Closed,Team B,Resolved after investigation.
11616,2468,KYC,Document Rejected,Document Rejected issue reported by customer.,2025-10-15 08:00:00,2025-10-16 08:00:00,InProgress,Team C,
11617,1983,Roaming,Activation Issue,Activation Issue issue reported by customer.,2025-10-09 15:00:00,2025-10-11 15:00:00,InProgress,Network Ops,
11618,2764,KYC,Document Rejected,Document Rejected issue reported by customer.,2026-06-28 12:00:00,2026-07-01 12:00:00,Closed,KYC Cell,Resolved after investigation.
11619,1683,SIM,Replacement Request,Replacement Request issue reported by customer.,2025-09-11 16:00:00,2025-09-14 16:00:00,Open,Team C,
11620,1446,Roaming,Activation Issue,Activation Issue issue reported by customer.,2026-02-26 05:00:00,2026-03-01 05:00:00,Open,Team C,
11621,2455,Network,Slow Data,Slow Data issue reported by customer.,2025-12-17 18:00:00,2025-12-20 18:00:00,Open,KYC Cell,
11622,1123,Billing,GST Query,GST Query issue reported by customer.,2026-04-16 00:00:00,2026-04-19 00:00:00,InProgress,Team A,
11623,1499,Recharge,Recharge Failed,,2026-08-06 21:00:00,2026-08-08 21:00:00,Closed,KYC Cell,
11624,2543,KYC,Verification Pending,Verification Pending issue reported by customer.,2026-06-29 19:00:00,2026-06-30 19:00:00,Open,Team C,
11625,1444,Billing,High Bill,High Bill issue reported by customer.,2026-05-09 19:00:00,2026-05-11 19:00:00,Closed,Billing Desk,Resolved after investigation.
11626,1718,KYC,Document Rejected,Document Rejected issue reported by customer.,2026-06-04 12:00:00,2026-06-05 12:00:00,Closed,,Resolved after investigation.
11627,1763,Recharge,Recharge Failed,,2025-11-17 19:00:00,2025-11-19 19:00:00,InProgress,Team B,
11628,2456,Recharge,Amount Deducted,Amount Deducted issue reported by customer.,2026-03-17 18:00:00,2026-03-20 18:00:00,Closed,Team B,Resolved after investigation.
11629,2299,Network,Call Drop,Call Drop issue reported by customer.,2025-11-23 20:00:00,2025-11-25 20:00:00,Closed,Billing Desk,Resolved after investigation.
11630,2190,KYC,Verification Pending,Verification Pending issue reported by customer.,2026-05-09 17:00:00,2026-05-10 17:00:00,Closed,Team B,Resolved after investigation.
11631,2007,Network,No Signal,No Signal issue reported by customer.,2026-01-01 13:00:00,2026-01-03 13:00:00,Closed,Team A,Resolved after investigation.
11632,1455,Recharge,Recharge Failed,Recharge Failed issue reported by customer.,2026-04-16 03:00:00,2026-04-18 03:00:00,Closed,KYC Cell,Resolved after investigation.
11633,2140,Roaming,Billing Query,Billing Query issue reported by customer.,2026-05-19 17:00:00,2026-05-20 17:00:00,Closed,KYC Cell,Resolved after investigation.
11634,1819,Network,,Network issue reported by customer.,2025-10-23 01:00:00,2025-10-24 01:00:00,InProgress,Network Ops,
11635,2707,Roaming,Activation Issue,Activation Issue issue reported by customer.,2025-09-29 06:00:00,2025-10-01 06:00:00,Closed,Team A,
11636,1014,Recharge,Amount Deducted,Amount Deducted issue reported by customer.,2026-06-12 17:00:00,2026-06-15 17:00:00,Closed,Network Ops,Resolved after investigation.
11637,1538,Billing,Late Fee Dispute,Late Fee Dispute issue reported by customer.,2025-10-25 07:00:00,2025-10-27 07:00:00,Open,Team B,
11638,1479,Billing,Late Fee Dispute,Late Fee Dispute issue reported by customer.,2025-08-12 18:00:00,2025-08-13 18:00:00,Closed,Team B,Resolved after investigation.
11639,2543,KYC,Document Rejected,Document Rejected issue reported by customer.,2025-11-29 12:00:00,2025-12-01 12:00:00,Open,Team A,
11640,2532,Network,No Signal,No Signal issue reported by customer.,2025-08-28 06:00:00,2025-08-29 06:00:00,Closed,,Resolved after investigation.
11641,1794,Recharge,Amount Deducted,Amount Deducted issue reported by customer.,2026-03-26 23:00:00,2026-03-29 23:00:00,InProgress,KYC Cell,
11642,2085,KYC,Verification Pending,Verification Pending issue reported by customer.,2026-08-05 02:00:00,2026-08-06 02:00:00,Open,Network Ops,
11643,1002,Recharge,Amount Deducted,Amount Deducted issue reported by customer.,2026-01-09 05:00:00,2026-01-12 05:00:00,Closed,Network Ops,Resolved after investigation.
11644,2480,KYC,Verification Pending,Verification Pending issue reported by customer.,2026-02-03 16:00:00,2026-02-04 16:00:00,Closed,Network Ops,Resolved after investigation.
11645,2451,Network,Slow Data,Slow Data issue reported by customer.,2025-10-17 10:00:00,2025-10-19 10:00:00,InProgress,Team C,
11646,2753,Roaming,Activation Issue,Activation Issue issue reported by customer.,2025-09-04 11:00:00,2025-09-07 11:00:00,Open,Team C,
11647,2779,KYC,Document Rejected,Document Rejected issue reported by customer.,2026-04-27 03:00:00,2026-04-29 03:00:00,Closed,Billing Desk,
11648,1256,Billing,GST Query,GST Query issue reported by customer.,2026-04-09 04:00:00,2026-04-10 04:00:00,InProgress,KYC Cell,
11649,1868,Roaming,Activation Issue,Activation Issue issue reported by customer.,2025-09-03 06:00:00,2025-09-04 06:00:00,InProgress,Team C,
11650,1052,Roaming,Billing Query,Billing Query issue reported by customer.,2025-12-23 12:00:00,2025-12-25 12:00:00,Closed,,Resolved after investigation.
11651,2131,Network,Slow Data,Slow Data issue reported by customer.,2026-03-03 15:00:00,2026-03-05 15:00:00,Open,KYC Cell,
11652,2801,Roaming,Billing Query,Billing Query issue reported by customer.,2026-04-25 23:00:00,2026-04-26 23:00:00,Closed,Billing Desk,Resolved after investigation.
11653,1021,KYC,Verification Pending,Verification Pending issue reported by customer.,2025-12-26 00:00:00,2025-12-27 00:00:00,Closed,Team C,Resolved after investigation.
11654,1766,SIM,SIM Not Working,SIM Not Working issue reported by customer.,2025-11-15 11:00:00,2025-11-17 11:00:00,Closed,Team B,Resolved after investigation.
11655,2281,SIM,Replacement Request,Replacement Request issue reported by customer.,2025-12-19 23:00:00,2025-12-21 23:00:00,Closed,Billing Desk,
11656,1719,KYC,Document Rejected,Document Rejected issue reported by customer.,2026-02-19 06:00:00,2026-02-21 06:00:00,Closed,Billing Desk,Resolved after investigation.
11657,2262,Recharge,Recharge Failed,Recharge Failed issue reported by customer.,2026-01-17 12:00:00,2026-01-19 12:00:00,InProgress,,
11658,2763,Roaming,Billing Query,Billing Query issue reported by customer.,2026-05-21 08:00:00,2026-05-24 08:00:00,Closed,Team B,Resolved after investigation.
11659,2714,KYC,,KYC issue reported by customer.,2025-11-15 14:00:00,2025-11-17 14:00:00,Closed,Team B,Resolved after investigation.
11660,2488,KYC,Document Rejected,Document Rejected issue reported by customer.,2026-03-11 12:00:00,2026-03-13 12:00:00,Closed,Team A,Resolved after investigation.
11661,2653,KYC,Verification Pending,Verification Pending issue reported by customer.,2026-05-20 04:00:00,2026-05-21 04:00:00,Open,Team A,
11662,1066,Billing,GST Query,GST Query issue reported by customer.,2026-05-14 02:00:00,2026-05-15 02:00:00,Closed,Team B,Resolved after investigation.
11663,2125,Roaming,Activation Issue,Activation Issue issue reported by customer.,2026-02-07 16:00:00,2026-02-10 16:00:00,Closed,,Resolved after investigation.
11664,1841,Billing,High Bill,High Bill issue reported by customer.,2025-11-30 09:00:00,2025-12-01 09:00:00,Closed,Team A,Resolved after investigation.
11665,2712,KYC,Document Rejected,Document Rejected issue reported by customer.,2025-09-06 16:00:00,2025-09-08 16:00:00,Closed,,Resolved after investigation.
11666,1787,Recharge,Recharge Failed,Recharge Failed issue reported by customer.,2025-12-17 16:00:00,2025-12-20 16:00:00,Closed,Team A,Resolved after investigation.
11667,1353,SIM,Replacement Request,Replacement Request issue reported by customer.,2026-02-25 04:00:00,2026-02-28 04:00:00,Closed,Network Ops,Resolved after investigation.
11668,1421,SIM,Replacement Request,Replacement Request issue reported by customer.,2026-02-12 09:00:00,2026-02-13 09:00:00,Open,Network Ops,
11669,2449,Recharge,Recharge Failed,Recharge Failed issue reported by customer.,2026-03-14 03:00:00,2026-03-15 03:00:00,InProgress,Team B,
11670,2578,Recharge,Amount Deducted,Amount Deducted issue reported by customer.,2026-02-03 09:00:00,2026-02-05 09:00:00,Closed,Team A,Resolved after investigation.
11671,1182,SIM,Activation Delay,Activation Delay issue reported by customer.,2025-10-30 17:00:00,2025-10-31 17:00:00,Closed,Team A,Resolved after investigation.
11672,2105,SIM,Activation Delay,Activation Delay issue reported by customer.,2025-09-10 22:00:00,2025-09-11 22:00:00,Closed,,Resolved after investigation.
11673,2334,Recharge,Recharge Failed,Recharge Failed issue reported by customer.,2025-08-09 16:00:00,2025-08-11 16:00:00,Closed,KYC Cell,Resolved after investigation.
11674,2107,Billing,GST Query,GST Query issue reported by customer.,2026-05-02 21:00:00,2026-05-05 21:00:00,Open,Team C,
11675,2017,SIM,Activation Delay,,2026-03-26 18:00:00,2026-03-28 18:00:00,Closed,Team C,Resolved after investigation.
11676,1517,SIM,SIM Not Working,SIM Not Working issue reported by customer.,2026-07-01 02:00:00,2026-07-04 02:00:00,Open,KYC Cell,
11677,1086,SIM,Activation Delay,Activation Delay issue reported by customer.,2026-03-08 02:00:00,2026-03-10 02:00:00,Closed,Team B,Resolved after investigation.
11678,1906,Network,No Signal,No Signal issue reported by customer.,2026-07-25 10:00:00,2026-07-28 10:00:00,Closed,Team B,Resolved after investigation.
11679,2296,SIM,SIM Not Working,SIM Not Working issue reported by customer.,2025-09-20 02:00:00,2025-09-23 02:00:00,InProgress,Team B,
11680,2275,Network,Call Drop,Call Drop issue reported by customer.,2025-11-13 00:00:00,2025-11-14 00:00:00,Closed,Network Ops,Resolved after investigation.
11681,1740,Recharge,Recharge Failed,Recharge Failed issue reported by customer.,2026-03-01 14:00:00,2026-03-02 14:00:00,Closed,KYC Cell,Resolved after investigation.
11682,2469,Recharge,Recharge Failed,,2026-07-06 09:00:00,2026-07-09 09:00:00,Closed,Team B,Resolved after investigation.
11683,1427,Recharge,Recharge Failed,Recharge Failed issue reported by customer.,2025-10-26 20:00:00,2025-10-27 20:00:00,Open,Team B,
11684,1730,KYC,Verification Pending,Verification Pending issue reported by customer.,2025-10-08 18:00:00,2025-10-11 18:00:00,Closed,Team C,Resolved after investigation.
11685,1484,Network,Slow Data,Slow Data issue reported by customer.,2025-08-31 12:00:00,2025-09-02 12:00:00,InProgress,Network Ops,
11686,2094,Billing,High Bill,High Bill issue reported by customer.,2026-01-11 18:00:00,2026-01-12 18:00:00,Closed,Network Ops,Resolved after investigation.
11687,2551,Network,Slow Data,Slow Data issue reported by customer.,2025-11-11 11:00:00,2025-11-14 11:00:00,InProgress,KYC Cell,
11688,1591,Roaming,Billing Query,Billing Query issue reported by customer.,2026-06-25 10:00:00,2026-06-27 10:00:00,Closed,Team A,Resolved after investigation.
11689,1570,Roaming,Billing Query,Billing Query issue reported by customer.,2025-12-26 10:00:00,2025-12-28 10:00:00,Closed,,Resolved after investigation.
11690,2512,Roaming,,Roaming issue reported by customer.,2026-07-15 08:00:00,2026-07-18 08:00:00,InProgress,Team C,
11691,2389,Roaming,Billing Query,Billing Query issue reported by customer.,2026-01-14 19:00:00,2026-01-16 19:00:00,Closed,Network Ops,Resolved after investigation.
11692,1169,Roaming,Billing Query,,2025-10-22 12:00:00,2025-10-23 12:00:00,Closed,,Resolved after investigation.
11693,1737,KYC,Verification Pending,Verification Pending issue reported by customer.,2026-06-09 09:00:00,2026-06-10 09:00:00,Closed,Network Ops,Resolved after investigation.
11694,2361,Network,Slow Data,Slow Data issue reported by customer.,2025-10-02 11:00:00,2025-10-05 11:00:00,InProgress,Network Ops,
11695,1331,Recharge,Amount Deducted,Amount Deducted issue reported by customer.,2026-01-10 21:00:00,2026-01-13 21:00:00,Closed,Billing Desk,Resolved after investigation.
11696,1257,Network,,Network issue reported by customer.,2025-09-12 15:00:00,2025-09-14 15:00:00,InProgress,Network Ops,
11697,2773,Roaming,Billing Query,Billing Query issue reported by customer.,2026-06-15 19:00:00,2026-06-16 19:00:00,Closed,Network Ops,Resolved after investigation.
11698,2450,Roaming,Activation Issue,Activation Issue issue reported by customer.,2026-01-11 10:00:00,2026-01-13 10:00:00,Open,KYC Cell,
11699,2496,Billing,,,2026-03-20 17:00:00,2026-03-21 17:00:00,Closed,Billing Desk,Resolved after investigation.
11700,2265,KYC,Verification Pending,Verification Pending issue reported by customer.,2026-07-18 08:00:00,2026-07-21 08:00:00,Closed,Billing Desk,
11701,1433,Roaming,Billing Query,Billing Query issue reported by customer.,2025-12-16 04:00:00,2025-12-18 04:00:00,Closed,Network Ops,Resolved after investigation.
11702,2036,Billing,High Bill,High Bill issue reported by customer.,2026-06-16 02:00:00,2026-06-19 02:00:00,Open,Team B,
11703,1803,SIM,Replacement Request,,2026-05-26 06:00:00,2026-05-28 06:00:00,Closed,,Resolved after investigation.
11704,1823,KYC,Verification Pending,Verification Pending issue reported by customer.,2026-06-07 13:00:00,2026-06-10 13:00:00,Closed,Team B,Resolved after investigation.
11705,2727,Recharge,Amount Deducted,Amount Deducted issue reported by customer.,2026-02-11 08:00:00,2026-02-14 08:00:00,Open,KYC Cell,
11706,2355,Network,Slow Data,Slow Data issue reported by customer.,2026-03-15 16:00:00,2026-03-17 16:00:00,InProgress,KYC Cell,
11707,2239,SIM,SIM Not Working,SIM Not Working issue reported by customer.,2025-11-08 10:00:00,2025-11-09 10:00:00,InProgress,KYC Cell,
11708,1449,SIM,SIM Not Working,SIM Not Working issue reported by customer.,2025-09-26 19:00:00,2025-09-27 19:00:00,InProgress,Billing Desk,
11709,2337,Recharge,Amount Deducted,Amount Deducted issue reported by customer.,2026-06-05 18:00:00,2026-06-08 18:00:00,Open,KYC Cell,
11710,2608,Billing,Late Fee Dispute,Late Fee Dispute issue reported by customer.,2025-11-23 04:00:00,2025-11-26 04:00:00,InProgress,Team B,
11711,1188,Roaming,Activation Issue,Activation Issue issue reported by customer.,2026-04-24 16:00:00,2026-04-27 16:00:00,Open,Team C,
11712,1556,SIM,SIM Not Working,SIM Not Working issue reported by customer.,2026-04-01 17:00:00,2026-04-02 17:00:00,InProgress,Team C,
11713,1167,KYC,Document Rejected,Document Rejected issue reported by customer.,2025-12-16 20:00:00,2025-12-19 20:00:00,Open,Network Ops,
11714,2494,Billing,GST Query,GST Query issue reported by customer.,2026-01-16 21:00:00,2026-01-17 21:00:00,Open,KYC Cell,
11715,2397,KYC,Verification Pending,Verification Pending issue reported by customer.,2026-06-04 13:00:00,2026-06-07 13:00:00,Open,Network Ops,
11716,2070,KYC,Document Rejected,Document Rejected issue reported by customer.,2025-08-21 15:00:00,2025-08-23 15:00:00,Open,,
11717,2278,Billing,Late Fee Dispute,Late Fee Dispute issue reported by customer.,2025-08-09 13:00:00,2025-08-12 13:00:00,Closed,Team A,Resolved after investigation.
11718,1282,Network,No Signal,No Signal issue reported by customer.,2026-03-02 09:00:00,2026-03-05 09:00:00,Closed,Team C,Resolved after investigation.
11719,1390,Recharge,,Recharge issue reported by customer.,2025-12-18 21:00:00,2025-12-21 21:00:00,Closed,Team A,
11720,1470,Network,Slow Data,,2026-05-17 02:00:00,2026-05-20 02:00:00,Closed,KYC Cell,Resolved after investigation.
11721,2117,Roaming,Activation Issue,Activation Issue issue reported by customer.,2025-12-18 04:00:00,2025-12-21 04:00:00,Closed,Team B,Resolved after investigation.
11722,1480,Recharge,Amount Deducted,Amount Deducted issue reported by customer.,2026-05-14 16:00:00,2026-05-16 16:00:00,Closed,Team C,Resolved after investigation.
11723,1044,SIM,SIM Not Working,SIM Not Working issue reported by customer.,2026-03-29 21:00:00,2026-03-30 21:00:00,Closed,,Resolved after investigation.
11724,2120,Roaming,Activation Issue,Activation Issue issue reported by customer.,2026-07-30 22:00:00,2026-07-31 22:00:00,Closed,,Resolved after investigation.
11725,2670,KYC,Verification Pending,,2025-08-26 01:00:00,2025-08-28 01:00:00,Closed,Billing Desk,Resolved after investigation.
11726,1933,Roaming,Activation Issue,Activation Issue issue reported by customer.,2025-12-05 00:00:00,2025-12-08 00:00:00,Closed,Network Ops,Resolved after investigation.
11727,1786,Network,Slow Data,Slow Data issue reported by customer.,2026-07-02 10:00:00,2026-07-04 10:00:00,Open,KYC Cell,
11728,1981,Network,Slow Data,Slow Data issue reported by customer.,2026-05-10 14:00:00,2026-05-13 14:00:00,Closed,KYC Cell,Resolved after investigation.
11729,1633,SIM,Replacement Request,Replacement Request issue reported by customer.,2025-09-25 15:00:00,2025-09-27 15:00:00,Closed,KYC Cell,Resolved after investigation.
11730,1384,SIM,Activation Delay,Activation Delay issue reported by customer.,2026-07-31 08:00:00,2026-08-02 08:00:00,Closed,Network Ops,Resolved after investigation.
11731,1663,Roaming,,Roaming issue reported by customer.,2025-08-18 23:00:00,2025-08-19 23:00:00,Open,KYC Cell,
11732,1967,Network,No Signal,No Signal issue reported by customer.,2025-12-21 09:00:00,2025-12-24 09:00:00,Closed,Team A,Resolved after investigation.
11733,2322,KYC,Document Rejected,Document Rejected issue reported by customer.,2026-05-07 15:00:00,2026-05-09 15:00:00,Closed,Billing Desk,Resolved after investigation.
11734,2284,Network,No Signal,No Signal issue reported by customer.,2026-01-01 13:00:00,2026-01-03 13:00:00,InProgress,Team C,
11735,1518,Network,Call Drop,Call Drop issue reported by customer.,2025-12-02 02:00:00,2025-12-05 02:00:00,InProgress,Team A,
11736,1447,Billing,GST Query,GST Query issue reported by customer.,2026-01-16 09:00:00,2026-01-17 09:00:00,Closed,KYC Cell,Resolved after investigation.
11737,2481,Recharge,Amount Deducted,Amount Deducted issue reported by customer.,2026-05-08 01:00:00,2026-05-10 01:00:00,Closed,Network Ops,Resolved after investigation.
11738,2061,Roaming,Billing Query,Billing Query issue reported by customer.,2025-11-13 05:00:00,2025-11-16 05:00:00,Closed,,Resolved after investigation.
11739,2599,Billing,High Bill,High Bill issue reported by customer.,2025-10-05 07:00:00,2025-10-07 07:00:00,Closed,Team C,Resolved after investigation.
11740,2637,Billing,High Bill,High Bill issue reported by customer.,2026-02-10 12:00:00,2026-02-13 12:00:00,Closed,Team C,Resolved after investigation.
11741,2523,Recharge,Recharge Failed,Recharge Failed issue reported by customer.,2025-08-12 01:00:00,2025-08-14 01:00:00,InProgress,KYC Cell,
11742,2350,KYC,,KYC issue reported by customer.,2026-03-29 05:00:00,2026-03-30 05:00:00,InProgress,Billing Desk,
11743,2566,Billing,GST Query,GST Query issue reported by customer.,2026-04-25 20:00:00,2026-04-26 20:00:00,Closed,Team C,Resolved after investigation.
11744,1715,Recharge,Amount Deducted,Amount Deducted issue reported by customer.,2025-08-15 05:00:00,2025-08-17 05:00:00,Closed,KYC Cell,Resolved after investigation.
11745,1339,Recharge,Recharge Failed,Recharge Failed issue reported by customer.,2026-03-18 05:00:00,2026-03-21 05:00:00,InProgress,Team C,
11746,1873,SIM,Activation Delay,Activation Delay issue reported by customer.,2025-10-17 02:00:00,2025-10-19 02:00:00,InProgress,Network Ops,
11747,2596,SIM,Replacement Request,Replacement Request issue reported by customer.,2026-01-06 02:00:00,2026-01-08 02:00:00,Closed,Team A,
11748,1186,Network,Call Drop,Call Drop issue reported by customer.,2026-01-21 00:00:00,2026-01-24 00:00:00,Closed,Team A,Resolved after investigation.
11749,1364,Network,No Signal,No Signal issue reported by customer.,2025-10-11 13:00:00,2025-10-13 13:00:00,Closed,Team C,Resolved after investigation.
11750,1222,Billing,High Bill,High Bill issue reported by customer.,2026-02-04 15:00:00,2026-02-07 15:00:00,InProgress,,
11751,2121,KYC,Document Rejected,Document Rejected issue reported by customer.,2025-11-17 02:00:00,2025-11-18 02:00:00,InProgress,Team A,
11752,2632,KYC,,KYC issue reported by customer.,2026-07-31 14:00:00,2026-08-02 14:00:00,Open,Team A,
11753,2369,KYC,Verification Pending,Verification Pending issue reported by customer.,2026-06-16 02:00:00,2026-06-18 02:00:00,InProgress,Team B,
11754,1154,Recharge,Recharge Failed,Recharge Failed issue reported by customer.,2026-03-12 05:00:00,2026-03-15 05:00:00,Closed,Network Ops,Resolved after investigation.
11755,1371,SIM,Activation Delay,Activation Delay issue reported by customer.,2025-08-17 05:00:00,2025-08-20 05:00:00,Closed,Network Ops,
11756,1365,Recharge,Amount Deducted,Amount Deducted issue reported by customer.,2026-04-15 09:00:00,2026-04-18 09:00:00,Closed,Billing Desk,Resolved after investigation.
11757,1725,Roaming,Activation Issue,Activation Issue issue reported by customer.,2026-05-23 18:00:00,2026-05-25 18:00:00,Closed,Team C,Resolved after investigation.
11758,1312,Recharge,Amount Deducted,Amount Deducted issue reported by customer.,2026-02-13 08:00:00,2026-02-16 08:00:00,InProgress,KYC Cell,
11759,2301,SIM,,SIM issue reported by customer.,2026-06-20 08:00:00,2026-06-22 08:00:00,Closed,Network Ops,Resolved after investigation.
11760,1924,Network,Slow Data,,2026-02-21 06:00:00,2026-02-23 06:00:00,Closed,Team A,Resolved after investigation.
11761,2426,SIM,Replacement Request,Replacement Request issue reported by customer.,2026-07-17 04:00:00,2026-07-19 04:00:00,Closed,Team A,Resolved after investigation.
11762,1867,Billing,,,2026-02-17 04:00:00,2026-02-19 04:00:00,Open,Network Ops,
11763,2322,Recharge,Recharge Failed,Recharge Failed issue reported by customer.,2025-08-19 21:00:00,2025-08-21 21:00:00,InProgress,Team A,
11764,1953,Network,No Signal,No Signal issue reported by customer.,2026-07-15 16:00:00,2026-07-17 16:00:00,Open,Team A,
11765,2460,Network,Slow Data,Slow Data issue reported by customer.,2026-01-13 09:00:00,2026-01-14 09:00:00,Closed,KYC Cell,Resolved after investigation.
11766,1150,Network,Call Drop,,2026-04-01 16:00:00,2026-04-03 16:00:00,Open,Team B,
11767,2688,SIM,SIM Not Working,SIM Not Working issue reported by customer.,2026-04-09 06:00:00,2026-04-10 06:00:00,InProgress,Billing Desk,
11768,1158,Roaming,Billing Query,Billing Query issue reported by customer.,2025-08-26 19:00:00,2025-08-29 19:00:00,Closed,Team B,Resolved after investigation.
11769,1887,SIM,SIM Not Working,SIM Not Working issue reported by customer.,2026-06-11 09:00:00,2026-06-13 09:00:00,Open,Network Ops,
11770,2742,Billing,GST Query,GST Query issue reported by customer.,2025-09-14 07:00:00,2025-09-16 07:00:00,Open,Team B,
11771,1841,SIM,Activation Delay,Activation Delay issue reported by customer.,2026-07-17 21:00:00,2026-07-18 21:00:00,Closed,,Resolved after investigation.
11772,2484,Recharge,Recharge Failed,,2026-06-02 23:00:00,2026-06-03 23:00:00,InProgress,Team B,
11773,1927,SIM,SIM Not Working,SIM Not Working issue reported by customer.,2026-06-06 03:00:00,2026-06-08 03:00:00,Closed,Team A,
11774,1750,Roaming,Activation Issue,Activation Issue issue reported by customer.,2025-08-09 23:00:00,2025-08-12 23:00:00,Closed,Team B,Resolved after investigation.
11775,2766,KYC,Verification Pending,Verification Pending issue reported by customer.,2026-06-18 05:00:00,2026-06-20 05:00:00,Open,Network Ops,
11776,2234,Roaming,Activation Issue,Activation Issue issue reported by customer.,2025-09-19 03:00:00,2025-09-21 03:00:00,InProgress,Network Ops,
11777,2660,Billing,,,2026-01-03 18:00:00,2026-01-04 18:00:00,InProgress,Network Ops,
11778,1552,Roaming,Billing Query,,2026-01-28 19:00:00,2026-01-30 19:00:00,Closed,KYC Cell,
11779,1129,Billing,Late Fee Dispute,Late Fee Dispute issue reported by customer.,2025-12-26 16:00:00,2025-12-28 16:00:00,Closed,Team A,Resolved after investigation.
11780,2673,Billing,High Bill,High Bill issue reported by customer.,2025-12-21 03:00:00,2025-12-23 03:00:00,Closed,Team B,Resolved after investigation.
11781,1701,Roaming,Billing Query,Billing Query issue reported by customer.,2026-06-13 11:00:00,2026-06-15 11:00:00,Open,Team C,
11782,2516,KYC,Document Rejected,Document Rejected issue reported by customer.,2025-08-27 17:00:00,2025-08-29 17:00:00,InProgress,KYC Cell,
11783,1567,Billing,High Bill,High Bill issue reported by customer.,2026-03-26 05:00:00,2026-03-27 05:00:00,InProgress,KYC Cell,
11784,1410,KYC,,,2025-10-11 21:00:00,2025-10-13 21:00:00,InProgress,Team A,
11785,1511,Recharge,Recharge Failed,Recharge Failed issue reported by customer.,2025-12-08 23:00:00,2025-12-09 23:00:00,InProgress,Network Ops,
11786,2004,Billing,GST Query,GST Query issue reported by customer.,2026-02-07 08:00:00,2026-02-09 08:00:00,Closed,Billing Desk,Resolved after investigation.
11787,1436,SIM,Activation Delay,Activation Delay issue reported by customer.,2026-01-10 08:00:00,2026-01-12 08:00:00,Closed,KYC Cell,Resolved after investigation.
11788,1651,Billing,GST Query,GST Query issue reported by customer.,2026-02-19 03:00:00,2026-02-21 03:00:00,Closed,Billing Desk,Resolved after investigation.
11789,1462,Recharge,Recharge Failed,Recharge Failed issue reported by customer.,2026-06-28 15:00:00,2026-06-30 15:00:00,InProgress,Billing Desk,
11790,2406,Billing,Late Fee Dispute,Late Fee Dispute issue reported by customer.,2025-10-02 02:00:00,2025-10-03 02:00:00,Closed,KYC Cell,
11791,1776,Network,Call Drop,Call Drop issue reported by customer.,2026-08-06 04:00:00,2026-08-09 04:00:00,Open,Network Ops,
11792,1492,KYC,Verification Pending,Verification Pending issue reported by customer.,2026-02-11 16:00:00,2026-02-12 16:00:00,Open,Team A,
11793,1564,KYC,Document Rejected,Document Rejected issue reported by customer.,2026-02-21 19:00:00,2026-02-22 19:00:00,Closed,Team A,Resolved after investigation.
11794,1907,KYC,Verification Pending,Verification Pending issue reported by customer.,2026-06-22 01:00:00,2026-06-24 01:00:00,Open,Network Ops,
11795,2544,Roaming,Activation Issue,Activation Issue issue reported by customer.,2026-04-02 05:00:00,2026-04-03 05:00:00,Closed,Team A,Resolved after investigation.
11796,1320,Recharge,,Recharge issue reported by customer.,2026-04-15 07:00:00,2026-04-17 07:00:00,Closed,Billing Desk,Resolved after investigation.
11797,2517,Billing,Late Fee Dispute,Late Fee Dispute issue reported by customer.,2026-04-05 06:00:00,2026-04-07 06:00:00,Closed,KYC Cell,Resolved after investigation.
11798,2465,Billing,GST Query,GST Query issue reported by customer.,2026-02-25 15:00:00,2026-02-26 15:00:00,Closed,Billing Desk,Resolved after investigation.
11799,2221,Billing,Late Fee Dispute,Late Fee Dispute issue reported by customer.,2026-04-26 01:00:00,2026-04-29 01:00:00,Open,,
11800,2281,Billing,High Bill,High Bill issue reported by customer.,2026-07-16 15:00:00,2026-07-18 15:00:00,InProgress,Team A,
11801,2357,Billing,Late Fee Dispute,Late Fee Dispute issue reported by customer.,2026-07-10 10:00:00,2026-07-11 10:00:00,Closed,Team A,Resolved after investigation.
11802,1060,Network,No Signal,No Signal issue reported by customer.,2025-09-05 15:00:00,2025-09-07 15:00:00,Closed,Team B,Resolved after investigation.
11803,2123,Roaming,Billing Query,Billing Query issue reported by customer.,2026-07-30 19:00:00,2026-08-02 19:00:00,InProgress,Team C,
11804,1877,Roaming,Billing Query,Billing Query issue reported by customer.,2026-05-13 12:00:00,2026-05-14 12:00:00,Closed,Billing Desk,Resolved after investigation.
11805,1039,Recharge,Recharge Failed,Recharge Failed issue reported by customer.,2026-07-23 12:00:00,2026-07-24 12:00:00,InProgress,Team A,
11806,1209,Network,Call Drop,Call Drop issue reported by customer.,2025-11-08 03:00:00,2025-11-10 03:00:00,Closed,Billing Desk,Resolved after investigation.
11807,1167,SIM,Replacement Request,Replacement Request issue reported by customer.,2026-05-22 01:00:00,2026-05-24 01:00:00,Closed,KYC Cell,Resolved after investigation.
11808,1563,SIM,SIM Not Working,,2025-12-03 08:00:00,2025-12-04 08:00:00,Closed,Network Ops,
11809,1049,Roaming,Activation Issue,Activation Issue issue reported by customer.,2026-04-14 04:00:00,2026-04-17 04:00:00,InProgress,Team A,
11810,1746,SIM,,SIM issue reported by customer.,2026-02-16 04:00:00,2026-02-18 04:00:00,InProgress,Network Ops,
11811,2724,KYC,Document Rejected,Document Rejected issue reported by customer.,2026-07-18 03:00:00,2026-07-21 03:00:00,Closed,Team B,Resolved after investigation.
11812,1069,KYC,Document Rejected,Document Rejected issue reported by customer.,2026-05-31 09:00:00,2026-06-01 09:00:00,Closed,Team C,
11813,1775,Roaming,Activation Issue,,2025-08-26 07:00:00,2025-08-29 07:00:00,InProgress,Network Ops,
11814,2735,Billing,GST Query,GST Query issue reported by customer.,2026-05-06 10:00:00,2026-05-07 10:00:00,Closed,Team C,Resolved after investigation.
11815,1490,Recharge,Amount Deducted,Amount Deducted issue reported by customer.,2025-10-03 12:00:00,2025-10-06 12:00:00,Open,Team C,
11816,1404,KYC,Verification Pending,Verification Pending issue reported by customer.,2025-12-12 15:00:00,2025-12-14 15:00:00,Open,Team B,
11817,1819,Billing,High Bill,High Bill issue reported by customer.,2025-09-08 05:00:00,2025-09-09 05:00:00,Closed,Network Ops,Resolved after investigation.
11818,2471,SIM,SIM Not Working,SIM Not Working issue reported by customer.,2025-10-30 00:00:00,2025-11-02 00:00:00,Open,Team B,
11819,1416,Roaming,Billing Query,Billing Query issue reported by customer.,2026-01-10 01:00:00,2026-01-12 01:00:00,Closed,,
11820,1668,Recharge,Amount Deducted,Amount Deducted issue reported by customer.,2025-10-06 04:00:00,2025-10-09 04:00:00,InProgress,Team C,
11821,1948,Roaming,Billing Query,Billing Query issue reported by customer.,2026-04-21 21:00:00,2026-04-23 21:00:00,Closed,KYC Cell,Resolved after investigation.
11822,2480,Recharge,Amount Deducted,,2025-10-31 18:00:00,2025-11-01 18:00:00,Closed,Team C,Resolved after investigation.
11823,1192,KYC,Document Rejected,Document Rejected issue reported by customer.,2026-04-13 09:00:00,2026-04-14 09:00:00,Closed,Team C,Resolved after investigation.
11824,1759,KYC,Verification Pending,,2025-12-10 08:00:00,2025-12-12 08:00:00,InProgress,,
11825,2172,SIM,SIM Not Working,SIM Not Working issue reported by customer.,2026-05-19 16:00:00,2026-05-21 16:00:00,Open,Billing Desk,
11826,1312,Roaming,Billing Query,Billing Query issue reported by customer.,2026-06-02 18:00:00,2026-06-05 18:00:00,InProgress,,
11827,2175,Recharge,Amount Deducted,Amount Deducted issue reported by customer.,2025-11-27 19:00:00,2025-11-28 19:00:00,Closed,Network Ops,Resolved after investigation.
11828,1689,Recharge,,,2026-04-12 00:00:00,2026-04-15 00:00:00,Closed,Team B,Resolved after investigation.
11829,2066,Roaming,Activation Issue,Activation Issue issue reported by customer.,2026-05-28 00:00:00,2026-05-30 00:00:00,Closed,KYC Cell,Resolved after investigation.
11830,1851,Billing,GST Query,GST Query issue reported by customer.,2025-08-23 14:00:00,2025-08-25 14:00:00,Open,Team B,
11831,1402,Network,No Signal,No Signal issue reported by customer.,2025-10-13 00:00:00,2025-10-16 00:00:00,Closed,Billing Desk,Resolved after investigation.
11832,1759,Network,Call Drop,Call Drop issue reported by customer.,2026-03-19 00:00:00,2026-03-21 00:00:00,Closed,Network Ops,Resolved after investigation.
11833,1289,KYC,Document Rejected,Document Rejected issue reported by customer.,2026-01-04 02:00:00,2026-01-05 02:00:00,Closed,KYC Cell,Resolved after investigation.
11834,1694,Roaming,Activation Issue,Activation Issue issue reported by customer.,2025-08-15 04:00:00,2025-08-18 04:00:00,Open,Team B,
11835,1795,Recharge,Amount Deducted,Amount Deducted issue reported by customer.,2025-08-23 05:00:00,2025-08-24 05:00:00,Closed,Network Ops,Resolved after investigation.
11836,2004,Network,Call Drop,Call Drop issue reported by customer.,2026-02-17 15:00:00,2026-02-18 15:00:00,Open,Billing Desk,
11837,2401,Roaming,Activation Issue,Activation Issue issue reported by customer.,2025-10-27 11:00:00,2025-10-28 11:00:00,Closed,Team C,Resolved after investigation.
11838,1745,Roaming,Activation Issue,,2026-02-20 22:00:00,2026-02-23 22:00:00,InProgress,,
11839,1169,Recharge,Amount Deducted,Amount Deducted issue reported by customer.,2026-02-15 00:00:00,2026-02-16 00:00:00,Open,Billing Desk,
11840,1234,Network,Slow Data,Slow Data issue reported by customer.,2026-06-06 10:00:00,2026-06-08 10:00:00,Closed,Network Ops,Resolved after investigation.
11841,1894,Network,Slow Data,Slow Data issue reported by customer.,2025-11-08 03:00:00,2025-11-09 03:00:00,Closed,Billing Desk,Resolved after investigation.
11842,1983,Recharge,Recharge Failed,Recharge Failed issue reported by customer.,2026-03-07 19:00:00,2026-03-10 19:00:00,Closed,KYC Cell,Resolved after investigation.
11843,1185,Network,Call Drop,Call Drop issue reported by customer.,2026-06-13 07:00:00,2026-06-16 07:00:00,InProgress,,
11844,1525,SIM,SIM Not Working,SIM Not Working issue reported by customer.,2026-03-08 16:00:00,2026-03-10 16:00:00,Closed,Billing Desk,Resolved after investigation.
11845,2655,Network,Call Drop,Call Drop issue reported by customer.,2026-08-08 22:00:00,2026-08-10 22:00:00,InProgress,Network Ops,
11846,1994,KYC,Verification Pending,Verification Pending issue reported by customer.,2026-06-15 23:00:00,2026-06-16 23:00:00,InProgress,Team C,
11847,1670,Recharge,Recharge Failed,Recharge Failed issue reported by customer.,2025-08-26 11:00:00,2025-08-28 11:00:00,Closed,Team B,Resolved after investigation.
11848,1036,Network,,Network issue reported by customer.,2026-02-09 05:00:00,2026-02-11 05:00:00,Closed,Network Ops,Resolved after investigation.
11849,1550,Roaming,Billing Query,Billing Query issue reported by customer.,2026-02-04 01:00:00,2026-02-06 01:00:00,Closed,KYC Cell,Resolved after investigation.
11850,1766,KYC,Verification Pending,Verification Pending issue reported by customer.,2026-04-02 01:00:00,2026-04-04 01:00:00,Closed,Team A,
11851,2360,Roaming,Activation Issue,Activation Issue issue reported by customer.,2026-02-14 10:00:00,2026-02-16 10:00:00,InProgress,Team B,
11852,2054,Network,Slow Data,Slow Data issue reported by customer.,2025-11-14 00:00:00,2025-11-15 00:00:00,Closed,Team C,Resolved after investigation.
11853,2466,SIM,SIM Not Working,SIM Not Working issue reported by customer.,2026-03-03 06:00:00,2026-03-04 06:00:00,Closed,Team B,Resolved after investigation.
11854,2316,Roaming,Activation Issue,Activation Issue issue reported by customer.,2025-09-14 19:00:00,2025-09-17 19:00:00,Closed,,
11855,2468,Billing,High Bill,High Bill issue reported by customer.,2026-04-17 20:00:00,2026-04-18 20:00:00,InProgress,Billing Desk,
11856,1227,KYC,Document Rejected,Document Rejected issue reported by customer.,2026-06-14 23:00:00,2026-06-15 23:00:00,Closed,KYC Cell,Resolved after investigation.
11857,2305,Roaming,Activation Issue,Activation Issue issue reported by customer.,2026-04-03 03:00:00,2026-04-05 03:00:00,Closed,KYC Cell,Resolved after investigation.
11858,1486,Recharge,Recharge Failed,Recharge Failed issue reported by customer.,2025-11-13 07:00:00,2025-11-14 07:00:00,Open,KYC Cell,
11859,1581,Network,Call Drop,Call Drop issue reported by customer.,2026-02-28 07:00:00,2026-03-03 07:00:00,Closed,Team A,Resolved after investigation.
11860,2445,Billing,GST Query,GST Query issue reported by customer.,2026-05-26 15:00:00,2026-05-27 15:00:00,InProgress,KYC Cell,
11861,2234,KYC,Verification Pending,Verification Pending issue reported by customer.,2025-11-11 08:00:00,2025-11-14 08:00:00,Closed,KYC Cell,Resolved after investigation.
11862,1618,Billing,High Bill,High Bill issue reported by customer.,2025-12-04 15:00:00,2025-12-05 15:00:00,Closed,Team A,Resolved after investigation.
11863,1498,Recharge,Recharge Failed,Recharge Failed issue reported by customer.,2025-12-13 14:00:00,2025-12-14 14:00:00,InProgress,Team B,
11864,1985,Billing,High Bill,,2025-09-02 10:00:00,2025-09-05 10:00:00,Closed,Billing Desk,Resolved after investigation.
11865,2310,Roaming,Billing Query,Billing Query issue reported by customer.,2026-06-24 21:00:00,2026-06-26 21:00:00,Closed,Team A,Resolved after investigation.
11866,1325,SIM,Replacement Request,Replacement Request issue reported by customer.,2026-01-16 20:00:00,2026-01-18 20:00:00,Closed,Billing Desk,
11867,1080,KYC,Document Rejected,Document Rejected issue reported by customer.,2026-07-09 03:00:00,2026-07-10 03:00:00,Closed,Team C,Resolved after investigation.
11868,1601,Recharge,,Recharge issue reported by customer.,2026-02-01 12:00:00,2026-02-03 12:00:00,Closed,KYC Cell,Resolved after investigation.
11869,1535,Network,Call Drop,Call Drop issue reported by customer.,2025-11-23 07:00:00,2025-11-26 07:00:00,Open,KYC Cell,
11870,2683,SIM,Replacement Request,Replacement Request issue reported by customer.,2025-10-14 08:00:00,2025-10-17 08:00:00,Closed,,Resolved after investigation.
11871,1163,Recharge,Recharge Failed,Recharge Failed issue reported by customer.,2025-10-25 19:00:00,2025-10-26 19:00:00,Closed,KYC Cell,
11872,1565,Roaming,Activation Issue,Activation Issue issue reported by customer.,2026-04-21 02:00:00,2026-04-22 02:00:00,Closed,KYC Cell,Resolved after investigation.
11873,1450,KYC,,KYC issue reported by customer.,2025-10-26 22:00:00,2025-10-29 22:00:00,Open,,
11874,2462,KYC,Verification Pending,Verification Pending issue reported by customer.,2026-01-11 09:00:00,2026-01-13 09:00:00,Closed,Network Ops,Resolved after investigation.
11875,2088,Roaming,Billing Query,Billing Query issue reported by customer.,2026-02-19 10:00:00,2026-02-22 10:00:00,InProgress,Network Ops,
11876,2680,KYC,Document Rejected,Document Rejected issue reported by customer.,2026-06-04 22:00:00,2026-06-05 22:00:00,Open,Team B,
11877,1700,Billing,GST Query,GST Query issue reported by customer.,2026-03-05 08:00:00,2026-03-06 08:00:00,Open,Team A,
11878,1240,KYC,Document Rejected,,2025-09-25 06:00:00,2025-09-26 06:00:00,Open,Team A,
11879,2219,Billing,High Bill,High Bill issue reported by customer.,2025-11-24 09:00:00,2025-11-27 09:00:00,Closed,Team C,Resolved after investigation.
11880,2438,Recharge,Recharge Failed,Recharge Failed issue reported by customer.,2025-10-25 18:00:00,2025-10-28 18:00:00,Open,Team A,
11881,1956,Billing,,Billing issue reported by customer.,2025-09-22 04:00:00,2025-09-24 04:00:00,Closed,Team B,Resolved after investigation.
11882,2251,Recharge,Amount Deducted,Amount Deducted issue reported by customer.,2026-06-12 16:00:00,2026-06-15 16:00:00,Open,KYC Cell,
11883,2598,Network,No Signal,No Signal issue reported by customer.,2026-06-19 13:00:00,2026-06-22 13:00:00,Closed,Team C,Resolved after investigation.
11884,1088,KYC,Document Rejected,Document Rejected issue reported by customer.,2025-10-28 06:00:00,2025-10-31 06:00:00,InProgress,Team C,
11885,1022,Roaming,Billing Query,Billing Query issue reported by customer.,2026-01-05 09:00:00,2026-01-08 09:00:00,Open,Team C,
11886,2384,KYC,Document Rejected,Document Rejected issue reported by customer.,2026-02-06 17:00:00,2026-02-07 17:00:00,Open,Billing Desk,
11887,2686,Roaming,Activation Issue,Activation Issue issue reported by customer.,2026-03-16 01:00:00,2026-03-19 01:00:00,Open,Team A,
11888,1441,Recharge,Amount Deducted,Amount Deducted issue reported by customer.,2025-08-25 19:00:00,2025-08-27 19:00:00,InProgress,Billing Desk,
11889,1969,Network,Slow Data,Slow Data issue reported by customer.,2026-01-10 08:00:00,2026-01-11 08:00:00,InProgress,Network Ops,
11890,1506,Network,Slow Data,Slow Data issue reported by customer.,2025-11-02 22:00:00,2025-11-03 22:00:00,Closed,Billing Desk,Resolved after investigation.
11891,1812,Recharge,Amount Deducted,Amount Deducted issue reported by customer.,2025-12-10 19:00:00,2025-12-12 19:00:00,Closed,Team A,
11892,2538,KYC,Verification Pending,Verification Pending issue reported by customer.,2026-03-05 20:00:00,2026-03-08 20:00:00,Closed,Billing Desk,Resolved after investigation.
11893,2020,Roaming,,Roaming issue reported by customer.,2026-01-28 15:00:00,2026-01-30 15:00:00,InProgress,Billing Desk,
11894,1780,KYC,Document Rejected,Document Rejected issue reported by customer.,2025-12-21 17:00:00,2025-12-22 17:00:00,Open,Network Ops,
11895,2440,Billing,Late Fee Dispute,Late Fee Dispute issue reported by customer.,2026-05-29 12:00:00,2026-05-30 12:00:00,Open,Team B,
11896,1675,Billing,High Bill,High Bill issue reported by customer.,2026-01-15 03:00:00,2026-01-18 03:00:00,InProgress,Team C,
11897,2362,Roaming,Activation Issue,Activation Issue issue reported by customer.,2025-11-22 06:00:00,2025-11-25 06:00:00,InProgress,Team A,
11898,2673,Roaming,Activation Issue,Activation Issue issue reported by customer.,2025-09-17 17:00:00,2025-09-18 17:00:00,InProgress,Team C,
11899,1277,Network,Slow Data,Slow Data issue reported by customer.,2025-09-04 02:00:00,2025-09-06 02:00:00,Closed,Team A,
11900,2592,SIM,Activation Delay,Activation Delay issue reported by customer.,2025-09-29 03:00:00,2025-10-01 03:00:00,Closed,KYC Cell,Resolved after investigation.
11901,1978,Recharge,Amount Deducted,Amount Deducted issue reported by customer.,2026-07-23 07:00:00,2026-07-26 07:00:00,Closed,Team A,Resolved after investigation.
11902,2608,SIM,Replacement Request,Replacement Request issue reported by customer.,2026-02-10 07:00:00,2026-02-11 07:00:00,Closed,KYC Cell,
11903,1615,Recharge,Recharge Failed,Recharge Failed issue reported by customer.,2026-04-14 23:00:00,2026-04-15 23:00:00,Closed,Billing Desk,Resolved after investigation.
11904,2060,Roaming,Billing Query,Billing Query issue reported by customer.,2025-10-13 19:00:00,2025-10-15 19:00:00,Open,Network Ops,
11905,2281,Billing,GST Query,GST Query issue reported by customer.,2025-12-28 19:00:00,2025-12-31 19:00:00,Open,Network Ops,
11906,1564,Billing,High Bill,High Bill issue reported by customer.,2026-07-02 11:00:00,2026-07-03 11:00:00,Open,Team A,
11907,2036,Recharge,Recharge Failed,Recharge Failed issue reported by customer.,2026-01-13 19:00:00,2026-01-16 19:00:00,Closed,Team B,Resolved after investigation.
11908,1508,Roaming,Activation Issue,Activation Issue issue reported by customer.,2026-01-16 20:00:00,2026-01-19 20:00:00,Open,Network Ops,
11909,2435,Network,Call Drop,Call Drop issue reported by customer.,2026-03-16 11:00:00,2026-03-19 11:00:00,InProgress,Team A,
11910,1005,Billing,Late Fee Dispute,Late Fee Dispute issue reported by customer.,2025-12-22 02:00:00,2025-12-23 02:00:00,Closed,Team C,Resolved after investigation.
11911,1092,SIM,,SIM issue reported by customer.,2026-04-06 01:00:00,2026-04-08 01:00:00,Open,Team A,
11912,1102,SIM,Activation Delay,Activation Delay issue reported by customer.,2026-05-25 02:00:00,2026-05-27 02:00:00,Closed,KYC Cell,Resolved after investigation.
11913,2319,KYC,Verification Pending,Verification Pending issue reported by customer.,2026-08-01 04:00:00,2026-08-02 04:00:00,Closed,Team B,Resolved after investigation.
11914,1653,Billing,GST Query,GST Query issue reported by customer.,2026-07-14 00:00:00,2026-07-17 00:00:00,Closed,Team B,Resolved after investigation.
11915,2156,Billing,,,2025-12-28 15:00:00,2025-12-31 15:00:00,Closed,Team C,Resolved after investigation.
11916,2743,SIM,SIM Not Working,SIM Not Working issue reported by customer.,2026-07-30 07:00:00,2026-08-01 07:00:00,Closed,Team A,Resolved after investigation.
11917,1970,KYC,Verification Pending,Verification Pending issue reported by customer.,2025-09-20 03:00:00,2025-09-23 03:00:00,Closed,,Resolved after investigation.
11918,1767,Network,Call Drop,Call Drop issue reported by customer.,2026-02-28 13:00:00,2026-03-01 13:00:00,Closed,Team C,Resolved after investigation.
11919,1930,SIM,SIM Not Working,,2026-06-30 11:00:00,2026-07-02 11:00:00,Closed,Team C,
11920,2733,KYC,Verification Pending,Verification Pending issue reported by customer.,2026-02-16 22:00:00,2026-02-18 22:00:00,Open,Team B,
11921,2063,KYC,Verification Pending,Verification Pending issue reported by customer.,2026-07-19 21:00:00,2026-07-22 21:00:00,Closed,Team C,Resolved after investigation.
11922,1920,SIM,Activation Delay,Activation Delay issue reported by customer.,2026-04-14 21:00:00,2026-04-16 21:00:00,Closed,KYC Cell,Resolved after investigation.
11923,1507,KYC,Verification Pending,Verification Pending issue reported by customer.,2025-12-20 14:00:00,2025-12-22 14:00:00,Closed,Team A,Resolved after investigation.
11924,2644,SIM,SIM Not Working,,2025-12-05 13:00:00,2025-12-06 13:00:00,Closed,Billing Desk,Resolved after investigation.
11925,1096,KYC,Verification Pending,Verification Pending issue reported by customer.,2025-12-26 07:00:00,2025-12-29 07:00:00,Closed,Team A,Resolved after investigation.
11926,1780,Billing,GST Query,GST Query issue reported by customer.,2025-11-20 23:00:00,2025-11-22 23:00:00,Closed,Team B,Resolved after investigation.
11927,1891,KYC,Verification Pending,Verification Pending issue reported by customer.,2026-05-16 19:00:00,2026-05-18 19:00:00,Closed,Billing Desk,Resolved after investigation.
11928,2070,Billing,High Bill,High Bill issue reported by customer.,2026-06-20 00:00:00,2026-06-22 00:00:00,Closed,Team C,Resolved after investigation.
11929,2166,SIM,Replacement Request,Replacement Request issue reported by customer.,2026-06-10 16:00:00,2026-06-11 16:00:00,Closed,Team A,Resolved after investigation.
11930,2426,Billing,Late Fee Dispute,Late Fee Dispute issue reported by customer.,2026-04-17 16:00:00,2026-04-19 16:00:00,InProgress,Network Ops,
11931,1052,Billing,High Bill,High Bill issue reported by customer.,2026-04-02 22:00:00,2026-04-05 22:00:00,InProgress,Billing Desk,
11932,1424,Recharge,Amount Deducted,Amount Deducted issue reported by customer.,2026-05-23 15:00:00,2026-05-25 15:00:00,Closed,Team C,
11933,2421,KYC,Verification Pending,,2025-11-01 18:00:00,2025-11-04 18:00:00,Closed,,Resolved after investigation.
11934,2712,Network,Slow Data,Slow Data issue reported by customer.,2025-10-05 12:00:00,2025-10-06 12:00:00,InProgress,Team B,
11935,1496,KYC,Document Rejected,Document Rejected issue reported by customer.,2026-05-04 10:00:00,2026-05-07 10:00:00,Closed,KYC Cell,
11936,2322,KYC,Verification Pending,Verification Pending issue reported by customer.,2026-02-06 13:00:00,2026-02-08 13:00:00,InProgress,Team B,
11937,1863,KYC,Verification Pending,Verification Pending issue reported by customer.,2025-12-06 10:00:00,2025-12-08 10:00:00,Closed,Team A,Resolved after investigation.
11938,2520,Billing,GST Query,GST Query issue reported by customer.,2025-11-08 09:00:00,2025-11-11 09:00:00,Closed,KYC Cell,Resolved after investigation.
11939,2234,Network,No Signal,,2026-05-04 21:00:00,2026-05-07 21:00:00,Open,Billing Desk,
11940,2700,KYC,Document Rejected,Document Rejected issue reported by customer.,2026-06-30 13:00:00,2026-07-01 13:00:00,Closed,Billing Desk,Resolved after investigation.
11941,1243,Network,Call Drop,Call Drop issue reported by customer.,2025-12-14 08:00:00,2025-12-15 08:00:00,Closed,,Resolved after investigation.
11942,1119,Recharge,Amount Deducted,Amount Deducted issue reported by customer.,2025-11-21 12:00:00,2025-11-24 12:00:00,Closed,Network Ops,Resolved after investigation.
11943,1750,Recharge,Amount Deducted,Amount Deducted issue reported by customer.,2026-07-16 00:00:00,2026-07-18 00:00:00,Open,Billing Desk,
11944,2806,Roaming,Billing Query,Billing Query issue reported by customer.,2025-11-04 14:00:00,2025-11-07 14:00:00,Closed,Team C,Resolved after investigation.
11945,2747,KYC,Verification Pending,Verification Pending issue reported by customer.,2025-10-19 15:00:00,2025-10-22 15:00:00,Open,Team B,
11946,2181,Recharge,Recharge Failed,Recharge Failed issue reported by customer.,2026-03-06 07:00:00,2026-03-07 07:00:00,InProgress,Team A,
11947,2219,Network,Call Drop,Call Drop issue reported by customer.,2026-03-10 14:00:00,2026-03-12 14:00:00,Closed,Team A,Resolved after investigation.
11948,2471,Recharge,,Recharge issue reported by customer.,2026-02-22 00:00:00,2026-02-23 00:00:00,Closed,Network Ops,Resolved after investigation.
11949,1404,Billing,GST Query,GST Query issue reported by customer.,2026-01-23 01:00:00,2026-01-25 01:00:00,Closed,KYC Cell,Resolved after investigation.
11950,1321,SIM,Activation Delay,Activation Delay issue reported by customer.,2026-07-13 21:00:00,2026-07-14 21:00:00,Open,KYC Cell,
11951,2300,Network,Call Drop,Call Drop issue reported by customer.,2026-04-17 21:00:00,2026-04-19 21:00:00,Closed,Billing Desk,Resolved after investigation.
11952,1768,Billing,Late Fee Dispute,Late Fee Dispute issue reported by customer.,2025-11-12 19:00:00,2025-11-15 19:00:00,InProgress,Team B,
11953,2605,Recharge,Recharge Failed,Recharge Failed issue reported by customer.,2025-10-17 23:00:00,2025-10-19 23:00:00,Open,Billing Desk,
11954,1884,SIM,SIM Not Working,SIM Not Working issue reported by customer.,2026-05-18 17:00:00,2026-05-19 17:00:00,Closed,Team C,Resolved after investigation.
11955,2251,KYC,Document Rejected,Document Rejected issue reported by customer.,2026-01-25 10:00:00,2026-01-27 10:00:00,InProgress,Network Ops,
11956,1930,SIM,SIM Not Working,,2025-11-02 12:00:00,2025-11-03 12:00:00,Closed,Team A,Resolved after investigation.
11957,2379,Roaming,Activation Issue,,2026-04-19 19:00:00,2026-04-22 19:00:00,Open,Network Ops,
11958,1100,Recharge,Recharge Failed,Recharge Failed issue reported by customer.,2026-08-07 23:00:00,2026-08-08 23:00:00,Closed,Billing Desk,Resolved after investigation.
11959,2655,SIM,SIM Not Working,SIM Not Working issue reported by customer.,2026-01-05 19:00:00,2026-01-07 19:00:00,Open,Billing Desk,
11960,2404,Recharge,Recharge Failed,,2025-12-26 14:00:00,2025-12-28 14:00:00,InProgress,Billing Desk,
11961,1035,Recharge,Amount Deducted,Amount Deducted issue reported by customer.,2026-05-06 08:00:00,2026-05-07 08:00:00,Open,KYC Cell,
11962,2281,SIM,Activation Delay,Activation Delay issue reported by customer.,2026-07-09 06:00:00,2026-07-11 06:00:00,Closed,Network Ops,Resolved after investigation.
11963,1249,Recharge,Recharge Failed,Recharge Failed issue reported by customer.,2025-11-06 10:00:00,2025-11-09 10:00:00,Closed,Team C,Resolved after investigation.
11964,1558,SIM,Replacement Request,Replacement Request issue reported by customer.,2025-09-18 07:00:00,2025-09-20 07:00:00,Closed,Team A,Resolved after investigation.
11965,2362,Network,Call Drop,Call Drop issue reported by customer.,2026-03-30 15:00:00,2026-04-02 15:00:00,Closed,Team A,Resolved after investigation.
11966,1487,Roaming,Billing Query,Billing Query issue reported by customer.,2026-04-28 00:00:00,2026-05-01 00:00:00,Closed,Team B,Resolved after investigation.
11967,1671,KYC,Verification Pending,Verification Pending issue reported by customer.,2025-12-23 23:00:00,2025-12-25 23:00:00,Open,Team C,
11968,2128,Roaming,Activation Issue,Activation Issue issue reported by customer.,2026-04-10 03:00:00,2026-04-12 03:00:00,Open,KYC Cell,
11969,2216,SIM,Replacement Request,Replacement Request issue reported by customer.,2025-12-04 23:00:00,2025-12-07 23:00:00,Closed,,Resolved after investigation.
11970,1049,Billing,GST Query,GST Query issue reported by customer.,2025-12-15 09:00:00,2025-12-17 09:00:00,Open,Network Ops,
11971,2668,Billing,Late Fee Dispute,Late Fee Dispute issue reported by customer.,2026-03-24 10:00:00,2026-03-27 10:00:00,Closed,Billing Desk,Resolved after investigation.
11972,1946,Network,Call Drop,Call Drop issue reported by customer.,2026-04-10 21:00:00,2026-04-13 21:00:00,Open,KYC Cell,
11973,1789,Billing,GST Query,GST Query issue reported by customer.,2025-12-25 10:00:00,2025-12-28 10:00:00,Closed,Network Ops,Resolved after investigation.
11974,1765,Network,Call Drop,Call Drop issue reported by customer.,2026-02-06 19:00:00,2026-02-07 19:00:00,Closed,KYC Cell,Resolved after investigation.
11975,2650,Billing,High Bill,,2026-07-19 11:00:00,2026-07-21 11:00:00,Closed,Network Ops,Resolved after investigation.
11976,2205,SIM,SIM Not Working,SIM Not Working issue reported by customer.,2026-05-29 11:00:00,2026-05-31 11:00:00,InProgress,Billing Desk,
11977,1177,Recharge,Amount Deducted,,2025-09-09 13:00:00,2025-09-12 13:00:00,Closed,Billing Desk,Resolved after investigation.
11978,1591,Network,Slow Data,Slow Data issue reported by customer.,2026-05-18 08:00:00,2026-05-19 08:00:00,Closed,Network Ops,Resolved after investigation.
11979,2180,Recharge,Amount Deducted,Amount Deducted issue reported by customer.,2026-04-06 05:00:00,2026-04-07 05:00:00,InProgress,KYC Cell,
11980,1111,Roaming,Activation Issue,,2026-07-04 18:00:00,2026-07-07 18:00:00,Closed,Team A,
11981,2092,Roaming,Activation Issue,Activation Issue issue reported by customer.,2026-03-14 13:00:00,2026-03-16 13:00:00,Open,Team C,
11982,2688,KYC,Verification Pending,Verification Pending issue reported by customer.,2026-05-05 21:00:00,2026-05-06 21:00:00,Closed,,Resolved after investigation.
11983,2171,Roaming,,,2025-09-28 18:00:00,2025-09-30 18:00:00,Open,Team B,
11984,1808,SIM,SIM Not Working,SIM Not Working issue reported by customer.,2026-04-12 22:00:00,2026-04-15 22:00:00,Open,Team C,
11985,1391,Roaming,Billing Query,Billing Query issue reported by customer.,2026-04-06 20:00:00,2026-04-07 20:00:00,InProgress,Team B,
11986,1901,Network,No Signal,No Signal issue reported by customer.,2026-03-12 17:00:00,2026-03-14 17:00:00,Closed,Team B,Resolved after investigation.
11987,1513,SIM,Replacement Request,Replacement Request issue reported by customer.,2026-04-01 11:00:00,2026-04-02 11:00:00,Closed,Network Ops,Resolved after investigation.
11988,2053,Recharge,Recharge Failed,Recharge Failed issue reported by customer.,2025-09-16 00:00:00,2025-09-18 00:00:00,Open,Team A,
11989,1364,Network,Call Drop,Call Drop issue reported by customer.,2026-06-04 09:00:00,2026-06-07 09:00:00,Open,,
11990,2120,Billing,High Bill,High Bill issue reported by customer.,2026-05-29 05:00:00,2026-06-01 05:00:00,Open,Billing Desk,
11991,2652,Billing,High Bill,High Bill issue reported by customer.,2026-05-07 08:00:00,2026-05-10 08:00:00,Open,Network Ops,
11992,2195,Recharge,Amount Deducted,Amount Deducted issue reported by customer.,2026-06-16 04:00:00,2026-06-18 04:00:00,Closed,Team A,Resolved after investigation.
11993,1227,Network,No Signal,,2026-02-27 00:00:00,2026-03-01 00:00:00,Closed,KYC Cell,Resolved after investigation.
11994,1248,Roaming,Activation Issue,Activation Issue issue reported by customer.,2025-09-24 18:00:00,2025-09-27 18:00:00,Open,,
11995,2356,Roaming,Activation Issue,Activation Issue issue reported by customer.,2025-09-23 12:00:00,2025-09-24 12:00:00,Closed,Team B,Resolved after investigation.
11996,2467,Recharge,Amount Deducted,Amount Deducted issue reported by customer.,2025-10-06 23:00:00,2025-10-07 23:00:00,Closed,KYC Cell,
11997,1589,Billing,GST Query,GST Query issue reported by customer.,2026-01-22 00:00:00,2026-01-25 00:00:00,Open,KYC Cell,
11998,2037,KYC,Document Rejected,Document Rejected issue reported by customer.,2026-01-01 21:00:00,2026-01-02 21:00:00,Open,Network Ops,
11999,2641,Roaming,Activation Issue,Activation Issue issue reported by customer.,2026-02-06 13:00:00,2026-02-08 13:00:00,Closed,Billing Desk,Resolved after investigation.
12000,2635,Network,Slow Data,Slow Data issue reported by customer.,2025-12-28 16:00:00,2025-12-31 16:00:00,Closed,Billing Desk,Resolved after investigation.
12001,1484,KYC,Document Rejected,Document Rejected issue reported by customer.,2026-07-27 18:00:00,2026-07-30 18:00:00,InProgress,Team C,
12002,2164,KYC,Verification Pending,Verification Pending issue reported by customer.,2026-01-08 05:00:00,2026-01-11 05:00:00,Open,Team A,
12003,1267,KYC,Document Rejected,Document Rejected issue reported by customer.,2026-04-20 02:00:00,2026-04-23 02:00:00,Closed,Billing Desk,
12004,1676,KYC,Verification Pending,Verification Pending issue reported by customer.,2026-07-22 13:00:00,2026-07-24 13:00:00,Open,Billing Desk,
12005,2321,Recharge,Amount Deducted,Amount Deducted issue reported by customer.,2025-12-14 05:00:00,2025-12-17 05:00:00,Closed,Team B,Resolved after investigation.
12006,1493,Recharge,Recharge Failed,Recharge Failed issue reported by customer.,2025-12-14 14:00:00,2025-12-17 14:00:00,Closed,KYC Cell,Resolved after investigation.
12007,1118,Recharge,Amount Deducted,Amount Deducted issue reported by customer.,2026-07-28 05:00:00,2026-07-30 05:00:00,InProgress,Team A,
12008,1360,KYC,Document Rejected,Document Rejected issue reported by customer.,2025-08-12 13:00:00,2025-08-15 13:00:00,InProgress,Team B,
12009,2684,Network,Slow Data,Slow Data issue reported by customer.,2026-05-09 13:00:00,2026-05-11 13:00:00,InProgress,KYC Cell,
12010,1800,Network,No Signal,No Signal issue reported by customer.,2025-12-11 20:00:00,2025-12-14 20:00:00,Closed,Billing Desk,Resolved after investigation.
12011,1063,Billing,Late Fee Dispute,Late Fee Dispute issue reported by customer.,2025-12-20 11:00:00,2025-12-22 11:00:00,Closed,KYC Cell,Resolved after investigation.
12012,2620,SIM,Activation Delay,Activation Delay issue reported by customer.,2026-06-03 21:00:00,2026-06-06 21:00:00,Closed,Team A,Resolved after investigation.
12013,2465,Billing,GST Query,GST Query issue reported by customer.,2025-10-26 06:00:00,2025-10-29 06:00:00,Closed,,
12014,2516,Billing,High Bill,High Bill issue reported by customer.,2025-10-14 04:00:00,2025-10-17 04:00:00,Open,Team A,
12015,1229,Recharge,,Recharge issue reported by customer.,2026-01-07 01:00:00,2026-01-08 01:00:00,InProgress,KYC Cell,
12016,1160,Recharge,Recharge Failed,Recharge Failed issue reported by customer.,2025-10-15 14:00:00,2025-10-17 14:00:00,Open,Team C,
12017,2002,Roaming,Activation Issue,Activation Issue issue reported by customer.,2026-04-18 21:00:00,2026-04-19 21:00:00,Closed,Team B,Resolved after investigation.
12018,1553,SIM,SIM Not Working,SIM Not Working issue reported by customer.,2026-04-17 16:00:00,2026-04-18 16:00:00,Closed,Team B,Resolved after investigation.
12019,2178,Recharge,Recharge Failed,Recharge Failed issue reported by customer.,2026-07-19 17:00:00,2026-07-20 17:00:00,Closed,Network Ops,Resolved after investigation.
12020,1865,KYC,Verification Pending,,2025-09-03 17:00:00,2025-09-04 17:00:00,InProgress,Team B,
12021,2108,Recharge,,Recharge issue reported by customer.,2025-10-22 20:00:00,2025-10-23 20:00:00,Open,KYC Cell,
12022,1082,Recharge,Recharge Failed,Recharge Failed issue reported by customer.,2026-01-21 04:00:00,2026-01-22 04:00:00,Open,KYC Cell,
12023,1296,SIM,Activation Delay,Activation Delay issue reported by customer.,2025-12-13 17:00:00,2025-12-16 17:00:00,InProgress,Team C,
12024,2515,Roaming,Activation Issue,Activation Issue issue reported by customer.,2026-07-12 15:00:00,2026-07-15 15:00:00,Closed,KYC Cell,Resolved after investigation.
12025,1403,SIM,Activation Delay,Activation Delay issue reported by customer.,2025-08-19 11:00:00,2025-08-22 11:00:00,Open,KYC Cell,
12026,2103,Network,Call Drop,Call Drop issue reported by customer.,2025-11-19 04:00:00,2025-11-22 04:00:00,Open,Network Ops,
12027,1113,Billing,Late Fee Dispute,Late Fee Dispute issue reported by customer.,2026-07-17 21:00:00,2026-07-19 21:00:00,InProgress,,
12028,2643,Billing,High Bill,High Bill issue reported by customer.,2026-03-31 22:00:00,2026-04-01 22:00:00,Closed,,Resolved after investigation.
12029,2307,Network,Call Drop,Call Drop issue reported by customer.,2026-05-21 23:00:00,2026-05-22 23:00:00,Closed,Team A,Resolved after investigation.
12030,1177,Billing,High Bill,High Bill issue reported by customer.,2026-02-23 14:00:00,2026-02-24 14:00:00,Closed,Billing Desk,Resolved after investigation.
12031,1806,KYC,Verification Pending,Verification Pending issue reported by customer.,2025-12-31 02:00:00,2026-01-02 02:00:00,Closed,KYC Cell,Resolved after investigation.
12032,1184,SIM,SIM Not Working,SIM Not Working issue reported by customer.,2026-07-12 21:00:00,2026-07-13 21:00:00,Closed,,Resolved after investigation.
12033,1585,Billing,High Bill,High Bill issue reported by customer.,2026-06-13 16:00:00,2026-06-16 16:00:00,Closed,KYC Cell,Resolved after investigation.
12034,1997,SIM,,SIM issue reported by customer.,2026-02-25 02:00:00,2026-02-28 02:00:00,Closed,Team B,Resolved after investigation.
12035,1668,Roaming,Billing Query,Billing Query issue reported by customer.,2025-10-10 22:00:00,2025-10-11 22:00:00,Closed,KYC Cell,Resolved after investigation.
12036,2722,Billing,Late Fee Dispute,Late Fee Dispute issue reported by customer.,2026-04-21 19:00:00,2026-04-23 19:00:00,Closed,Billing Desk,Resolved after investigation.
12037,2391,Roaming,Activation Issue,Activation Issue issue reported by customer.,2026-06-13 12:00:00,2026-06-16 12:00:00,Closed,KYC Cell,Resolved after investigation.
12038,2773,Billing,Late Fee Dispute,Late Fee Dispute issue reported by customer.,2025-11-13 19:00:00,2025-11-14 19:00:00,InProgress,Team B,
12039,1864,SIM,Replacement Request,Replacement Request issue reported by customer.,2026-04-20 23:00:00,2026-04-21 23:00:00,Open,Team B,
12040,2178,Recharge,Recharge Failed,Recharge Failed issue reported by customer.,2026-01-31 19:00:00,2026-02-03 19:00:00,Closed,Team C,Resolved after investigation.
12041,1601,Network,Slow Data,Slow Data issue reported by customer.,2025-10-05 19:00:00,2025-10-08 19:00:00,Closed,Network Ops,Resolved after investigation.
12042,2126,SIM,Activation Delay,Activation Delay issue reported by customer.,2026-08-01 22:00:00,2026-08-02 22:00:00,Closed,Team C,Resolved after investigation.
12043,1417,Network,No Signal,No Signal issue reported by customer.,2026-03-04 10:00:00,2026-03-07 10:00:00,Closed,KYC Cell,Resolved after investigation.
12044,2565,KYC,Verification Pending,Verification Pending issue reported by customer.,2025-10-13 14:00:00,2025-10-16 14:00:00,Closed,Team A,Resolved after investigation.
12045,1577,Billing,GST Query,,2026-02-18 12:00:00,2026-02-21 12:00:00,Closed,Network Ops,Resolved after investigation.
12046,1963,Roaming,Activation Issue,Activation Issue issue reported by customer.,2026-03-04 07:00:00,2026-03-06 07:00:00,Closed,Billing Desk,Resolved after investigation.
12047,2208,Roaming,Billing Query,Billing Query issue reported by customer.,2026-07-31 19:00:00,2026-08-02 19:00:00,Closed,Team A,Resolved after investigation.
12048,2603,KYC,Document Rejected,Document Rejected issue reported by customer.,2026-02-18 16:00:00,2026-02-20 16:00:00,InProgress,Network Ops,
12049,2094,Roaming,Activation Issue,Activation Issue issue reported by customer.,2026-06-23 14:00:00,2026-06-26 14:00:00,Closed,Team B,Resolved after investigation.
12050,2441,KYC,Verification Pending,Verification Pending issue reported by customer.,2025-12-06 13:00:00,2025-12-09 13:00:00,InProgress,Billing Desk,
12051,2549,SIM,Replacement Request,,2025-09-12 09:00:00,2025-09-14 09:00:00,Closed,Network Ops,Resolved after investigation.
12052,1259,KYC,Document Rejected,Document Rejected issue reported by customer.,2026-03-18 06:00:00,2026-03-21 06:00:00,Open,Team C,
12053,2206,Recharge,Recharge Failed,Recharge Failed issue reported by customer.,2025-09-21 15:00:00,2025-09-23 15:00:00,Closed,Team B,Resolved after investigation.
12054,1860,KYC,Verification Pending,,2026-07-19 18:00:00,2026-07-22 18:00:00,Closed,Billing Desk,Resolved after investigation.
12055,2361,Roaming,Billing Query,Billing Query issue reported by customer.,2025-09-28 18:00:00,2025-09-30 18:00:00,InProgress,Team C,
12056,2243,Billing,GST Query,GST Query issue reported by customer.,2025-12-23 07:00:00,2025-12-24 07:00:00,Open,Team B,
12057,1862,Billing,Late Fee Dispute,,2026-03-03 17:00:00,2026-03-05 17:00:00,InProgress,,
12058,1020,Roaming,Billing Query,Billing Query issue reported by customer.,2025-11-09 08:00:00,2025-11-11 08:00:00,Closed,Team A,Resolved after investigation.
12059,1748,KYC,,KYC issue reported by customer.,2026-05-01 04:00:00,2026-05-03 04:00:00,InProgress,Team C,
12060,1003,Recharge,Amount Deducted,Amount Deducted issue reported by customer.,2025-12-30 20:00:00,2026-01-01 20:00:00,Closed,Team A,Resolved after investigation.
12061,2688,Recharge,Recharge Failed,Recharge Failed issue reported by customer.,2026-02-01 19:00:00,2026-02-02 19:00:00,Open,Billing Desk,
12062,2482,Recharge,Amount Deducted,Amount Deducted issue reported by customer.,2025-10-28 21:00:00,2025-10-30 21:00:00,Closed,,Resolved after investigation.
12063,1750,KYC,Document Rejected,Document Rejected issue reported by customer.,2026-02-13 06:00:00,2026-02-15 06:00:00,Open,KYC Cell,
12064,1340,KYC,Document Rejected,Document Rejected issue reported by customer.,2025-12-10 21:00:00,2025-12-13 21:00:00,Closed,Team B,
12065,1800,SIM,SIM Not Working,SIM Not Working issue reported by customer.,2026-05-11 08:00:00,2026-05-14 08:00:00,Closed,Team C,Resolved after investigation.
12066,1198,Billing,GST Query,,2025-12-02 14:00:00,2025-12-05 14:00:00,Closed,KYC Cell,Resolved after investigation.
12067,1242,Billing,GST Query,GST Query issue reported by customer.,2026-03-22 13:00:00,2026-03-23 13:00:00,Closed,Team C,Resolved after investigation.
12068,1093,Billing,Late Fee Dispute,Late Fee Dispute issue reported by customer.,2026-01-26 14:00:00,2026-01-29 14:00:00,InProgress,Billing Desk,
12069,1927,Billing,Late Fee Dispute,Late Fee Dispute issue reported by customer.,2026-06-14 04:00:00,2026-06-16 04:00:00,Open,Team A,
12070,1621,KYC,Verification Pending,Verification Pending issue reported by customer.,2025-11-17 15:00:00,2025-11-19 15:00:00,Closed,Team A,Resolved after investigation.
12071,2433,Billing,High Bill,High Bill issue reported by customer.,2025-08-31 10:00:00,2025-09-01 10:00:00,Closed,Team B,Resolved after investigation.
12072,1187,SIM,Activation Delay,Activation Delay issue reported by customer.,2025-12-30 18:00:00,2026-01-02 18:00:00,Open,Team C,
12073,2592,Recharge,Amount Deducted,Amount Deducted issue reported by customer.,2026-07-06 09:00:00,2026-07-09 09:00:00,Closed,Team B,Resolved after investigation.
12074,2629,Roaming,,Roaming issue reported by customer.,2025-08-16 04:00:00,2025-08-18 04:00:00,Open,Team A,
12075,2530,SIM,Replacement Request,Replacement Request issue reported by customer.,2026-04-28 15:00:00,2026-04-29 15:00:00,Closed,Team A,Resolved after investigation.
12076,1447,KYC,,KYC issue reported by customer.,2025-09-08 22:00:00,2025-09-10 22:00:00,InProgress,Team C,
12077,1426,Recharge,Amount Deducted,,2025-10-27 17:00:00,2025-10-30 17:00:00,Open,Network Ops,
12078,1247,Recharge,Recharge Failed,Recharge Failed issue reported by customer.,2026-06-29 04:00:00,2026-06-30 04:00:00,Closed,Team B,Resolved after investigation.
12079,2264,Network,No Signal,No Signal issue reported by customer.,2025-08-08 11:00:00,2025-08-10 11:00:00,Closed,Team A,Resolved after investigation.
12080,1264,Roaming,Activation Issue,,2025-12-03 01:00:00,2025-12-06 01:00:00,Closed,Network Ops,
12081,1032,Network,Call Drop,Call Drop issue reported by customer.,2025-11-29 08:00:00,2025-12-01 08:00:00,Closed,Team C,Resolved after investigation.
12082,1948,Roaming,Billing Query,Billing Query issue reported by customer.,2026-01-20 05:00:00,2026-01-21 05:00:00,Open,Billing Desk,
12083,2100,Recharge,Recharge Failed,Recharge Failed issue reported by customer.,2026-01-31 19:00:00,2026-02-02 19:00:00,Closed,Team A,Resolved after investigation.
12084,2092,Roaming,Activation Issue,Activation Issue issue reported by customer.,2025-12-02 04:00:00,2025-12-05 04:00:00,Open,Network Ops,
12085,1610,Billing,GST Query,,2025-09-09 17:00:00,2025-09-11 17:00:00,Open,KYC Cell,
12086,2644,Network,Call Drop,Call Drop issue reported by customer.,2026-02-08 08:00:00,2026-02-10 08:00:00,Closed,Team C,Resolved after investigation.
12087,2628,Billing,High Bill,High Bill issue reported by customer.,2026-04-28 02:00:00,2026-04-29 02:00:00,Open,,
12088,2290,Roaming,Billing Query,Billing Query issue reported by customer.,2026-01-01 21:00:00,2026-01-04 21:00:00,Open,Billing Desk,
12089,1055,KYC,Verification Pending,Verification Pending issue reported by customer.,2026-05-29 03:00:00,2026-06-01 03:00:00,InProgress,Billing Desk,
12090,1577,Network,No Signal,No Signal issue reported by customer.,2025-12-25 10:00:00,2025-12-27 10:00:00,Closed,Team C,
12091,1358,Roaming,Billing Query,Billing Query issue reported by customer.,2025-10-30 21:00:00,2025-10-31 21:00:00,Closed,Team B,
12092,2609,KYC,Verification Pending,Verification Pending issue reported by customer.,2026-07-31 01:00:00,2026-08-03 01:00:00,Open,Team C,
12093,1869,KYC,Verification Pending,Verification Pending issue reported by customer.,2026-05-12 17:00:00,2026-05-15 17:00:00,Closed,Team C,Resolved after investigation.
12094,1931,KYC,Verification Pending,Verification Pending issue reported by customer.,2026-06-12 09:00:00,2026-06-13 09:00:00,Open,Team B,
12095,1204,Roaming,Billing Query,Billing Query issue reported by customer.,2026-02-07 00:00:00,2026-02-09 00:00:00,Closed,KYC Cell,Resolved after investigation.
12096,1959,KYC,,KYC issue reported by customer.,2026-07-30 19:00:00,2026-08-01 19:00:00,Open,,
12097,2440,Network,Call Drop,Call Drop issue reported by customer.,2025-08-09 19:00:00,2025-08-12 19:00:00,Closed,Team A,Resolved after investigation.
12098,1836,SIM,SIM Not Working,SIM Not Working issue reported by customer.,2025-12-21 14:00:00,2025-12-24 14:00:00,Closed,Team C,Resolved after investigation.
12099,1042,SIM,Replacement Request,Replacement Request issue reported by customer.,2026-08-02 13:00:00,2026-08-04 13:00:00,Open,KYC Cell,
12100,2616,Recharge,Recharge Failed,Recharge Failed issue reported by customer.,2026-01-01 18:00:00,2026-01-03 18:00:00,Closed,Team C,Resolved after investigation.
12101,1982,Billing,GST Query,GST Query issue reported by customer.,2026-04-10 05:00:00,2026-04-11 05:00:00,Open,KYC Cell,
12102,1340,Roaming,Billing Query,Billing Query issue reported by customer.,2026-01-04 16:00:00,2026-01-05 16:00:00,InProgress,Team C,
12103,2483,KYC,Verification Pending,Verification Pending issue reported by customer.,2026-04-04 03:00:00,2026-04-07 03:00:00,Closed,Team A,Resolved after investigation.
12104,1296,Network,Call Drop,Call Drop issue reported by customer.,2026-06-16 10:00:00,2026-06-17 10:00:00,Closed,KYC Cell,Resolved after investigation.
12105,2276,Recharge,Recharge Failed,Recharge Failed issue reported by customer.,2026-02-06 05:00:00,2026-02-07 05:00:00,InProgress,Billing Desk,
12106,2619,Recharge,Recharge Failed,Recharge Failed issue reported by customer.,2026-01-14 05:00:00,2026-01-15 05:00:00,Closed,Team A,Resolved after investigation.
12107,1074,Roaming,Activation Issue,Activation Issue issue reported by customer.,2025-08-10 06:00:00,2025-08-12 06:00:00,Closed,KYC Cell,Resolved after investigation.
12108,2168,Billing,Late Fee Dispute,,2025-10-08 16:00:00,2025-10-11 16:00:00,Closed,KYC Cell,Resolved after investigation.
12109,1489,SIM,SIM Not Working,SIM Not Working issue reported by customer.,2026-06-07 08:00:00,2026-06-08 08:00:00,InProgress,KYC Cell,
12110,2151,SIM,Activation Delay,Activation Delay issue reported by customer.,2026-04-26 08:00:00,2026-04-29 08:00:00,Open,Network Ops,
12111,1918,Recharge,Amount Deducted,Amount Deducted issue reported by customer.,2025-10-19 09:00:00,2025-10-22 09:00:00,Open,Billing Desk,
12112,2788,Roaming,Activation Issue,Activation Issue issue reported by customer.,2026-03-07 12:00:00,2026-03-10 12:00:00,Closed,Team C,Resolved after investigation.
12113,2534,Network,Call Drop,Call Drop issue reported by customer.,2025-12-02 05:00:00,2025-12-05 05:00:00,InProgress,KYC Cell,
12114,1185,Roaming,Billing Query,Billing Query issue reported by customer.,2026-04-08 02:00:00,2026-04-10 02:00:00,Closed,Team A,Resolved after investigation.
12115,1356,Network,No Signal,No Signal issue reported by customer.,2026-05-29 04:00:00,2026-06-01 04:00:00,Closed,Team B,
12116,2290,KYC,Verification Pending,Verification Pending issue reported by customer.,2026-02-19 22:00:00,2026-02-21 22:00:00,Closed,Team B,Resolved after investigation.
12117,1248,KYC,Document Rejected,Document Rejected issue reported by customer.,2026-07-14 06:00:00,2026-07-16 06:00:00,Closed,Team A,Resolved after investigation.
12118,2106,Roaming,Billing Query,Billing Query issue reported by customer.,2026-03-14 14:00:00,2026-03-17 14:00:00,Closed,Network Ops,Resolved after investigation.
12119,1771,Network,Call Drop,Call Drop issue reported by customer.,2025-12-09 01:00:00,2025-12-12 01:00:00,InProgress,Team B,
12120,1744,KYC,Document Rejected,,2026-05-20 12:00:00,2026-05-23 12:00:00,Closed,KYC Cell,Resolved after investigation.
12121,1287,SIM,Activation Delay,Activation Delay issue reported by customer.,2026-04-02 23:00:00,2026-04-05 23:00:00,Open,Billing Desk,
12122,1149,Roaming,Billing Query,Billing Query issue reported by customer.,2025-09-23 06:00:00,2025-09-25 06:00:00,Closed,Billing Desk,Resolved after investigation.
12123,2046,Recharge,Amount Deducted,Amount Deducted issue reported by customer.,2026-07-22 23:00:00,2026-07-25 23:00:00,Closed,Billing Desk,Resolved after investigation.
12124,1829,Billing,Late Fee Dispute,Late Fee Dispute issue reported by customer.,2026-01-17 19:00:00,2026-01-19 19:00:00,Closed,Network Ops,Resolved after investigation.
12125,1395,SIM,Replacement Request,Replacement Request issue reported by customer.,2025-12-21 03:00:00,2025-12-24 03:00:00,Closed,Network Ops,Resolved after investigation.
12126,2694,Billing,GST Query,GST Query issue reported by customer.,2025-11-18 10:00:00,2025-11-19 10:00:00,Closed,Network Ops,Resolved after investigation.
12127,2587,Billing,Late Fee Dispute,Late Fee Dispute issue reported by customer.,2025-08-25 22:00:00,2025-08-26 22:00:00,Open,Billing Desk,
12128,2647,Roaming,Activation Issue,,2025-09-18 09:00:00,2025-09-19 09:00:00,InProgress,KYC Cell,
12129,1167,Billing,GST Query,GST Query issue reported by customer.,2025-11-11 13:00:00,2025-11-14 13:00:00,Closed,,Resolved after investigation.
12130,1659,Billing,High Bill,High Bill issue reported by customer.,2025-11-16 05:00:00,2025-11-17 05:00:00,Open,Team B,
12131,2396,KYC,Document Rejected,Document Rejected issue reported by customer.,2026-04-09 01:00:00,2026-04-12 01:00:00,Closed,Team C,Resolved after investigation.
12132,2744,KYC,Verification Pending,Verification Pending issue reported by customer.,2026-03-08 20:00:00,2026-03-11 20:00:00,Closed,KYC Cell,Resolved after investigation.
12133,1955,Billing,High Bill,High Bill issue reported by customer.,2026-01-03 14:00:00,2026-01-04 14:00:00,Closed,Billing Desk,
12134,1162,Roaming,Activation Issue,Activation Issue issue reported by customer.,2026-04-10 05:00:00,2026-04-11 05:00:00,Open,Network Ops,
12135,1447,Roaming,Activation Issue,Activation Issue issue reported by customer.,2026-04-21 12:00:00,2026-04-24 12:00:00,InProgress,Billing Desk,
12136,2250,KYC,Document Rejected,Document Rejected issue reported by customer.,2026-03-31 17:00:00,2026-04-02 17:00:00,Closed,Team A,Resolved after investigation.
12137,1176,KYC,Document Rejected,Document Rejected issue reported by customer.,2026-08-02 11:00:00,2026-08-03 11:00:00,InProgress,Team C,
12138,2584,Network,No Signal,No Signal issue reported by customer.,2025-09-02 15:00:00,2025-09-03 15:00:00,Open,Team C,
12139,2726,Recharge,,Recharge issue reported by customer.,2025-11-23 15:00:00,2025-11-24 15:00:00,Closed,Network Ops,Resolved after investigation.
12140,1124,Billing,GST Query,,2026-01-26 17:00:00,2026-01-27 17:00:00,InProgress,Team C,
12141,1120,Roaming,Billing Query,Billing Query issue reported by customer.,2026-04-17 19:00:00,2026-04-19 19:00:00,Closed,,Resolved after investigation.
12142,1405,Network,No Signal,No Signal issue reported by customer.,2025-08-10 03:00:00,2025-08-13 03:00:00,Closed,Team B,Resolved after investigation.
12143,1696,Recharge,Recharge Failed,,2025-09-08 13:00:00,2025-09-10 13:00:00,Closed,KYC Cell,
12144,2521,Recharge,Amount Deducted,,2025-12-24 09:00:00,2025-12-27 09:00:00,Closed,Team B,Resolved after investigation.
12145,2180,Roaming,Activation Issue,Activation Issue issue reported by customer.,2026-05-27 13:00:00,2026-05-29 13:00:00,Closed,Team B,
12146,2034,SIM,Activation Delay,Activation Delay issue reported by customer.,2025-12-25 16:00:00,2025-12-26 16:00:00,Closed,Team C,Resolved after investigation.
12147,1579,Recharge,Amount Deducted,Amount Deducted issue reported by customer.,2025-08-31 13:00:00,2025-09-02 13:00:00,Open,Network Ops,
12148,1459,Network,Call Drop,Call Drop issue reported by customer.,2025-10-12 19:00:00,2025-10-15 19:00:00,InProgress,Team A,
12149,2582,Roaming,Activation Issue,Activation Issue issue reported by customer.,2026-07-29 08:00:00,2026-07-30 08:00:00,Closed,Team A,Resolved after investigation.
12150,2465,Roaming,Billing Query,Billing Query issue reported by customer.,2026-07-18 07:00:00,2026-07-19 07:00:00,Closed,KYC Cell,Resolved after investigation.
12151,1611,Recharge,Recharge Failed,Recharge Failed issue reported by customer.,2025-09-18 14:00:00,2025-09-20 14:00:00,Closed,Team A,Resolved after investigation.
12152,2240,Billing,High Bill,High Bill issue reported by customer.,2026-03-05 09:00:00,2026-03-06 09:00:00,Open,Billing Desk,
12153,1685,Roaming,Activation Issue,Activation Issue issue reported by customer.,2025-11-18 12:00:00,2025-11-21 12:00:00,Closed,Billing Desk,Resolved after investigation.
12154,1999,Network,Slow Data,Slow Data issue reported by customer.,2025-11-17 23:00:00,2025-11-20 23:00:00,Closed,Network Ops,Resolved after investigation.
12155,1531,SIM,SIM Not Working,SIM Not Working issue reported by customer.,2026-01-08 08:00:00,2026-01-09 08:00:00,Closed,Billing Desk,Resolved after investigation.
12156,1153,SIM,Replacement Request,Replacement Request issue reported by customer.,2026-06-14 02:00:00,2026-06-16 02:00:00,Closed,,Resolved after investigation.
12157,1388,Roaming,Activation Issue,Activation Issue issue reported by customer.,2025-11-08 11:00:00,2025-11-11 11:00:00,Open,Billing Desk,
12158,2412,Recharge,,Recharge issue reported by customer.,2025-12-14 14:00:00,2025-12-15 14:00:00,Closed,Network Ops,Resolved after investigation.
12159,1453,Billing,Late Fee Dispute,Late Fee Dispute issue reported by customer.,2025-10-26 10:00:00,2025-10-29 10:00:00,InProgress,Network Ops,
12160,2754,Recharge,Amount Deducted,Amount Deducted issue reported by customer.,2025-10-28 07:00:00,2025-10-29 07:00:00,Open,Team A,
12161,2719,Billing,High Bill,High Bill issue reported by customer.,2026-02-14 23:00:00,2026-02-15 23:00:00,Open,KYC Cell,
12162,1788,SIM,Replacement Request,Replacement Request issue reported by customer.,2025-10-03 14:00:00,2025-10-04 14:00:00,Closed,KYC Cell,Resolved after investigation.
12163,1311,Recharge,,Recharge issue reported by customer.,2026-04-30 16:00:00,2026-05-03 16:00:00,Closed,Team C,
12164,2524,SIM,Replacement Request,Replacement Request issue reported by customer.,2026-07-31 12:00:00,2026-08-02 12:00:00,Closed,Billing Desk,
12165,1872,Roaming,Billing Query,Billing Query issue reported by customer.,2026-06-17 23:00:00,2026-06-19 23:00:00,InProgress,Team B,
12166,2079,KYC,Verification Pending,Verification Pending issue reported by customer.,2026-05-17 08:00:00,2026-05-19 08:00:00,Closed,Team C,Resolved after investigation.
12167,1144,KYC,Verification Pending,Verification Pending issue reported by customer.,2026-03-04 03:00:00,2026-03-05 03:00:00,Closed,,Resolved after investigation.
12168,1786,KYC,Document Rejected,Document Rejected issue reported by customer.,2025-10-08 09:00:00,2025-10-09 09:00:00,InProgress,Team A,
12169,1130,Billing,GST Query,GST Query issue reported by customer.,2025-08-20 22:00:00,2025-08-23 22:00:00,Closed,KYC Cell,Resolved after investigation.
12170,1419,Billing,Late Fee Dispute,Late Fee Dispute issue reported by customer.,2026-02-02 16:00:00,2026-02-04 16:00:00,Closed,Network Ops,Resolved after investigation.
12171,1281,Network,Slow Data,Slow Data issue reported by customer.,2026-08-08 06:00:00,2026-08-11 06:00:00,Closed,KYC Cell,Resolved after investigation.
12172,1148,Network,No Signal,No Signal issue reported by customer.,2025-10-25 03:00:00,2025-10-26 03:00:00,Closed,Billing Desk,Resolved after investigation.
12173,1063,Roaming,Activation Issue,Activation Issue issue reported by customer.,2026-04-28 01:00:00,2026-04-29 01:00:00,Closed,Billing Desk,Resolved after investigation.
12174,1927,KYC,Document Rejected,Document Rejected issue reported by customer.,2025-09-22 04:00:00,2025-09-23 04:00:00,InProgress,,
12175,1935,SIM,Activation Delay,Activation Delay issue reported by customer.,2026-01-01 04:00:00,2026-01-04 04:00:00,Closed,,Resolved after investigation.
12176,1617,SIM,Replacement Request,Replacement Request issue reported by customer.,2026-05-08 13:00:00,2026-05-09 13:00:00,Closed,,Resolved after investigation.
12177,1856,Billing,Late Fee Dispute,Late Fee Dispute issue reported by customer.,2025-10-20 10:00:00,2025-10-23 10:00:00,Closed,Team C,Resolved after investigation.
12178,2420,SIM,Activation Delay,Activation Delay issue reported by customer.,2025-09-24 10:00:00,2025-09-25 10:00:00,Closed,Team B,Resolved after investigation.
12179,1266,KYC,Verification Pending,Verification Pending issue reported by customer.,2026-07-24 11:00:00,2026-07-25 11:00:00,InProgress,Team B,
12180,2498,KYC,Document Rejected,,2025-08-29 03:00:00,2025-08-30 03:00:00,Closed,KYC Cell,Resolved after investigation.
12181,2303,Recharge,Amount Deducted,Amount Deducted issue reported by customer.,2025-12-25 14:00:00,2025-12-26 14:00:00,Closed,Network Ops,Resolved after investigation.
12182,1221,Network,Call Drop,,2026-02-23 21:00:00,2026-02-25 21:00:00,Closed,Team A,Resolved after investigation.
12183,1544,Roaming,Activation Issue,Activation Issue issue reported by customer.,2026-05-19 19:00:00,2026-05-20 19:00:00,Closed,Team B,Resolved after investigation.
12184,1171,Recharge,Recharge Failed,Recharge Failed issue reported by customer.,2026-05-14 01:00:00,2026-05-15 01:00:00,Closed,Team C,Resolved after investigation.
12185,2788,Roaming,Billing Query,Billing Query issue reported by customer.,2026-05-23 06:00:00,2026-05-26 06:00:00,Closed,Billing Desk,
12186,2109,KYC,Document Rejected,Document Rejected issue reported by customer.,2025-09-25 23:00:00,2025-09-26 23:00:00,InProgress,Network Ops,
12187,2225,Network,Call Drop,,2026-04-04 05:00:00,2026-04-05 05:00:00,Open,Team B,
12188,2103,Billing,High Bill,High Bill issue reported by customer.,2026-04-25 18:00:00,2026-04-28 18:00:00,Closed,Network Ops,Resolved after investigation.
12189,2171,SIM,Activation Delay,Activation Delay issue reported by customer.,2025-10-12 10:00:00,2025-10-13 10:00:00,Closed,Team B,Resolved after investigation.
12190,2573,KYC,Verification Pending,Verification Pending issue reported by customer.,2026-06-17 13:00:00,2026-06-20 13:00:00,InProgress,Team A,
12191,2623,Network,Slow Data,Slow Data issue reported by customer.,2026-04-11 10:00:00,2026-04-14 10:00:00,Closed,KYC Cell,Resolved after investigation.
12192,1565,KYC,Document Rejected,,2025-12-11 10:00:00,2025-12-14 10:00:00,InProgress,Team B,
12193,1407,Billing,High Bill,High Bill issue reported by customer.,2025-10-21 08:00:00,2025-10-22 08:00:00,Open,KYC Cell,
12194,2591,KYC,Verification Pending,,2026-05-04 19:00:00,2026-05-06 19:00:00,Closed,Network Ops,Resolved after investigation.
12195,2331,Roaming,Activation Issue,Activation Issue issue reported by customer.,2026-03-28 04:00:00,2026-03-29 04:00:00,Closed,KYC Cell,Resolved after investigation.
12196,1328,Network,No Signal,No Signal issue reported by customer.,2025-12-14 17:00:00,2025-12-15 17:00:00,Closed,Team A,Resolved after investigation.
12197,2162,Roaming,Billing Query,Billing Query issue reported by customer.,2026-03-25 14:00:00,2026-03-28 14:00:00,Closed,Team B,Resolved after investigation.
12198,2258,Network,No Signal,No Signal issue reported by customer.,2025-08-21 18:00:00,2025-08-23 18:00:00,Open,KYC Cell,
12199,2557,KYC,Verification Pending,Verification Pending issue reported by customer.,2026-04-13 21:00:00,2026-04-14 21:00:00,Open,Team A,
12200,2558,KYC,Verification Pending,Verification Pending issue reported by customer.,2026-03-14 06:00:00,2026-03-17 06:00:00,Closed,KYC Cell,Resolved after investigation.
12201,2413,Recharge,Amount Deducted,Amount Deducted issue reported by customer.,2025-09-21 21:00:00,2025-09-22 21:00:00,Closed,Billing Desk,Resolved after investigation.
12202,2070,Billing,High Bill,High Bill issue reported by customer.,2026-03-20 18:00:00,2026-03-21 18:00:00,Open,KYC Cell,
12203,1319,KYC,Document Rejected,Document Rejected issue reported by customer.,2025-12-05 06:00:00,2025-12-08 06:00:00,Closed,Team C,Resolved after investigation.
12204,1002,Network,Slow Data,Slow Data issue reported by customer.,2026-07-14 23:00:00,2026-07-17 23:00:00,Open,KYC Cell,
12205,2443,Roaming,Billing Query,Billing Query issue reported by customer.,2025-11-03 06:00:00,2025-11-04 06:00:00,Closed,Team C,Resolved after investigation.
12206,1577,Roaming,Activation Issue,Activation Issue issue reported by customer.,2025-09-26 10:00:00,2025-09-29 10:00:00,Open,Team B,
12207,2173,SIM,Replacement Request,Replacement Request issue reported by customer.,2026-01-25 16:00:00,2026-01-28 16:00:00,Open,,
12208,2495,Billing,High Bill,High Bill issue reported by customer.,2025-12-30 10:00:00,2026-01-02 10:00:00,Open,Team B,
12209,1255,Billing,High Bill,High Bill issue reported by customer.,2025-09-29 21:00:00,2025-10-02 21:00:00,Closed,Team B,
12210,1139,Roaming,Billing Query,Billing Query issue reported by customer.,2026-01-11 11:00:00,2026-01-13 11:00:00,Closed,Billing Desk,Resolved after investigation.
12211,1392,Network,Call Drop,Call Drop issue reported by customer.,2026-06-12 18:00:00,2026-06-14 18:00:00,Closed,,Resolved after investigation.
12212,2396,SIM,Replacement Request,Replacement Request issue reported by customer.,2026-04-19 20:00:00,2026-04-22 20:00:00,Closed,Team A,Resolved after investigation.
12213,1258,KYC,Verification Pending,Verification Pending issue reported by customer.,2026-05-18 14:00:00,2026-05-20 14:00:00,Closed,Team C,Resolved after investigation.
12214,1188,Billing,GST Query,,2026-03-09 13:00:00,2026-03-10 13:00:00,Closed,Team B,Resolved after investigation.
12215,2418,SIM,Replacement Request,Replacement Request issue reported by customer.,2026-02-19 03:00:00,2026-02-21 03:00:00,Closed,Billing Desk,
12216,2678,KYC,Verification Pending,Verification Pending issue reported by customer.,2025-12-02 08:00:00,2025-12-04 08:00:00,Closed,Network Ops,Resolved after investigation.
12217,2656,Roaming,Activation Issue,Activation Issue issue reported by customer.,2025-11-16 02:00:00,2025-11-19 02:00:00,InProgress,Billing Desk,
12218,1950,Network,Call Drop,Call Drop issue reported by customer.,2025-10-01 11:00:00,2025-10-03 11:00:00,Closed,Team B,Resolved after investigation.
12219,1457,Roaming,Activation Issue,Activation Issue issue reported by customer.,2026-07-30 01:00:00,2026-08-01 01:00:00,Open,KYC Cell,
12220,1560,Roaming,Activation Issue,Activation Issue issue reported by customer.,2026-07-23 13:00:00,2026-07-26 13:00:00,Closed,Billing Desk,Resolved after investigation.
12221,1731,SIM,SIM Not Working,SIM Not Working issue reported by customer.,2026-05-29 21:00:00,2026-06-01 21:00:00,Closed,Billing Desk,Resolved after investigation.
12222,1332,Roaming,Activation Issue,Activation Issue issue reported by customer.,2025-10-10 08:00:00,2025-10-11 08:00:00,Closed,Team A,Resolved after investigation.
12223,1828,Network,No Signal,No Signal issue reported by customer.,2026-07-12 09:00:00,2026-07-15 09:00:00,Open,,
12224,1784,Roaming,Activation Issue,Activation Issue issue reported by customer.,2025-11-17 06:00:00,2025-11-20 06:00:00,InProgress,Network Ops,
12225,2669,Recharge,Amount Deducted,Amount Deducted issue reported by customer.,2025-09-16 04:00:00,2025-09-17 04:00:00,Closed,KYC Cell,
12226,1286,Network,Call Drop,Call Drop issue reported by customer.,2026-03-29 16:00:00,2026-04-01 16:00:00,Open,KYC Cell,
12227,1793,Network,Call Drop,Call Drop issue reported by customer.,2026-05-06 20:00:00,2026-05-09 20:00:00,InProgress,Billing Desk,
12228,1218,KYC,Verification Pending,Verification Pending issue reported by customer.,2025-10-07 22:00:00,2025-10-09 22:00:00,Closed,Team A,Resolved after investigation.
12229,1408,KYC,,KYC issue reported by customer.,2025-10-15 08:00:00,2025-10-16 08:00:00,Closed,Team C,Resolved after investigation.
12230,1298,Roaming,Billing Query,Billing Query issue reported by customer.,2026-07-19 00:00:00,2026-07-22 00:00:00,Closed,Billing Desk,Resolved after investigation.
12231,2493,Roaming,Billing Query,Billing Query issue reported by customer.,2025-12-21 18:00:00,2025-12-23 18:00:00,InProgress,KYC Cell,
12232,2306,Roaming,Billing Query,Billing Query issue reported by customer.,2026-06-08 01:00:00,2026-06-10 01:00:00,Closed,,Resolved after investigation.
12233,2392,Billing,Late Fee Dispute,Late Fee Dispute issue reported by customer.,2026-04-28 22:00:00,2026-04-30 22:00:00,Open,KYC Cell,
12234,1685,Billing,GST Query,GST Query issue reported by customer.,2025-08-22 13:00:00,2025-08-23 13:00:00,Closed,Team C,Resolved after investigation.
12235,2397,KYC,Verification Pending,Verification Pending issue reported by customer.,2025-11-12 21:00:00,2025-11-15 21:00:00,Open,Network Ops,
12236,1450,Network,Call Drop,Call Drop issue reported by customer.,2026-01-11 17:00:00,2026-01-12 17:00:00,Closed,Team C,Resolved after investigation.
12237,1580,KYC,Verification Pending,Verification Pending issue reported by customer.,2026-02-05 15:00:00,2026-02-07 15:00:00,Closed,KYC Cell,Resolved after investigation.
12238,2052,Roaming,Activation Issue,Activation Issue issue reported by customer.,2026-04-30 00:00:00,2026-05-01 00:00:00,Closed,KYC Cell,Resolved after investigation.
12239,1016,Billing,Late Fee Dispute,Late Fee Dispute issue reported by customer.,2026-02-16 03:00:00,2026-02-17 03:00:00,Closed,Team B,Resolved after investigation.
12240,1142,Network,No Signal,No Signal issue reported by customer.,2025-10-11 00:00:00,2025-10-13 00:00:00,Closed,KYC Cell,Resolved after investigation.
12241,2569,KYC,Document Rejected,Document Rejected issue reported by customer.,2025-09-13 17:00:00,2025-09-15 17:00:00,Closed,KYC Cell,Resolved after investigation.
12242,1143,Billing,High Bill,High Bill issue reported by customer.,2025-10-12 01:00:00,2025-10-15 01:00:00,Closed,Team A,Resolved after investigation.
12243,1630,SIM,Replacement Request,Replacement Request issue reported by customer.,2025-09-03 23:00:00,2025-09-06 23:00:00,Open,,
12244,1563,SIM,Activation Delay,,2025-11-06 21:00:00,2025-11-09 21:00:00,Closed,KYC Cell,Resolved after investigation.
12245,1025,Network,No Signal,No Signal issue reported by customer.,2026-01-24 19:00:00,2026-01-25 19:00:00,Open,Team A,
12246,2456,Recharge,Recharge Failed,Recharge Failed issue reported by customer.,2025-11-08 16:00:00,2025-11-10 16:00:00,InProgress,Team C,
12247,1765,SIM,Replacement Request,Replacement Request issue reported by customer.,2025-10-27 23:00:00,2025-10-28 23:00:00,InProgress,Network Ops,
12248,2549,Recharge,Amount Deducted,Amount Deducted issue reported by customer.,2025-10-06 13:00:00,2025-10-07 13:00:00,Closed,Team A,Resolved after investigation.
12249,1072,SIM,Replacement Request,Replacement Request issue reported by customer.,2026-03-03 12:00:00,2026-03-06 12:00:00,InProgress,Team C,
12250,1868,Network,Call Drop,Call Drop issue reported by customer.,2026-03-28 11:00:00,2026-03-30 11:00:00,Closed,Billing Desk,Resolved after investigation.
12251,1693,Recharge,Recharge Failed,Recharge Failed issue reported by customer.,2026-01-30 18:00:00,2026-01-31 18:00:00,Open,Team C,
12252,2022,SIM,Activation Delay,Activation Delay issue reported by customer.,2026-03-19 19:00:00,2026-03-20 19:00:00,InProgress,Team C,
12253,2250,SIM,SIM Not Working,SIM Not Working issue reported by customer.,2025-12-18 10:00:00,2025-12-19 10:00:00,Open,Network Ops,
12254,1150,Recharge,Amount Deducted,Amount Deducted issue reported by customer.,2025-10-07 12:00:00,2025-10-10 12:00:00,Closed,,
12255,2609,SIM,Replacement Request,,2025-10-06 12:00:00,2025-10-07 12:00:00,Closed,Team C,Resolved after investigation.
12256,2334,Network,Call Drop,Call Drop issue reported by customer.,2026-03-18 09:00:00,2026-03-21 09:00:00,InProgress,Team A,
12257,1906,SIM,Activation Delay,Activation Delay issue reported by customer.,2026-07-07 16:00:00,2026-07-09 16:00:00,Closed,Team B,Resolved after investigation.
12258,2168,Roaming,Activation Issue,Activation Issue issue reported by customer.,2025-08-17 04:00:00,2025-08-19 04:00:00,Open,Network Ops,
12259,2528,SIM,Replacement Request,Replacement Request issue reported by customer.,2026-01-19 16:00:00,2026-01-22 16:00:00,Closed,Team C,Resolved after investigation.
12260,1300,Recharge,Recharge Failed,Recharge Failed issue reported by customer.,2025-11-15 15:00:00,2025-11-16 15:00:00,InProgress,Billing Desk,
12261,2136,KYC,Document Rejected,Document Rejected issue reported by customer.,2026-07-07 03:00:00,2026-07-09 03:00:00,Closed,Billing Desk,Resolved after investigation.
12262,1284,KYC,Verification Pending,Verification Pending issue reported by customer.,2025-09-10 19:00:00,2025-09-12 19:00:00,Closed,Network Ops,Resolved after investigation.
12263,2031,Recharge,Amount Deducted,Amount Deducted issue reported by customer.,2026-06-13 00:00:00,2026-06-15 00:00:00,InProgress,Team C,
12264,1302,Billing,Late Fee Dispute,Late Fee Dispute issue reported by customer.,2026-04-06 23:00:00,2026-04-08 23:00:00,InProgress,Network Ops,
12265,2578,KYC,Document Rejected,Document Rejected issue reported by customer.,2025-11-18 19:00:00,2025-11-19 19:00:00,Closed,KYC Cell,Resolved after investigation.
12266,2450,Network,No Signal,No Signal issue reported by customer.,2025-11-20 04:00:00,2025-11-21 04:00:00,InProgress,Team A,
12267,1636,SIM,SIM Not Working,,2026-03-31 19:00:00,2026-04-03 19:00:00,Closed,KYC Cell,Resolved after investigation.
12268,1658,Network,No Signal,No Signal issue reported by customer.,2025-08-25 11:00:00,2025-08-27 11:00:00,InProgress,KYC Cell,
12269,2732,KYC,Document Rejected,Document Rejected issue reported by customer.,2026-01-19 08:00:00,2026-01-21 08:00:00,Closed,Billing Desk,Resolved after investigation.
12270,1400,Recharge,Amount Deducted,Amount Deducted issue reported by customer.,2026-02-19 01:00:00,2026-02-20 01:00:00,Closed,Team C,
12271,2211,Network,No Signal,No Signal issue reported by customer.,2025-08-31 13:00:00,2025-09-01 13:00:00,Closed,Network Ops,Resolved after investigation.
12272,2546,SIM,Activation Delay,Activation Delay issue reported by customer.,2026-01-09 02:00:00,2026-01-12 02:00:00,Closed,,Resolved after investigation.
12273,2132,Recharge,Recharge Failed,Recharge Failed issue reported by customer.,2026-02-05 08:00:00,2026-02-08 08:00:00,Closed,Billing Desk,Resolved after investigation.
12274,1178,Roaming,Activation Issue,Activation Issue issue reported by customer.,2025-08-11 17:00:00,2025-08-12 17:00:00,Closed,Team B,Resolved after investigation.
12275,2360,Billing,Late Fee Dispute,Late Fee Dispute issue reported by customer.,2025-09-02 23:00:00,2025-09-05 23:00:00,Closed,KYC Cell,Resolved after investigation.
12276,1285,Billing,GST Query,GST Query issue reported by customer.,2026-04-21 15:00:00,2026-04-23 15:00:00,Open,Team B,
12277,2011,Network,Slow Data,Slow Data issue reported by customer.,2025-08-26 19:00:00,2025-08-29 19:00:00,Closed,KYC Cell,Resolved after investigation.
12278,2739,Network,Call Drop,Call Drop issue reported by customer.,2025-10-12 13:00:00,2025-10-14 13:00:00,Open,Team B,
12279,1524,KYC,Verification Pending,Verification Pending issue reported by customer.,2026-08-07 05:00:00,2026-08-08 05:00:00,Closed,Team B,
12280,2616,Recharge,Recharge Failed,Recharge Failed issue reported by customer.,2026-01-23 05:00:00,2026-01-25 05:00:00,Open,Team C,
12281,1153,SIM,Activation Delay,Activation Delay issue reported by customer.,2026-04-28 10:00:00,2026-04-29 10:00:00,Closed,Team B,Resolved after investigation.
12282,2432,Billing,GST Query,GST Query issue reported by customer.,2026-07-16 17:00:00,2026-07-17 17:00:00,Open,Team B,
12283,1145,Network,Slow Data,Slow Data issue reported by customer.,2026-03-20 22:00:00,2026-03-23 22:00:00,InProgress,Billing Desk,
12284,1205,Recharge,Amount Deducted,,2026-07-23 15:00:00,2026-07-26 15:00:00,Closed,Team B,Resolved after investigation.
12285,1174,Roaming,Billing Query,Billing Query issue reported by customer.,2025-08-20 23:00:00,2025-08-22 23:00:00,InProgress,Network Ops,
12286,1179,Network,No Signal,No Signal issue reported by customer.,2025-11-13 05:00:00,2025-11-15 05:00:00,Open,Team C,
12287,2171,SIM,SIM Not Working,SIM Not Working issue reported by customer.,2026-06-27 06:00:00,2026-06-30 06:00:00,Closed,Billing Desk,Resolved after investigation.
12288,2475,Network,No Signal,No Signal issue reported by customer.,2026-01-17 22:00:00,2026-01-20 22:00:00,Closed,Team B,
12289,2710,KYC,Document Rejected,Document Rejected issue reported by customer.,2026-04-23 15:00:00,2026-04-26 15:00:00,InProgress,Team C,
12290,2274,Billing,GST Query,GST Query issue reported by customer.,2026-04-03 02:00:00,2026-04-04 02:00:00,Open,Billing Desk,
12291,1411,Billing,GST Query,GST Query issue reported by customer.,2026-02-28 18:00:00,2026-03-03 18:00:00,Closed,,
12292,2743,KYC,Verification Pending,Verification Pending issue reported by customer.,2026-03-20 14:00:00,2026-03-22 14:00:00,Open,Team A,
12293,2460,Recharge,Amount Deducted,Amount Deducted issue reported by customer.,2026-07-29 09:00:00,2026-07-30 09:00:00,InProgress,Team B,
12294,2115,Network,No Signal,,2025-12-07 16:00:00,2025-12-09 16:00:00,Closed,,Resolved after investigation.
12295,1829,Recharge,Amount Deducted,Amount Deducted issue reported by customer.,2026-02-06 01:00:00,2026-02-09 01:00:00,InProgress,Team A,
12296,2638,Billing,GST Query,GST Query issue reported by customer.,2026-06-17 16:00:00,2026-06-20 16:00:00,Closed,KYC Cell,Resolved after investigation.
12297,2747,Billing,Late Fee Dispute,Late Fee Dispute issue reported by customer.,2026-03-28 18:00:00,2026-03-30 18:00:00,Closed,Team C,
12298,1888,Network,No Signal,No Signal issue reported by customer.,2025-09-08 20:00:00,2025-09-09 20:00:00,InProgress,Team B,
12299,1323,Network,Call Drop,Call Drop issue reported by customer.,2026-02-09 23:00:00,2026-02-11 23:00:00,Closed,Team B,Resolved after investigation.
12300,2177,Billing,Late Fee Dispute,Late Fee Dispute issue reported by customer.,2025-08-13 06:00:00,2025-08-14 06:00:00,Closed,Team C,Resolved after investigation.
12301,1169,Billing,Late Fee Dispute,Late Fee Dispute issue reported by customer.,2026-01-13 01:00:00,2026-01-16 01:00:00,Closed,Team B,Resolved after investigation.
12302,2140,Network,Slow Data,Slow Data issue reported by customer.,2026-07-11 07:00:00,2026-07-14 07:00:00,Open,Billing Desk,
12303,1708,SIM,Replacement Request,Replacement Request issue reported by customer.,2026-01-22 02:00:00,2026-01-25 02:00:00,Closed,Billing Desk,Resolved after investigation.
12304,1788,Network,Call Drop,Call Drop issue reported by customer.,2026-06-24 13:00:00,2026-06-25 13:00:00,Open,Team B,
12305,1578,Billing,High Bill,High Bill issue reported by customer.,2025-10-03 08:00:00,2025-10-06 08:00:00,InProgress,KYC Cell,
12306,1152,Network,No Signal,No Signal issue reported by customer.,2025-08-23 11:00:00,2025-08-25 11:00:00,Closed,Team A,Resolved after investigation.
12307,1354,KYC,Verification Pending,Verification Pending issue reported by customer.,2026-02-01 01:00:00,2026-02-04 01:00:00,Closed,Network Ops,Resolved after investigation.
12308,2098,Roaming,Billing Query,Billing Query issue reported by customer.,2026-02-04 16:00:00,2026-02-06 16:00:00,Closed,Billing Desk,Resolved after investigation.
12309,2087,Network,Call Drop,Call Drop issue reported by customer.,2026-07-16 13:00:00,2026-07-18 13:00:00,InProgress,Team A,
12310,1178,KYC,Document Rejected,Document Rejected issue reported by customer.,2026-01-02 18:00:00,2026-01-04 18:00:00,Closed,KYC Cell,Resolved after investigation.
12311,1563,Roaming,Activation Issue,Activation Issue issue reported by customer.,2025-10-21 20:00:00,2025-10-22 20:00:00,Closed,,
12312,2509,Roaming,Billing Query,Billing Query issue reported by customer.,2025-12-18 11:00:00,2025-12-19 11:00:00,Closed,Network Ops,Resolved after investigation.
12313,1778,KYC,Verification Pending,Verification Pending issue reported by customer.,2026-04-10 21:00:00,2026-04-12 21:00:00,Closed,KYC Cell,Resolved after investigation.
12314,1687,SIM,SIM Not Working,SIM Not Working issue reported by customer.,2025-10-21 10:00:00,2025-10-23 10:00:00,Open,Team A,
12315,2089,Roaming,Activation Issue,Activation Issue issue reported by customer.,2026-07-21 07:00:00,2026-07-23 07:00:00,Closed,Network Ops,Resolved after investigation.
12316,1026,SIM,SIM Not Working,SIM Not Working issue reported by customer.,2026-04-19 21:00:00,2026-04-21 21:00:00,Closed,KYC Cell,Resolved after investigation.
12317,1081,Network,Slow Data,Slow Data issue reported by customer.,2026-03-14 00:00:00,2026-03-17 00:00:00,Closed,KYC Cell,Resolved after investigation.
12318,1869,Recharge,Amount Deducted,Amount Deducted issue reported by customer.,2025-12-29 07:00:00,2025-12-31 07:00:00,InProgress,KYC Cell,
12319,2785,Recharge,Amount Deducted,Amount Deducted issue reported by customer.,2026-06-25 01:00:00,2026-06-28 01:00:00,Closed,Network Ops,Resolved after investigation.
12320,1294,Roaming,Activation Issue,Activation Issue issue reported by customer.,2026-02-02 04:00:00,2026-02-05 04:00:00,Open,,
12321,2099,KYC,Verification Pending,Verification Pending issue reported by customer.,2026-06-27 19:00:00,2026-06-28 19:00:00,Closed,Billing Desk,Resolved after investigation.
12322,1687,SIM,Replacement Request,Replacement Request issue reported by customer.,2026-06-08 22:00:00,2026-06-10 22:00:00,InProgress,Network Ops,
12323,1042,SIM,SIM Not Working,SIM Not Working issue reported by customer.,2026-02-04 15:00:00,2026-02-07 15:00:00,Open,Network Ops,
12324,2771,Roaming,Activation Issue,Activation Issue issue reported by customer.,2026-04-27 23:00:00,2026-04-30 23:00:00,Closed,Team B,Resolved after investigation.
12325,1617,Billing,Late Fee Dispute,Late Fee Dispute issue reported by customer.,2026-02-11 14:00:00,2026-02-12 14:00:00,Closed,Team B,Resolved after investigation.
12326,1956,Roaming,Billing Query,Billing Query issue reported by customer.,2026-05-22 15:00:00,2026-05-25 15:00:00,InProgress,Team B,
12327,1632,Billing,High Bill,,2025-10-21 16:00:00,2025-10-22 16:00:00,Closed,KYC Cell,Resolved after investigation.
12328,1058,Network,No Signal,No Signal issue reported by customer.,2026-05-24 04:00:00,2026-05-26 04:00:00,Closed,Network Ops,Resolved after investigation.
12329,1521,Roaming,,Roaming issue reported by customer.,2026-04-06 01:00:00,2026-04-07 01:00:00,Closed,Team C,Resolved after investigation.
12330,1327,Billing,GST Query,GST Query issue reported by customer.,2026-04-22 21:00:00,2026-04-24 21:00:00,Open,Team C,
12331,2379,Network,Slow Data,Slow Data issue reported by customer.,2025-10-30 02:00:00,2025-10-31 02:00:00,Closed,Network Ops,Resolved after investigation.
12332,1781,SIM,SIM Not Working,SIM Not Working issue reported by customer.,2026-05-06 22:00:00,2026-05-07 22:00:00,InProgress,Network Ops,
12333,1410,Billing,High Bill,High Bill issue reported by customer.,2025-09-21 20:00:00,2025-09-22 20:00:00,InProgress,Billing Desk,
12334,2233,Billing,Late Fee Dispute,Late Fee Dispute issue reported by customer.,2025-12-24 16:00:00,2025-12-26 16:00:00,Closed,Network Ops,Resolved after investigation.
12335,2512,Billing,High Bill,High Bill issue reported by customer.,2026-05-27 23:00:00,2026-05-28 23:00:00,Closed,Team A,Resolved after investigation.
12336,1567,Billing,High Bill,High Bill issue reported by customer.,2025-11-18 10:00:00,2025-11-21 10:00:00,Closed,,Resolved after investigation.
12337,2191,KYC,Document Rejected,Document Rejected issue reported by customer.,2026-07-01 01:00:00,2026-07-03 01:00:00,Open,Team B,
12338,1211,SIM,,SIM issue reported by customer.,2025-12-10 14:00:00,2025-12-13 14:00:00,Closed,Team A,Resolved after investigation.
12339,2719,Roaming,Billing Query,Billing Query issue reported by customer.,2026-02-11 00:00:00,2026-02-12 00:00:00,Closed,Team A,Resolved after investigation.
12340,2612,KYC,Document Rejected,Document Rejected issue reported by customer.,2025-08-17 14:00:00,2025-08-18 14:00:00,Closed,Billing Desk,Resolved after investigation.
12341,1008,Roaming,Billing Query,Billing Query issue reported by customer.,2025-10-05 08:00:00,2025-10-07 08:00:00,Closed,Team B,Resolved after investigation.
12342,1073,Recharge,Amount Deducted,,2026-05-09 18:00:00,2026-05-10 18:00:00,Closed,Team A,
12343,2788,Roaming,Activation Issue,Activation Issue issue reported by customer.,2025-09-18 07:00:00,2025-09-21 07:00:00,Closed,Network Ops,Resolved after investigation.
12344,1416,SIM,Activation Delay,Activation Delay issue reported by customer.,2025-12-08 04:00:00,2025-12-09 04:00:00,InProgress,Billing Desk,
12345,1355,Recharge,Recharge Failed,Recharge Failed issue reported by customer.,2026-05-20 06:00:00,2026-05-21 06:00:00,Open,Team B,
12346,2653,SIM,Replacement Request,Replacement Request issue reported by customer.,2025-12-21 16:00:00,2025-12-23 16:00:00,InProgress,,
12347,1822,Billing,GST Query,GST Query issue reported by customer.,2026-07-11 23:00:00,2026-07-13 23:00:00,Closed,Billing Desk,Resolved after investigation.
12348,1210,Billing,,Billing issue reported by customer.,2026-05-05 13:00:00,2026-05-08 13:00:00,Open,,
12349,1561,Network,Slow Data,Slow Data issue reported by customer.,2025-12-27 17:00:00,2025-12-29 17:00:00,Closed,,
12350,2430,Recharge,Recharge Failed,Recharge Failed issue reported by customer.,2026-01-06 22:00:00,2026-01-09 22:00:00,Closed,Team B,Resolved after investigation.
12351,1702,Network,No Signal,No Signal issue reported by customer.,2026-01-08 12:00:00,2026-01-11 12:00:00,InProgress,Team B,
12352,2021,Network,Call Drop,,2026-05-18 15:00:00,2026-05-20 15:00:00,Open,Team A,
12353,1361,Recharge,Amount Deducted,Amount Deducted issue reported by customer.,2026-06-19 16:00:00,2026-06-21 16:00:00,Closed,Billing Desk,Resolved after investigation.
12354,2770,Billing,GST Query,GST Query issue reported by customer.,2025-08-08 09:00:00,2025-08-09 09:00:00,Closed,Billing Desk,Resolved after investigation.
12355,1278,KYC,Document Rejected,Document Rejected issue reported by customer.,2026-04-01 18:00:00,2026-04-04 18:00:00,Closed,KYC Cell,Resolved after investigation.
12356,2550,Roaming,Activation Issue,Activation Issue issue reported by customer.,2026-05-29 09:00:00,2026-05-31 09:00:00,Open,KYC Cell,
12357,1312,SIM,,SIM issue reported by customer.,2026-07-02 19:00:00,2026-07-03 19:00:00,Closed,Team A,Resolved after investigation.
12358,1932,KYC,Verification Pending,Verification Pending issue reported by customer.,2025-10-16 04:00:00,2025-10-17 04:00:00,Closed,Team A,Resolved after investigation.
12359,1846,Network,Slow Data,,2025-12-29 10:00:00,2025-12-31 10:00:00,Closed,Billing Desk,Resolved after investigation.
12360,1859,Recharge,Recharge Failed,Recharge Failed issue reported by customer.,2025-10-16 13:00:00,2025-10-19 13:00:00,Closed,Team A,Resolved after investigation.
12361,1395,Recharge,Amount Deducted,Amount Deducted issue reported by customer.,2026-07-01 16:00:00,2026-07-03 16:00:00,InProgress,Team B,
12362,1272,SIM,,SIM issue reported by customer.,2025-11-02 12:00:00,2025-11-05 12:00:00,Closed,Billing Desk,Resolved after investigation.
12363,1804,Billing,GST Query,GST Query issue reported by customer.,2026-08-05 10:00:00,2026-08-08 10:00:00,Closed,,
12364,1394,Recharge,Recharge Failed,Recharge Failed issue reported by customer.,2026-03-19 19:00:00,2026-03-20 19:00:00,Closed,KYC Cell,Resolved after investigation.
12365,1946,KYC,Document Rejected,Document Rejected issue reported by customer.,2025-11-25 11:00:00,2025-11-26 11:00:00,InProgress,Team C,
12366,1069,Recharge,Recharge Failed,,2026-01-27 07:00:00,2026-01-28 07:00:00,Open,Team C,
12367,2775,KYC,Verification Pending,Verification Pending issue reported by customer.,2025-11-23 10:00:00,2025-11-24 10:00:00,Closed,KYC Cell,Resolved after investigation.
12368,2251,Network,No Signal,No Signal issue reported by customer.,2026-03-01 16:00:00,2026-03-03 16:00:00,Open,Team B,
12369,2690,SIM,Activation Delay,Activation Delay issue reported by customer.,2025-08-08 04:00:00,2025-08-11 04:00:00,Closed,Team A,Resolved after investigation.
12370,1559,Billing,GST Query,,2026-06-21 03:00:00,2026-06-23 03:00:00,Closed,KYC Cell,Resolved after investigation.
12371,2534,Billing,High Bill,,2026-04-20 13:00:00,2026-04-23 13:00:00,InProgress,Billing Desk,
12372,1831,Recharge,Amount Deducted,Amount Deducted issue reported by customer.,2025-12-10 07:00:00,2025-12-13 07:00:00,Open,Billing Desk,
12373,2243,Network,Slow Data,,2025-08-24 20:00:00,2025-08-26 20:00:00,Closed,Network Ops,Resolved after investigation.
12374,1419,SIM,Replacement Request,Replacement Request issue reported by customer.,2026-02-19 09:00:00,2026-02-20 09:00:00,Closed,Team A,Resolved after investigation.
12375,2347,Billing,Late Fee Dispute,Late Fee Dispute issue reported by customer.,2025-12-14 06:00:00,2025-12-17 06:00:00,Closed,Team A,Resolved after investigation.
12376,1529,SIM,Activation Delay,Activation Delay issue reported by customer.,2026-02-28 14:00:00,2026-03-02 14:00:00,Open,Billing Desk,
12377,1218,SIM,Replacement Request,Replacement Request issue reported by customer.,2025-08-14 11:00:00,2025-08-17 11:00:00,InProgress,Billing Desk,
12378,2334,Billing,GST Query,GST Query issue reported by customer.,2025-09-29 05:00:00,2025-10-01 05:00:00,Open,Billing Desk,
12379,2218,KYC,Verification Pending,Verification Pending issue reported by customer.,2026-06-28 20:00:00,2026-07-01 20:00:00,Closed,Network Ops,
12380,1687,KYC,Document Rejected,Document Rejected issue reported by customer.,2026-02-28 03:00:00,2026-03-01 03:00:00,Closed,Team C,Resolved after investigation.
12381,1712,Recharge,Recharge Failed,Recharge Failed issue reported by customer.,2026-02-06 00:00:00,2026-02-08 00:00:00,Closed,KYC Cell,Resolved after investigation.
12382,1953,Roaming,Activation Issue,Activation Issue issue reported by customer.,2025-10-21 19:00:00,2025-10-23 19:00:00,InProgress,Team C,
12383,2126,SIM,Replacement Request,,2025-09-28 04:00:00,2025-09-30 04:00:00,Open,Billing Desk,
12384,1192,Network,,Network issue reported by customer.,2026-05-08 04:00:00,2026-05-09 04:00:00,InProgress,Team A,
12385,1083,Network,Call Drop,Call Drop issue reported by customer.,2026-06-17 20:00:00,2026-06-20 20:00:00,Closed,KYC Cell,Resolved after investigation.
12386,1440,Recharge,Amount Deducted,,2025-12-14 08:00:00,2025-12-17 08:00:00,Closed,Network Ops,
12387,2551,Billing,Late Fee Dispute,Late Fee Dispute issue reported by customer.,2025-10-28 20:00:00,2025-10-31 20:00:00,Closed,KYC Cell,Resolved after investigation.
12388,2688,Roaming,,Roaming issue reported by customer.,2026-03-09 13:00:00,2026-03-12 13:00:00,InProgress,Team A,
12389,1342,Network,No Signal,,2025-12-28 02:00:00,2025-12-29 02:00:00,Closed,Team C,Resolved after investigation.
12390,1168,Billing,GST Query,GST Query issue reported by customer.,2025-12-09 22:00:00,2025-12-11 22:00:00,Open,Team C,
12391,1280,Recharge,Amount Deducted,,2026-01-28 23:00:00,2026-01-31 23:00:00,Closed,Billing Desk,Resolved after investigation.
12392,1037,Network,Call Drop,Call Drop issue reported by customer.,2025-08-13 07:00:00,2025-08-16 07:00:00,Open,Billing Desk,
12393,1062,Roaming,Billing Query,Billing Query issue reported by customer.,2026-03-26 10:00:00,2026-03-27 10:00:00,InProgress,Team C,
12394,1972,Billing,Late Fee Dispute,Late Fee Dispute issue reported by customer.,2026-07-18 23:00:00,2026-07-21 23:00:00,Closed,Billing Desk,Resolved after investigation.
12395,1128,Billing,GST Query,GST Query issue reported by customer.,2026-05-03 23:00:00,2026-05-05 23:00:00,Closed,Team B,Resolved after investigation.
12396,2038,Roaming,Billing Query,Billing Query issue reported by customer.,2026-03-03 13:00:00,2026-03-05 13:00:00,Open,Billing Desk,
12397,1675,Recharge,Recharge Failed,Recharge Failed issue reported by customer.,2026-01-29 16:00:00,2026-01-30 16:00:00,Closed,KYC Cell,Resolved after investigation.
12398,1411,KYC,Verification Pending,,2026-01-12 07:00:00,2026-01-14 07:00:00,Open,Billing Desk,
12399,2203,Network,No Signal,No Signal issue reported by customer.,2026-04-07 05:00:00,2026-04-10 05:00:00,Closed,KYC Cell,Resolved after investigation.
12400,1616,SIM,Activation Delay,Activation Delay issue reported by customer.,2026-08-03 20:00:00,2026-08-06 20:00:00,InProgress,Billing Desk,
12401,1921,SIM,Replacement Request,Replacement Request issue reported by customer.,2026-03-28 07:00:00,2026-03-31 07:00:00,Closed,KYC Cell,Resolved after investigation.
12402,1500,Roaming,Billing Query,Billing Query issue reported by customer.,2026-05-01 16:00:00,2026-05-03 16:00:00,Closed,,Resolved after investigation.
12403,2113,Billing,GST Query,GST Query issue reported by customer.,2025-09-13 23:00:00,2025-09-16 23:00:00,Closed,Billing Desk,Resolved after investigation.
12404,1673,Recharge,Recharge Failed,Recharge Failed issue reported by customer.,2025-11-05 11:00:00,2025-11-06 11:00:00,InProgress,Team A,
12405,1362,Roaming,Activation Issue,Activation Issue issue reported by customer.,2025-08-17 04:00:00,2025-08-18 04:00:00,Closed,Billing Desk,Resolved after investigation.
12406,2553,Billing,GST Query,GST Query issue reported by customer.,2026-04-08 17:00:00,2026-04-10 17:00:00,Closed,,Resolved after investigation.
12407,2191,Recharge,Amount Deducted,Amount Deducted issue reported by customer.,2026-03-02 10:00:00,2026-03-04 10:00:00,Closed,Team A,Resolved after investigation.
12408,1215,Recharge,Recharge Failed,Recharge Failed issue reported by customer.,2025-12-15 00:00:00,2025-12-18 00:00:00,Closed,KYC Cell,Resolved after investigation.
12409,1066,SIM,,SIM issue reported by customer.,2026-04-10 11:00:00,2026-04-11 11:00:00,Closed,Team B,Resolved after investigation.
12410,2068,Network,Call Drop,Call Drop issue reported by customer.,2026-01-19 11:00:00,2026-01-20 11:00:00,Open,KYC Cell,
12411,1212,SIM,SIM Not Working,,2026-07-04 01:00:00,2026-07-06 01:00:00,Closed,,
12412,1910,Roaming,Activation Issue,Activation Issue issue reported by customer.,2025-10-25 15:00:00,2025-10-26 15:00:00,Closed,Team C,Resolved after investigation.
12413,2445,Billing,GST Query,GST Query issue reported by customer.,2025-09-28 17:00:00,2025-09-30 17:00:00,Closed,KYC Cell,Resolved after investigation.
12414,2731,Network,No Signal,No Signal issue reported by customer.,2026-01-24 20:00:00,2026-01-27 20:00:00,Closed,,Resolved after investigation.
12415,1555,SIM,Replacement Request,Replacement Request issue reported by customer.,2026-01-27 14:00:00,2026-01-29 14:00:00,Open,KYC Cell,
12416,1370,KYC,Document Rejected,Document Rejected issue reported by customer.,2026-04-23 15:00:00,2026-04-26 15:00:00,Closed,Team A,Resolved after investigation.
12417,2015,Roaming,,Roaming issue reported by customer.,2026-02-27 01:00:00,2026-03-01 01:00:00,InProgress,Team C,
12418,1070,Roaming,Billing Query,Billing Query issue reported by customer.,2026-02-13 18:00:00,2026-02-15 18:00:00,Closed,Billing Desk,Resolved after investigation.
12419,2749,Recharge,Amount Deducted,Amount Deducted issue reported by customer.,2026-01-31 05:00:00,2026-02-01 05:00:00,Closed,,Resolved after investigation.
12420,1822,Roaming,Billing Query,Billing Query issue reported by customer.,2026-04-19 12:00:00,2026-04-21 12:00:00,Closed,Team C,Resolved after investigation.
12421,2163,Roaming,Activation Issue,Activation Issue issue reported by customer.,2025-12-27 06:00:00,2025-12-29 06:00:00,Closed,Network Ops,Resolved after investigation.
12422,1357,SIM,Activation Delay,Activation Delay issue reported by customer.,2026-02-26 08:00:00,2026-02-27 08:00:00,Closed,KYC Cell,Resolved after investigation.
12423,2420,Network,Call Drop,Call Drop issue reported by customer.,2025-08-27 04:00:00,2025-08-28 04:00:00,Open,Team C,
12424,2073,SIM,Activation Delay,Activation Delay issue reported by customer.,2026-06-02 20:00:00,2026-06-04 20:00:00,Open,Billing Desk,
12425,1692,Roaming,Activation Issue,Activation Issue issue reported by customer.,2026-01-31 17:00:00,2026-02-01 17:00:00,Closed,Team B,Resolved after investigation.
12426,1841,KYC,Verification Pending,Verification Pending issue reported by customer.,2025-09-11 16:00:00,2025-09-12 16:00:00,Closed,Team A,Resolved after investigation.
12427,1560,Roaming,Activation Issue,Activation Issue issue reported by customer.,2026-07-25 18:00:00,2026-07-27 18:00:00,Closed,,Resolved after investigation.
12428,2263,Billing,High Bill,High Bill issue reported by customer.,2025-11-23 05:00:00,2025-11-24 05:00:00,Closed,Team C,Resolved after investigation.
12429,2177,Billing,Late Fee Dispute,,2026-07-10 04:00:00,2026-07-12 04:00:00,InProgress,Billing Desk,
12430,2191,SIM,Activation Delay,Activation Delay issue reported by customer.,2026-04-10 17:00:00,2026-04-12 17:00:00,InProgress,KYC Cell,
12431,2635,Billing,High Bill,High Bill issue reported by customer.,2025-12-19 09:00:00,2025-12-21 09:00:00,Closed,Team A,Resolved after investigation.
12432,2145,Network,Call Drop,Call Drop issue reported by customer.,2026-02-14 13:00:00,2026-02-17 13:00:00,Open,Network Ops,
12433,1097,SIM,SIM Not Working,SIM Not Working issue reported by customer.,2026-06-06 22:00:00,2026-06-08 22:00:00,Closed,Network Ops,Resolved after investigation.
12434,1394,Network,No Signal,,2025-12-20 22:00:00,2025-12-23 22:00:00,Closed,Team B,Resolved after investigation.
12435,2660,Recharge,Recharge Failed,Recharge Failed issue reported by customer.,2025-12-18 07:00:00,2025-12-19 07:00:00,InProgress,,
12436,2212,Recharge,,Recharge issue reported by customer.,2025-11-11 23:00:00,2025-11-12 23:00:00,Closed,Team A,Resolved after investigation.
12437,2412,Billing,Late Fee Dispute,Late Fee Dispute issue reported by customer.,2026-03-12 09:00:00,2026-03-13 09:00:00,Closed,Team A,Resolved after investigation.
12438,1816,Network,Call Drop,Call Drop issue reported by customer.,2026-01-13 16:00:00,2026-01-15 16:00:00,Open,Team B,
12439,1825,Recharge,Amount Deducted,Amount Deducted issue reported by customer.,2026-06-01 03:00:00,2026-06-04 03:00:00,Closed,Billing Desk,
12440,2672,SIM,Replacement Request,Replacement Request issue reported by customer.,2025-10-12 21:00:00,2025-10-13 21:00:00,Open,KYC Cell,
12441,1701,Network,Slow Data,Slow Data issue reported by customer.,2025-12-02 09:00:00,2025-12-05 09:00:00,Open,,
12442,1210,Network,Call Drop,Call Drop issue reported by customer.,2026-01-15 01:00:00,2026-01-18 01:00:00,Closed,Billing Desk,Resolved after investigation.
12443,1123,SIM,Activation Delay,Activation Delay issue reported by customer.,2025-11-27 14:00:00,2025-11-29 14:00:00,Closed,Billing Desk,Resolved after investigation.
12444,2112,KYC,Document Rejected,Document Rejected issue reported by customer.,2026-05-03 01:00:00,2026-05-05 01:00:00,InProgress,Team A,
12445,1993,KYC,Document Rejected,Document Rejected issue reported by customer.,2025-11-27 16:00:00,2025-11-28 16:00:00,InProgress,Team A,
12446,2795,Network,Slow Data,Slow Data issue reported by customer.,2025-11-09 01:00:00,2025-11-11 01:00:00,Closed,KYC Cell,Resolved after investigation.
12447,2334,Billing,GST Query,GST Query issue reported by customer.,2026-07-21 17:00:00,2026-07-24 17:00:00,Closed,Billing Desk,Resolved after investigation.
12448,2147,SIM,Replacement Request,Replacement Request issue reported by customer.,2026-02-20 11:00:00,2026-02-23 11:00:00,Closed,Team A,Resolved after investigation.
12449,1299,Billing,High Bill,High Bill issue reported by customer.,2026-01-06 06:00:00,2026-01-08 06:00:00,Open,Network Ops,
12450,2620,Recharge,Recharge Failed,Recharge Failed issue reported by customer.,2026-07-14 20:00:00,2026-07-15 20:00:00,InProgress,Network Ops,
12451,1444,Billing,GST Query,GST Query issue reported by customer.,2026-07-14 08:00:00,2026-07-15 08:00:00,Open,Billing Desk,
12452,2321,Roaming,Activation Issue,Activation Issue issue reported by customer.,2026-01-27 04:00:00,2026-01-28 04:00:00,Open,Billing Desk,
12453,1897,KYC,Document Rejected,Document Rejected issue reported by customer.,2026-07-14 12:00:00,2026-07-17 12:00:00,Open,,
12454,2414,KYC,Document Rejected,Document Rejected issue reported by customer.,2026-07-20 13:00:00,2026-07-22 13:00:00,InProgress,KYC Cell,
12455,1145,Roaming,Billing Query,Billing Query issue reported by customer.,2026-01-03 17:00:00,2026-01-04 17:00:00,Closed,,Resolved after investigation.
12456,2709,Recharge,Recharge Failed,Recharge Failed issue reported by customer.,2026-01-17 05:00:00,2026-01-18 05:00:00,Closed,Team B,
12457,2627,KYC,Verification Pending,Verification Pending issue reported by customer.,2026-05-06 06:00:00,2026-05-08 06:00:00,Closed,Team C,Resolved after investigation.
12458,1138,Recharge,Amount Deducted,Amount Deducted issue reported by customer.,2025-11-03 02:00:00,2025-11-04 02:00:00,Closed,Billing Desk,Resolved after investigation.
12459,1055,Roaming,Activation Issue,Activation Issue issue reported by customer.,2026-08-08 12:00:00,2026-08-09 12:00:00,Closed,Team A,Resolved after investigation.
12460,2345,SIM,SIM Not Working,SIM Not Working issue reported by customer.,2026-04-01 22:00:00,2026-04-04 22:00:00,Open,Billing Desk,
12461,2454,Recharge,Amount Deducted,Amount Deducted issue reported by customer.,2026-07-03 02:00:00,2026-07-06 02:00:00,InProgress,Billing Desk,
12462,1676,SIM,Activation Delay,Activation Delay issue reported by customer.,2025-12-13 03:00:00,2025-12-14 03:00:00,Closed,Network Ops,Resolved after investigation.
12463,1610,Recharge,Recharge Failed,Recharge Failed issue reported by customer.,2025-08-12 05:00:00,2025-08-14 05:00:00,Open,Team C,
12464,1317,SIM,Replacement Request,Replacement Request issue reported by customer.,2025-08-18 11:00:00,2025-08-19 11:00:00,Open,,
12465,1023,Network,Slow Data,,2026-07-19 18:00:00,2026-07-20 18:00:00,Closed,,Resolved after investigation.
12466,2709,Network,No Signal,No Signal issue reported by customer.,2025-12-28 19:00:00,2025-12-31 19:00:00,Closed,Billing Desk,Resolved after investigation.
12467,1949,Billing,Late Fee Dispute,Late Fee Dispute issue reported by customer.,2026-02-21 16:00:00,2026-02-23 16:00:00,InProgress,Team A,
12468,2743,KYC,Verification Pending,Verification Pending issue reported by customer.,2026-05-15 01:00:00,2026-05-17 01:00:00,Closed,,Resolved after investigation.
12469,2638,Billing,GST Query,GST Query issue reported by customer.,2025-12-10 12:00:00,2025-12-13 12:00:00,Open,Team C,
12470,1726,Billing,GST Query,GST Query issue reported by customer.,2025-08-21 04:00:00,2025-08-24 04:00:00,InProgress,Team C,
12471,2136,Billing,Late Fee Dispute,Late Fee Dispute issue reported by customer.,2026-07-29 22:00:00,2026-08-01 22:00:00,Closed,Team B,Resolved after investigation.
12472,1763,KYC,Verification Pending,Verification Pending issue reported by customer.,2026-06-01 20:00:00,2026-06-02 20:00:00,Closed,Billing Desk,Resolved after investigation.
12473,1154,Network,No Signal,No Signal issue reported by customer.,2026-06-29 08:00:00,2026-06-30 08:00:00,Closed,Team B,Resolved after investigation.
12474,2506,SIM,Activation Delay,Activation Delay issue reported by customer.,2025-09-05 11:00:00,2025-09-08 11:00:00,Open,Team C,
12475,1392,KYC,Verification Pending,Verification Pending issue reported by customer.,2026-07-24 18:00:00,2026-07-27 18:00:00,InProgress,Network Ops,
12476,1423,Network,No Signal,No Signal issue reported by customer.,2026-03-21 10:00:00,2026-03-23 10:00:00,Open,Billing Desk,
12477,2507,Network,Call Drop,Call Drop issue reported by customer.,2025-09-30 00:00:00,2025-10-01 00:00:00,Closed,Team A,Resolved after investigation.
12478,2160,Recharge,Recharge Failed,Recharge Failed issue reported by customer.,2026-07-29 20:00:00,2026-07-31 20:00:00,InProgress,,
12479,1720,Recharge,Amount Deducted,Amount Deducted issue reported by customer.,2025-09-09 07:00:00,2025-09-10 07:00:00,Closed,Team A,Resolved after investigation.
12480,2714,Roaming,Activation Issue,Activation Issue issue reported by customer.,2026-01-23 16:00:00,2026-01-25 16:00:00,Closed,Team B,Resolved after investigation.
12481,1385,KYC,Document Rejected,Document Rejected issue reported by customer.,2025-10-08 03:00:00,2025-10-11 03:00:00,Closed,Billing Desk,Resolved after investigation.
12482,2520,KYC,Verification Pending,Verification Pending issue reported by customer.,2026-01-08 00:00:00,2026-01-09 00:00:00,Closed,KYC Cell,
12483,1350,KYC,Verification Pending,Verification Pending issue reported by customer.,2026-01-25 16:00:00,2026-01-26 16:00:00,Closed,Team B,Resolved after investigation.
12484,2646,Roaming,Billing Query,Billing Query issue reported by customer.,2026-03-18 15:00:00,2026-03-19 15:00:00,InProgress,,
12485,2452,Recharge,,Recharge issue reported by customer.,2026-02-24 02:00:00,2026-02-26 02:00:00,Open,KYC Cell,
12486,1320,Recharge,Amount Deducted,Amount Deducted issue reported by customer.,2025-12-09 22:00:00,2025-12-11 22:00:00,InProgress,Billing Desk,
